statename,districtname,crop,cropyear,season,statenorm,districtnorm
Andaman and Nicobar Islands,NICOBARS,Rice,2010,Autumn,andaman and nicobar islands,nicobars
Andaman and Nicobar Islands,NICOBARS,Sugarcane,2010,Autumn,andaman and nicobar islands,nicobars
Andaman and Nicobar Islands,NICOBARS,Arecanut,2010,Rabi,andaman and nicobar islands,nicobars
Andaman and Nicobar Islands,NICOBARS,Black pepper,2010,Rabi,andaman and nicobar islands,nicobars
Andaman and Nicobar Islands,NICOBARS,Cashewnut,2010,Rabi,andaman and nicobar islands,nicobars
Andaman and Nicobar Islands,NICOBARS,Dry chillies,2010,Rabi,andaman and nicobar islands,nicobars
Andaman and Nicobar Islands,NICOBARS,Dry ginger,2010,Rabi,andaman and nicobar islands,nicobars
Andaman and Nicobar Islands,NICOBARS,Maize,2010,Rabi,andaman and nicobar islands,nicobars
Andaman and Nicobar Islands,NICOBARS,Moong(Green Gram),2010,Rabi,andaman and nicobar islands,nicobars
Andaman and Nicobar Islands,NICOBARS,Sweet potato,2010,Rabi,andaman and nicobar islands,nicobars
Andaman and Nicobar Islands,NICOBARS,Turmeric,2010,Rabi,andaman and nicobar islands,nicobars
Andaman and Nicobar Islands,NICOBARS,Urad,2010,Rabi,andaman and nicobar islands,nicobars
Andaman and Nicobar Islands,NICOBARS,Banana,2010,Whole Year,andaman and nicobar islands,nicobars
Andaman and Nicobar Islands,NICOBARS,Coconut,2010,Whole Year,andaman and nicobar islands,nicobars
Andaman and Nicobar Islands,NICOBARS,Tapioca,2010,Whole Year,andaman and nicobar islands,nicobars
Andaman and Nicobar Islands,NORTH AND MIDDLE ANDAMAN,Rice,2010,Autumn,andaman and nicobar islands,north and middle andaman
Andaman and Nicobar Islands,NORTH AND MIDDLE ANDAMAN,Sugarcane,2010,Autumn,andaman and nicobar islands,north and middle andaman
Andaman and Nicobar Islands,NORTH AND MIDDLE ANDAMAN,Arecanut,2010,Rabi,andaman and nicobar islands,north and middle andaman
Andaman and Nicobar Islands,NORTH AND MIDDLE ANDAMAN,Arhar/Tur,2010,Rabi,andaman and nicobar islands,north and middle andaman
Andaman and Nicobar Islands,NORTH AND MIDDLE ANDAMAN,Black pepper,2010,Rabi,andaman and nicobar islands,north and middle andaman
Andaman and Nicobar Islands,NORTH AND MIDDLE ANDAMAN,Cashewnut,2010,Rabi,andaman and nicobar islands,north and middle andaman
Andaman and Nicobar Islands,NORTH AND MIDDLE ANDAMAN,Dry chillies,2010,Rabi,andaman and nicobar islands,north and middle andaman
Andaman and Nicobar Islands,NORTH AND MIDDLE ANDAMAN,Dry ginger,2010,Rabi,andaman and nicobar islands,north and middle andaman
Andaman and Nicobar Islands,NORTH AND MIDDLE ANDAMAN,Groundnut,2010,Rabi,andaman and nicobar islands,north and middle andaman
Andaman and Nicobar Islands,NORTH AND MIDDLE ANDAMAN,Maize,2010,Rabi,andaman and nicobar islands,north and middle andaman
Andaman and Nicobar Islands,NORTH AND MIDDLE ANDAMAN,Moong(Green Gram),2010,Rabi,andaman and nicobar islands,north and middle andaman
Andaman and Nicobar Islands,NORTH AND MIDDLE ANDAMAN,Sunflower,2010,Rabi,andaman and nicobar islands,north and middle andaman
Andaman and Nicobar Islands,NORTH AND MIDDLE ANDAMAN,Sweet potato,2010,Rabi,andaman and nicobar islands,north and middle andaman
Andaman and Nicobar Islands,NORTH AND MIDDLE ANDAMAN,Turmeric,2010,Rabi,andaman and nicobar islands,north and middle andaman
Andaman and Nicobar Islands,NORTH AND MIDDLE ANDAMAN,Urad,2010,Rabi,andaman and nicobar islands,north and middle andaman
Andaman and Nicobar Islands,NORTH AND MIDDLE ANDAMAN,Banana,2010,Whole Year,andaman and nicobar islands,north and middle andaman
Andaman and Nicobar Islands,NORTH AND MIDDLE ANDAMAN,Coconut,2010,Whole Year,andaman and nicobar islands,north and middle andaman
Andaman and Nicobar Islands,NORTH AND MIDDLE ANDAMAN,Tapioca,2010,Whole Year,andaman and nicobar islands,north and middle andaman
Andaman and Nicobar Islands,SOUTH ANDAMANS,Rice,2010,Autumn,andaman and nicobar islands,south andamans
Andaman and Nicobar Islands,SOUTH ANDAMANS,Sugarcane,2010,Autumn,andaman and nicobar islands,south andamans
Andaman and Nicobar Islands,SOUTH ANDAMANS,Arecanut,2010,Rabi,andaman and nicobar islands,south andamans
Andaman and Nicobar Islands,SOUTH ANDAMANS,Arhar/Tur,2010,Rabi,andaman and nicobar islands,south andamans
Andaman and Nicobar Islands,SOUTH ANDAMANS,Black pepper,2010,Rabi,andaman and nicobar islands,south andamans
Andaman and Nicobar Islands,SOUTH ANDAMANS,Cashewnut,2010,Rabi,andaman and nicobar islands,south andamans
Andaman and Nicobar Islands,SOUTH ANDAMANS,Dry chillies,2010,Rabi,andaman and nicobar islands,south andamans
Andaman and Nicobar Islands,SOUTH ANDAMANS,Dry ginger,2010,Rabi,andaman and nicobar islands,south andamans
Andaman and Nicobar Islands,SOUTH ANDAMANS,Groundnut,2010,Rabi,andaman and nicobar islands,south andamans
Andaman and Nicobar Islands,SOUTH ANDAMANS,Maize,2010,Rabi,andaman and nicobar islands,south andamans
Andaman and Nicobar Islands,SOUTH ANDAMANS,Moong(Green Gram),2010,Rabi,andaman and nicobar islands,south andamans
Andaman and Nicobar Islands,SOUTH ANDAMANS,Sunflower,2010,Rabi,andaman and nicobar islands,south andamans
Andaman and Nicobar Islands,SOUTH ANDAMANS,Sweet potato,2010,Rabi,andaman and nicobar islands,south andamans
Andaman and Nicobar Islands,SOUTH ANDAMANS,Turmeric,2010,Rabi,andaman and nicobar islands,south andamans
Andaman and Nicobar Islands,SOUTH ANDAMANS,Urad,2010,Rabi,andaman and nicobar islands,south andamans
Andaman and Nicobar Islands,SOUTH ANDAMANS,Banana,2010,Whole Year,andaman and nicobar islands,south andamans
Andaman and Nicobar Islands,SOUTH ANDAMANS,Coconut,2010,Whole Year,andaman and nicobar islands,south andamans
Andaman and Nicobar Islands,SOUTH ANDAMANS,Tapioca,2010,Whole Year,andaman and nicobar islands,south andamans
Andhra Pradesh,ANANTAPUR,Arhar/Tur,2010,Kharif,andhra pradesh,anantapur
Andhra Pradesh,ANANTAPUR,Bajra,2010,Kharif,andhra pradesh,anantapur
Andhra Pradesh,ANANTAPUR,Castor seed,2010,Kharif,andhra pradesh,anantapur
Andhra Pradesh,ANANTAPUR,Cotton(lint),2010,Kharif,andhra pradesh,anantapur
Andhra Pradesh,ANANTAPUR,Dry chillies,2010,Kharif,andhra pradesh,anantapur
Andhra Pradesh,ANANTAPUR,Groundnut,2010,Kharif,andhra pradesh,anantapur
Andhra Pradesh,ANANTAPUR,Horse-gram,2010,Kharif,andhra pradesh,anantapur
Andhra Pradesh,ANANTAPUR,Jowar,2010,Kharif,andhra pradesh,anantapur
Andhra Pradesh,ANANTAPUR,Maize,2010,Kharif,andhra pradesh,anantapur
Andhra Pradesh,ANANTAPUR,Mesta,2010,Kharif,andhra pradesh,anantapur
Andhra Pradesh,ANANTAPUR,Moong(Green Gram),2010,Kharif,andhra pradesh,anantapur
Andhra Pradesh,ANANTAPUR,Onion,2010,Kharif,andhra pradesh,anantapur
Andhra Pradesh,ANANTAPUR,Ragi,2010,Kharif,andhra pradesh,anantapur
Andhra Pradesh,ANANTAPUR,Rice,2010,Kharif,andhra pradesh,anantapur
Andhra Pradesh,ANANTAPUR,Small millets,2010,Kharif,andhra pradesh,anantapur
Andhra Pradesh,ANANTAPUR,Soyabean,2010,Kharif,andhra pradesh,anantapur
Andhra Pradesh,ANANTAPUR,Urad,2010,Kharif,andhra pradesh,anantapur
Andhra Pradesh,ANANTAPUR,Bajra,2010,Rabi,andhra pradesh,anantapur
Andhra Pradesh,ANANTAPUR,Gram,2010,Rabi,andhra pradesh,anantapur
Andhra Pradesh,ANANTAPUR,Groundnut,2010,Rabi,andhra pradesh,anantapur
Andhra Pradesh,ANANTAPUR,Horse-gram,2010,Rabi,andhra pradesh,anantapur
Andhra Pradesh,ANANTAPUR,Jowar,2010,Rabi,andhra pradesh,anantapur
Andhra Pradesh,ANANTAPUR,Maize,2010,Rabi,andhra pradesh,anantapur
Andhra Pradesh,ANANTAPUR,Moong(Green Gram),2010,Rabi,andhra pradesh,anantapur
Andhra Pradesh,ANANTAPUR,Onion,2010,Rabi,andhra pradesh,anantapur
Andhra Pradesh,ANANTAPUR,Ragi,2010,Rabi,andhra pradesh,anantapur
Andhra Pradesh,ANANTAPUR,Rice,2010,Rabi,andhra pradesh,anantapur
Andhra Pradesh,ANANTAPUR,Safflower,2010,Rabi,andhra pradesh,anantapur
Andhra Pradesh,ANANTAPUR,Urad,2010,Rabi,andhra pradesh,anantapur
Andhra Pradesh,ANANTAPUR,Wheat,2010,Rabi,andhra pradesh,anantapur
Andhra Pradesh,ANANTAPUR,Arecanut,2010,Whole Year,andhra pradesh,anantapur
Andhra Pradesh,ANANTAPUR,Banana,2010,Whole Year,andhra pradesh,anantapur
Andhra Pradesh,ANANTAPUR,Coriander,2010,Whole Year,andhra pradesh,anantapur
Andhra Pradesh,ANANTAPUR,Potato,2010,Whole Year,andhra pradesh,anantapur
Andhra Pradesh,ANANTAPUR,Sugarcane,2010,Whole Year,andhra pradesh,anantapur
Andhra Pradesh,ANANTAPUR,Sunflower,2010,Whole Year,andhra pradesh,anantapur
Andhra Pradesh,ANANTAPUR,Sweet potato,2010,Whole Year,andhra pradesh,anantapur
Andhra Pradesh,ANANTAPUR,Tobacco,2010,Whole Year,andhra pradesh,anantapur
Andhra Pradesh,ANANTAPUR,Turmeric,2010,Whole Year,andhra pradesh,anantapur
Andhra Pradesh,CHITTOOR,Arhar/Tur,2010,Kharif,andhra pradesh,chittoor
Andhra Pradesh,CHITTOOR,Bajra,2010,Kharif,andhra pradesh,chittoor
Andhra Pradesh,CHITTOOR,Castor seed,2010,Kharif,andhra pradesh,chittoor
Andhra Pradesh,CHITTOOR,Cotton(lint),2010,Kharif,andhra pradesh,chittoor
Andhra Pradesh,CHITTOOR,Groundnut,2010,Kharif,andhra pradesh,chittoor
Andhra Pradesh,CHITTOOR,Horse-gram,2010,Kharif,andhra pradesh,chittoor
Andhra Pradesh,CHITTOOR,Jowar,2010,Kharif,andhra pradesh,chittoor
Andhra Pradesh,CHITTOOR,Maize,2010,Kharif,andhra pradesh,chittoor
Andhra Pradesh,CHITTOOR,Mesta,2010,Kharif,andhra pradesh,chittoor
Andhra Pradesh,CHITTOOR,Moong(Green Gram),2010,Kharif,andhra pradesh,chittoor
Andhra Pradesh,CHITTOOR,Onion,2010,Kharif,andhra pradesh,chittoor
Andhra Pradesh,CHITTOOR,Other Kharif pulses,2010,Kharif,andhra pradesh,chittoor
Andhra Pradesh,CHITTOOR,Ragi,2010,Kharif,andhra pradesh,chittoor
Andhra Pradesh,CHITTOOR,Rice,2010,Kharif,andhra pradesh,chittoor
Andhra Pradesh,CHITTOOR,Sesamum,2010,Kharif,andhra pradesh,chittoor
Andhra Pradesh,CHITTOOR,Small millets,2010,Kharif,andhra pradesh,chittoor
Andhra Pradesh,CHITTOOR,Urad,2010,Kharif,andhra pradesh,chittoor
Andhra Pradesh,CHITTOOR,Arhar/Tur,2010,Rabi,andhra pradesh,chittoor
Andhra Pradesh,CHITTOOR,Bajra,2010,Rabi,andhra pradesh,chittoor
Andhra Pradesh,CHITTOOR,Dry chillies,2010,Rabi,andhra pradesh,chittoor
Andhra Pradesh,CHITTOOR,Groundnut,2010,Rabi,andhra pradesh,chittoor
Andhra Pradesh,CHITTOOR,Horse-gram,2010,Rabi,andhra pradesh,chittoor
Andhra Pradesh,CHITTOOR,Maize,2010,Rabi,andhra pradesh,chittoor
Andhra Pradesh,CHITTOOR,Moong(Green Gram),2010,Rabi,andhra pradesh,chittoor
Andhra Pradesh,CHITTOOR,Onion,2010,Rabi,andhra pradesh,chittoor
Andhra Pradesh,CHITTOOR,Ragi,2010,Rabi,andhra pradesh,chittoor
Andhra Pradesh,CHITTOOR,Rapeseed &Mustard,2010,Rabi,andhra pradesh,chittoor
Andhra Pradesh,CHITTOOR,Rice,2010,Rabi,andhra pradesh,chittoor
Andhra Pradesh,CHITTOOR,Sesamum,2010,Rabi,andhra pradesh,chittoor
Andhra Pradesh,CHITTOOR,Urad,2010,Rabi,andhra pradesh,chittoor
Andhra Pradesh,CHITTOOR,Banana,2010,Whole Year,andhra pradesh,chittoor
Andhra Pradesh,CHITTOOR,Cashewnut,2010,Whole Year,andhra pradesh,chittoor
Andhra Pradesh,CHITTOOR,Coriander,2010,Whole Year,andhra pradesh,chittoor
Andhra Pradesh,CHITTOOR,Potato,2010,Whole Year,andhra pradesh,chittoor
Andhra Pradesh,CHITTOOR,Sugarcane,2010,Whole Year,andhra pradesh,chittoor
Andhra Pradesh,CHITTOOR,Sunflower,2010,Whole Year,andhra pradesh,chittoor
Andhra Pradesh,CHITTOOR,Sweet potato,2010,Whole Year,andhra pradesh,chittoor
Andhra Pradesh,CHITTOOR,Tapioca,2010,Whole Year,andhra pradesh,chittoor
Andhra Pradesh,CHITTOOR,Tobacco,2010,Whole Year,andhra pradesh,chittoor
Andhra Pradesh,CHITTOOR,Turmeric,2010,Whole Year,andhra pradesh,chittoor
Andhra Pradesh,EAST GODAVARI,Arhar/Tur,2010,Kharif,andhra pradesh,east godavari
Andhra Pradesh,EAST GODAVARI,Bajra,2010,Kharif,andhra pradesh,east godavari
Andhra Pradesh,EAST GODAVARI,Castor seed,2010,Kharif,andhra pradesh,east godavari
Andhra Pradesh,EAST GODAVARI,Cotton(lint),2010,Kharif,andhra pradesh,east godavari
Andhra Pradesh,EAST GODAVARI,Dry chillies,2010,Kharif,andhra pradesh,east godavari
Andhra Pradesh,EAST GODAVARI,Groundnut,2010,Kharif,andhra pradesh,east godavari
Andhra Pradesh,EAST GODAVARI,Jowar,2010,Kharif,andhra pradesh,east godavari
Andhra Pradesh,EAST GODAVARI,Maize,2010,Kharif,andhra pradesh,east godavari
Andhra Pradesh,EAST GODAVARI,Moong(Green Gram),2010,Kharif,andhra pradesh,east godavari
Andhra Pradesh,EAST GODAVARI,Onion,2010,Kharif,andhra pradesh,east godavari
Andhra Pradesh,EAST GODAVARI,Ragi,2010,Kharif,andhra pradesh,east godavari
Andhra Pradesh,EAST GODAVARI,Rice,2010,Kharif,andhra pradesh,east godavari
Andhra Pradesh,EAST GODAVARI,Sesamum,2010,Kharif,andhra pradesh,east godavari
Andhra Pradesh,EAST GODAVARI,Small millets,2010,Kharif,andhra pradesh,east godavari
Andhra Pradesh,EAST GODAVARI,Urad,2010,Kharif,andhra pradesh,east godavari
Andhra Pradesh,EAST GODAVARI,Arhar/Tur,2010,Rabi,andhra pradesh,east godavari
Andhra Pradesh,EAST GODAVARI,Dry chillies,2010,Rabi,andhra pradesh,east godavari
Andhra Pradesh,EAST GODAVARI,Gram,2010,Rabi,andhra pradesh,east godavari
Andhra Pradesh,EAST GODAVARI,Groundnut,2010,Rabi,andhra pradesh,east godavari
Andhra Pradesh,EAST GODAVARI,Horse-gram,2010,Rabi,andhra pradesh,east godavari
Andhra Pradesh,EAST GODAVARI,Maize,2010,Rabi,andhra pradesh,east godavari
Andhra Pradesh,EAST GODAVARI,Moong(Green Gram),2010,Rabi,andhra pradesh,east godavari
Andhra Pradesh,EAST GODAVARI,Onion,2010,Rabi,andhra pradesh,east godavari
Andhra Pradesh,EAST GODAVARI,Ragi,2010,Rabi,andhra pradesh,east godavari
Andhra Pradesh,EAST GODAVARI,Rice,2010,Rabi,andhra pradesh,east godavari
Andhra Pradesh,EAST GODAVARI,Sesamum,2010,Rabi,andhra pradesh,east godavari
Andhra Pradesh,EAST GODAVARI,Urad,2010,Rabi,andhra pradesh,east godavari
Andhra Pradesh,EAST GODAVARI,Banana,2010,Whole Year,andhra pradesh,east godavari
Andhra Pradesh,EAST GODAVARI,Cashewnut,2010,Whole Year,andhra pradesh,east godavari
Andhra Pradesh,EAST GODAVARI,Sugarcane,2010,Whole Year,andhra pradesh,east godavari
Andhra Pradesh,EAST GODAVARI,Sunflower,2010,Whole Year,andhra pradesh,east godavari
Andhra Pradesh,EAST GODAVARI,Sweet potato,2010,Whole Year,andhra pradesh,east godavari
Andhra Pradesh,EAST GODAVARI,Tapioca,2010,Whole Year,andhra pradesh,east godavari
Andhra Pradesh,EAST GODAVARI,Tobacco,2010,Whole Year,andhra pradesh,east godavari
Andhra Pradesh,EAST GODAVARI,Turmeric,2010,Whole Year,andhra pradesh,east godavari
Andhra Pradesh,GUNTUR,Arhar/Tur,2010,Kharif,andhra pradesh,guntur
Andhra Pradesh,GUNTUR,Bajra,2010,Kharif,andhra pradesh,guntur
Andhra Pradesh,GUNTUR,Castor seed,2010,Kharif,andhra pradesh,guntur
Andhra Pradesh,GUNTUR,Cotton(lint),2010,Kharif,andhra pradesh,guntur
Andhra Pradesh,GUNTUR,Dry chillies,2010,Kharif,andhra pradesh,guntur
Andhra Pradesh,GUNTUR,Groundnut,2010,Kharif,andhra pradesh,guntur
Andhra Pradesh,GUNTUR,Jowar,2010,Kharif,andhra pradesh,guntur
Andhra Pradesh,GUNTUR,Maize,2010,Kharif,andhra pradesh,guntur
Andhra Pradesh,GUNTUR,Mesta,2010,Kharif,andhra pradesh,guntur
Andhra Pradesh,GUNTUR,Moong(Green Gram),2010,Kharif,andhra pradesh,guntur
Andhra Pradesh,GUNTUR,Onion,2010,Kharif,andhra pradesh,guntur
Andhra Pradesh,GUNTUR,Rice,2010,Kharif,andhra pradesh,guntur
Andhra Pradesh,GUNTUR,Sesamum,2010,Kharif,andhra pradesh,guntur
Andhra Pradesh,GUNTUR,Soyabean,2010,Kharif,andhra pradesh,guntur
Andhra Pradesh,GUNTUR,Urad,2010,Kharif,andhra pradesh,guntur
Andhra Pradesh,GUNTUR,Arhar/Tur,2010,Rabi,andhra pradesh,guntur
Andhra Pradesh,GUNTUR,Bajra,2010,Rabi,andhra pradesh,guntur
Andhra Pradesh,GUNTUR,Dry chillies,2010,Rabi,andhra pradesh,guntur
Andhra Pradesh,GUNTUR,Gram,2010,Rabi,andhra pradesh,guntur
Andhra Pradesh,GUNTUR,Groundnut,2010,Rabi,andhra pradesh,guntur
Andhra Pradesh,GUNTUR,Jowar,2010,Rabi,andhra pradesh,guntur
Andhra Pradesh,GUNTUR,Linseed,2010,Rabi,andhra pradesh,guntur
Andhra Pradesh,GUNTUR,Maize,2010,Rabi,andhra pradesh,guntur
Andhra Pradesh,GUNTUR,Moong(Green Gram),2010,Rabi,andhra pradesh,guntur
Andhra Pradesh,GUNTUR,Onion,2010,Rabi,andhra pradesh,guntur
Andhra Pradesh,GUNTUR,Rapeseed &Mustard,2010,Rabi,andhra pradesh,guntur
Andhra Pradesh,GUNTUR,Rice,2010,Rabi,andhra pradesh,guntur
Andhra Pradesh,GUNTUR,Sesamum,2010,Rabi,andhra pradesh,guntur
Andhra Pradesh,GUNTUR,Urad,2010,Rabi,andhra pradesh,guntur
Andhra Pradesh,GUNTUR,Wheat,2010,Rabi,andhra pradesh,guntur
Andhra Pradesh,GUNTUR,Banana,2010,Whole Year,andhra pradesh,guntur
Andhra Pradesh,GUNTUR,Cashewnut,2010,Whole Year,andhra pradesh,guntur
Andhra Pradesh,GUNTUR,Coriander,2010,Whole Year,andhra pradesh,guntur
Andhra Pradesh,GUNTUR,Sugarcane,2010,Whole Year,andhra pradesh,guntur
Andhra Pradesh,GUNTUR,Sunflower,2010,Whole Year,andhra pradesh,guntur
Andhra Pradesh,GUNTUR,Sweet potato,2010,Whole Year,andhra pradesh,guntur
Andhra Pradesh,GUNTUR,Tobacco,2010,Whole Year,andhra pradesh,guntur
Andhra Pradesh,GUNTUR,Turmeric,2010,Whole Year,andhra pradesh,guntur
Andhra Pradesh,KADAPA,Arhar/Tur,2010,Kharif,andhra pradesh,kadapa
Andhra Pradesh,KADAPA,Bajra,2010,Kharif,andhra pradesh,kadapa
Andhra Pradesh,KADAPA,Castor seed,2010,Kharif,andhra pradesh,kadapa
Andhra Pradesh,KADAPA,Cotton(lint),2010,Kharif,andhra pradesh,kadapa
Andhra Pradesh,KADAPA,Dry chillies,2010,Kharif,andhra pradesh,kadapa
Andhra Pradesh,KADAPA,Groundnut,2010,Kharif,andhra pradesh,kadapa
Andhra Pradesh,KADAPA,Horse-gram,2010,Kharif,andhra pradesh,kadapa
Andhra Pradesh,KADAPA,Jowar,2010,Kharif,andhra pradesh,kadapa
Andhra Pradesh,KADAPA,Maize,2010,Kharif,andhra pradesh,kadapa
Andhra Pradesh,KADAPA,Moong(Green Gram),2010,Kharif,andhra pradesh,kadapa
Andhra Pradesh,KADAPA,Onion,2010,Kharif,andhra pradesh,kadapa
Andhra Pradesh,KADAPA,Other Kharif pulses,2010,Kharif,andhra pradesh,kadapa
Andhra Pradesh,KADAPA,Ragi,2010,Kharif,andhra pradesh,kadapa
Andhra Pradesh,KADAPA,Rice,2010,Kharif,andhra pradesh,kadapa
Andhra Pradesh,KADAPA,Sesamum,2010,Kharif,andhra pradesh,kadapa
Andhra Pradesh,KADAPA,Small millets,2010,Kharif,andhra pradesh,kadapa
Andhra Pradesh,KADAPA,Soyabean,2010,Kharif,andhra pradesh,kadapa
Andhra Pradesh,KADAPA,Urad,2010,Kharif,andhra pradesh,kadapa
Andhra Pradesh,KADAPA,Arhar/Tur,2010,Rabi,andhra pradesh,kadapa
Andhra Pradesh,KADAPA,Bajra,2010,Rabi,andhra pradesh,kadapa
Andhra Pradesh,KADAPA,Dry chillies,2010,Rabi,andhra pradesh,kadapa
Andhra Pradesh,KADAPA,Gram,2010,Rabi,andhra pradesh,kadapa
Andhra Pradesh,KADAPA,Groundnut,2010,Rabi,andhra pradesh,kadapa
Andhra Pradesh,KADAPA,Horse-gram,2010,Rabi,andhra pradesh,kadapa
Andhra Pradesh,KADAPA,Jowar,2010,Rabi,andhra pradesh,kadapa
Andhra Pradesh,KADAPA,Linseed,2010,Rabi,andhra pradesh,kadapa
Andhra Pradesh,KADAPA,Maize,2010,Rabi,andhra pradesh,kadapa
Andhra Pradesh,KADAPA,Moong(Green Gram),2010,Rabi,andhra pradesh,kadapa
Andhra Pradesh,KADAPA,Onion,2010,Rabi,andhra pradesh,kadapa
Andhra Pradesh,KADAPA,Other  Rabi pulses,2010,Rabi,andhra pradesh,kadapa
Andhra Pradesh,KADAPA,Ragi,2010,Rabi,andhra pradesh,kadapa
Andhra Pradesh,KADAPA,Rice,2010,Rabi,andhra pradesh,kadapa
Andhra Pradesh,KADAPA,Safflower,2010,Rabi,andhra pradesh,kadapa
Andhra Pradesh,KADAPA,Sesamum,2010,Rabi,andhra pradesh,kadapa
Andhra Pradesh,KADAPA,Small millets,2010,Rabi,andhra pradesh,kadapa
Andhra Pradesh,KADAPA,Urad,2010,Rabi,andhra pradesh,kadapa
Andhra Pradesh,KADAPA,Wheat,2010,Rabi,andhra pradesh,kadapa
Andhra Pradesh,KADAPA,Banana,2010,Whole Year,andhra pradesh,kadapa
Andhra Pradesh,KADAPA,Cashewnut,2010,Whole Year,andhra pradesh,kadapa
Andhra Pradesh,KADAPA,Coriander,2010,Whole Year,andhra pradesh,kadapa
Andhra Pradesh,KADAPA,Garlic,2010,Whole Year,andhra pradesh,kadapa
Andhra Pradesh,KADAPA,Potato,2010,Whole Year,andhra pradesh,kadapa
Andhra Pradesh,KADAPA,Sugarcane,2010,Whole Year,andhra pradesh,kadapa
Andhra Pradesh,KADAPA,Sunflower,2010,Whole Year,andhra pradesh,kadapa
Andhra Pradesh,KADAPA,Sweet potato,2010,Whole Year,andhra pradesh,kadapa
Andhra Pradesh,KADAPA,Tobacco,2010,Whole Year,andhra pradesh,kadapa
Andhra Pradesh,KADAPA,Turmeric,2010,Whole Year,andhra pradesh,kadapa
Andhra Pradesh,KRISHNA,Arhar/Tur,2010,Kharif,andhra pradesh,krishna
Andhra Pradesh,KRISHNA,Cotton(lint),2010,Kharif,andhra pradesh,krishna
Andhra Pradesh,KRISHNA,Dry chillies,2010,Kharif,andhra pradesh,krishna
Andhra Pradesh,KRISHNA,Groundnut,2010,Kharif,andhra pradesh,krishna
Andhra Pradesh,KRISHNA,Maize,2010,Kharif,andhra pradesh,krishna
Andhra Pradesh,KRISHNA,Moong(Green Gram),2010,Kharif,andhra pradesh,krishna
Andhra Pradesh,KRISHNA,Onion,2010,Kharif,andhra pradesh,krishna
Andhra Pradesh,KRISHNA,Rice,2010,Kharif,andhra pradesh,krishna
Andhra Pradesh,KRISHNA,Sesamum,2010,Kharif,andhra pradesh,krishna
Andhra Pradesh,KRISHNA,Urad,2010,Kharif,andhra pradesh,krishna
Andhra Pradesh,KRISHNA,Arhar/Tur,2010,Rabi,andhra pradesh,krishna
Andhra Pradesh,KRISHNA,Dry chillies,2010,Rabi,andhra pradesh,krishna
Andhra Pradesh,KRISHNA,Gram,2010,Rabi,andhra pradesh,krishna
Andhra Pradesh,KRISHNA,Groundnut,2010,Rabi,andhra pradesh,krishna
Andhra Pradesh,KRISHNA,Horse-gram,2010,Rabi,andhra pradesh,krishna
Andhra Pradesh,KRISHNA,Jowar,2010,Rabi,andhra pradesh,krishna
Andhra Pradesh,KRISHNA,Linseed,2010,Rabi,andhra pradesh,krishna
Andhra Pradesh,KRISHNA,Maize,2010,Rabi,andhra pradesh,krishna
Andhra Pradesh,KRISHNA,Moong(Green Gram),2010,Rabi,andhra pradesh,krishna
Andhra Pradesh,KRISHNA,Onion,2010,Rabi,andhra pradesh,krishna
Andhra Pradesh,KRISHNA,Rapeseed &Mustard,2010,Rabi,andhra pradesh,krishna
Andhra Pradesh,KRISHNA,Rice,2010,Rabi,andhra pradesh,krishna
Andhra Pradesh,KRISHNA,Sesamum,2010,Rabi,andhra pradesh,krishna
Andhra Pradesh,KRISHNA,Urad,2010,Rabi,andhra pradesh,krishna
Andhra Pradesh,KRISHNA,Arecanut,2010,Whole Year,andhra pradesh,krishna
Andhra Pradesh,KRISHNA,Banana,2010,Whole Year,andhra pradesh,krishna
Andhra Pradesh,KRISHNA,Cashewnut,2010,Whole Year,andhra pradesh,krishna
Andhra Pradesh,KRISHNA,Dry ginger,2010,Whole Year,andhra pradesh,krishna
Andhra Pradesh,KRISHNA,Ginger,2010,Whole Year,andhra pradesh,krishna
Andhra Pradesh,KRISHNA,Sugarcane,2010,Whole Year,andhra pradesh,krishna
Andhra Pradesh,KRISHNA,Sunflower,2010,Whole Year,andhra pradesh,krishna
Andhra Pradesh,KRISHNA,Sweet potato,2010,Whole Year,andhra pradesh,krishna
Andhra Pradesh,KRISHNA,Tobacco,2010,Whole Year,andhra pradesh,krishna
Andhra Pradesh,KRISHNA,Turmeric,2010,Whole Year,andhra pradesh,krishna
Andhra Pradesh,KURNOOL,Arhar/Tur,2010,Kharif,andhra pradesh,kurnool
Andhra Pradesh,KURNOOL,Bajra,2010,Kharif,andhra pradesh,kurnool
Andhra Pradesh,KURNOOL,Castor seed,2010,Kharif,andhra pradesh,kurnool
Andhra Pradesh,KURNOOL,Cotton(lint),2010,Kharif,andhra pradesh,kurnool
Andhra Pradesh,KURNOOL,Dry chillies,2010,Kharif,andhra pradesh,kurnool
Andhra Pradesh,KURNOOL,Groundnut,2010,Kharif,andhra pradesh,kurnool
Andhra Pradesh,KURNOOL,Jowar,2010,Kharif,andhra pradesh,kurnool
Andhra Pradesh,KURNOOL,Maize,2010,Kharif,andhra pradesh,kurnool
Andhra Pradesh,KURNOOL,Mesta,2010,Kharif,andhra pradesh,kurnool
Andhra Pradesh,KURNOOL,Moong(Green Gram),2010,Kharif,andhra pradesh,kurnool
Andhra Pradesh,KURNOOL,Onion,2010,Kharif,andhra pradesh,kurnool
Andhra Pradesh,KURNOOL,Rice,2010,Kharif,andhra pradesh,kurnool
Andhra Pradesh,KURNOOL,Sesamum,2010,Kharif,andhra pradesh,kurnool
Andhra Pradesh,KURNOOL,Small millets,2010,Kharif,andhra pradesh,kurnool
Andhra Pradesh,KURNOOL,Soyabean,2010,Kharif,andhra pradesh,kurnool
Andhra Pradesh,KURNOOL,Urad,2010,Kharif,andhra pradesh,kurnool
Andhra Pradesh,KURNOOL,Arhar/Tur,2010,Rabi,andhra pradesh,kurnool
Andhra Pradesh,KURNOOL,Bajra,2010,Rabi,andhra pradesh,kurnool
Andhra Pradesh,KURNOOL,Dry chillies,2010,Rabi,andhra pradesh,kurnool
Andhra Pradesh,KURNOOL,Gram,2010,Rabi,andhra pradesh,kurnool
Andhra Pradesh,KURNOOL,Groundnut,2010,Rabi,andhra pradesh,kurnool
Andhra Pradesh,KURNOOL,Horse-gram,2010,Rabi,andhra pradesh,kurnool
Andhra Pradesh,KURNOOL,Jowar,2010,Rabi,andhra pradesh,kurnool
Andhra Pradesh,KURNOOL,Maize,2010,Rabi,andhra pradesh,kurnool
Andhra Pradesh,KURNOOL,Moong(Green Gram),2010,Rabi,andhra pradesh,kurnool
Andhra Pradesh,KURNOOL,Onion,2010,Rabi,andhra pradesh,kurnool
Andhra Pradesh,KURNOOL,Ragi,2010,Rabi,andhra pradesh,kurnool
Andhra Pradesh,KURNOOL,Rapeseed &Mustard,2010,Rabi,andhra pradesh,kurnool
Andhra Pradesh,KURNOOL,Rice,2010,Rabi,andhra pradesh,kurnool
Andhra Pradesh,KURNOOL,Safflower,2010,Rabi,andhra pradesh,kurnool
Andhra Pradesh,KURNOOL,Sesamum,2010,Rabi,andhra pradesh,kurnool
Andhra Pradesh,KURNOOL,Small millets,2010,Rabi,andhra pradesh,kurnool
Andhra Pradesh,KURNOOL,Urad,2010,Rabi,andhra pradesh,kurnool
Andhra Pradesh,KURNOOL,Wheat,2010,Rabi,andhra pradesh,kurnool
Andhra Pradesh,KURNOOL,Banana,2010,Whole Year,andhra pradesh,kurnool
Andhra Pradesh,KURNOOL,Coriander,2010,Whole Year,andhra pradesh,kurnool
Andhra Pradesh,KURNOOL,Potato,2010,Whole Year,andhra pradesh,kurnool
Andhra Pradesh,KURNOOL,Sugarcane,2010,Whole Year,andhra pradesh,kurnool
Andhra Pradesh,KURNOOL,Sunflower,2010,Whole Year,andhra pradesh,kurnool
Andhra Pradesh,KURNOOL,Sweet potato,2010,Whole Year,andhra pradesh,kurnool
Andhra Pradesh,KURNOOL,Tobacco,2010,Whole Year,andhra pradesh,kurnool
Andhra Pradesh,KURNOOL,Turmeric,2010,Whole Year,andhra pradesh,kurnool
Andhra Pradesh,PRAKASAM,Arhar/Tur,2010,Kharif,andhra pradesh,prakasam
Andhra Pradesh,PRAKASAM,Bajra,2010,Kharif,andhra pradesh,prakasam
Andhra Pradesh,PRAKASAM,Castor seed,2010,Kharif,andhra pradesh,prakasam
Andhra Pradesh,PRAKASAM,Cotton(lint),2010,Kharif,andhra pradesh,prakasam
Andhra Pradesh,PRAKASAM,Dry chillies,2010,Kharif,andhra pradesh,prakasam
Andhra Pradesh,PRAKASAM,Groundnut,2010,Kharif,andhra pradesh,prakasam
Andhra Pradesh,PRAKASAM,Jowar,2010,Kharif,andhra pradesh,prakasam
Andhra Pradesh,PRAKASAM,Maize,2010,Kharif,andhra pradesh,prakasam
Andhra Pradesh,PRAKASAM,Moong(Green Gram),2010,Kharif,andhra pradesh,prakasam
Andhra Pradesh,PRAKASAM,Onion,2010,Kharif,andhra pradesh,prakasam
Andhra Pradesh,PRAKASAM,Rice,2010,Kharif,andhra pradesh,prakasam
Andhra Pradesh,PRAKASAM,Sesamum,2010,Kharif,andhra pradesh,prakasam
Andhra Pradesh,PRAKASAM,Small millets,2010,Kharif,andhra pradesh,prakasam
Andhra Pradesh,PRAKASAM,Soyabean,2010,Kharif,andhra pradesh,prakasam
Andhra Pradesh,PRAKASAM,Urad,2010,Kharif,andhra pradesh,prakasam
Andhra Pradesh,PRAKASAM,Bajra,2010,Rabi,andhra pradesh,prakasam
Andhra Pradesh,PRAKASAM,Dry chillies,2010,Rabi,andhra pradesh,prakasam
Andhra Pradesh,PRAKASAM,Gram,2010,Rabi,andhra pradesh,prakasam
Andhra Pradesh,PRAKASAM,Groundnut,2010,Rabi,andhra pradesh,prakasam
Andhra Pradesh,PRAKASAM,Horse-gram,2010,Rabi,andhra pradesh,prakasam
Andhra Pradesh,PRAKASAM,Jowar,2010,Rabi,andhra pradesh,prakasam
Andhra Pradesh,PRAKASAM,Maize,2010,Rabi,andhra pradesh,prakasam
Andhra Pradesh,PRAKASAM,Moong(Green Gram),2010,Rabi,andhra pradesh,prakasam
Andhra Pradesh,PRAKASAM,Onion,2010,Rabi,andhra pradesh,prakasam
Andhra Pradesh,PRAKASAM,Ragi,2010,Rabi,andhra pradesh,prakasam
Andhra Pradesh,PRAKASAM,Rapeseed &Mustard,2010,Rabi,andhra pradesh,prakasam
Andhra Pradesh,PRAKASAM,Rice,2010,Rabi,andhra pradesh,prakasam
Andhra Pradesh,PRAKASAM,Sesamum,2010,Rabi,andhra pradesh,prakasam
Andhra Pradesh,PRAKASAM,Small millets,2010,Rabi,andhra pradesh,prakasam
Andhra Pradesh,PRAKASAM,Urad,2010,Rabi,andhra pradesh,prakasam
Andhra Pradesh,PRAKASAM,Banana,2010,Whole Year,andhra pradesh,prakasam
Andhra Pradesh,PRAKASAM,Cashewnut,2010,Whole Year,andhra pradesh,prakasam
Andhra Pradesh,PRAKASAM,Coriander,2010,Whole Year,andhra pradesh,prakasam
Andhra Pradesh,PRAKASAM,Sugarcane,2010,Whole Year,andhra pradesh,prakasam
Andhra Pradesh,PRAKASAM,Sunflower,2010,Whole Year,andhra pradesh,prakasam
Andhra Pradesh,PRAKASAM,Sweet potato,2010,Whole Year,andhra pradesh,prakasam
Andhra Pradesh,PRAKASAM,Tobacco,2010,Whole Year,andhra pradesh,prakasam
Andhra Pradesh,PRAKASAM,Turmeric,2010,Whole Year,andhra pradesh,prakasam
Andhra Pradesh,SPSR NELLORE,Arhar/Tur,2010,Kharif,andhra pradesh,spsr nellore
Andhra Pradesh,SPSR NELLORE,Bajra,2010,Kharif,andhra pradesh,spsr nellore
Andhra Pradesh,SPSR NELLORE,Cotton(lint),2010,Kharif,andhra pradesh,spsr nellore
Andhra Pradesh,SPSR NELLORE,Dry chillies,2010,Kharif,andhra pradesh,spsr nellore
Andhra Pradesh,SPSR NELLORE,Groundnut,2010,Kharif,andhra pradesh,spsr nellore
Andhra Pradesh,SPSR NELLORE,Maize,2010,Kharif,andhra pradesh,spsr nellore
Andhra Pradesh,SPSR NELLORE,Moong(Green Gram),2010,Kharif,andhra pradesh,spsr nellore
Andhra Pradesh,SPSR NELLORE,Onion,2010,Kharif,andhra pradesh,spsr nellore
Andhra Pradesh,SPSR NELLORE,Ragi,2010,Kharif,andhra pradesh,spsr nellore
Andhra Pradesh,SPSR NELLORE,Rice,2010,Kharif,andhra pradesh,spsr nellore
Andhra Pradesh,SPSR NELLORE,Sesamum,2010,Kharif,andhra pradesh,spsr nellore
Andhra Pradesh,SPSR NELLORE,Urad,2010,Kharif,andhra pradesh,spsr nellore
Andhra Pradesh,SPSR NELLORE,Arhar/Tur,2010,Rabi,andhra pradesh,spsr nellore
Andhra Pradesh,SPSR NELLORE,Bajra,2010,Rabi,andhra pradesh,spsr nellore
Andhra Pradesh,SPSR NELLORE,Dry chillies,2010,Rabi,andhra pradesh,spsr nellore
Andhra Pradesh,SPSR NELLORE,Gram,2010,Rabi,andhra pradesh,spsr nellore
Andhra Pradesh,SPSR NELLORE,Groundnut,2010,Rabi,andhra pradesh,spsr nellore
Andhra Pradesh,SPSR NELLORE,Horse-gram,2010,Rabi,andhra pradesh,spsr nellore
Andhra Pradesh,SPSR NELLORE,Jowar,2010,Rabi,andhra pradesh,spsr nellore
Andhra Pradesh,SPSR NELLORE,Maize,2010,Rabi,andhra pradesh,spsr nellore
Andhra Pradesh,SPSR NELLORE,Moong(Green Gram),2010,Rabi,andhra pradesh,spsr nellore
Andhra Pradesh,SPSR NELLORE,Ragi,2010,Rabi,andhra pradesh,spsr nellore
Andhra Pradesh,SPSR NELLORE,Rice,2010,Rabi,andhra pradesh,spsr nellore
Andhra Pradesh,SPSR NELLORE,Sesamum,2010,Rabi,andhra pradesh,spsr nellore
Andhra Pradesh,SPSR NELLORE,Urad,2010,Rabi,andhra pradesh,spsr nellore
Andhra Pradesh,SPSR NELLORE,Banana,2010,Whole Year,andhra pradesh,spsr nellore
Andhra Pradesh,SPSR NELLORE,Cashewnut,2010,Whole Year,andhra pradesh,spsr nellore
Andhra Pradesh,SPSR NELLORE,Sugarcane,2010,Whole Year,andhra pradesh,spsr nellore
Andhra Pradesh,SPSR NELLORE,Sunflower,2010,Whole Year,andhra pradesh,spsr nellore
Andhra Pradesh,SPSR NELLORE,Sweet potato,2010,Whole Year,andhra pradesh,spsr nellore
Andhra Pradesh,SPSR NELLORE,Tapioca,2010,Whole Year,andhra pradesh,spsr nellore
Andhra Pradesh,SPSR NELLORE,Tobacco,2010,Whole Year,andhra pradesh,spsr nellore
Andhra Pradesh,SPSR NELLORE,Turmeric,2010,Whole Year,andhra pradesh,spsr nellore
Andhra Pradesh,SRIKAKULAM,Arhar/Tur,2010,Kharif,andhra pradesh,srikakulam
Andhra Pradesh,SRIKAKULAM,Bajra,2010,Kharif,andhra pradesh,srikakulam
Andhra Pradesh,SRIKAKULAM,Cotton(lint),2010,Kharif,andhra pradesh,srikakulam
Andhra Pradesh,SRIKAKULAM,Dry chillies,2010,Kharif,andhra pradesh,srikakulam
Andhra Pradesh,SRIKAKULAM,Groundnut,2010,Kharif,andhra pradesh,srikakulam
Andhra Pradesh,SRIKAKULAM,Jowar,2010,Kharif,andhra pradesh,srikakulam
Andhra Pradesh,SRIKAKULAM,Maize,2010,Kharif,andhra pradesh,srikakulam
Andhra Pradesh,SRIKAKULAM,Mesta,2010,Kharif,andhra pradesh,srikakulam
Andhra Pradesh,SRIKAKULAM,Moong(Green Gram),2010,Kharif,andhra pradesh,srikakulam
Andhra Pradesh,SRIKAKULAM,Onion,2010,Kharif,andhra pradesh,srikakulam
Andhra Pradesh,SRIKAKULAM,Ragi,2010,Kharif,andhra pradesh,srikakulam
Andhra Pradesh,SRIKAKULAM,Rice,2010,Kharif,andhra pradesh,srikakulam
Andhra Pradesh,SRIKAKULAM,Sesamum,2010,Kharif,andhra pradesh,srikakulam
Andhra Pradesh,SRIKAKULAM,Small millets,2010,Kharif,andhra pradesh,srikakulam
Andhra Pradesh,SRIKAKULAM,Urad,2010,Kharif,andhra pradesh,srikakulam
Andhra Pradesh,SRIKAKULAM,Dry chillies,2010,Rabi,andhra pradesh,srikakulam
Andhra Pradesh,SRIKAKULAM,Gram,2010,Rabi,andhra pradesh,srikakulam
Andhra Pradesh,SRIKAKULAM,Groundnut,2010,Rabi,andhra pradesh,srikakulam
Andhra Pradesh,SRIKAKULAM,Horse-gram,2010,Rabi,andhra pradesh,srikakulam
Andhra Pradesh,SRIKAKULAM,Jowar,2010,Rabi,andhra pradesh,srikakulam
Andhra Pradesh,SRIKAKULAM,Maize,2010,Rabi,andhra pradesh,srikakulam
Andhra Pradesh,SRIKAKULAM,Moong(Green Gram),2010,Rabi,andhra pradesh,srikakulam
Andhra Pradesh,SRIKAKULAM,Onion,2010,Rabi,andhra pradesh,srikakulam
Andhra Pradesh,SRIKAKULAM,Ragi,2010,Rabi,andhra pradesh,srikakulam
Andhra Pradesh,SRIKAKULAM,Rice,2010,Rabi,andhra pradesh,srikakulam
Andhra Pradesh,SRIKAKULAM,Sesamum,2010,Rabi,andhra pradesh,srikakulam
Andhra Pradesh,SRIKAKULAM,Urad,2010,Rabi,andhra pradesh,srikakulam
Andhra Pradesh,SRIKAKULAM,Banana,2010,Whole Year,andhra pradesh,srikakulam
Andhra Pradesh,SRIKAKULAM,Cashewnut,2010,Whole Year,andhra pradesh,srikakulam
Andhra Pradesh,SRIKAKULAM,Dry ginger,2010,Whole Year,andhra pradesh,srikakulam
Andhra Pradesh,SRIKAKULAM,Ginger,2010,Whole Year,andhra pradesh,srikakulam
Andhra Pradesh,SRIKAKULAM,Sugarcane,2010,Whole Year,andhra pradesh,srikakulam
Andhra Pradesh,SRIKAKULAM,Sunflower,2010,Whole Year,andhra pradesh,srikakulam
Andhra Pradesh,SRIKAKULAM,Sweet potato,2010,Whole Year,andhra pradesh,srikakulam
Andhra Pradesh,SRIKAKULAM,Tapioca,2010,Whole Year,andhra pradesh,srikakulam
Andhra Pradesh,SRIKAKULAM,Tobacco,2010,Whole Year,andhra pradesh,srikakulam
Andhra Pradesh,SRIKAKULAM,Turmeric,2010,Whole Year,andhra pradesh,srikakulam
Andhra Pradesh,VISAKHAPATANAM,Arhar/Tur,2010,Kharif,andhra pradesh,visakhapatanam
Andhra Pradesh,VISAKHAPATANAM,Bajra,2010,Kharif,andhra pradesh,visakhapatanam
Andhra Pradesh,VISAKHAPATANAM,Cotton(lint),2010,Kharif,andhra pradesh,visakhapatanam
Andhra Pradesh,VISAKHAPATANAM,Dry chillies,2010,Kharif,andhra pradesh,visakhapatanam
Andhra Pradesh,VISAKHAPATANAM,Groundnut,2010,Kharif,andhra pradesh,visakhapatanam
Andhra Pradesh,VISAKHAPATANAM,Horse-gram,2010,Kharif,andhra pradesh,visakhapatanam
Andhra Pradesh,VISAKHAPATANAM,Jowar,2010,Kharif,andhra pradesh,visakhapatanam
Andhra Pradesh,VISAKHAPATANAM,Maize,2010,Kharif,andhra pradesh,visakhapatanam
Andhra Pradesh,VISAKHAPATANAM,Mesta,2010,Kharif,andhra pradesh,visakhapatanam
Andhra Pradesh,VISAKHAPATANAM,Moong(Green Gram),2010,Kharif,andhra pradesh,visakhapatanam
Andhra Pradesh,VISAKHAPATANAM,Niger seed,2010,Kharif,andhra pradesh,visakhapatanam
Andhra Pradesh,VISAKHAPATANAM,Onion,2010,Kharif,andhra pradesh,visakhapatanam
Andhra Pradesh,VISAKHAPATANAM,Other Kharif pulses,2010,Kharif,andhra pradesh,visakhapatanam
Andhra Pradesh,VISAKHAPATANAM,Ragi,2010,Kharif,andhra pradesh,visakhapatanam
Andhra Pradesh,VISAKHAPATANAM,Rice,2010,Kharif,andhra pradesh,visakhapatanam
Andhra Pradesh,VISAKHAPATANAM,Sesamum,2010,Kharif,andhra pradesh,visakhapatanam
Andhra Pradesh,VISAKHAPATANAM,Small millets,2010,Kharif,andhra pradesh,visakhapatanam
Andhra Pradesh,VISAKHAPATANAM,Urad,2010,Kharif,andhra pradesh,visakhapatanam
Andhra Pradesh,VISAKHAPATANAM,Arhar/Tur,2010,Rabi,andhra pradesh,visakhapatanam
Andhra Pradesh,VISAKHAPATANAM,Dry chillies,2010,Rabi,andhra pradesh,visakhapatanam
Andhra Pradesh,VISAKHAPATANAM,Gram,2010,Rabi,andhra pradesh,visakhapatanam
Andhra Pradesh,VISAKHAPATANAM,Groundnut,2010,Rabi,andhra pradesh,visakhapatanam
Andhra Pradesh,VISAKHAPATANAM,Horse-gram,2010,Rabi,andhra pradesh,visakhapatanam
Andhra Pradesh,VISAKHAPATANAM,Jowar,2010,Rabi,andhra pradesh,visakhapatanam
Andhra Pradesh,VISAKHAPATANAM,Maize,2010,Rabi,andhra pradesh,visakhapatanam
Andhra Pradesh,VISAKHAPATANAM,Moong(Green Gram),2010,Rabi,andhra pradesh,visakhapatanam
Andhra Pradesh,VISAKHAPATANAM,Onion,2010,Rabi,andhra pradesh,visakhapatanam
Andhra Pradesh,VISAKHAPATANAM,Other  Rabi pulses,2010,Rabi,andhra pradesh,visakhapatanam
Andhra Pradesh,VISAKHAPATANAM,Ragi,2010,Rabi,andhra pradesh,visakhapatanam
Andhra Pradesh,VISAKHAPATANAM,Rice,2010,Rabi,andhra pradesh,visakhapatanam
Andhra Pradesh,VISAKHAPATANAM,Sesamum,2010,Rabi,andhra pradesh,visakhapatanam
Andhra Pradesh,VISAKHAPATANAM,Urad,2010,Rabi,andhra pradesh,visakhapatanam
Andhra Pradesh,VISAKHAPATANAM,Banana,2010,Whole Year,andhra pradesh,visakhapatanam
Andhra Pradesh,VISAKHAPATANAM,Cashewnut,2010,Whole Year,andhra pradesh,visakhapatanam
Andhra Pradesh,VISAKHAPATANAM,Dry ginger,2010,Whole Year,andhra pradesh,visakhapatanam
Andhra Pradesh,VISAKHAPATANAM,Ginger,2010,Whole Year,andhra pradesh,visakhapatanam
Andhra Pradesh,VISAKHAPATANAM,Potato,2010,Whole Year,andhra pradesh,visakhapatanam
Andhra Pradesh,VISAKHAPATANAM,Sugarcane,2010,Whole Year,andhra pradesh,visakhapatanam
Andhra Pradesh,VISAKHAPATANAM,Sunflower,2010,Whole Year,andhra pradesh,visakhapatanam
Andhra Pradesh,VISAKHAPATANAM,Sweet potato,2010,Whole Year,andhra pradesh,visakhapatanam
Andhra Pradesh,VISAKHAPATANAM,Tapioca,2010,Whole Year,andhra pradesh,visakhapatanam
Andhra Pradesh,VISAKHAPATANAM,Tobacco,2010,Whole Year,andhra pradesh,visakhapatanam
Andhra Pradesh,VISAKHAPATANAM,Turmeric,2010,Whole Year,andhra pradesh,visakhapatanam
Andhra Pradesh,VIZIANAGARAM,Arhar/Tur,2010,Kharif,andhra pradesh,vizianagaram
Andhra Pradesh,VIZIANAGARAM,Bajra,2010,Kharif,andhra pradesh,vizianagaram
Andhra Pradesh,VIZIANAGARAM,Castor seed,2010,Kharif,andhra pradesh,vizianagaram
Andhra Pradesh,VIZIANAGARAM,Cotton(lint),2010,Kharif,andhra pradesh,vizianagaram
Andhra Pradesh,VIZIANAGARAM,Dry chillies,2010,Kharif,andhra pradesh,vizianagaram
Andhra Pradesh,VIZIANAGARAM,Groundnut,2010,Kharif,andhra pradesh,vizianagaram
Andhra Pradesh,VIZIANAGARAM,Jowar,2010,Kharif,andhra pradesh,vizianagaram
Andhra Pradesh,VIZIANAGARAM,Maize,2010,Kharif,andhra pradesh,vizianagaram
Andhra Pradesh,VIZIANAGARAM,Mesta,2010,Kharif,andhra pradesh,vizianagaram
Andhra Pradesh,VIZIANAGARAM,Moong(Green Gram),2010,Kharif,andhra pradesh,vizianagaram
Andhra Pradesh,VIZIANAGARAM,Niger seed,2010,Kharif,andhra pradesh,vizianagaram
Andhra Pradesh,VIZIANAGARAM,Onion,2010,Kharif,andhra pradesh,vizianagaram
Andhra Pradesh,VIZIANAGARAM,Ragi,2010,Kharif,andhra pradesh,vizianagaram
Andhra Pradesh,VIZIANAGARAM,Rice,2010,Kharif,andhra pradesh,vizianagaram
Andhra Pradesh,VIZIANAGARAM,Sesamum,2010,Kharif,andhra pradesh,vizianagaram
Andhra Pradesh,VIZIANAGARAM,Small millets,2010,Kharif,andhra pradesh,vizianagaram
Andhra Pradesh,VIZIANAGARAM,Urad,2010,Kharif,andhra pradesh,vizianagaram
Andhra Pradesh,VIZIANAGARAM,Dry chillies,2010,Rabi,andhra pradesh,vizianagaram
Andhra Pradesh,VIZIANAGARAM,Gram,2010,Rabi,andhra pradesh,vizianagaram
Andhra Pradesh,VIZIANAGARAM,Groundnut,2010,Rabi,andhra pradesh,vizianagaram
Andhra Pradesh,VIZIANAGARAM,Horse-gram,2010,Rabi,andhra pradesh,vizianagaram
Andhra Pradesh,VIZIANAGARAM,Maize,2010,Rabi,andhra pradesh,vizianagaram
Andhra Pradesh,VIZIANAGARAM,Moong(Green Gram),2010,Rabi,andhra pradesh,vizianagaram
Andhra Pradesh,VIZIANAGARAM,Onion,2010,Rabi,andhra pradesh,vizianagaram
Andhra Pradesh,VIZIANAGARAM,Ragi,2010,Rabi,andhra pradesh,vizianagaram
Andhra Pradesh,VIZIANAGARAM,Rapeseed &Mustard,2010,Rabi,andhra pradesh,vizianagaram
Andhra Pradesh,VIZIANAGARAM,Rice,2010,Rabi,andhra pradesh,vizianagaram
Andhra Pradesh,VIZIANAGARAM,Sesamum,2010,Rabi,andhra pradesh,vizianagaram
Andhra Pradesh,VIZIANAGARAM,Urad,2010,Rabi,andhra pradesh,vizianagaram
Andhra Pradesh,VIZIANAGARAM,Banana,2010,Whole Year,andhra pradesh,vizianagaram
Andhra Pradesh,VIZIANAGARAM,Cashewnut,2010,Whole Year,andhra pradesh,vizianagaram
Andhra Pradesh,VIZIANAGARAM,Dry ginger,2010,Whole Year,andhra pradesh,vizianagaram
Andhra Pradesh,VIZIANAGARAM,Ginger,2010,Whole Year,andhra pradesh,vizianagaram
Andhra Pradesh,VIZIANAGARAM,Potato,2010,Whole Year,andhra pradesh,vizianagaram
Andhra Pradesh,VIZIANAGARAM,Sugarcane,2010,Whole Year,andhra pradesh,vizianagaram
Andhra Pradesh,VIZIANAGARAM,Sunflower,2010,Whole Year,andhra pradesh,vizianagaram
Andhra Pradesh,VIZIANAGARAM,Sweet potato,2010,Whole Year,andhra pradesh,vizianagaram
Andhra Pradesh,VIZIANAGARAM,Tapioca,2010,Whole Year,andhra pradesh,vizianagaram
Andhra Pradesh,VIZIANAGARAM,Tobacco,2010,Whole Year,andhra pradesh,vizianagaram
Andhra Pradesh,VIZIANAGARAM,Turmeric,2010,Whole Year,andhra pradesh,vizianagaram
Andhra Pradesh,WEST GODAVARI,Arhar/Tur,2010,Kharif,andhra pradesh,west godavari
Andhra Pradesh,WEST GODAVARI,Cotton(lint),2010,Kharif,andhra pradesh,west godavari
Andhra Pradesh,WEST GODAVARI,Groundnut,2010,Kharif,andhra pradesh,west godavari
Andhra Pradesh,WEST GODAVARI,Horse-gram,2010,Kharif,andhra pradesh,west godavari
Andhra Pradesh,WEST GODAVARI,Jowar,2010,Kharif,andhra pradesh,west godavari
Andhra Pradesh,WEST GODAVARI,Maize,2010,Kharif,andhra pradesh,west godavari
Andhra Pradesh,WEST GODAVARI,Moong(Green Gram),2010,Kharif,andhra pradesh,west godavari
Andhra Pradesh,WEST GODAVARI,Rice,2010,Kharif,andhra pradesh,west godavari
Andhra Pradesh,WEST GODAVARI,Sesamum,2010,Kharif,andhra pradesh,west godavari
Andhra Pradesh,WEST GODAVARI,Urad,2010,Kharif,andhra pradesh,west godavari
Andhra Pradesh,WEST GODAVARI,Arhar/Tur,2010,Rabi,andhra pradesh,west godavari
Andhra Pradesh,WEST GODAVARI,Dry chillies,2010,Rabi,andhra pradesh,west godavari
Andhra Pradesh,WEST GODAVARI,Groundnut,2010,Rabi,andhra pradesh,west godavari
Andhra Pradesh,WEST GODAVARI,Horse-gram,2010,Rabi,andhra pradesh,west godavari
Andhra Pradesh,WEST GODAVARI,Maize,2010,Rabi,andhra pradesh,west godavari
Andhra Pradesh,WEST GODAVARI,Moong(Green Gram),2010,Rabi,andhra pradesh,west godavari
Andhra Pradesh,WEST GODAVARI,Rice,2010,Rabi,andhra pradesh,west godavari
Andhra Pradesh,WEST GODAVARI,Sesamum,2010,Rabi,andhra pradesh,west godavari
Andhra Pradesh,WEST GODAVARI,Urad,2010,Rabi,andhra pradesh,west godavari
Andhra Pradesh,WEST GODAVARI,Arecanut,2010,Whole Year,andhra pradesh,west godavari
Andhra Pradesh,WEST GODAVARI,Banana,2010,Whole Year,andhra pradesh,west godavari
Andhra Pradesh,WEST GODAVARI,Cashewnut,2010,Whole Year,andhra pradesh,west godavari
Andhra Pradesh,WEST GODAVARI,Dry ginger,2010,Whole Year,andhra pradesh,west godavari
Andhra Pradesh,WEST GODAVARI,Ginger,2010,Whole Year,andhra pradesh,west godavari
Andhra Pradesh,WEST GODAVARI,Sugarcane,2010,Whole Year,andhra pradesh,west godavari
Andhra Pradesh,WEST GODAVARI,Sunflower,2010,Whole Year,andhra pradesh,west godavari
Andhra Pradesh,WEST GODAVARI,Tapioca,2010,Whole Year,andhra pradesh,west godavari
Andhra Pradesh,WEST GODAVARI,Tobacco,2010,Whole Year,andhra pradesh,west godavari
Andhra Pradesh,WEST GODAVARI,Turmeric,2010,Whole Year,andhra pradesh,west godavari
Arunachal Pradesh,ANJAW,Maize,2010,Kharif,arunachal pradesh,anjaw
Arunachal Pradesh,ANJAW,Rice,2010,Kharif,arunachal pradesh,anjaw
Arunachal Pradesh,ANJAW,Small millets,2010,Kharif,arunachal pradesh,anjaw
Arunachal Pradesh,ANJAW,Wheat,2010,Rabi,arunachal pradesh,anjaw
Arunachal Pradesh,ANJAW,Dry chillies,2010,Whole Year,arunachal pradesh,anjaw
Arunachal Pradesh,ANJAW,Dry ginger,2010,Whole Year,arunachal pradesh,anjaw
Arunachal Pradesh,ANJAW,Oilseeds total,2010,Whole Year,arunachal pradesh,anjaw
Arunachal Pradesh,ANJAW,Potato,2010,Whole Year,arunachal pradesh,anjaw
Arunachal Pradesh,ANJAW,Turmeric,2010,Whole Year,arunachal pradesh,anjaw
Arunachal Pradesh,CHANGLANG,Maize,2010,Kharif,arunachal pradesh,changlang
Arunachal Pradesh,CHANGLANG,Rice,2010,Kharif,arunachal pradesh,changlang
Arunachal Pradesh,CHANGLANG,Small millets,2010,Kharif,arunachal pradesh,changlang
Arunachal Pradesh,CHANGLANG,Wheat,2010,Rabi,arunachal pradesh,changlang
Arunachal Pradesh,CHANGLANG,Dry chillies,2010,Whole Year,arunachal pradesh,changlang
Arunachal Pradesh,CHANGLANG,Dry ginger,2010,Whole Year,arunachal pradesh,changlang
Arunachal Pradesh,CHANGLANG,Oilseeds total,2010,Whole Year,arunachal pradesh,changlang
Arunachal Pradesh,CHANGLANG,Potato,2010,Whole Year,arunachal pradesh,changlang
Arunachal Pradesh,CHANGLANG,Sugarcane,2010,Whole Year,arunachal pradesh,changlang
Arunachal Pradesh,CHANGLANG,Turmeric,2010,Whole Year,arunachal pradesh,changlang
Arunachal Pradesh,DIBANG VALLEY,Maize,2010,Kharif,arunachal pradesh,dibang valley
Arunachal Pradesh,DIBANG VALLEY,Rice,2010,Kharif,arunachal pradesh,dibang valley
Arunachal Pradesh,DIBANG VALLEY,Small millets,2010,Kharif,arunachal pradesh,dibang valley
Arunachal Pradesh,DIBANG VALLEY,Dry chillies,2010,Whole Year,arunachal pradesh,dibang valley
Arunachal Pradesh,DIBANG VALLEY,Dry ginger,2010,Whole Year,arunachal pradesh,dibang valley
Arunachal Pradesh,DIBANG VALLEY,Oilseeds total,2010,Whole Year,arunachal pradesh,dibang valley
Arunachal Pradesh,DIBANG VALLEY,Potato,2010,Whole Year,arunachal pradesh,dibang valley
Arunachal Pradesh,EAST KAMENG,Maize,2010,Kharif,arunachal pradesh,east kameng
Arunachal Pradesh,EAST KAMENG,Rice,2010,Kharif,arunachal pradesh,east kameng
Arunachal Pradesh,EAST KAMENG,Small millets,2010,Kharif,arunachal pradesh,east kameng
Arunachal Pradesh,EAST KAMENG,Wheat,2010,Rabi,arunachal pradesh,east kameng
Arunachal Pradesh,EAST KAMENG,Dry chillies,2010,Whole Year,arunachal pradesh,east kameng
Arunachal Pradesh,EAST KAMENG,Dry ginger,2010,Whole Year,arunachal pradesh,east kameng
Arunachal Pradesh,EAST KAMENG,Oilseeds total,2010,Whole Year,arunachal pradesh,east kameng
Arunachal Pradesh,EAST KAMENG,Potato,2010,Whole Year,arunachal pradesh,east kameng
Arunachal Pradesh,EAST SIANG,Maize,2010,Kharif,arunachal pradesh,east siang
Arunachal Pradesh,EAST SIANG,Rice,2010,Kharif,arunachal pradesh,east siang
Arunachal Pradesh,EAST SIANG,Small millets,2010,Kharif,arunachal pradesh,east siang
Arunachal Pradesh,EAST SIANG,Wheat,2010,Rabi,arunachal pradesh,east siang
Arunachal Pradesh,EAST SIANG,Dry chillies,2010,Whole Year,arunachal pradesh,east siang
Arunachal Pradesh,EAST SIANG,Dry ginger,2010,Whole Year,arunachal pradesh,east siang
Arunachal Pradesh,EAST SIANG,Oilseeds total,2010,Whole Year,arunachal pradesh,east siang
Arunachal Pradesh,EAST SIANG,Potato,2010,Whole Year,arunachal pradesh,east siang
Arunachal Pradesh,EAST SIANG,Sugarcane,2010,Whole Year,arunachal pradesh,east siang
Arunachal Pradesh,EAST SIANG,Turmeric,2010,Whole Year,arunachal pradesh,east siang
Arunachal Pradesh,KURUNG KUMEY,Maize,2010,Kharif,arunachal pradesh,kurung kumey
Arunachal Pradesh,KURUNG KUMEY,Rice,2010,Kharif,arunachal pradesh,kurung kumey
Arunachal Pradesh,KURUNG KUMEY,Small millets,2010,Kharif,arunachal pradesh,kurung kumey
Arunachal Pradesh,KURUNG KUMEY,Dry chillies,2010,Whole Year,arunachal pradesh,kurung kumey
Arunachal Pradesh,KURUNG KUMEY,Dry ginger,2010,Whole Year,arunachal pradesh,kurung kumey
Arunachal Pradesh,KURUNG KUMEY,Oilseeds total,2010,Whole Year,arunachal pradesh,kurung kumey
Arunachal Pradesh,KURUNG KUMEY,Potato,2010,Whole Year,arunachal pradesh,kurung kumey
Arunachal Pradesh,LOHIT,Maize,2010,Kharif,arunachal pradesh,lohit
Arunachal Pradesh,LOHIT,Rice,2010,Kharif,arunachal pradesh,lohit
Arunachal Pradesh,LOHIT,Small millets,2010,Kharif,arunachal pradesh,lohit
Arunachal Pradesh,LOHIT,Wheat,2010,Rabi,arunachal pradesh,lohit
Arunachal Pradesh,LOHIT,Dry chillies,2010,Whole Year,arunachal pradesh,lohit
Arunachal Pradesh,LOHIT,Dry ginger,2010,Whole Year,arunachal pradesh,lohit
Arunachal Pradesh,LOHIT,Oilseeds total,2010,Whole Year,arunachal pradesh,lohit
Arunachal Pradesh,LOHIT,Potato,2010,Whole Year,arunachal pradesh,lohit
Arunachal Pradesh,LOHIT,Sugarcane,2010,Whole Year,arunachal pradesh,lohit
Arunachal Pradesh,LOHIT,Turmeric,2010,Whole Year,arunachal pradesh,lohit
Arunachal Pradesh,LOWER DIBANG VALLEY,Maize,2010,Kharif,arunachal pradesh,lower dibang valley
Arunachal Pradesh,LOWER DIBANG VALLEY,Rice,2010,Kharif,arunachal pradesh,lower dibang valley
Arunachal Pradesh,LOWER DIBANG VALLEY,Small millets,2010,Kharif,arunachal pradesh,lower dibang valley
Arunachal Pradesh,LOWER DIBANG VALLEY,Wheat,2010,Rabi,arunachal pradesh,lower dibang valley
Arunachal Pradesh,LOWER DIBANG VALLEY,Dry chillies,2010,Whole Year,arunachal pradesh,lower dibang valley
Arunachal Pradesh,LOWER DIBANG VALLEY,Dry ginger,2010,Whole Year,arunachal pradesh,lower dibang valley
Arunachal Pradesh,LOWER DIBANG VALLEY,Oilseeds total,2010,Whole Year,arunachal pradesh,lower dibang valley
Arunachal Pradesh,LOWER DIBANG VALLEY,Potato,2010,Whole Year,arunachal pradesh,lower dibang valley
Arunachal Pradesh,LOWER DIBANG VALLEY,Sugarcane,2010,Whole Year,arunachal pradesh,lower dibang valley
Arunachal Pradesh,LOWER DIBANG VALLEY,Turmeric,2010,Whole Year,arunachal pradesh,lower dibang valley
Arunachal Pradesh,LOWER SUBANSIRI,Maize,2010,Kharif,arunachal pradesh,lower subansiri
Arunachal Pradesh,LOWER SUBANSIRI,Rice,2010,Kharif,arunachal pradesh,lower subansiri
Arunachal Pradesh,LOWER SUBANSIRI,Small millets,2010,Kharif,arunachal pradesh,lower subansiri
Arunachal Pradesh,LOWER SUBANSIRI,Dry chillies,2010,Whole Year,arunachal pradesh,lower subansiri
Arunachal Pradesh,LOWER SUBANSIRI,Dry ginger,2010,Whole Year,arunachal pradesh,lower subansiri
Arunachal Pradesh,LOWER SUBANSIRI,Oilseeds total,2010,Whole Year,arunachal pradesh,lower subansiri
Arunachal Pradesh,LOWER SUBANSIRI,Potato,2010,Whole Year,arunachal pradesh,lower subansiri
Arunachal Pradesh,LOWER SUBANSIRI,Sugarcane,2010,Whole Year,arunachal pradesh,lower subansiri
Arunachal Pradesh,PAPUM PARE,Maize,2010,Kharif,arunachal pradesh,papum pare
Arunachal Pradesh,PAPUM PARE,Rice,2010,Kharif,arunachal pradesh,papum pare
Arunachal Pradesh,PAPUM PARE,Small millets,2010,Kharif,arunachal pradesh,papum pare
Arunachal Pradesh,PAPUM PARE,Wheat,2010,Rabi,arunachal pradesh,papum pare
Arunachal Pradesh,PAPUM PARE,Dry chillies,2010,Whole Year,arunachal pradesh,papum pare
Arunachal Pradesh,PAPUM PARE,Dry ginger,2010,Whole Year,arunachal pradesh,papum pare
Arunachal Pradesh,PAPUM PARE,Oilseeds total,2010,Whole Year,arunachal pradesh,papum pare
Arunachal Pradesh,PAPUM PARE,Potato,2010,Whole Year,arunachal pradesh,papum pare
Arunachal Pradesh,PAPUM PARE,Sugarcane,2010,Whole Year,arunachal pradesh,papum pare
Arunachal Pradesh,PAPUM PARE,Turmeric,2010,Whole Year,arunachal pradesh,papum pare
Arunachal Pradesh,TAWANG,Maize,2010,Kharif,arunachal pradesh,tawang
Arunachal Pradesh,TAWANG,Rice,2010,Kharif,arunachal pradesh,tawang
Arunachal Pradesh,TAWANG,Small millets,2010,Kharif,arunachal pradesh,tawang
Arunachal Pradesh,TAWANG,Wheat,2010,Rabi,arunachal pradesh,tawang
Arunachal Pradesh,TAWANG,Dry chillies,2010,Whole Year,arunachal pradesh,tawang
Arunachal Pradesh,TAWANG,Dry ginger,2010,Whole Year,arunachal pradesh,tawang
Arunachal Pradesh,TAWANG,Oilseeds total,2010,Whole Year,arunachal pradesh,tawang
Arunachal Pradesh,TAWANG,Potato,2010,Whole Year,arunachal pradesh,tawang
Arunachal Pradesh,TAWANG,Turmeric,2010,Whole Year,arunachal pradesh,tawang
Arunachal Pradesh,TIRAP,Maize,2010,Kharif,arunachal pradesh,tirap
Arunachal Pradesh,TIRAP,Rice,2010,Kharif,arunachal pradesh,tirap
Arunachal Pradesh,TIRAP,Small millets,2010,Kharif,arunachal pradesh,tirap
Arunachal Pradesh,TIRAP,Dry chillies,2010,Whole Year,arunachal pradesh,tirap
Arunachal Pradesh,TIRAP,Dry ginger,2010,Whole Year,arunachal pradesh,tirap
Arunachal Pradesh,TIRAP,Oilseeds total,2010,Whole Year,arunachal pradesh,tirap
Arunachal Pradesh,TIRAP,Potato,2010,Whole Year,arunachal pradesh,tirap
Arunachal Pradesh,UPPER SIANG,Maize,2010,Kharif,arunachal pradesh,upper siang
Arunachal Pradesh,UPPER SIANG,Rice,2010,Kharif,arunachal pradesh,upper siang
Arunachal Pradesh,UPPER SIANG,Small millets,2010,Kharif,arunachal pradesh,upper siang
Arunachal Pradesh,UPPER SIANG,Dry chillies,2010,Whole Year,arunachal pradesh,upper siang
Arunachal Pradesh,UPPER SIANG,Dry ginger,2010,Whole Year,arunachal pradesh,upper siang
Arunachal Pradesh,UPPER SIANG,Oilseeds total,2010,Whole Year,arunachal pradesh,upper siang
Arunachal Pradesh,UPPER SIANG,Potato,2010,Whole Year,arunachal pradesh,upper siang
Arunachal Pradesh,UPPER SIANG,Sugarcane,2010,Whole Year,arunachal pradesh,upper siang
Arunachal Pradesh,UPPER SUBANSIRI,Maize,2010,Kharif,arunachal pradesh,upper subansiri
Arunachal Pradesh,UPPER SUBANSIRI,Rice,2010,Kharif,arunachal pradesh,upper subansiri
Arunachal Pradesh,UPPER SUBANSIRI,Small millets,2010,Kharif,arunachal pradesh,upper subansiri
Arunachal Pradesh,UPPER SUBANSIRI,Dry chillies,2010,Whole Year,arunachal pradesh,upper subansiri
Arunachal Pradesh,UPPER SUBANSIRI,Dry ginger,2010,Whole Year,arunachal pradesh,upper subansiri
Arunachal Pradesh,UPPER SUBANSIRI,Oilseeds total,2010,Whole Year,arunachal pradesh,upper subansiri
Arunachal Pradesh,UPPER SUBANSIRI,Potato,2010,Whole Year,arunachal pradesh,upper subansiri
Arunachal Pradesh,UPPER SUBANSIRI,Sugarcane,2010,Whole Year,arunachal pradesh,upper subansiri
Arunachal Pradesh,WEST KAMENG,Maize,2010,Kharif,arunachal pradesh,west kameng
Arunachal Pradesh,WEST KAMENG,Rice,2010,Kharif,arunachal pradesh,west kameng
Arunachal Pradesh,WEST KAMENG,Small millets,2010,Kharif,arunachal pradesh,west kameng
Arunachal Pradesh,WEST KAMENG,Wheat,2010,Rabi,arunachal pradesh,west kameng
Arunachal Pradesh,WEST KAMENG,Dry chillies,2010,Whole Year,arunachal pradesh,west kameng
Arunachal Pradesh,WEST KAMENG,Dry ginger,2010,Whole Year,arunachal pradesh,west kameng
Arunachal Pradesh,WEST KAMENG,Oilseeds total,2010,Whole Year,arunachal pradesh,west kameng
Arunachal Pradesh,WEST KAMENG,Potato,2010,Whole Year,arunachal pradesh,west kameng
Arunachal Pradesh,WEST SIANG,Maize,2010,Kharif,arunachal pradesh,west siang
Arunachal Pradesh,WEST SIANG,Rice,2010,Kharif,arunachal pradesh,west siang
Arunachal Pradesh,WEST SIANG,Small millets,2010,Kharif,arunachal pradesh,west siang
Arunachal Pradesh,WEST SIANG,Wheat,2010,Rabi,arunachal pradesh,west siang
Arunachal Pradesh,WEST SIANG,Dry chillies,2010,Whole Year,arunachal pradesh,west siang
Arunachal Pradesh,WEST SIANG,Dry ginger,2010,Whole Year,arunachal pradesh,west siang
Arunachal Pradesh,WEST SIANG,Oilseeds total,2010,Whole Year,arunachal pradesh,west siang
Arunachal Pradesh,WEST SIANG,Potato,2010,Whole Year,arunachal pradesh,west siang
Arunachal Pradesh,WEST SIANG,Sugarcane,2010,Whole Year,arunachal pradesh,west siang
Arunachal Pradesh,WEST SIANG,Turmeric,2010,Whole Year,arunachal pradesh,west siang
Assam,BAKSA,Rice,2010,Autumn,assam,baksa
Assam,BAKSA,Arhar/Tur,2010,Kharif,assam,baksa
Assam,BAKSA,Castor seed,2010,Kharif,assam,baksa
Assam,BAKSA,Cotton(lint),2010,Kharif,assam,baksa
Assam,BAKSA,Jute,2010,Kharif,assam,baksa
Assam,BAKSA,Maize,2010,Kharif,assam,baksa
Assam,BAKSA,Mesta,2010,Kharif,assam,baksa
Assam,BAKSA,Niger seed,2010,Kharif,assam,baksa
Assam,BAKSA,Sesamum,2010,Kharif,assam,baksa
Assam,BAKSA,Small millets,2010,Kharif,assam,baksa
Assam,BAKSA,Arecanut,2010,Rabi,assam,baksa
Assam,BAKSA,Banana,2010,Rabi,assam,baksa
Assam,BAKSA,Gram,2010,Rabi,assam,baksa
Assam,BAKSA,Linseed,2010,Rabi,assam,baksa
Assam,BAKSA,Masoor,2010,Rabi,assam,baksa
Assam,BAKSA,Moong(Green Gram),2010,Rabi,assam,baksa
Assam,BAKSA,Peas & beans (Pulses),2010,Rabi,assam,baksa
Assam,BAKSA,Rapeseed &Mustard,2010,Rabi,assam,baksa
Assam,BAKSA,Urad,2010,Rabi,assam,baksa
Assam,BAKSA,Wheat,2010,Rabi,assam,baksa
Assam,BAKSA,Rice,2010,Summer,assam,baksa
Assam,BAKSA,Banana,2010,Whole Year,assam,baksa
Assam,BAKSA,Black pepper,2010,Whole Year,assam,baksa
Assam,BAKSA,Coconut,2010,Whole Year,assam,baksa
Assam,BAKSA,Dry chillies,2010,Whole Year,assam,baksa
Assam,BAKSA,Dry ginger,2010,Whole Year,assam,baksa
Assam,BAKSA,Onion,2010,Whole Year,assam,baksa
Assam,BAKSA,Potato,2010,Whole Year,assam,baksa
Assam,BAKSA,Sugarcane,2010,Whole Year,assam,baksa
Assam,BAKSA,Sweet potato,2010,Whole Year,assam,baksa
Assam,BAKSA,Tapioca,2010,Whole Year,assam,baksa
Assam,BAKSA,Tobacco,2010,Whole Year,assam,baksa
Assam,BAKSA,Turmeric,2010,Whole Year,assam,baksa
Assam,BAKSA,Rice,2010,Winter,assam,baksa
Assam,BARPETA,Rice,2010,Autumn,assam,barpeta
Assam,BARPETA,Arhar/Tur,2010,Kharif,assam,barpeta
Assam,BARPETA,Castor seed,2010,Kharif,assam,barpeta
Assam,BARPETA,Cotton(lint),2010,Kharif,assam,barpeta
Assam,BARPETA,Jute,2010,Kharif,assam,barpeta
Assam,BARPETA,Maize,2010,Kharif,assam,barpeta
Assam,BARPETA,Mesta,2010,Kharif,assam,barpeta
Assam,BARPETA,Niger seed,2010,Kharif,assam,barpeta
Assam,BARPETA,Sesamum,2010,Kharif,assam,barpeta
Assam,BARPETA,Small millets,2010,Kharif,assam,barpeta
Assam,BARPETA,Arecanut,2010,Rabi,assam,barpeta
Assam,BARPETA,Banana,2010,Rabi,assam,barpeta
Assam,BARPETA,Gram,2010,Rabi,assam,barpeta
Assam,BARPETA,Linseed,2010,Rabi,assam,barpeta
Assam,BARPETA,Masoor,2010,Rabi,assam,barpeta
Assam,BARPETA,Moong(Green Gram),2010,Rabi,assam,barpeta
Assam,BARPETA,Peas & beans (Pulses),2010,Rabi,assam,barpeta
Assam,BARPETA,Rapeseed &Mustard,2010,Rabi,assam,barpeta
Assam,BARPETA,Urad,2010,Rabi,assam,barpeta
Assam,BARPETA,Wheat,2010,Rabi,assam,barpeta
Assam,BARPETA,Rice,2010,Summer,assam,barpeta
Assam,BARPETA,Banana,2010,Whole Year,assam,barpeta
Assam,BARPETA,Black pepper,2010,Whole Year,assam,barpeta
Assam,BARPETA,Coconut,2010,Whole Year,assam,barpeta
Assam,BARPETA,Dry chillies,2010,Whole Year,assam,barpeta
Assam,BARPETA,Dry ginger,2010,Whole Year,assam,barpeta
Assam,BARPETA,Onion,2010,Whole Year,assam,barpeta
Assam,BARPETA,Potato,2010,Whole Year,assam,barpeta
Assam,BARPETA,Sugarcane,2010,Whole Year,assam,barpeta
Assam,BARPETA,Sweet potato,2010,Whole Year,assam,barpeta
Assam,BARPETA,Tapioca,2010,Whole Year,assam,barpeta
Assam,BARPETA,Tobacco,2010,Whole Year,assam,barpeta
Assam,BARPETA,Turmeric,2010,Whole Year,assam,barpeta
Assam,BARPETA,Rice,2010,Winter,assam,barpeta
Assam,BONGAIGAON,Rice,2010,Autumn,assam,bongaigaon
Assam,BONGAIGAON,Arhar/Tur,2010,Kharif,assam,bongaigaon
Assam,BONGAIGAON,Castor seed,2010,Kharif,assam,bongaigaon
Assam,BONGAIGAON,Cotton(lint),2010,Kharif,assam,bongaigaon
Assam,BONGAIGAON,Jute,2010,Kharif,assam,bongaigaon
Assam,BONGAIGAON,Maize,2010,Kharif,assam,bongaigaon
Assam,BONGAIGAON,Mesta,2010,Kharif,assam,bongaigaon
Assam,BONGAIGAON,Niger seed,2010,Kharif,assam,bongaigaon
Assam,BONGAIGAON,Sesamum,2010,Kharif,assam,bongaigaon
Assam,BONGAIGAON,Small millets,2010,Kharif,assam,bongaigaon
Assam,BONGAIGAON,Arecanut,2010,Rabi,assam,bongaigaon
Assam,BONGAIGAON,Banana,2010,Rabi,assam,bongaigaon
Assam,BONGAIGAON,Gram,2010,Rabi,assam,bongaigaon
Assam,BONGAIGAON,Linseed,2010,Rabi,assam,bongaigaon
Assam,BONGAIGAON,Masoor,2010,Rabi,assam,bongaigaon
Assam,BONGAIGAON,Moong(Green Gram),2010,Rabi,assam,bongaigaon
Assam,BONGAIGAON,Peas & beans (Pulses),2010,Rabi,assam,bongaigaon
Assam,BONGAIGAON,Rapeseed &Mustard,2010,Rabi,assam,bongaigaon
Assam,BONGAIGAON,Urad,2010,Rabi,assam,bongaigaon
Assam,BONGAIGAON,Wheat,2010,Rabi,assam,bongaigaon
Assam,BONGAIGAON,Rice,2010,Summer,assam,bongaigaon
Assam,BONGAIGAON,Banana,2010,Whole Year,assam,bongaigaon
Assam,BONGAIGAON,Black pepper,2010,Whole Year,assam,bongaigaon
Assam,BONGAIGAON,Coconut,2010,Whole Year,assam,bongaigaon
Assam,BONGAIGAON,Dry chillies,2010,Whole Year,assam,bongaigaon
Assam,BONGAIGAON,Dry ginger,2010,Whole Year,assam,bongaigaon
Assam,BONGAIGAON,Onion,2010,Whole Year,assam,bongaigaon
Assam,BONGAIGAON,Potato,2010,Whole Year,assam,bongaigaon
Assam,BONGAIGAON,Sugarcane,2010,Whole Year,assam,bongaigaon
Assam,BONGAIGAON,Sweet potato,2010,Whole Year,assam,bongaigaon
Assam,BONGAIGAON,Tapioca,2010,Whole Year,assam,bongaigaon
Assam,BONGAIGAON,Tobacco,2010,Whole Year,assam,bongaigaon
Assam,BONGAIGAON,Turmeric,2010,Whole Year,assam,bongaigaon
Assam,BONGAIGAON,Rice,2010,Winter,assam,bongaigaon
Assam,CACHAR,Rice,2010,Autumn,assam,cachar
Assam,CACHAR,Arhar/Tur,2010,Kharif,assam,cachar
Assam,CACHAR,Cotton(lint),2010,Kharif,assam,cachar
Assam,CACHAR,Jute,2010,Kharif,assam,cachar
Assam,CACHAR,Maize,2010,Kharif,assam,cachar
Assam,CACHAR,Mesta,2010,Kharif,assam,cachar
Assam,CACHAR,Niger seed,2010,Kharif,assam,cachar
Assam,CACHAR,Sesamum,2010,Kharif,assam,cachar
Assam,CACHAR,Small millets,2010,Kharif,assam,cachar
Assam,CACHAR,Arecanut,2010,Rabi,assam,cachar
Assam,CACHAR,Banana,2010,Rabi,assam,cachar
Assam,CACHAR,Gram,2010,Rabi,assam,cachar
Assam,CACHAR,Linseed,2010,Rabi,assam,cachar
Assam,CACHAR,Masoor,2010,Rabi,assam,cachar
Assam,CACHAR,Moong(Green Gram),2010,Rabi,assam,cachar
Assam,CACHAR,Peas & beans (Pulses),2010,Rabi,assam,cachar
Assam,CACHAR,Rapeseed &Mustard,2010,Rabi,assam,cachar
Assam,CACHAR,Urad,2010,Rabi,assam,cachar
Assam,CACHAR,Wheat,2010,Rabi,assam,cachar
Assam,CACHAR,Rice,2010,Summer,assam,cachar
Assam,CACHAR,Banana,2010,Whole Year,assam,cachar
Assam,CACHAR,Black pepper,2010,Whole Year,assam,cachar
Assam,CACHAR,Coconut,2010,Whole Year,assam,cachar
Assam,CACHAR,Dry chillies,2010,Whole Year,assam,cachar
Assam,CACHAR,Dry ginger,2010,Whole Year,assam,cachar
Assam,CACHAR,Onion,2010,Whole Year,assam,cachar
Assam,CACHAR,Potato,2010,Whole Year,assam,cachar
Assam,CACHAR,Sugarcane,2010,Whole Year,assam,cachar
Assam,CACHAR,Sweet potato,2010,Whole Year,assam,cachar
Assam,CACHAR,Tapioca,2010,Whole Year,assam,cachar
Assam,CACHAR,Tobacco,2010,Whole Year,assam,cachar
Assam,CACHAR,Turmeric,2010,Whole Year,assam,cachar
Assam,CACHAR,Rice,2010,Winter,assam,cachar
Assam,CHIRANG,Rice,2010,Autumn,assam,chirang
Assam,CHIRANG,Arhar/Tur,2010,Kharif,assam,chirang
Assam,CHIRANG,Castor seed,2010,Kharif,assam,chirang
Assam,CHIRANG,Jute,2010,Kharif,assam,chirang
Assam,CHIRANG,Maize,2010,Kharif,assam,chirang
Assam,CHIRANG,Mesta,2010,Kharif,assam,chirang
Assam,CHIRANG,Niger seed,2010,Kharif,assam,chirang
Assam,CHIRANG,Sesamum,2010,Kharif,assam,chirang
Assam,CHIRANG,Small millets,2010,Kharif,assam,chirang
Assam,CHIRANG,Arecanut,2010,Rabi,assam,chirang
Assam,CHIRANG,Banana,2010,Rabi,assam,chirang
Assam,CHIRANG,Gram,2010,Rabi,assam,chirang
Assam,CHIRANG,Linseed,2010,Rabi,assam,chirang
Assam,CHIRANG,Masoor,2010,Rabi,assam,chirang
Assam,CHIRANG,Moong(Green Gram),2010,Rabi,assam,chirang
Assam,CHIRANG,Peas & beans (Pulses),2010,Rabi,assam,chirang
Assam,CHIRANG,Rapeseed &Mustard,2010,Rabi,assam,chirang
Assam,CHIRANG,Urad,2010,Rabi,assam,chirang
Assam,CHIRANG,Wheat,2010,Rabi,assam,chirang
Assam,CHIRANG,Rice,2010,Summer,assam,chirang
Assam,CHIRANG,Banana,2010,Whole Year,assam,chirang
Assam,CHIRANG,Black pepper,2010,Whole Year,assam,chirang
Assam,CHIRANG,Coconut,2010,Whole Year,assam,chirang
Assam,CHIRANG,Dry chillies,2010,Whole Year,assam,chirang
Assam,CHIRANG,Dry ginger,2010,Whole Year,assam,chirang
Assam,CHIRANG,Onion,2010,Whole Year,assam,chirang
Assam,CHIRANG,Potato,2010,Whole Year,assam,chirang
Assam,CHIRANG,Sugarcane,2010,Whole Year,assam,chirang
Assam,CHIRANG,Sweet potato,2010,Whole Year,assam,chirang
Assam,CHIRANG,Tapioca,2010,Whole Year,assam,chirang
Assam,CHIRANG,Tobacco,2010,Whole Year,assam,chirang
Assam,CHIRANG,Turmeric,2010,Whole Year,assam,chirang
Assam,CHIRANG,Rice,2010,Winter,assam,chirang
Assam,DARRANG,Rice,2010,Autumn,assam,darrang
Assam,DARRANG,Arhar/Tur,2010,Kharif,assam,darrang
Assam,DARRANG,Castor seed,2010,Kharif,assam,darrang
Assam,DARRANG,Cotton(lint),2010,Kharif,assam,darrang
Assam,DARRANG,Jute,2010,Kharif,assam,darrang
Assam,DARRANG,Maize,2010,Kharif,assam,darrang
Assam,DARRANG,Mesta,2010,Kharif,assam,darrang
Assam,DARRANG,Niger seed,2010,Kharif,assam,darrang
Assam,DARRANG,Sesamum,2010,Kharif,assam,darrang
Assam,DARRANG,Small millets,2010,Kharif,assam,darrang
Assam,DARRANG,Arecanut,2010,Rabi,assam,darrang
Assam,DARRANG,Banana,2010,Rabi,assam,darrang
Assam,DARRANG,Gram,2010,Rabi,assam,darrang
Assam,DARRANG,Linseed,2010,Rabi,assam,darrang
Assam,DARRANG,Masoor,2010,Rabi,assam,darrang
Assam,DARRANG,Moong(Green Gram),2010,Rabi,assam,darrang
Assam,DARRANG,Peas & beans (Pulses),2010,Rabi,assam,darrang
Assam,DARRANG,Rapeseed &Mustard,2010,Rabi,assam,darrang
Assam,DARRANG,Urad,2010,Rabi,assam,darrang
Assam,DARRANG,Wheat,2010,Rabi,assam,darrang
Assam,DARRANG,Rice,2010,Summer,assam,darrang
Assam,DARRANG,Banana,2010,Whole Year,assam,darrang
Assam,DARRANG,Black pepper,2010,Whole Year,assam,darrang
Assam,DARRANG,Coconut,2010,Whole Year,assam,darrang
Assam,DARRANG,Dry chillies,2010,Whole Year,assam,darrang
Assam,DARRANG,Dry ginger,2010,Whole Year,assam,darrang
Assam,DARRANG,Onion,2010,Whole Year,assam,darrang
Assam,DARRANG,Potato,2010,Whole Year,assam,darrang
Assam,DARRANG,Sugarcane,2010,Whole Year,assam,darrang
Assam,DARRANG,Sweet potato,2010,Whole Year,assam,darrang
Assam,DARRANG,Tobacco,2010,Whole Year,assam,darrang
Assam,DARRANG,Turmeric,2010,Whole Year,assam,darrang
Assam,DARRANG,Rice,2010,Winter,assam,darrang
Assam,DHEMAJI,Rice,2010,Autumn,assam,dhemaji
Assam,DHEMAJI,Arhar/Tur,2010,Kharif,assam,dhemaji
Assam,DHEMAJI,Castor seed,2010,Kharif,assam,dhemaji
Assam,DHEMAJI,Cotton(lint),2010,Kharif,assam,dhemaji
Assam,DHEMAJI,Jute,2010,Kharif,assam,dhemaji
Assam,DHEMAJI,Maize,2010,Kharif,assam,dhemaji
Assam,DHEMAJI,Mesta,2010,Kharif,assam,dhemaji
Assam,DHEMAJI,Niger seed,2010,Kharif,assam,dhemaji
Assam,DHEMAJI,Sesamum,2010,Kharif,assam,dhemaji
Assam,DHEMAJI,Small millets,2010,Kharif,assam,dhemaji
Assam,DHEMAJI,Arecanut,2010,Rabi,assam,dhemaji
Assam,DHEMAJI,Banana,2010,Rabi,assam,dhemaji
Assam,DHEMAJI,Gram,2010,Rabi,assam,dhemaji
Assam,DHEMAJI,Linseed,2010,Rabi,assam,dhemaji
Assam,DHEMAJI,Masoor,2010,Rabi,assam,dhemaji
Assam,DHEMAJI,Moong(Green Gram),2010,Rabi,assam,dhemaji
Assam,DHEMAJI,Peas & beans (Pulses),2010,Rabi,assam,dhemaji
Assam,DHEMAJI,Rapeseed &Mustard,2010,Rabi,assam,dhemaji
Assam,DHEMAJI,Urad,2010,Rabi,assam,dhemaji
Assam,DHEMAJI,Wheat,2010,Rabi,assam,dhemaji
Assam,DHEMAJI,Rice,2010,Summer,assam,dhemaji
Assam,DHEMAJI,Banana,2010,Whole Year,assam,dhemaji
Assam,DHEMAJI,Black pepper,2010,Whole Year,assam,dhemaji
Assam,DHEMAJI,Coconut,2010,Whole Year,assam,dhemaji
Assam,DHEMAJI,Dry chillies,2010,Whole Year,assam,dhemaji
Assam,DHEMAJI,Dry ginger,2010,Whole Year,assam,dhemaji
Assam,DHEMAJI,Onion,2010,Whole Year,assam,dhemaji
Assam,DHEMAJI,Potato,2010,Whole Year,assam,dhemaji
Assam,DHEMAJI,Sugarcane,2010,Whole Year,assam,dhemaji
Assam,DHEMAJI,Sweet potato,2010,Whole Year,assam,dhemaji
Assam,DHEMAJI,Tapioca,2010,Whole Year,assam,dhemaji
Assam,DHEMAJI,Tobacco,2010,Whole Year,assam,dhemaji
Assam,DHEMAJI,Turmeric,2010,Whole Year,assam,dhemaji
Assam,DHEMAJI,Rice,2010,Winter,assam,dhemaji
Assam,DHUBRI,Rice,2010,Autumn,assam,dhubri
Assam,DHUBRI,Arhar/Tur,2010,Kharif,assam,dhubri
Assam,DHUBRI,Castor seed,2010,Kharif,assam,dhubri
Assam,DHUBRI,Jute,2010,Kharif,assam,dhubri
Assam,DHUBRI,Maize,2010,Kharif,assam,dhubri
Assam,DHUBRI,Mesta,2010,Kharif,assam,dhubri
Assam,DHUBRI,Niger seed,2010,Kharif,assam,dhubri
Assam,DHUBRI,Sesamum,2010,Kharif,assam,dhubri
Assam,DHUBRI,Small millets,2010,Kharif,assam,dhubri
Assam,DHUBRI,Arecanut,2010,Rabi,assam,dhubri
Assam,DHUBRI,Banana,2010,Rabi,assam,dhubri
Assam,DHUBRI,Gram,2010,Rabi,assam,dhubri
Assam,DHUBRI,Linseed,2010,Rabi,assam,dhubri
Assam,DHUBRI,Masoor,2010,Rabi,assam,dhubri
Assam,DHUBRI,Moong(Green Gram),2010,Rabi,assam,dhubri
Assam,DHUBRI,Peas & beans (Pulses),2010,Rabi,assam,dhubri
Assam,DHUBRI,Rapeseed &Mustard,2010,Rabi,assam,dhubri
Assam,DHUBRI,Urad,2010,Rabi,assam,dhubri
Assam,DHUBRI,Wheat,2010,Rabi,assam,dhubri
Assam,DHUBRI,Rice,2010,Summer,assam,dhubri
Assam,DHUBRI,Banana,2010,Whole Year,assam,dhubri
Assam,DHUBRI,Black pepper,2010,Whole Year,assam,dhubri
Assam,DHUBRI,Coconut,2010,Whole Year,assam,dhubri
Assam,DHUBRI,Dry chillies,2010,Whole Year,assam,dhubri
Assam,DHUBRI,Dry ginger,2010,Whole Year,assam,dhubri
Assam,DHUBRI,Onion,2010,Whole Year,assam,dhubri
Assam,DHUBRI,Potato,2010,Whole Year,assam,dhubri
Assam,DHUBRI,Sugarcane,2010,Whole Year,assam,dhubri
Assam,DHUBRI,Sweet potato,2010,Whole Year,assam,dhubri
Assam,DHUBRI,Tapioca,2010,Whole Year,assam,dhubri
Assam,DHUBRI,Turmeric,2010,Whole Year,assam,dhubri
Assam,DHUBRI,Rice,2010,Winter,assam,dhubri
Assam,DIBRUGARH,Rice,2010,Autumn,assam,dibrugarh
Assam,DIBRUGARH,Arhar/Tur,2010,Kharif,assam,dibrugarh
Assam,DIBRUGARH,Castor seed,2010,Kharif,assam,dibrugarh
Assam,DIBRUGARH,Jute,2010,Kharif,assam,dibrugarh
Assam,DIBRUGARH,Maize,2010,Kharif,assam,dibrugarh
Assam,DIBRUGARH,Niger seed,2010,Kharif,assam,dibrugarh
Assam,DIBRUGARH,Sesamum,2010,Kharif,assam,dibrugarh
Assam,DIBRUGARH,Arecanut,2010,Rabi,assam,dibrugarh
Assam,DIBRUGARH,Banana,2010,Rabi,assam,dibrugarh
Assam,DIBRUGARH,Gram,2010,Rabi,assam,dibrugarh
Assam,DIBRUGARH,Linseed,2010,Rabi,assam,dibrugarh
Assam,DIBRUGARH,Masoor,2010,Rabi,assam,dibrugarh
Assam,DIBRUGARH,Moong(Green Gram),2010,Rabi,assam,dibrugarh
Assam,DIBRUGARH,Peas & beans (Pulses),2010,Rabi,assam,dibrugarh
Assam,DIBRUGARH,Rapeseed &Mustard,2010,Rabi,assam,dibrugarh
Assam,DIBRUGARH,Urad,2010,Rabi,assam,dibrugarh
Assam,DIBRUGARH,Wheat,2010,Rabi,assam,dibrugarh
Assam,DIBRUGARH,Rice,2010,Summer,assam,dibrugarh
Assam,DIBRUGARH,Banana,2010,Whole Year,assam,dibrugarh
Assam,DIBRUGARH,Black pepper,2010,Whole Year,assam,dibrugarh
Assam,DIBRUGARH,Coconut,2010,Whole Year,assam,dibrugarh
Assam,DIBRUGARH,Dry chillies,2010,Whole Year,assam,dibrugarh
Assam,DIBRUGARH,Dry ginger,2010,Whole Year,assam,dibrugarh
Assam,DIBRUGARH,Onion,2010,Whole Year,assam,dibrugarh
Assam,DIBRUGARH,Potato,2010,Whole Year,assam,dibrugarh
Assam,DIBRUGARH,Sugarcane,2010,Whole Year,assam,dibrugarh
Assam,DIBRUGARH,Sweet potato,2010,Whole Year,assam,dibrugarh
Assam,DIBRUGARH,Tapioca,2010,Whole Year,assam,dibrugarh
Assam,DIBRUGARH,Turmeric,2010,Whole Year,assam,dibrugarh
Assam,DIBRUGARH,Rice,2010,Winter,assam,dibrugarh
Assam,DIMA HASAO,Rice,2010,Autumn,assam,dima hasao
Assam,DIMA HASAO,Arhar/Tur,2010,Kharif,assam,dima hasao
Assam,DIMA HASAO,Castor seed,2010,Kharif,assam,dima hasao
Assam,DIMA HASAO,Cotton(lint),2010,Kharif,assam,dima hasao
Assam,DIMA HASAO,Jute,2010,Kharif,assam,dima hasao
Assam,DIMA HASAO,Maize,2010,Kharif,assam,dima hasao
Assam,DIMA HASAO,Mesta,2010,Kharif,assam,dima hasao
Assam,DIMA HASAO,Niger seed,2010,Kharif,assam,dima hasao
Assam,DIMA HASAO,Sesamum,2010,Kharif,assam,dima hasao
Assam,DIMA HASAO,Small millets,2010,Kharif,assam,dima hasao
Assam,DIMA HASAO,Arecanut,2010,Rabi,assam,dima hasao
Assam,DIMA HASAO,Banana,2010,Rabi,assam,dima hasao
Assam,DIMA HASAO,Gram,2010,Rabi,assam,dima hasao
Assam,DIMA HASAO,Linseed,2010,Rabi,assam,dima hasao
Assam,DIMA HASAO,Masoor,2010,Rabi,assam,dima hasao
Assam,DIMA HASAO,Moong(Green Gram),2010,Rabi,assam,dima hasao
Assam,DIMA HASAO,Peas & beans (Pulses),2010,Rabi,assam,dima hasao
Assam,DIMA HASAO,Rapeseed &Mustard,2010,Rabi,assam,dima hasao
Assam,DIMA HASAO,Urad,2010,Rabi,assam,dima hasao
Assam,DIMA HASAO,Wheat,2010,Rabi,assam,dima hasao
Assam,DIMA HASAO,Rice,2010,Summer,assam,dima hasao
Assam,DIMA HASAO,Banana,2010,Whole Year,assam,dima hasao
Assam,DIMA HASAO,Black pepper,2010,Whole Year,assam,dima hasao
Assam,DIMA HASAO,Coconut,2010,Whole Year,assam,dima hasao
Assam,DIMA HASAO,Dry chillies,2010,Whole Year,assam,dima hasao
Assam,DIMA HASAO,Dry ginger,2010,Whole Year,assam,dima hasao
Assam,DIMA HASAO,Onion,2010,Whole Year,assam,dima hasao
Assam,DIMA HASAO,Potato,2010,Whole Year,assam,dima hasao
Assam,DIMA HASAO,Sugarcane,2010,Whole Year,assam,dima hasao
Assam,DIMA HASAO,Sweet potato,2010,Whole Year,assam,dima hasao
Assam,DIMA HASAO,Tapioca,2010,Whole Year,assam,dima hasao
Assam,DIMA HASAO,Tobacco,2010,Whole Year,assam,dima hasao
Assam,DIMA HASAO,Turmeric,2010,Whole Year,assam,dima hasao
Assam,DIMA HASAO,Rice,2010,Winter,assam,dima hasao
Assam,GOALPARA,Rice,2010,Autumn,assam,goalpara
Assam,GOALPARA,Arhar/Tur,2010,Kharif,assam,goalpara
Assam,GOALPARA,Castor seed,2010,Kharif,assam,goalpara
Assam,GOALPARA,Cotton(lint),2010,Kharif,assam,goalpara
Assam,GOALPARA,Jute,2010,Kharif,assam,goalpara
Assam,GOALPARA,Maize,2010,Kharif,assam,goalpara
Assam,GOALPARA,Mesta,2010,Kharif,assam,goalpara
Assam,GOALPARA,Niger seed,2010,Kharif,assam,goalpara
Assam,GOALPARA,Sesamum,2010,Kharif,assam,goalpara
Assam,GOALPARA,Small millets,2010,Kharif,assam,goalpara
Assam,GOALPARA,Arecanut,2010,Rabi,assam,goalpara
Assam,GOALPARA,Banana,2010,Rabi,assam,goalpara
Assam,GOALPARA,Gram,2010,Rabi,assam,goalpara
Assam,GOALPARA,Linseed,2010,Rabi,assam,goalpara
Assam,GOALPARA,Masoor,2010,Rabi,assam,goalpara
Assam,GOALPARA,Moong(Green Gram),2010,Rabi,assam,goalpara
Assam,GOALPARA,Peas & beans (Pulses),2010,Rabi,assam,goalpara
Assam,GOALPARA,Rapeseed &Mustard,2010,Rabi,assam,goalpara
Assam,GOALPARA,Urad,2010,Rabi,assam,goalpara
Assam,GOALPARA,Wheat,2010,Rabi,assam,goalpara
Assam,GOALPARA,Rice,2010,Summer,assam,goalpara
Assam,GOALPARA,Banana,2010,Whole Year,assam,goalpara
Assam,GOALPARA,Black pepper,2010,Whole Year,assam,goalpara
Assam,GOALPARA,Coconut,2010,Whole Year,assam,goalpara
Assam,GOALPARA,Dry chillies,2010,Whole Year,assam,goalpara
Assam,GOALPARA,Dry ginger,2010,Whole Year,assam,goalpara
Assam,GOALPARA,Onion,2010,Whole Year,assam,goalpara
Assam,GOALPARA,Potato,2010,Whole Year,assam,goalpara
Assam,GOALPARA,Sugarcane,2010,Whole Year,assam,goalpara
Assam,GOALPARA,Sweet potato,2010,Whole Year,assam,goalpara
Assam,GOALPARA,Tapioca,2010,Whole Year,assam,goalpara
Assam,GOALPARA,Tobacco,2010,Whole Year,assam,goalpara
Assam,GOALPARA,Turmeric,2010,Whole Year,assam,goalpara
Assam,GOALPARA,Rice,2010,Winter,assam,goalpara
Assam,GOLAGHAT,Rice,2010,Autumn,assam,golaghat
Assam,GOLAGHAT,Arhar/Tur,2010,Kharif,assam,golaghat
Assam,GOLAGHAT,Castor seed,2010,Kharif,assam,golaghat
Assam,GOLAGHAT,Cotton(lint),2010,Kharif,assam,golaghat
Assam,GOLAGHAT,Jute,2010,Kharif,assam,golaghat
Assam,GOLAGHAT,Maize,2010,Kharif,assam,golaghat
Assam,GOLAGHAT,Niger seed,2010,Kharif,assam,golaghat
Assam,GOLAGHAT,Sesamum,2010,Kharif,assam,golaghat
Assam,GOLAGHAT,Small millets,2010,Kharif,assam,golaghat
Assam,GOLAGHAT,Arecanut,2010,Rabi,assam,golaghat
Assam,GOLAGHAT,Banana,2010,Rabi,assam,golaghat
Assam,GOLAGHAT,Gram,2010,Rabi,assam,golaghat
Assam,GOLAGHAT,Masoor,2010,Rabi,assam,golaghat
Assam,GOLAGHAT,Moong(Green Gram),2010,Rabi,assam,golaghat
Assam,GOLAGHAT,Peas & beans (Pulses),2010,Rabi,assam,golaghat
Assam,GOLAGHAT,Rapeseed &Mustard,2010,Rabi,assam,golaghat
Assam,GOLAGHAT,Urad,2010,Rabi,assam,golaghat
Assam,GOLAGHAT,Wheat,2010,Rabi,assam,golaghat
Assam,GOLAGHAT,Rice,2010,Summer,assam,golaghat
Assam,GOLAGHAT,Banana,2010,Whole Year,assam,golaghat
Assam,GOLAGHAT,Black pepper,2010,Whole Year,assam,golaghat
Assam,GOLAGHAT,Coconut,2010,Whole Year,assam,golaghat
Assam,GOLAGHAT,Dry chillies,2010,Whole Year,assam,golaghat
Assam,GOLAGHAT,Dry ginger,2010,Whole Year,assam,golaghat
Assam,GOLAGHAT,Onion,2010,Whole Year,assam,golaghat
Assam,GOLAGHAT,Potato,2010,Whole Year,assam,golaghat
Assam,GOLAGHAT,Sugarcane,2010,Whole Year,assam,golaghat
Assam,GOLAGHAT,Sweet potato,2010,Whole Year,assam,golaghat
Assam,GOLAGHAT,Tapioca,2010,Whole Year,assam,golaghat
Assam,GOLAGHAT,Tobacco,2010,Whole Year,assam,golaghat
Assam,GOLAGHAT,Turmeric,2010,Whole Year,assam,golaghat
Assam,GOLAGHAT,Rice,2010,Winter,assam,golaghat
Assam,HAILAKANDI,Rice,2010,Autumn,assam,hailakandi
Assam,HAILAKANDI,Arhar/Tur,2010,Kharif,assam,hailakandi
Assam,HAILAKANDI,Castor seed,2010,Kharif,assam,hailakandi
Assam,HAILAKANDI,Cotton(lint),2010,Kharif,assam,hailakandi
Assam,HAILAKANDI,Jute,2010,Kharif,assam,hailakandi
Assam,HAILAKANDI,Maize,2010,Kharif,assam,hailakandi
Assam,HAILAKANDI,Niger seed,2010,Kharif,assam,hailakandi
Assam,HAILAKANDI,Sesamum,2010,Kharif,assam,hailakandi
Assam,HAILAKANDI,Small millets,2010,Kharif,assam,hailakandi
Assam,HAILAKANDI,Arecanut,2010,Rabi,assam,hailakandi
Assam,HAILAKANDI,Banana,2010,Rabi,assam,hailakandi
Assam,HAILAKANDI,Gram,2010,Rabi,assam,hailakandi
Assam,HAILAKANDI,Linseed,2010,Rabi,assam,hailakandi
Assam,HAILAKANDI,Moong(Green Gram),2010,Rabi,assam,hailakandi
Assam,HAILAKANDI,Peas & beans (Pulses),2010,Rabi,assam,hailakandi
Assam,HAILAKANDI,Rapeseed &Mustard,2010,Rabi,assam,hailakandi
Assam,HAILAKANDI,Urad,2010,Rabi,assam,hailakandi
Assam,HAILAKANDI,Wheat,2010,Rabi,assam,hailakandi
Assam,HAILAKANDI,Rice,2010,Summer,assam,hailakandi
Assam,HAILAKANDI,Banana,2010,Whole Year,assam,hailakandi
Assam,HAILAKANDI,Black pepper,2010,Whole Year,assam,hailakandi
Assam,HAILAKANDI,Coconut,2010,Whole Year,assam,hailakandi
Assam,HAILAKANDI,Dry chillies,2010,Whole Year,assam,hailakandi
Assam,HAILAKANDI,Dry ginger,2010,Whole Year,assam,hailakandi
Assam,HAILAKANDI,Onion,2010,Whole Year,assam,hailakandi
Assam,HAILAKANDI,Potato,2010,Whole Year,assam,hailakandi
Assam,HAILAKANDI,Sugarcane,2010,Whole Year,assam,hailakandi
Assam,HAILAKANDI,Sweet potato,2010,Whole Year,assam,hailakandi
Assam,HAILAKANDI,Tapioca,2010,Whole Year,assam,hailakandi
Assam,HAILAKANDI,Tobacco,2010,Whole Year,assam,hailakandi
Assam,HAILAKANDI,Turmeric,2010,Whole Year,assam,hailakandi
Assam,HAILAKANDI,Rice,2010,Winter,assam,hailakandi
Assam,JORHAT,Rice,2010,Autumn,assam,jorhat
Assam,JORHAT,Arhar/Tur,2010,Kharif,assam,jorhat
Assam,JORHAT,Castor seed,2010,Kharif,assam,jorhat
Assam,JORHAT,Cotton(lint),2010,Kharif,assam,jorhat
Assam,JORHAT,Jute,2010,Kharif,assam,jorhat
Assam,JORHAT,Maize,2010,Kharif,assam,jorhat
Assam,JORHAT,Mesta,2010,Kharif,assam,jorhat
Assam,JORHAT,Sesamum,2010,Kharif,assam,jorhat
Assam,JORHAT,Small millets,2010,Kharif,assam,jorhat
Assam,JORHAT,Arecanut,2010,Rabi,assam,jorhat
Assam,JORHAT,Banana,2010,Rabi,assam,jorhat
Assam,JORHAT,Gram,2010,Rabi,assam,jorhat
Assam,JORHAT,Linseed,2010,Rabi,assam,jorhat
Assam,JORHAT,Masoor,2010,Rabi,assam,jorhat
Assam,JORHAT,Moong(Green Gram),2010,Rabi,assam,jorhat
Assam,JORHAT,Peas & beans (Pulses),2010,Rabi,assam,jorhat
Assam,JORHAT,Rapeseed &Mustard,2010,Rabi,assam,jorhat
Assam,JORHAT,Urad,2010,Rabi,assam,jorhat
Assam,JORHAT,Wheat,2010,Rabi,assam,jorhat
Assam,JORHAT,Rice,2010,Summer,assam,jorhat
Assam,JORHAT,Banana,2010,Whole Year,assam,jorhat
Assam,JORHAT,Black pepper,2010,Whole Year,assam,jorhat
Assam,JORHAT,Coconut,2010,Whole Year,assam,jorhat
Assam,JORHAT,Dry chillies,2010,Whole Year,assam,jorhat
Assam,JORHAT,Dry ginger,2010,Whole Year,assam,jorhat
Assam,JORHAT,Onion,2010,Whole Year,assam,jorhat
Assam,JORHAT,Potato,2010,Whole Year,assam,jorhat
Assam,JORHAT,Sugarcane,2010,Whole Year,assam,jorhat
Assam,JORHAT,Sweet potato,2010,Whole Year,assam,jorhat
Assam,JORHAT,Tapioca,2010,Whole Year,assam,jorhat
Assam,JORHAT,Tobacco,2010,Whole Year,assam,jorhat
Assam,JORHAT,Turmeric,2010,Whole Year,assam,jorhat
Assam,JORHAT,Rice,2010,Winter,assam,jorhat
Assam,KAMRUP,Rice,2010,Autumn,assam,kamrup
Assam,KAMRUP,Arhar/Tur,2010,Kharif,assam,kamrup
Assam,KAMRUP,Castor seed,2010,Kharif,assam,kamrup
Assam,KAMRUP,Cotton(lint),2010,Kharif,assam,kamrup
Assam,KAMRUP,Jute,2010,Kharif,assam,kamrup
Assam,KAMRUP,Maize,2010,Kharif,assam,kamrup
Assam,KAMRUP,Mesta,2010,Kharif,assam,kamrup
Assam,KAMRUP,Niger seed,2010,Kharif,assam,kamrup
Assam,KAMRUP,Sesamum,2010,Kharif,assam,kamrup
Assam,KAMRUP,Small millets,2010,Kharif,assam,kamrup
Assam,KAMRUP,Arecanut,2010,Rabi,assam,kamrup
Assam,KAMRUP,Banana,2010,Rabi,assam,kamrup
Assam,KAMRUP,Gram,2010,Rabi,assam,kamrup
Assam,KAMRUP,Linseed,2010,Rabi,assam,kamrup
Assam,KAMRUP,Masoor,2010,Rabi,assam,kamrup
Assam,KAMRUP,Moong(Green Gram),2010,Rabi,assam,kamrup
Assam,KAMRUP,Peas & beans (Pulses),2010,Rabi,assam,kamrup
Assam,KAMRUP,Rapeseed &Mustard,2010,Rabi,assam,kamrup
Assam,KAMRUP,Urad,2010,Rabi,assam,kamrup
Assam,KAMRUP,Wheat,2010,Rabi,assam,kamrup
Assam,KAMRUP,Rice,2010,Summer,assam,kamrup
Assam,KAMRUP,Banana,2010,Whole Year,assam,kamrup
Assam,KAMRUP,Black pepper,2010,Whole Year,assam,kamrup
Assam,KAMRUP,Coconut,2010,Whole Year,assam,kamrup
Assam,KAMRUP,Dry chillies,2010,Whole Year,assam,kamrup
Assam,KAMRUP,Dry ginger,2010,Whole Year,assam,kamrup
Assam,KAMRUP,Onion,2010,Whole Year,assam,kamrup
Assam,KAMRUP,Potato,2010,Whole Year,assam,kamrup
Assam,KAMRUP,Sugarcane,2010,Whole Year,assam,kamrup
Assam,KAMRUP,Sweet potato,2010,Whole Year,assam,kamrup
Assam,KAMRUP,Tapioca,2010,Whole Year,assam,kamrup
Assam,KAMRUP,Tobacco,2010,Whole Year,assam,kamrup
Assam,KAMRUP,Turmeric,2010,Whole Year,assam,kamrup
Assam,KAMRUP,Rice,2010,Winter,assam,kamrup
Assam,KAMRUP METRO,Rice,2010,Autumn,assam,kamrup metro
Assam,KAMRUP METRO,Arhar/Tur,2010,Kharif,assam,kamrup metro
Assam,KAMRUP METRO,Castor seed,2010,Kharif,assam,kamrup metro
Assam,KAMRUP METRO,Cotton(lint),2010,Kharif,assam,kamrup metro
Assam,KAMRUP METRO,Jute,2010,Kharif,assam,kamrup metro
Assam,KAMRUP METRO,Maize,2010,Kharif,assam,kamrup metro
Assam,KAMRUP METRO,Mesta,2010,Kharif,assam,kamrup metro
Assam,KAMRUP METRO,Niger seed,2010,Kharif,assam,kamrup metro
Assam,KAMRUP METRO,Sesamum,2010,Kharif,assam,kamrup metro
Assam,KAMRUP METRO,Small millets,2010,Kharif,assam,kamrup metro
Assam,KAMRUP METRO,Arecanut,2010,Rabi,assam,kamrup metro
Assam,KAMRUP METRO,Banana,2010,Rabi,assam,kamrup metro
Assam,KAMRUP METRO,Gram,2010,Rabi,assam,kamrup metro
Assam,KAMRUP METRO,Linseed,2010,Rabi,assam,kamrup metro
Assam,KAMRUP METRO,Masoor,2010,Rabi,assam,kamrup metro
Assam,KAMRUP METRO,Moong(Green Gram),2010,Rabi,assam,kamrup metro
Assam,KAMRUP METRO,Peas & beans (Pulses),2010,Rabi,assam,kamrup metro
Assam,KAMRUP METRO,Rapeseed &Mustard,2010,Rabi,assam,kamrup metro
Assam,KAMRUP METRO,Urad,2010,Rabi,assam,kamrup metro
Assam,KAMRUP METRO,Wheat,2010,Rabi,assam,kamrup metro
Assam,KAMRUP METRO,Rice,2010,Summer,assam,kamrup metro
Assam,KAMRUP METRO,Banana,2010,Whole Year,assam,kamrup metro
Assam,KAMRUP METRO,Black pepper,2010,Whole Year,assam,kamrup metro
Assam,KAMRUP METRO,Coconut,2010,Whole Year,assam,kamrup metro
Assam,KAMRUP METRO,Dry chillies,2010,Whole Year,assam,kamrup metro
Assam,KAMRUP METRO,Dry ginger,2010,Whole Year,assam,kamrup metro
Assam,KAMRUP METRO,Onion,2010,Whole Year,assam,kamrup metro
Assam,KAMRUP METRO,Potato,2010,Whole Year,assam,kamrup metro
Assam,KAMRUP METRO,Sugarcane,2010,Whole Year,assam,kamrup metro
Assam,KAMRUP METRO,Sweet potato,2010,Whole Year,assam,kamrup metro
Assam,KAMRUP METRO,Tapioca,2010,Whole Year,assam,kamrup metro
Assam,KAMRUP METRO,Tobacco,2010,Whole Year,assam,kamrup metro
Assam,KAMRUP METRO,Turmeric,2010,Whole Year,assam,kamrup metro
Assam,KAMRUP METRO,Rice,2010,Winter,assam,kamrup metro
Assam,KARBI ANGLONG,Rice,2010,Autumn,assam,karbi anglong
Assam,KARBI ANGLONG,Arhar/Tur,2010,Kharif,assam,karbi anglong
Assam,KARBI ANGLONG,Castor seed,2010,Kharif,assam,karbi anglong
Assam,KARBI ANGLONG,Cotton(lint),2010,Kharif,assam,karbi anglong
Assam,KARBI ANGLONG,Jute,2010,Kharif,assam,karbi anglong
Assam,KARBI ANGLONG,Maize,2010,Kharif,assam,karbi anglong
Assam,KARBI ANGLONG,Mesta,2010,Kharif,assam,karbi anglong
Assam,KARBI ANGLONG,Niger seed,2010,Kharif,assam,karbi anglong
Assam,KARBI ANGLONG,Sesamum,2010,Kharif,assam,karbi anglong
Assam,KARBI ANGLONG,Small millets,2010,Kharif,assam,karbi anglong
Assam,KARBI ANGLONG,Arecanut,2010,Rabi,assam,karbi anglong
Assam,KARBI ANGLONG,Banana,2010,Rabi,assam,karbi anglong
Assam,KARBI ANGLONG,Gram,2010,Rabi,assam,karbi anglong
Assam,KARBI ANGLONG,Linseed,2010,Rabi,assam,karbi anglong
Assam,KARBI ANGLONG,Masoor,2010,Rabi,assam,karbi anglong
Assam,KARBI ANGLONG,Moong(Green Gram),2010,Rabi,assam,karbi anglong
Assam,KARBI ANGLONG,Peas & beans (Pulses),2010,Rabi,assam,karbi anglong
Assam,KARBI ANGLONG,Rapeseed &Mustard,2010,Rabi,assam,karbi anglong
Assam,KARBI ANGLONG,Urad,2010,Rabi,assam,karbi anglong
Assam,KARBI ANGLONG,Wheat,2010,Rabi,assam,karbi anglong
Assam,KARBI ANGLONG,Rice,2010,Summer,assam,karbi anglong
Assam,KARBI ANGLONG,Banana,2010,Whole Year,assam,karbi anglong
Assam,KARBI ANGLONG,Black pepper,2010,Whole Year,assam,karbi anglong
Assam,KARBI ANGLONG,Coconut,2010,Whole Year,assam,karbi anglong
Assam,KARBI ANGLONG,Dry chillies,2010,Whole Year,assam,karbi anglong
Assam,KARBI ANGLONG,Dry ginger,2010,Whole Year,assam,karbi anglong
Assam,KARBI ANGLONG,Onion,2010,Whole Year,assam,karbi anglong
Assam,KARBI ANGLONG,Potato,2010,Whole Year,assam,karbi anglong
Assam,KARBI ANGLONG,Sugarcane,2010,Whole Year,assam,karbi anglong
Assam,KARBI ANGLONG,Sweet potato,2010,Whole Year,assam,karbi anglong
Assam,KARBI ANGLONG,Tapioca,2010,Whole Year,assam,karbi anglong
Assam,KARBI ANGLONG,Tobacco,2010,Whole Year,assam,karbi anglong
Assam,KARBI ANGLONG,Turmeric,2010,Whole Year,assam,karbi anglong
Assam,KARBI ANGLONG,Rice,2010,Winter,assam,karbi anglong
Assam,KARIMGANJ,Rice,2010,Autumn,assam,karimganj
Assam,KARIMGANJ,Arhar/Tur,2010,Kharif,assam,karimganj
Assam,KARIMGANJ,Cotton(lint),2010,Kharif,assam,karimganj
Assam,KARIMGANJ,Jute,2010,Kharif,assam,karimganj
Assam,KARIMGANJ,Maize,2010,Kharif,assam,karimganj
Assam,KARIMGANJ,Mesta,2010,Kharif,assam,karimganj
Assam,KARIMGANJ,Sesamum,2010,Kharif,assam,karimganj
Assam,KARIMGANJ,Small millets,2010,Kharif,assam,karimganj
Assam,KARIMGANJ,Arecanut,2010,Rabi,assam,karimganj
Assam,KARIMGANJ,Banana,2010,Rabi,assam,karimganj
Assam,KARIMGANJ,Gram,2010,Rabi,assam,karimganj
Assam,KARIMGANJ,Linseed,2010,Rabi,assam,karimganj
Assam,KARIMGANJ,Masoor,2010,Rabi,assam,karimganj
Assam,KARIMGANJ,Moong(Green Gram),2010,Rabi,assam,karimganj
Assam,KARIMGANJ,Peas & beans (Pulses),2010,Rabi,assam,karimganj
Assam,KARIMGANJ,Rapeseed &Mustard,2010,Rabi,assam,karimganj
Assam,KARIMGANJ,Urad,2010,Rabi,assam,karimganj
Assam,KARIMGANJ,Wheat,2010,Rabi,assam,karimganj
Assam,KARIMGANJ,Rice,2010,Summer,assam,karimganj
Assam,KARIMGANJ,Banana,2010,Whole Year,assam,karimganj
Assam,KARIMGANJ,Black pepper,2010,Whole Year,assam,karimganj
Assam,KARIMGANJ,Coconut,2010,Whole Year,assam,karimganj
Assam,KARIMGANJ,Dry chillies,2010,Whole Year,assam,karimganj
Assam,KARIMGANJ,Dry ginger,2010,Whole Year,assam,karimganj
Assam,KARIMGANJ,Onion,2010,Whole Year,assam,karimganj
Assam,KARIMGANJ,Potato,2010,Whole Year,assam,karimganj
Assam,KARIMGANJ,Sugarcane,2010,Whole Year,assam,karimganj
Assam,KARIMGANJ,Sweet potato,2010,Whole Year,assam,karimganj
Assam,KARIMGANJ,Tobacco,2010,Whole Year,assam,karimganj
Assam,KARIMGANJ,Turmeric,2010,Whole Year,assam,karimganj
Assam,KARIMGANJ,Rice,2010,Winter,assam,karimganj
Assam,KOKRAJHAR,Rice,2010,Autumn,assam,kokrajhar
Assam,KOKRAJHAR,Arhar/Tur,2010,Kharif,assam,kokrajhar
Assam,KOKRAJHAR,Castor seed,2010,Kharif,assam,kokrajhar
Assam,KOKRAJHAR,Cotton(lint),2010,Kharif,assam,kokrajhar
Assam,KOKRAJHAR,Jute,2010,Kharif,assam,kokrajhar
Assam,KOKRAJHAR,Maize,2010,Kharif,assam,kokrajhar
Assam,KOKRAJHAR,Mesta,2010,Kharif,assam,kokrajhar
Assam,KOKRAJHAR,Niger seed,2010,Kharif,assam,kokrajhar
Assam,KOKRAJHAR,Sesamum,2010,Kharif,assam,kokrajhar
Assam,KOKRAJHAR,Small millets,2010,Kharif,assam,kokrajhar
Assam,KOKRAJHAR,Arecanut,2010,Rabi,assam,kokrajhar
Assam,KOKRAJHAR,Banana,2010,Rabi,assam,kokrajhar
Assam,KOKRAJHAR,Gram,2010,Rabi,assam,kokrajhar
Assam,KOKRAJHAR,Linseed,2010,Rabi,assam,kokrajhar
Assam,KOKRAJHAR,Masoor,2010,Rabi,assam,kokrajhar
Assam,KOKRAJHAR,Moong(Green Gram),2010,Rabi,assam,kokrajhar
Assam,KOKRAJHAR,Peas & beans (Pulses),2010,Rabi,assam,kokrajhar
Assam,KOKRAJHAR,Rapeseed &Mustard,2010,Rabi,assam,kokrajhar
Assam,KOKRAJHAR,Urad,2010,Rabi,assam,kokrajhar
Assam,KOKRAJHAR,Wheat,2010,Rabi,assam,kokrajhar
Assam,KOKRAJHAR,Rice,2010,Summer,assam,kokrajhar
Assam,KOKRAJHAR,Banana,2010,Whole Year,assam,kokrajhar
Assam,KOKRAJHAR,Black pepper,2010,Whole Year,assam,kokrajhar
Assam,KOKRAJHAR,Coconut,2010,Whole Year,assam,kokrajhar
Assam,KOKRAJHAR,Dry chillies,2010,Whole Year,assam,kokrajhar
Assam,KOKRAJHAR,Dry ginger,2010,Whole Year,assam,kokrajhar
Assam,KOKRAJHAR,Onion,2010,Whole Year,assam,kokrajhar
Assam,KOKRAJHAR,Potato,2010,Whole Year,assam,kokrajhar
Assam,KOKRAJHAR,Sugarcane,2010,Whole Year,assam,kokrajhar
Assam,KOKRAJHAR,Sweet potato,2010,Whole Year,assam,kokrajhar
Assam,KOKRAJHAR,Tapioca,2010,Whole Year,assam,kokrajhar
Assam,KOKRAJHAR,Tobacco,2010,Whole Year,assam,kokrajhar
Assam,KOKRAJHAR,Turmeric,2010,Whole Year,assam,kokrajhar
Assam,KOKRAJHAR,Rice,2010,Winter,assam,kokrajhar
Assam,LAKHIMPUR,Rice,2010,Autumn,assam,lakhimpur
Assam,LAKHIMPUR,Arhar/Tur,2010,Kharif,assam,lakhimpur
Assam,LAKHIMPUR,Castor seed,2010,Kharif,assam,lakhimpur
Assam,LAKHIMPUR,Cotton(lint),2010,Kharif,assam,lakhimpur
Assam,LAKHIMPUR,Jute,2010,Kharif,assam,lakhimpur
Assam,LAKHIMPUR,Maize,2010,Kharif,assam,lakhimpur
Assam,LAKHIMPUR,Mesta,2010,Kharif,assam,lakhimpur
Assam,LAKHIMPUR,Niger seed,2010,Kharif,assam,lakhimpur
Assam,LAKHIMPUR,Sesamum,2010,Kharif,assam,lakhimpur
Assam,LAKHIMPUR,Small millets,2010,Kharif,assam,lakhimpur
Assam,LAKHIMPUR,Arecanut,2010,Rabi,assam,lakhimpur
Assam,LAKHIMPUR,Banana,2010,Rabi,assam,lakhimpur
Assam,LAKHIMPUR,Gram,2010,Rabi,assam,lakhimpur
Assam,LAKHIMPUR,Linseed,2010,Rabi,assam,lakhimpur
Assam,LAKHIMPUR,Masoor,2010,Rabi,assam,lakhimpur
Assam,LAKHIMPUR,Moong(Green Gram),2010,Rabi,assam,lakhimpur
Assam,LAKHIMPUR,Peas & beans (Pulses),2010,Rabi,assam,lakhimpur
Assam,LAKHIMPUR,Rapeseed &Mustard,2010,Rabi,assam,lakhimpur
Assam,LAKHIMPUR,Urad,2010,Rabi,assam,lakhimpur
Assam,LAKHIMPUR,Wheat,2010,Rabi,assam,lakhimpur
Assam,LAKHIMPUR,Rice,2010,Summer,assam,lakhimpur
Assam,LAKHIMPUR,Banana,2010,Whole Year,assam,lakhimpur
Assam,LAKHIMPUR,Black pepper,2010,Whole Year,assam,lakhimpur
Assam,LAKHIMPUR,Coconut,2010,Whole Year,assam,lakhimpur
Assam,LAKHIMPUR,Dry chillies,2010,Whole Year,assam,lakhimpur
Assam,LAKHIMPUR,Dry ginger,2010,Whole Year,assam,lakhimpur
Assam,LAKHIMPUR,Onion,2010,Whole Year,assam,lakhimpur
Assam,LAKHIMPUR,Potato,2010,Whole Year,assam,lakhimpur
Assam,LAKHIMPUR,Sugarcane,2010,Whole Year,assam,lakhimpur
Assam,LAKHIMPUR,Sweet potato,2010,Whole Year,assam,lakhimpur
Assam,LAKHIMPUR,Tapioca,2010,Whole Year,assam,lakhimpur
Assam,LAKHIMPUR,Tobacco,2010,Whole Year,assam,lakhimpur
Assam,LAKHIMPUR,Turmeric,2010,Whole Year,assam,lakhimpur
Assam,LAKHIMPUR,Rice,2010,Winter,assam,lakhimpur
Assam,MARIGAON,Rice,2010,Autumn,assam,marigaon
Assam,MARIGAON,Arhar/Tur,2010,Kharif,assam,marigaon
Assam,MARIGAON,Castor seed,2010,Kharif,assam,marigaon
Assam,MARIGAON,Cotton(lint),2010,Kharif,assam,marigaon
Assam,MARIGAON,Jute,2010,Kharif,assam,marigaon
Assam,MARIGAON,Maize,2010,Kharif,assam,marigaon
Assam,MARIGAON,Mesta,2010,Kharif,assam,marigaon
Assam,MARIGAON,Niger seed,2010,Kharif,assam,marigaon
Assam,MARIGAON,Sesamum,2010,Kharif,assam,marigaon
Assam,MARIGAON,Small millets,2010,Kharif,assam,marigaon
Assam,MARIGAON,Arecanut,2010,Rabi,assam,marigaon
Assam,MARIGAON,Banana,2010,Rabi,assam,marigaon
Assam,MARIGAON,Gram,2010,Rabi,assam,marigaon
Assam,MARIGAON,Linseed,2010,Rabi,assam,marigaon
Assam,MARIGAON,Masoor,2010,Rabi,assam,marigaon
Assam,MARIGAON,Moong(Green Gram),2010,Rabi,assam,marigaon
Assam,MARIGAON,Peas & beans (Pulses),2010,Rabi,assam,marigaon
Assam,MARIGAON,Rapeseed &Mustard,2010,Rabi,assam,marigaon
Assam,MARIGAON,Urad,2010,Rabi,assam,marigaon
Assam,MARIGAON,Wheat,2010,Rabi,assam,marigaon
Assam,MARIGAON,Rice,2010,Summer,assam,marigaon
Assam,MARIGAON,Banana,2010,Whole Year,assam,marigaon
Assam,MARIGAON,Black pepper,2010,Whole Year,assam,marigaon
Assam,MARIGAON,Coconut,2010,Whole Year,assam,marigaon
Assam,MARIGAON,Dry chillies,2010,Whole Year,assam,marigaon
Assam,MARIGAON,Dry ginger,2010,Whole Year,assam,marigaon
Assam,MARIGAON,Onion,2010,Whole Year,assam,marigaon
Assam,MARIGAON,Potato,2010,Whole Year,assam,marigaon
Assam,MARIGAON,Sugarcane,2010,Whole Year,assam,marigaon
Assam,MARIGAON,Sweet potato,2010,Whole Year,assam,marigaon
Assam,MARIGAON,Tapioca,2010,Whole Year,assam,marigaon
Assam,MARIGAON,Tobacco,2010,Whole Year,assam,marigaon
Assam,MARIGAON,Turmeric,2010,Whole Year,assam,marigaon
Assam,MARIGAON,Rice,2010,Winter,assam,marigaon
Assam,NAGAON,Rice,2010,Autumn,assam,nagaon
Assam,NAGAON,Arhar/Tur,2010,Kharif,assam,nagaon
Assam,NAGAON,Castor seed,2010,Kharif,assam,nagaon
Assam,NAGAON,Cotton(lint),2010,Kharif,assam,nagaon
Assam,NAGAON,Jute,2010,Kharif,assam,nagaon
Assam,NAGAON,Maize,2010,Kharif,assam,nagaon
Assam,NAGAON,Mesta,2010,Kharif,assam,nagaon
Assam,NAGAON,Niger seed,2010,Kharif,assam,nagaon
Assam,NAGAON,Sesamum,2010,Kharif,assam,nagaon
Assam,NAGAON,Small millets,2010,Kharif,assam,nagaon
Assam,NAGAON,Arecanut,2010,Rabi,assam,nagaon
Assam,NAGAON,Banana,2010,Rabi,assam,nagaon
Assam,NAGAON,Gram,2010,Rabi,assam,nagaon
Assam,NAGAON,Linseed,2010,Rabi,assam,nagaon
Assam,NAGAON,Masoor,2010,Rabi,assam,nagaon
Assam,NAGAON,Moong(Green Gram),2010,Rabi,assam,nagaon
Assam,NAGAON,Peas & beans (Pulses),2010,Rabi,assam,nagaon
Assam,NAGAON,Rapeseed &Mustard,2010,Rabi,assam,nagaon
Assam,NAGAON,Urad,2010,Rabi,assam,nagaon
Assam,NAGAON,Wheat,2010,Rabi,assam,nagaon
Assam,NAGAON,Rice,2010,Summer,assam,nagaon
Assam,NAGAON,Banana,2010,Whole Year,assam,nagaon
Assam,NAGAON,Black pepper,2010,Whole Year,assam,nagaon
Assam,NAGAON,Coconut,2010,Whole Year,assam,nagaon
Assam,NAGAON,Dry chillies,2010,Whole Year,assam,nagaon
Assam,NAGAON,Dry ginger,2010,Whole Year,assam,nagaon
Assam,NAGAON,Onion,2010,Whole Year,assam,nagaon
Assam,NAGAON,Potato,2010,Whole Year,assam,nagaon
Assam,NAGAON,Sugarcane,2010,Whole Year,assam,nagaon
Assam,NAGAON,Sweet potato,2010,Whole Year,assam,nagaon
Assam,NAGAON,Tapioca,2010,Whole Year,assam,nagaon
Assam,NAGAON,Tobacco,2010,Whole Year,assam,nagaon
Assam,NAGAON,Turmeric,2010,Whole Year,assam,nagaon
Assam,NAGAON,Rice,2010,Winter,assam,nagaon
Assam,NALBARI,Rice,2010,Autumn,assam,nalbari
Assam,NALBARI,Arhar/Tur,2010,Kharif,assam,nalbari
Assam,NALBARI,Castor seed,2010,Kharif,assam,nalbari
Assam,NALBARI,Cotton(lint),2010,Kharif,assam,nalbari
Assam,NALBARI,Jute,2010,Kharif,assam,nalbari
Assam,NALBARI,Maize,2010,Kharif,assam,nalbari
Assam,NALBARI,Mesta,2010,Kharif,assam,nalbari
Assam,NALBARI,Niger seed,2010,Kharif,assam,nalbari
Assam,NALBARI,Sesamum,2010,Kharif,assam,nalbari
Assam,NALBARI,Small millets,2010,Kharif,assam,nalbari
Assam,NALBARI,Arecanut,2010,Rabi,assam,nalbari
Assam,NALBARI,Banana,2010,Rabi,assam,nalbari
Assam,NALBARI,Gram,2010,Rabi,assam,nalbari
Assam,NALBARI,Linseed,2010,Rabi,assam,nalbari
Assam,NALBARI,Masoor,2010,Rabi,assam,nalbari
Assam,NALBARI,Moong(Green Gram),2010,Rabi,assam,nalbari
Assam,NALBARI,Peas & beans (Pulses),2010,Rabi,assam,nalbari
Assam,NALBARI,Rapeseed &Mustard,2010,Rabi,assam,nalbari
Assam,NALBARI,Urad,2010,Rabi,assam,nalbari
Assam,NALBARI,Wheat,2010,Rabi,assam,nalbari
Assam,NALBARI,Rice,2010,Summer,assam,nalbari
Assam,NALBARI,Banana,2010,Whole Year,assam,nalbari
Assam,NALBARI,Black pepper,2010,Whole Year,assam,nalbari
Assam,NALBARI,Coconut,2010,Whole Year,assam,nalbari
Assam,NALBARI,Dry chillies,2010,Whole Year,assam,nalbari
Assam,NALBARI,Dry ginger,2010,Whole Year,assam,nalbari
Assam,NALBARI,Onion,2010,Whole Year,assam,nalbari
Assam,NALBARI,Potato,2010,Whole Year,assam,nalbari
Assam,NALBARI,Sugarcane,2010,Whole Year,assam,nalbari
Assam,NALBARI,Sweet potato,2010,Whole Year,assam,nalbari
Assam,NALBARI,Tapioca,2010,Whole Year,assam,nalbari
Assam,NALBARI,Tobacco,2010,Whole Year,assam,nalbari
Assam,NALBARI,Turmeric,2010,Whole Year,assam,nalbari
Assam,NALBARI,Rice,2010,Winter,assam,nalbari
Assam,SIVASAGAR,Rice,2010,Autumn,assam,sivasagar
Assam,SIVASAGAR,Arhar/Tur,2010,Kharif,assam,sivasagar
Assam,SIVASAGAR,Castor seed,2010,Kharif,assam,sivasagar
Assam,SIVASAGAR,Cotton(lint),2010,Kharif,assam,sivasagar
Assam,SIVASAGAR,Jute,2010,Kharif,assam,sivasagar
Assam,SIVASAGAR,Maize,2010,Kharif,assam,sivasagar
Assam,SIVASAGAR,Niger seed,2010,Kharif,assam,sivasagar
Assam,SIVASAGAR,Sesamum,2010,Kharif,assam,sivasagar
Assam,SIVASAGAR,Small millets,2010,Kharif,assam,sivasagar
Assam,SIVASAGAR,Arecanut,2010,Rabi,assam,sivasagar
Assam,SIVASAGAR,Banana,2010,Rabi,assam,sivasagar
Assam,SIVASAGAR,Gram,2010,Rabi,assam,sivasagar
Assam,SIVASAGAR,Masoor,2010,Rabi,assam,sivasagar
Assam,SIVASAGAR,Moong(Green Gram),2010,Rabi,assam,sivasagar
Assam,SIVASAGAR,Peas & beans (Pulses),2010,Rabi,assam,sivasagar
Assam,SIVASAGAR,Rapeseed &Mustard,2010,Rabi,assam,sivasagar
Assam,SIVASAGAR,Urad,2010,Rabi,assam,sivasagar
Assam,SIVASAGAR,Wheat,2010,Rabi,assam,sivasagar
Assam,SIVASAGAR,Rice,2010,Summer,assam,sivasagar
Assam,SIVASAGAR,Banana,2010,Whole Year,assam,sivasagar
Assam,SIVASAGAR,Black pepper,2010,Whole Year,assam,sivasagar
Assam,SIVASAGAR,Coconut,2010,Whole Year,assam,sivasagar
Assam,SIVASAGAR,Dry chillies,2010,Whole Year,assam,sivasagar
Assam,SIVASAGAR,Dry ginger,2010,Whole Year,assam,sivasagar
Assam,SIVASAGAR,Onion,2010,Whole Year,assam,sivasagar
Assam,SIVASAGAR,Potato,2010,Whole Year,assam,sivasagar
Assam,SIVASAGAR,Sugarcane,2010,Whole Year,assam,sivasagar
Assam,SIVASAGAR,Sweet potato,2010,Whole Year,assam,sivasagar
Assam,SIVASAGAR,Tapioca,2010,Whole Year,assam,sivasagar
Assam,SIVASAGAR,Tobacco,2010,Whole Year,assam,sivasagar
Assam,SIVASAGAR,Turmeric,2010,Whole Year,assam,sivasagar
Assam,SIVASAGAR,Rice,2010,Winter,assam,sivasagar
Assam,SONITPUR,Rice,2010,Autumn,assam,sonitpur
Assam,SONITPUR,Arhar/Tur,2010,Kharif,assam,sonitpur
Assam,SONITPUR,Castor seed,2010,Kharif,assam,sonitpur
Assam,SONITPUR,Cotton(lint),2010,Kharif,assam,sonitpur
Assam,SONITPUR,Jute,2010,Kharif,assam,sonitpur
Assam,SONITPUR,Maize,2010,Kharif,assam,sonitpur
Assam,SONITPUR,Mesta,2010,Kharif,assam,sonitpur
Assam,SONITPUR,Niger seed,2010,Kharif,assam,sonitpur
Assam,SONITPUR,Sesamum,2010,Kharif,assam,sonitpur
Assam,SONITPUR,Small millets,2010,Kharif,assam,sonitpur
Assam,SONITPUR,Arecanut,2010,Rabi,assam,sonitpur
Assam,SONITPUR,Banana,2010,Rabi,assam,sonitpur
Assam,SONITPUR,Gram,2010,Rabi,assam,sonitpur
Assam,SONITPUR,Linseed,2010,Rabi,assam,sonitpur
Assam,SONITPUR,Masoor,2010,Rabi,assam,sonitpur
Assam,SONITPUR,Moong(Green Gram),2010,Rabi,assam,sonitpur
Assam,SONITPUR,Peas & beans (Pulses),2010,Rabi,assam,sonitpur
Assam,SONITPUR,Rapeseed &Mustard,2010,Rabi,assam,sonitpur
Assam,SONITPUR,Urad,2010,Rabi,assam,sonitpur
Assam,SONITPUR,Wheat,2010,Rabi,assam,sonitpur
Assam,SONITPUR,Rice,2010,Summer,assam,sonitpur
Assam,SONITPUR,Banana,2010,Whole Year,assam,sonitpur
Assam,SONITPUR,Black pepper,2010,Whole Year,assam,sonitpur
Assam,SONITPUR,Coconut,2010,Whole Year,assam,sonitpur
Assam,SONITPUR,Dry chillies,2010,Whole Year,assam,sonitpur
Assam,SONITPUR,Dry ginger,2010,Whole Year,assam,sonitpur
Assam,SONITPUR,Onion,2010,Whole Year,assam,sonitpur
Assam,SONITPUR,Potato,2010,Whole Year,assam,sonitpur
Assam,SONITPUR,Sugarcane,2010,Whole Year,assam,sonitpur
Assam,SONITPUR,Sweet potato,2010,Whole Year,assam,sonitpur
Assam,SONITPUR,Tapioca,2010,Whole Year,assam,sonitpur
Assam,SONITPUR,Tobacco,2010,Whole Year,assam,sonitpur
Assam,SONITPUR,Turmeric,2010,Whole Year,assam,sonitpur
Assam,SONITPUR,Rice,2010,Winter,assam,sonitpur
Assam,TINSUKIA,Rice,2010,Autumn,assam,tinsukia
Assam,TINSUKIA,Arhar/Tur,2010,Kharif,assam,tinsukia
Assam,TINSUKIA,Castor seed,2010,Kharif,assam,tinsukia
Assam,TINSUKIA,Cotton(lint),2010,Kharif,assam,tinsukia
Assam,TINSUKIA,Jute,2010,Kharif,assam,tinsukia
Assam,TINSUKIA,Maize,2010,Kharif,assam,tinsukia
Assam,TINSUKIA,Mesta,2010,Kharif,assam,tinsukia
Assam,TINSUKIA,Niger seed,2010,Kharif,assam,tinsukia
Assam,TINSUKIA,Sesamum,2010,Kharif,assam,tinsukia
Assam,TINSUKIA,Small millets,2010,Kharif,assam,tinsukia
Assam,TINSUKIA,Arecanut,2010,Rabi,assam,tinsukia
Assam,TINSUKIA,Banana,2010,Rabi,assam,tinsukia
Assam,TINSUKIA,Gram,2010,Rabi,assam,tinsukia
Assam,TINSUKIA,Masoor,2010,Rabi,assam,tinsukia
Assam,TINSUKIA,Moong(Green Gram),2010,Rabi,assam,tinsukia
Assam,TINSUKIA,Peas & beans (Pulses),2010,Rabi,assam,tinsukia
Assam,TINSUKIA,Rapeseed &Mustard,2010,Rabi,assam,tinsukia
Assam,TINSUKIA,Urad,2010,Rabi,assam,tinsukia
Assam,TINSUKIA,Wheat,2010,Rabi,assam,tinsukia
Assam,TINSUKIA,Rice,2010,Summer,assam,tinsukia
Assam,TINSUKIA,Banana,2010,Whole Year,assam,tinsukia
Assam,TINSUKIA,Black pepper,2010,Whole Year,assam,tinsukia
Assam,TINSUKIA,Coconut,2010,Whole Year,assam,tinsukia
Assam,TINSUKIA,Dry chillies,2010,Whole Year,assam,tinsukia
Assam,TINSUKIA,Dry ginger,2010,Whole Year,assam,tinsukia
Assam,TINSUKIA,Onion,2010,Whole Year,assam,tinsukia
Assam,TINSUKIA,Potato,2010,Whole Year,assam,tinsukia
Assam,TINSUKIA,Sugarcane,2010,Whole Year,assam,tinsukia
Assam,TINSUKIA,Sweet potato,2010,Whole Year,assam,tinsukia
Assam,TINSUKIA,Tapioca,2010,Whole Year,assam,tinsukia
Assam,TINSUKIA,Tobacco,2010,Whole Year,assam,tinsukia
Assam,TINSUKIA,Turmeric,2010,Whole Year,assam,tinsukia
Assam,TINSUKIA,Rice,2010,Winter,assam,tinsukia
Assam,UDALGURI,Rice,2010,Autumn,assam,udalguri
Assam,UDALGURI,Arhar/Tur,2010,Kharif,assam,udalguri
Assam,UDALGURI,Castor seed,2010,Kharif,assam,udalguri
Assam,UDALGURI,Cotton(lint),2010,Kharif,assam,udalguri
Assam,UDALGURI,Jute,2010,Kharif,assam,udalguri
Assam,UDALGURI,Maize,2010,Kharif,assam,udalguri
Assam,UDALGURI,Mesta,2010,Kharif,assam,udalguri
Assam,UDALGURI,Niger seed,2010,Kharif,assam,udalguri
Assam,UDALGURI,Sesamum,2010,Kharif,assam,udalguri
Assam,UDALGURI,Small millets,2010,Kharif,assam,udalguri
Assam,UDALGURI,Arecanut,2010,Rabi,assam,udalguri
Assam,UDALGURI,Banana,2010,Rabi,assam,udalguri
Assam,UDALGURI,Gram,2010,Rabi,assam,udalguri
Assam,UDALGURI,Linseed,2010,Rabi,assam,udalguri
Assam,UDALGURI,Masoor,2010,Rabi,assam,udalguri
Assam,UDALGURI,Moong(Green Gram),2010,Rabi,assam,udalguri
Assam,UDALGURI,Peas & beans (Pulses),2010,Rabi,assam,udalguri
Assam,UDALGURI,Rapeseed &Mustard,2010,Rabi,assam,udalguri
Assam,UDALGURI,Urad,2010,Rabi,assam,udalguri
Assam,UDALGURI,Wheat,2010,Rabi,assam,udalguri
Assam,UDALGURI,Rice,2010,Summer,assam,udalguri
Assam,UDALGURI,Banana,2010,Whole Year,assam,udalguri
Assam,UDALGURI,Black pepper,2010,Whole Year,assam,udalguri
Assam,UDALGURI,Coconut,2010,Whole Year,assam,udalguri
Assam,UDALGURI,Dry chillies,2010,Whole Year,assam,udalguri
Assam,UDALGURI,Dry ginger,2010,Whole Year,assam,udalguri
Assam,UDALGURI,Onion,2010,Whole Year,assam,udalguri
Assam,UDALGURI,Potato,2010,Whole Year,assam,udalguri
Assam,UDALGURI,Sugarcane,2010,Whole Year,assam,udalguri
Assam,UDALGURI,Sweet potato,2010,Whole Year,assam,udalguri
Assam,UDALGURI,Tapioca,2010,Whole Year,assam,udalguri
Assam,UDALGURI,Tobacco,2010,Whole Year,assam,udalguri
Assam,UDALGURI,Turmeric,2010,Whole Year,assam,udalguri
Assam,UDALGURI,Rice,2010,Winter,assam,udalguri
Bihar,ARARIA,Maize,2010,Autumn,bihar,araria
Bihar,ARARIA,Rice,2010,Autumn,bihar,araria
Bihar,ARARIA,Arhar/Tur,2010,Kharif,bihar,araria
Bihar,ARARIA,Groundnut,2010,Kharif,bihar,araria
Bihar,ARARIA,Horse-gram,2010,Kharif,bihar,araria
Bihar,ARARIA,Jute,2010,Kharif,bihar,araria
Bihar,ARARIA,Mesta,2010,Kharif,bihar,araria
Bihar,ARARIA,Moong(Green Gram),2010,Kharif,bihar,araria
Bihar,ARARIA,Ragi,2010,Kharif,bihar,araria
Bihar,ARARIA,Urad,2010,Kharif,bihar,araria
Bihar,ARARIA,Barley,2010,Rabi,bihar,araria
Bihar,ARARIA,Gram,2010,Rabi,bihar,araria
Bihar,ARARIA,Khesari,2010,Rabi,bihar,araria
Bihar,ARARIA,Linseed,2010,Rabi,bihar,araria
Bihar,ARARIA,Maize,2010,Rabi,bihar,araria
Bihar,ARARIA,Masoor,2010,Rabi,bihar,araria
Bihar,ARARIA,Peas & beans (Pulses),2010,Rabi,bihar,araria
Bihar,ARARIA,Rapeseed &Mustard,2010,Rabi,bihar,araria
Bihar,ARARIA,Sunflower,2010,Rabi,bihar,araria
Bihar,ARARIA,Wheat,2010,Rabi,bihar,araria
Bihar,ARARIA,Maize,2010,Summer,bihar,araria
Bihar,ARARIA,Moong(Green Gram),2010,Summer,bihar,araria
Bihar,ARARIA,Rice,2010,Summer,bihar,araria
Bihar,ARARIA,Sugarcane,2010,Whole Year,bihar,araria
Bihar,ARARIA,Rice,2010,Winter,bihar,araria
Bihar,ARWAL,Maize,2010,Autumn,bihar,arwal
Bihar,ARWAL,Arhar/Tur,2010,Kharif,bihar,arwal
Bihar,ARWAL,Mesta,2010,Kharif,bihar,arwal
Bihar,ARWAL,Moong(Green Gram),2010,Kharif,bihar,arwal
Bihar,ARWAL,Ragi,2010,Kharif,bihar,arwal
Bihar,ARWAL,Sesamum,2010,Kharif,bihar,arwal
Bihar,ARWAL,Urad,2010,Kharif,bihar,arwal
Bihar,ARWAL,Barley,2010,Rabi,bihar,arwal
Bihar,ARWAL,Gram,2010,Rabi,bihar,arwal
Bihar,ARWAL,Khesari,2010,Rabi,bihar,arwal
Bihar,ARWAL,Linseed,2010,Rabi,bihar,arwal
Bihar,ARWAL,Maize,2010,Rabi,bihar,arwal
Bihar,ARWAL,Masoor,2010,Rabi,bihar,arwal
Bihar,ARWAL,Peas & beans (Pulses),2010,Rabi,bihar,arwal
Bihar,ARWAL,Rapeseed &Mustard,2010,Rabi,bihar,arwal
Bihar,ARWAL,Sunflower,2010,Rabi,bihar,arwal
Bihar,ARWAL,Wheat,2010,Rabi,bihar,arwal
Bihar,ARWAL,Maize,2010,Summer,bihar,arwal
Bihar,ARWAL,Moong(Green Gram),2010,Summer,bihar,arwal
Bihar,ARWAL,Sugarcane,2010,Whole Year,bihar,arwal
Bihar,ARWAL,Rice,2010,Winter,bihar,arwal
Bihar,AURANGABAD,Maize,2010,Autumn,bihar,aurangabad
Bihar,AURANGABAD,Arhar/Tur,2010,Kharif,bihar,aurangabad
Bihar,AURANGABAD,Moong(Green Gram),2010,Kharif,bihar,aurangabad
Bihar,AURANGABAD,Ragi,2010,Kharif,bihar,aurangabad
Bihar,AURANGABAD,Sesamum,2010,Kharif,bihar,aurangabad
Bihar,AURANGABAD,Barley,2010,Rabi,bihar,aurangabad
Bihar,AURANGABAD,Gram,2010,Rabi,bihar,aurangabad
Bihar,AURANGABAD,Khesari,2010,Rabi,bihar,aurangabad
Bihar,AURANGABAD,Linseed,2010,Rabi,bihar,aurangabad
Bihar,AURANGABAD,Masoor,2010,Rabi,bihar,aurangabad
Bihar,AURANGABAD,Peas & beans (Pulses),2010,Rabi,bihar,aurangabad
Bihar,AURANGABAD,Rapeseed &Mustard,2010,Rabi,bihar,aurangabad
Bihar,AURANGABAD,Wheat,2010,Rabi,bihar,aurangabad
Bihar,AURANGABAD,Maize,2010,Summer,bihar,aurangabad
Bihar,AURANGABAD,Moong(Green Gram),2010,Summer,bihar,aurangabad
Bihar,AURANGABAD,Sugarcane,2010,Whole Year,bihar,aurangabad
Bihar,AURANGABAD,Rice,2010,Winter,bihar,aurangabad
Bihar,BANKA,Maize,2010,Autumn,bihar,banka
Bihar,BANKA,Arhar/Tur,2010,Kharif,bihar,banka
Bihar,BANKA,Horse-gram,2010,Kharif,bihar,banka
Bihar,BANKA,Moong(Green Gram),2010,Kharif,bihar,banka
Bihar,BANKA,Other Kharif pulses,2010,Kharif,bihar,banka
Bihar,BANKA,Sesamum,2010,Kharif,bihar,banka
Bihar,BANKA,Barley,2010,Rabi,bihar,banka
Bihar,BANKA,Gram,2010,Rabi,bihar,banka
Bihar,BANKA,Khesari,2010,Rabi,bihar,banka
Bihar,BANKA,Linseed,2010,Rabi,bihar,banka
Bihar,BANKA,Maize,2010,Rabi,bihar,banka
Bihar,BANKA,Masoor,2010,Rabi,bihar,banka
Bihar,BANKA,Other  Rabi pulses,2010,Rabi,bihar,banka
Bihar,BANKA,Peas & beans (Pulses),2010,Rabi,bihar,banka
Bihar,BANKA,Rapeseed &Mustard,2010,Rabi,bihar,banka
Bihar,BANKA,Wheat,2010,Rabi,bihar,banka
Bihar,BANKA,Maize,2010,Summer,bihar,banka
Bihar,BANKA,Moong(Green Gram),2010,Summer,bihar,banka
Bihar,BANKA,Sugarcane,2010,Whole Year,bihar,banka
Bihar,BANKA,Rice,2010,Winter,bihar,banka
Bihar,BEGUSARAI,Maize,2010,Autumn,bihar,begusarai
Bihar,BEGUSARAI,Rice,2010,Autumn,bihar,begusarai
Bihar,BEGUSARAI,Arhar/Tur,2010,Kharif,bihar,begusarai
Bihar,BEGUSARAI,Horse-gram,2010,Kharif,bihar,begusarai
Bihar,BEGUSARAI,Jowar,2010,Kharif,bihar,begusarai
Bihar,BEGUSARAI,Mesta,2010,Kharif,bihar,begusarai
Bihar,BEGUSARAI,Moong(Green Gram),2010,Kharif,bihar,begusarai
Bihar,BEGUSARAI,Other Kharif pulses,2010,Kharif,bihar,begusarai
Bihar,BEGUSARAI,Ragi,2010,Kharif,bihar,begusarai
Bihar,BEGUSARAI,Sesamum,2010,Kharif,bihar,begusarai
Bihar,BEGUSARAI,Small millets,2010,Kharif,bihar,begusarai
Bihar,BEGUSARAI,Urad,2010,Kharif,bihar,begusarai
Bihar,BEGUSARAI,Barley,2010,Rabi,bihar,begusarai
Bihar,BEGUSARAI,Gram,2010,Rabi,bihar,begusarai
Bihar,BEGUSARAI,Khesari,2010,Rabi,bihar,begusarai
Bihar,BEGUSARAI,Linseed,2010,Rabi,bihar,begusarai
Bihar,BEGUSARAI,Maize,2010,Rabi,bihar,begusarai
Bihar,BEGUSARAI,Masoor,2010,Rabi,bihar,begusarai
Bihar,BEGUSARAI,Other  Rabi pulses,2010,Rabi,bihar,begusarai
Bihar,BEGUSARAI,Peas & beans (Pulses),2010,Rabi,bihar,begusarai
Bihar,BEGUSARAI,Rapeseed &Mustard,2010,Rabi,bihar,begusarai
Bihar,BEGUSARAI,Sunflower,2010,Rabi,bihar,begusarai
Bihar,BEGUSARAI,Wheat,2010,Rabi,bihar,begusarai
Bihar,BEGUSARAI,Maize,2010,Summer,bihar,begusarai
Bihar,BEGUSARAI,Moong(Green Gram),2010,Summer,bihar,begusarai
Bihar,BEGUSARAI,Rice,2010,Summer,bihar,begusarai
Bihar,BEGUSARAI,Sugarcane,2010,Whole Year,bihar,begusarai
Bihar,BEGUSARAI,Tobacco,2010,Whole Year,bihar,begusarai
Bihar,BEGUSARAI,Rice,2010,Winter,bihar,begusarai
Bihar,BHAGALPUR,Maize,2010,Autumn,bihar,bhagalpur
Bihar,BHAGALPUR,Rice,2010,Autumn,bihar,bhagalpur
Bihar,BHAGALPUR,Arhar/Tur,2010,Kharif,bihar,bhagalpur
Bihar,BHAGALPUR,Bajra,2010,Kharif,bihar,bhagalpur
Bihar,BHAGALPUR,Castor seed,2010,Kharif,bihar,bhagalpur
Bihar,BHAGALPUR,Horse-gram,2010,Kharif,bihar,bhagalpur
Bihar,BHAGALPUR,Jowar,2010,Kharif,bihar,bhagalpur
Bihar,BHAGALPUR,Jute,2010,Kharif,bihar,bhagalpur
Bihar,BHAGALPUR,Moong(Green Gram),2010,Kharif,bihar,bhagalpur
Bihar,BHAGALPUR,Other Kharif pulses,2010,Kharif,bihar,bhagalpur
Bihar,BHAGALPUR,Sesamum,2010,Kharif,bihar,bhagalpur
Bihar,BHAGALPUR,Small millets,2010,Kharif,bihar,bhagalpur
Bihar,BHAGALPUR,Urad,2010,Kharif,bihar,bhagalpur
Bihar,BHAGALPUR,Barley,2010,Rabi,bihar,bhagalpur
Bihar,BHAGALPUR,Gram,2010,Rabi,bihar,bhagalpur
Bihar,BHAGALPUR,Khesari,2010,Rabi,bihar,bhagalpur
Bihar,BHAGALPUR,Linseed,2010,Rabi,bihar,bhagalpur
Bihar,BHAGALPUR,Maize,2010,Rabi,bihar,bhagalpur
Bihar,BHAGALPUR,Masoor,2010,Rabi,bihar,bhagalpur
Bihar,BHAGALPUR,Other  Rabi pulses,2010,Rabi,bihar,bhagalpur
Bihar,BHAGALPUR,Peas & beans (Pulses),2010,Rabi,bihar,bhagalpur
Bihar,BHAGALPUR,Rapeseed &Mustard,2010,Rabi,bihar,bhagalpur
Bihar,BHAGALPUR,Sunflower,2010,Rabi,bihar,bhagalpur
Bihar,BHAGALPUR,Wheat,2010,Rabi,bihar,bhagalpur
Bihar,BHAGALPUR,Maize,2010,Summer,bihar,bhagalpur
Bihar,BHAGALPUR,Moong(Green Gram),2010,Summer,bihar,bhagalpur
Bihar,BHAGALPUR,Rice,2010,Summer,bihar,bhagalpur
Bihar,BHAGALPUR,Sugarcane,2010,Whole Year,bihar,bhagalpur
Bihar,BHAGALPUR,Tobacco,2010,Whole Year,bihar,bhagalpur
Bihar,BHAGALPUR,Rice,2010,Winter,bihar,bhagalpur
Bihar,BHOJPUR,Maize,2010,Autumn,bihar,bhojpur
Bihar,BHOJPUR,Rice,2010,Autumn,bihar,bhojpur
Bihar,BHOJPUR,Arhar/Tur,2010,Kharif,bihar,bhojpur
Bihar,BHOJPUR,Bajra,2010,Kharif,bihar,bhojpur
Bihar,BHOJPUR,Horse-gram,2010,Kharif,bihar,bhojpur
Bihar,BHOJPUR,Jowar,2010,Kharif,bihar,bhojpur
Bihar,BHOJPUR,Mesta,2010,Kharif,bihar,bhojpur
Bihar,BHOJPUR,Moong(Green Gram),2010,Kharif,bihar,bhojpur
Bihar,BHOJPUR,Other Kharif pulses,2010,Kharif,bihar,bhojpur
Bihar,BHOJPUR,Ragi,2010,Kharif,bihar,bhojpur
Bihar,BHOJPUR,Sesamum,2010,Kharif,bihar,bhojpur
Bihar,BHOJPUR,Small millets,2010,Kharif,bihar,bhojpur
Bihar,BHOJPUR,Urad,2010,Kharif,bihar,bhojpur
Bihar,BHOJPUR,Barley,2010,Rabi,bihar,bhojpur
Bihar,BHOJPUR,Gram,2010,Rabi,bihar,bhojpur
Bihar,BHOJPUR,Khesari,2010,Rabi,bihar,bhojpur
Bihar,BHOJPUR,Linseed,2010,Rabi,bihar,bhojpur
Bihar,BHOJPUR,Maize,2010,Rabi,bihar,bhojpur
Bihar,BHOJPUR,Masoor,2010,Rabi,bihar,bhojpur
Bihar,BHOJPUR,Other  Rabi pulses,2010,Rabi,bihar,bhojpur
Bihar,BHOJPUR,Peas & beans (Pulses),2010,Rabi,bihar,bhojpur
Bihar,BHOJPUR,Rapeseed &Mustard,2010,Rabi,bihar,bhojpur
Bihar,BHOJPUR,Wheat,2010,Rabi,bihar,bhojpur
Bihar,BHOJPUR,Maize,2010,Summer,bihar,bhojpur
Bihar,BHOJPUR,Moong(Green Gram),2010,Summer,bihar,bhojpur
Bihar,BHOJPUR,Rice,2010,Summer,bihar,bhojpur
Bihar,BHOJPUR,Sugarcane,2010,Whole Year,bihar,bhojpur
Bihar,BHOJPUR,Rice,2010,Winter,bihar,bhojpur
Bihar,BUXAR,Maize,2010,Autumn,bihar,buxar
Bihar,BUXAR,Arhar/Tur,2010,Kharif,bihar,buxar
Bihar,BUXAR,Bajra,2010,Kharif,bihar,buxar
Bihar,BUXAR,Jowar,2010,Kharif,bihar,buxar
Bihar,BUXAR,Moong(Green Gram),2010,Kharif,bihar,buxar
Bihar,BUXAR,Other Kharif pulses,2010,Kharif,bihar,buxar
Bihar,BUXAR,Urad,2010,Kharif,bihar,buxar
Bihar,BUXAR,Barley,2010,Rabi,bihar,buxar
Bihar,BUXAR,Gram,2010,Rabi,bihar,buxar
Bihar,BUXAR,Khesari,2010,Rabi,bihar,buxar
Bihar,BUXAR,Linseed,2010,Rabi,bihar,buxar
Bihar,BUXAR,Maize,2010,Rabi,bihar,buxar
Bihar,BUXAR,Masoor,2010,Rabi,bihar,buxar
Bihar,BUXAR,Other  Rabi pulses,2010,Rabi,bihar,buxar
Bihar,BUXAR,Peas & beans (Pulses),2010,Rabi,bihar,buxar
Bihar,BUXAR,Rapeseed &Mustard,2010,Rabi,bihar,buxar
Bihar,BUXAR,Wheat,2010,Rabi,bihar,buxar
Bihar,BUXAR,Maize,2010,Summer,bihar,buxar
Bihar,BUXAR,Sugarcane,2010,Whole Year,bihar,buxar
Bihar,BUXAR,Rice,2010,Winter,bihar,buxar
Bihar,DARBHANGA,Maize,2010,Autumn,bihar,darbhanga
Bihar,DARBHANGA,Rice,2010,Autumn,bihar,darbhanga
Bihar,DARBHANGA,Arhar/Tur,2010,Kharif,bihar,darbhanga
Bihar,DARBHANGA,Moong(Green Gram),2010,Kharif,bihar,darbhanga
Bihar,DARBHANGA,Ragi,2010,Kharif,bihar,darbhanga
Bihar,DARBHANGA,Safflower,2010,Kharif,bihar,darbhanga
Bihar,DARBHANGA,Sesamum,2010,Kharif,bihar,darbhanga
Bihar,DARBHANGA,Urad,2010,Kharif,bihar,darbhanga
Bihar,DARBHANGA,Barley,2010,Rabi,bihar,darbhanga
Bihar,DARBHANGA,Gram,2010,Rabi,bihar,darbhanga
Bihar,DARBHANGA,Khesari,2010,Rabi,bihar,darbhanga
Bihar,DARBHANGA,Linseed,2010,Rabi,bihar,darbhanga
Bihar,DARBHANGA,Maize,2010,Rabi,bihar,darbhanga
Bihar,DARBHANGA,Masoor,2010,Rabi,bihar,darbhanga
Bihar,DARBHANGA,Peas & beans (Pulses),2010,Rabi,bihar,darbhanga
Bihar,DARBHANGA,Rapeseed &Mustard,2010,Rabi,bihar,darbhanga
Bihar,DARBHANGA,Sunflower,2010,Rabi,bihar,darbhanga
Bihar,DARBHANGA,Wheat,2010,Rabi,bihar,darbhanga
Bihar,DARBHANGA,Maize,2010,Summer,bihar,darbhanga
Bihar,DARBHANGA,Moong(Green Gram),2010,Summer,bihar,darbhanga
Bihar,DARBHANGA,Rice,2010,Summer,bihar,darbhanga
Bihar,DARBHANGA,Sugarcane,2010,Whole Year,bihar,darbhanga
Bihar,DARBHANGA,Rice,2010,Winter,bihar,darbhanga
Bihar,GAYA,Maize,2010,Autumn,bihar,gaya
Bihar,GAYA,Rice,2010,Autumn,bihar,gaya
Bihar,GAYA,Arhar/Tur,2010,Kharif,bihar,gaya
Bihar,GAYA,Groundnut,2010,Kharif,bihar,gaya
Bihar,GAYA,Horse-gram,2010,Kharif,bihar,gaya
Bihar,GAYA,Jowar,2010,Kharif,bihar,gaya
Bihar,GAYA,Moong(Green Gram),2010,Kharif,bihar,gaya
Bihar,GAYA,Other Kharif pulses,2010,Kharif,bihar,gaya
Bihar,GAYA,Ragi,2010,Kharif,bihar,gaya
Bihar,GAYA,Sesamum,2010,Kharif,bihar,gaya
Bihar,GAYA,Small millets,2010,Kharif,bihar,gaya
Bihar,GAYA,Urad,2010,Kharif,bihar,gaya
Bihar,GAYA,Barley,2010,Rabi,bihar,gaya
Bihar,GAYA,Gram,2010,Rabi,bihar,gaya
Bihar,GAYA,Khesari,2010,Rabi,bihar,gaya
Bihar,GAYA,Linseed,2010,Rabi,bihar,gaya
Bihar,GAYA,Maize,2010,Rabi,bihar,gaya
Bihar,GAYA,Masoor,2010,Rabi,bihar,gaya
Bihar,GAYA,Other  Rabi pulses,2010,Rabi,bihar,gaya
Bihar,GAYA,Peas & beans (Pulses),2010,Rabi,bihar,gaya
Bihar,GAYA,Rapeseed &Mustard,2010,Rabi,bihar,gaya
Bihar,GAYA,Sunflower,2010,Rabi,bihar,gaya
Bihar,GAYA,Wheat,2010,Rabi,bihar,gaya
Bihar,GAYA,Maize,2010,Summer,bihar,gaya
Bihar,GAYA,Moong(Green Gram),2010,Summer,bihar,gaya
Bihar,GAYA,Rice,2010,Summer,bihar,gaya
Bihar,GAYA,Sugarcane,2010,Whole Year,bihar,gaya
Bihar,GAYA,Rice,2010,Winter,bihar,gaya
Bihar,GOPALGANJ,Maize,2010,Autumn,bihar,gopalganj
Bihar,GOPALGANJ,Rice,2010,Autumn,bihar,gopalganj
Bihar,GOPALGANJ,Arhar/Tur,2010,Kharif,bihar,gopalganj
Bihar,GOPALGANJ,Bajra,2010,Kharif,bihar,gopalganj
Bihar,GOPALGANJ,Jute,2010,Kharif,bihar,gopalganj
Bihar,GOPALGANJ,Mesta,2010,Kharif,bihar,gopalganj
Bihar,GOPALGANJ,Moong(Green Gram),2010,Kharif,bihar,gopalganj
Bihar,GOPALGANJ,Ragi,2010,Kharif,bihar,gopalganj
Bihar,GOPALGANJ,Sesamum,2010,Kharif,bihar,gopalganj
Bihar,GOPALGANJ,Small millets,2010,Kharif,bihar,gopalganj
Bihar,GOPALGANJ,Urad,2010,Kharif,bihar,gopalganj
Bihar,GOPALGANJ,Barley,2010,Rabi,bihar,gopalganj
Bihar,GOPALGANJ,Khesari,2010,Rabi,bihar,gopalganj
Bihar,GOPALGANJ,Linseed,2010,Rabi,bihar,gopalganj
Bihar,GOPALGANJ,Maize,2010,Rabi,bihar,gopalganj
Bihar,GOPALGANJ,Masoor,2010,Rabi,bihar,gopalganj
Bihar,GOPALGANJ,Other  Rabi pulses,2010,Rabi,bihar,gopalganj
Bihar,GOPALGANJ,Peas & beans (Pulses),2010,Rabi,bihar,gopalganj
Bihar,GOPALGANJ,Rapeseed &Mustard,2010,Rabi,bihar,gopalganj
Bihar,GOPALGANJ,Wheat,2010,Rabi,bihar,gopalganj
Bihar,GOPALGANJ,Maize,2010,Summer,bihar,gopalganj
Bihar,GOPALGANJ,Moong(Green Gram),2010,Summer,bihar,gopalganj
Bihar,GOPALGANJ,Sugarcane,2010,Whole Year,bihar,gopalganj
Bihar,GOPALGANJ,Tobacco,2010,Whole Year,bihar,gopalganj
Bihar,GOPALGANJ,Rice,2010,Winter,bihar,gopalganj
Bihar,JAMUI,Maize,2010,Autumn,bihar,jamui
Bihar,JAMUI,Rice,2010,Autumn,bihar,jamui
Bihar,JAMUI,Arhar/Tur,2010,Kharif,bihar,jamui
Bihar,JAMUI,Horse-gram,2010,Kharif,bihar,jamui
Bihar,JAMUI,Moong(Green Gram),2010,Kharif,bihar,jamui
Bihar,JAMUI,Other Kharif pulses,2010,Kharif,bihar,jamui
Bihar,JAMUI,Urad,2010,Kharif,bihar,jamui
Bihar,JAMUI,Barley,2010,Rabi,bihar,jamui
Bihar,JAMUI,Gram,2010,Rabi,bihar,jamui
Bihar,JAMUI,Khesari,2010,Rabi,bihar,jamui
Bihar,JAMUI,Linseed,2010,Rabi,bihar,jamui
Bihar,JAMUI,Maize,2010,Rabi,bihar,jamui
Bihar,JAMUI,Masoor,2010,Rabi,bihar,jamui
Bihar,JAMUI,Peas & beans (Pulses),2010,Rabi,bihar,jamui
Bihar,JAMUI,Rapeseed &Mustard,2010,Rabi,bihar,jamui
Bihar,JAMUI,Wheat,2010,Rabi,bihar,jamui
Bihar,JAMUI,Maize,2010,Summer,bihar,jamui
Bihar,JAMUI,Moong(Green Gram),2010,Summer,bihar,jamui
Bihar,JAMUI,Sugarcane,2010,Whole Year,bihar,jamui
Bihar,JAMUI,Rice,2010,Winter,bihar,jamui
Bihar,JEHANABAD,Maize,2010,Autumn,bihar,jehanabad
Bihar,JEHANABAD,Arhar/Tur,2010,Kharif,bihar,jehanabad
Bihar,JEHANABAD,Mesta,2010,Kharif,bihar,jehanabad
Bihar,JEHANABAD,Moong(Green Gram),2010,Kharif,bihar,jehanabad
Bihar,JEHANABAD,Other Kharif pulses,2010,Kharif,bihar,jehanabad
Bihar,JEHANABAD,Ragi,2010,Kharif,bihar,jehanabad
Bihar,JEHANABAD,Sesamum,2010,Kharif,bihar,jehanabad
Bihar,JEHANABAD,Barley,2010,Rabi,bihar,jehanabad
Bihar,JEHANABAD,Gram,2010,Rabi,bihar,jehanabad
Bihar,JEHANABAD,Khesari,2010,Rabi,bihar,jehanabad
Bihar,JEHANABAD,Linseed,2010,Rabi,bihar,jehanabad
Bihar,JEHANABAD,Maize,2010,Rabi,bihar,jehanabad
Bihar,JEHANABAD,Masoor,2010,Rabi,bihar,jehanabad
Bihar,JEHANABAD,Peas & beans (Pulses),2010,Rabi,bihar,jehanabad
Bihar,JEHANABAD,Rapeseed &Mustard,2010,Rabi,bihar,jehanabad
Bihar,JEHANABAD,Wheat,2010,Rabi,bihar,jehanabad
Bihar,JEHANABAD,Maize,2010,Summer,bihar,jehanabad
Bihar,JEHANABAD,Moong(Green Gram),2010,Summer,bihar,jehanabad
Bihar,JEHANABAD,Sugarcane,2010,Whole Year,bihar,jehanabad
Bihar,JEHANABAD,Rice,2010,Winter,bihar,jehanabad
Bihar,KAIMUR (BHABUA),Maize,2010,Autumn,bihar,kaimur (bhabua)
Bihar,KAIMUR (BHABUA),Rice,2010,Autumn,bihar,kaimur (bhabua)
Bihar,KAIMUR (BHABUA),Arhar/Tur,2010,Kharif,bihar,kaimur (bhabua)
Bihar,KAIMUR (BHABUA),Moong(Green Gram),2010,Kharif,bihar,kaimur (bhabua)
Bihar,KAIMUR (BHABUA),Other Kharif pulses,2010,Kharif,bihar,kaimur (bhabua)
Bihar,KAIMUR (BHABUA),Sesamum,2010,Kharif,bihar,kaimur (bhabua)
Bihar,KAIMUR (BHABUA),Small millets,2010,Kharif,bihar,kaimur (bhabua)
Bihar,KAIMUR (BHABUA),Urad,2010,Kharif,bihar,kaimur (bhabua)
Bihar,KAIMUR (BHABUA),Barley,2010,Rabi,bihar,kaimur (bhabua)
Bihar,KAIMUR (BHABUA),Gram,2010,Rabi,bihar,kaimur (bhabua)
Bihar,KAIMUR (BHABUA),Khesari,2010,Rabi,bihar,kaimur (bhabua)
Bihar,KAIMUR (BHABUA),Linseed,2010,Rabi,bihar,kaimur (bhabua)
Bihar,KAIMUR (BHABUA),Masoor,2010,Rabi,bihar,kaimur (bhabua)
Bihar,KAIMUR (BHABUA),Peas & beans (Pulses),2010,Rabi,bihar,kaimur (bhabua)
Bihar,KAIMUR (BHABUA),Rapeseed &Mustard,2010,Rabi,bihar,kaimur (bhabua)
Bihar,KAIMUR (BHABUA),Wheat,2010,Rabi,bihar,kaimur (bhabua)
Bihar,KAIMUR (BHABUA),Moong(Green Gram),2010,Summer,bihar,kaimur (bhabua)
Bihar,KAIMUR (BHABUA),Sugarcane,2010,Whole Year,bihar,kaimur (bhabua)
Bihar,KAIMUR (BHABUA),Rice,2010,Winter,bihar,kaimur (bhabua)
Bihar,KATIHAR,Maize,2010,Autumn,bihar,katihar
Bihar,KATIHAR,Rice,2010,Autumn,bihar,katihar
Bihar,KATIHAR,Arhar/Tur,2010,Kharif,bihar,katihar
Bihar,KATIHAR,Horse-gram,2010,Kharif,bihar,katihar
Bihar,KATIHAR,Jute,2010,Kharif,bihar,katihar
Bihar,KATIHAR,Mesta,2010,Kharif,bihar,katihar
Bihar,KATIHAR,Moong(Green Gram),2010,Kharif,bihar,katihar
Bihar,KATIHAR,Small millets,2010,Kharif,bihar,katihar
Bihar,KATIHAR,Urad,2010,Kharif,bihar,katihar
Bihar,KATIHAR,Barley,2010,Rabi,bihar,katihar
Bihar,KATIHAR,Gram,2010,Rabi,bihar,katihar
Bihar,KATIHAR,Khesari,2010,Rabi,bihar,katihar
Bihar,KATIHAR,Linseed,2010,Rabi,bihar,katihar
Bihar,KATIHAR,Maize,2010,Rabi,bihar,katihar
Bihar,KATIHAR,Masoor,2010,Rabi,bihar,katihar
Bihar,KATIHAR,Other  Rabi pulses,2010,Rabi,bihar,katihar
Bihar,KATIHAR,Peas & beans (Pulses),2010,Rabi,bihar,katihar
Bihar,KATIHAR,Rapeseed &Mustard,2010,Rabi,bihar,katihar
Bihar,KATIHAR,Sunflower,2010,Rabi,bihar,katihar
Bihar,KATIHAR,Wheat,2010,Rabi,bihar,katihar
Bihar,KATIHAR,Maize,2010,Summer,bihar,katihar
Bihar,KATIHAR,Moong(Green Gram),2010,Summer,bihar,katihar
Bihar,KATIHAR,Rice,2010,Summer,bihar,katihar
Bihar,KATIHAR,Sugarcane,2010,Whole Year,bihar,katihar
Bihar,KATIHAR,Tobacco,2010,Whole Year,bihar,katihar
Bihar,KATIHAR,Rice,2010,Winter,bihar,katihar
Bihar,KHAGARIA,Maize,2010,Autumn,bihar,khagaria
Bihar,KHAGARIA,Rice,2010,Autumn,bihar,khagaria
Bihar,KHAGARIA,Arhar/Tur,2010,Kharif,bihar,khagaria
Bihar,KHAGARIA,Horse-gram,2010,Kharif,bihar,khagaria
Bihar,KHAGARIA,Jowar,2010,Kharif,bihar,khagaria
Bihar,KHAGARIA,Jute,2010,Kharif,bihar,khagaria
Bihar,KHAGARIA,Mesta,2010,Kharif,bihar,khagaria
Bihar,KHAGARIA,Moong(Green Gram),2010,Kharif,bihar,khagaria
Bihar,KHAGARIA,Other Kharif pulses,2010,Kharif,bihar,khagaria
Bihar,KHAGARIA,Ragi,2010,Kharif,bihar,khagaria
Bihar,KHAGARIA,Sesamum,2010,Kharif,bihar,khagaria
Bihar,KHAGARIA,Small millets,2010,Kharif,bihar,khagaria
Bihar,KHAGARIA,Urad,2010,Kharif,bihar,khagaria
Bihar,KHAGARIA,Barley,2010,Rabi,bihar,khagaria
Bihar,KHAGARIA,Gram,2010,Rabi,bihar,khagaria
Bihar,KHAGARIA,Khesari,2010,Rabi,bihar,khagaria
Bihar,KHAGARIA,Linseed,2010,Rabi,bihar,khagaria
Bihar,KHAGARIA,Maize,2010,Rabi,bihar,khagaria
Bihar,KHAGARIA,Masoor,2010,Rabi,bihar,khagaria
Bihar,KHAGARIA,Other  Rabi pulses,2010,Rabi,bihar,khagaria
Bihar,KHAGARIA,Peas & beans (Pulses),2010,Rabi,bihar,khagaria
Bihar,KHAGARIA,Rapeseed &Mustard,2010,Rabi,bihar,khagaria
Bihar,KHAGARIA,Sunflower,2010,Rabi,bihar,khagaria
Bihar,KHAGARIA,Wheat,2010,Rabi,bihar,khagaria
Bihar,KHAGARIA,Maize,2010,Summer,bihar,khagaria
Bihar,KHAGARIA,Moong(Green Gram),2010,Summer,bihar,khagaria
Bihar,KHAGARIA,Rice,2010,Summer,bihar,khagaria
Bihar,KHAGARIA,Sugarcane,2010,Whole Year,bihar,khagaria
Bihar,KHAGARIA,Rice,2010,Winter,bihar,khagaria
Bihar,KISHANGANJ,Maize,2010,Autumn,bihar,kishanganj
Bihar,KISHANGANJ,Rice,2010,Autumn,bihar,kishanganj
Bihar,KISHANGANJ,Arhar/Tur,2010,Kharif,bihar,kishanganj
Bihar,KISHANGANJ,Horse-gram,2010,Kharif,bihar,kishanganj
Bihar,KISHANGANJ,Jute,2010,Kharif,bihar,kishanganj
Bihar,KISHANGANJ,Mesta,2010,Kharif,bihar,kishanganj
Bihar,KISHANGANJ,Moong(Green Gram),2010,Kharif,bihar,kishanganj
Bihar,KISHANGANJ,Ragi,2010,Kharif,bihar,kishanganj
Bihar,KISHANGANJ,Sesamum,2010,Kharif,bihar,kishanganj
Bihar,KISHANGANJ,Urad,2010,Kharif,bihar,kishanganj
Bihar,KISHANGANJ,Gram,2010,Rabi,bihar,kishanganj
Bihar,KISHANGANJ,Khesari,2010,Rabi,bihar,kishanganj
Bihar,KISHANGANJ,Linseed,2010,Rabi,bihar,kishanganj
Bihar,KISHANGANJ,Maize,2010,Rabi,bihar,kishanganj
Bihar,KISHANGANJ,Masoor,2010,Rabi,bihar,kishanganj
Bihar,KISHANGANJ,Peas & beans (Pulses),2010,Rabi,bihar,kishanganj
Bihar,KISHANGANJ,Rapeseed &Mustard,2010,Rabi,bihar,kishanganj
Bihar,KISHANGANJ,Wheat,2010,Rabi,bihar,kishanganj
Bihar,KISHANGANJ,Maize,2010,Summer,bihar,kishanganj
Bihar,KISHANGANJ,Moong(Green Gram),2010,Summer,bihar,kishanganj
Bihar,KISHANGANJ,Rice,2010,Summer,bihar,kishanganj
Bihar,KISHANGANJ,Sugarcane,2010,Whole Year,bihar,kishanganj
Bihar,KISHANGANJ,Tobacco,2010,Whole Year,bihar,kishanganj
Bihar,KISHANGANJ,Rice,2010,Winter,bihar,kishanganj
Bihar,LAKHISARAI,Maize,2010,Autumn,bihar,lakhisarai
Bihar,LAKHISARAI,Arhar/Tur,2010,Kharif,bihar,lakhisarai
Bihar,LAKHISARAI,Moong(Green Gram),2010,Kharif,bihar,lakhisarai
Bihar,LAKHISARAI,Urad,2010,Kharif,bihar,lakhisarai
Bihar,LAKHISARAI,Gram,2010,Rabi,bihar,lakhisarai
Bihar,LAKHISARAI,Khesari,2010,Rabi,bihar,lakhisarai
Bihar,LAKHISARAI,Linseed,2010,Rabi,bihar,lakhisarai
Bihar,LAKHISARAI,Masoor,2010,Rabi,bihar,lakhisarai
Bihar,LAKHISARAI,Peas & beans (Pulses),2010,Rabi,bihar,lakhisarai
Bihar,LAKHISARAI,Wheat,2010,Rabi,bihar,lakhisarai
Bihar,LAKHISARAI,Maize,2010,Summer,bihar,lakhisarai
Bihar,LAKHISARAI,Sugarcane,2010,Whole Year,bihar,lakhisarai
Bihar,LAKHISARAI,Rice,2010,Winter,bihar,lakhisarai
Bihar,MADHEPURA,Maize,2010,Autumn,bihar,madhepura
Bihar,MADHEPURA,Rice,2010,Autumn,bihar,madhepura
Bihar,MADHEPURA,Arhar/Tur,2010,Kharif,bihar,madhepura
Bihar,MADHEPURA,Horse-gram,2010,Kharif,bihar,madhepura
Bihar,MADHEPURA,Jute,2010,Kharif,bihar,madhepura
Bihar,MADHEPURA,Mesta,2010,Kharif,bihar,madhepura
Bihar,MADHEPURA,Moong(Green Gram),2010,Kharif,bihar,madhepura
Bihar,MADHEPURA,Ragi,2010,Kharif,bihar,madhepura
Bihar,MADHEPURA,Sesamum,2010,Kharif,bihar,madhepura
Bihar,MADHEPURA,Small millets,2010,Kharif,bihar,madhepura
Bihar,MADHEPURA,Urad,2010,Kharif,bihar,madhepura
Bihar,MADHEPURA,Khesari,2010,Rabi,bihar,madhepura
Bihar,MADHEPURA,Linseed,2010,Rabi,bihar,madhepura
Bihar,MADHEPURA,Maize,2010,Rabi,bihar,madhepura
Bihar,MADHEPURA,Masoor,2010,Rabi,bihar,madhepura
Bihar,MADHEPURA,Peas & beans (Pulses),2010,Rabi,bihar,madhepura
Bihar,MADHEPURA,Rapeseed &Mustard,2010,Rabi,bihar,madhepura
Bihar,MADHEPURA,Sunflower,2010,Rabi,bihar,madhepura
Bihar,MADHEPURA,Wheat,2010,Rabi,bihar,madhepura
Bihar,MADHEPURA,Maize,2010,Summer,bihar,madhepura
Bihar,MADHEPURA,Moong(Green Gram),2010,Summer,bihar,madhepura
Bihar,MADHEPURA,Rice,2010,Summer,bihar,madhepura
Bihar,MADHEPURA,Sugarcane,2010,Whole Year,bihar,madhepura
Bihar,MADHEPURA,Rice,2010,Winter,bihar,madhepura
Bihar,MADHUBANI,Maize,2010,Autumn,bihar,madhubani
Bihar,MADHUBANI,Rice,2010,Autumn,bihar,madhubani
Bihar,MADHUBANI,Arhar/Tur,2010,Kharif,bihar,madhubani
Bihar,MADHUBANI,Castor seed,2010,Kharif,bihar,madhubani
Bihar,MADHUBANI,Horse-gram,2010,Kharif,bihar,madhubani
Bihar,MADHUBANI,Jute,2010,Kharif,bihar,madhubani
Bihar,MADHUBANI,Mesta,2010,Kharif,bihar,madhubani
Bihar,MADHUBANI,Moong(Green Gram),2010,Kharif,bihar,madhubani
Bihar,MADHUBANI,Other Kharif pulses,2010,Kharif,bihar,madhubani
Bihar,MADHUBANI,Ragi,2010,Kharif,bihar,madhubani
Bihar,MADHUBANI,Sesamum,2010,Kharif,bihar,madhubani
Bihar,MADHUBANI,Urad,2010,Kharif,bihar,madhubani
Bihar,MADHUBANI,Barley,2010,Rabi,bihar,madhubani
Bihar,MADHUBANI,Gram,2010,Rabi,bihar,madhubani
Bihar,MADHUBANI,Khesari,2010,Rabi,bihar,madhubani
Bihar,MADHUBANI,Linseed,2010,Rabi,bihar,madhubani
Bihar,MADHUBANI,Maize,2010,Rabi,bihar,madhubani
Bihar,MADHUBANI,Masoor,2010,Rabi,bihar,madhubani
Bihar,MADHUBANI,Other  Rabi pulses,2010,Rabi,bihar,madhubani
Bihar,MADHUBANI,Peas & beans (Pulses),2010,Rabi,bihar,madhubani
Bihar,MADHUBANI,Rapeseed &Mustard,2010,Rabi,bihar,madhubani
Bihar,MADHUBANI,Sunflower,2010,Rabi,bihar,madhubani
Bihar,MADHUBANI,Wheat,2010,Rabi,bihar,madhubani
Bihar,MADHUBANI,Maize,2010,Summer,bihar,madhubani
Bihar,MADHUBANI,Moong(Green Gram),2010,Summer,bihar,madhubani
Bihar,MADHUBANI,Rice,2010,Summer,bihar,madhubani
Bihar,MADHUBANI,Sugarcane,2010,Whole Year,bihar,madhubani
Bihar,MADHUBANI,Rice,2010,Winter,bihar,madhubani
Bihar,MUNGER,Maize,2010,Autumn,bihar,munger
Bihar,MUNGER,Arhar/Tur,2010,Kharif,bihar,munger
Bihar,MUNGER,Groundnut,2010,Kharif,bihar,munger
Bihar,MUNGER,Horse-gram,2010,Kharif,bihar,munger
Bihar,MUNGER,Moong(Green Gram),2010,Kharif,bihar,munger
Bihar,MUNGER,Other Kharif pulses,2010,Kharif,bihar,munger
Bihar,MUNGER,Safflower,2010,Kharif,bihar,munger
Bihar,MUNGER,Small millets,2010,Kharif,bihar,munger
Bihar,MUNGER,Urad,2010,Kharif,bihar,munger
Bihar,MUNGER,Barley,2010,Rabi,bihar,munger
Bihar,MUNGER,Gram,2010,Rabi,bihar,munger
Bihar,MUNGER,Khesari,2010,Rabi,bihar,munger
Bihar,MUNGER,Linseed,2010,Rabi,bihar,munger
Bihar,MUNGER,Maize,2010,Rabi,bihar,munger
Bihar,MUNGER,Masoor,2010,Rabi,bihar,munger
Bihar,MUNGER,Peas & beans (Pulses),2010,Rabi,bihar,munger
Bihar,MUNGER,Rapeseed &Mustard,2010,Rabi,bihar,munger
Bihar,MUNGER,Wheat,2010,Rabi,bihar,munger
Bihar,MUNGER,Maize,2010,Summer,bihar,munger
Bihar,MUNGER,Moong(Green Gram),2010,Summer,bihar,munger
Bihar,MUNGER,Rice,2010,Summer,bihar,munger
Bihar,MUNGER,Sugarcane,2010,Whole Year,bihar,munger
Bihar,MUNGER,Rice,2010,Winter,bihar,munger
Bihar,MUZAFFARPUR,Maize,2010,Autumn,bihar,muzaffarpur
Bihar,MUZAFFARPUR,Rice,2010,Autumn,bihar,muzaffarpur
Bihar,MUZAFFARPUR,Arhar/Tur,2010,Kharif,bihar,muzaffarpur
Bihar,MUZAFFARPUR,Mesta,2010,Kharif,bihar,muzaffarpur
Bihar,MUZAFFARPUR,Ragi,2010,Kharif,bihar,muzaffarpur
Bihar,MUZAFFARPUR,Safflower,2010,Kharif,bihar,muzaffarpur
Bihar,MUZAFFARPUR,Sesamum,2010,Kharif,bihar,muzaffarpur
Bihar,MUZAFFARPUR,Small millets,2010,Kharif,bihar,muzaffarpur
Bihar,MUZAFFARPUR,Urad,2010,Kharif,bihar,muzaffarpur
Bihar,MUZAFFARPUR,Barley,2010,Rabi,bihar,muzaffarpur
Bihar,MUZAFFARPUR,Gram,2010,Rabi,bihar,muzaffarpur
Bihar,MUZAFFARPUR,Khesari,2010,Rabi,bihar,muzaffarpur
Bihar,MUZAFFARPUR,Linseed,2010,Rabi,bihar,muzaffarpur
Bihar,MUZAFFARPUR,Maize,2010,Rabi,bihar,muzaffarpur
Bihar,MUZAFFARPUR,Masoor,2010,Rabi,bihar,muzaffarpur
Bihar,MUZAFFARPUR,Other  Rabi pulses,2010,Rabi,bihar,muzaffarpur
Bihar,MUZAFFARPUR,Peas & beans (Pulses),2010,Rabi,bihar,muzaffarpur
Bihar,MUZAFFARPUR,Rapeseed &Mustard,2010,Rabi,bihar,muzaffarpur
Bihar,MUZAFFARPUR,Sunflower,2010,Rabi,bihar,muzaffarpur
Bihar,MUZAFFARPUR,Wheat,2010,Rabi,bihar,muzaffarpur
Bihar,MUZAFFARPUR,Maize,2010,Summer,bihar,muzaffarpur
Bihar,MUZAFFARPUR,Moong(Green Gram),2010,Summer,bihar,muzaffarpur
Bihar,MUZAFFARPUR,Rice,2010,Summer,bihar,muzaffarpur
Bihar,MUZAFFARPUR,Sugarcane,2010,Whole Year,bihar,muzaffarpur
Bihar,MUZAFFARPUR,Tobacco,2010,Whole Year,bihar,muzaffarpur
Bihar,MUZAFFARPUR,Rice,2010,Winter,bihar,muzaffarpur
Bihar,NALANDA,Maize,2010,Autumn,bihar,nalanda
Bihar,NALANDA,Arhar/Tur,2010,Kharif,bihar,nalanda
Bihar,NALANDA,Groundnut,2010,Kharif,bihar,nalanda
Bihar,NALANDA,Moong(Green Gram),2010,Kharif,bihar,nalanda
Bihar,NALANDA,Ragi,2010,Kharif,bihar,nalanda
Bihar,NALANDA,Urad,2010,Kharif,bihar,nalanda
Bihar,NALANDA,Barley,2010,Rabi,bihar,nalanda
Bihar,NALANDA,Gram,2010,Rabi,bihar,nalanda
Bihar,NALANDA,Khesari,2010,Rabi,bihar,nalanda
Bihar,NALANDA,Maize,2010,Rabi,bihar,nalanda
Bihar,NALANDA,Masoor,2010,Rabi,bihar,nalanda
Bihar,NALANDA,Peas & beans (Pulses),2010,Rabi,bihar,nalanda
Bihar,NALANDA,Rapeseed &Mustard,2010,Rabi,bihar,nalanda
Bihar,NALANDA,Sunflower,2010,Rabi,bihar,nalanda
Bihar,NALANDA,Wheat,2010,Rabi,bihar,nalanda
Bihar,NALANDA,Maize,2010,Summer,bihar,nalanda
Bihar,NALANDA,Moong(Green Gram),2010,Summer,bihar,nalanda
Bihar,NALANDA,Rice,2010,Summer,bihar,nalanda
Bihar,NALANDA,Sugarcane,2010,Whole Year,bihar,nalanda
Bihar,NALANDA,Rice,2010,Winter,bihar,nalanda
Bihar,NAWADA,Maize,2010,Autumn,bihar,nawada
Bihar,NAWADA,Arhar/Tur,2010,Kharif,bihar,nawada
Bihar,NAWADA,Groundnut,2010,Kharif,bihar,nawada
Bihar,NAWADA,Horse-gram,2010,Kharif,bihar,nawada
Bihar,NAWADA,Jowar,2010,Kharif,bihar,nawada
Bihar,NAWADA,Moong(Green Gram),2010,Kharif,bihar,nawada
Bihar,NAWADA,Other Kharif pulses,2010,Kharif,bihar,nawada
Bihar,NAWADA,Ragi,2010,Kharif,bihar,nawada
Bihar,NAWADA,Sesamum,2010,Kharif,bihar,nawada
Bihar,NAWADA,Urad,2010,Kharif,bihar,nawada
Bihar,NAWADA,Barley,2010,Rabi,bihar,nawada
Bihar,NAWADA,Gram,2010,Rabi,bihar,nawada
Bihar,NAWADA,Khesari,2010,Rabi,bihar,nawada
Bihar,NAWADA,Linseed,2010,Rabi,bihar,nawada
Bihar,NAWADA,Maize,2010,Rabi,bihar,nawada
Bihar,NAWADA,Masoor,2010,Rabi,bihar,nawada
Bihar,NAWADA,Peas & beans (Pulses),2010,Rabi,bihar,nawada
Bihar,NAWADA,Rapeseed &Mustard,2010,Rabi,bihar,nawada
Bihar,NAWADA,Sunflower,2010,Rabi,bihar,nawada
Bihar,NAWADA,Wheat,2010,Rabi,bihar,nawada
Bihar,NAWADA,Maize,2010,Summer,bihar,nawada
Bihar,NAWADA,Moong(Green Gram),2010,Summer,bihar,nawada
Bihar,NAWADA,Sugarcane,2010,Whole Year,bihar,nawada
Bihar,NAWADA,Rice,2010,Winter,bihar,nawada
Bihar,PASHCHIM CHAMPARAN,Maize,2010,Autumn,bihar,pashchim champaran
Bihar,PASHCHIM CHAMPARAN,Rice,2010,Autumn,bihar,pashchim champaran
Bihar,PASHCHIM CHAMPARAN,Arhar/Tur,2010,Kharif,bihar,pashchim champaran
Bihar,PASHCHIM CHAMPARAN,Jute,2010,Kharif,bihar,pashchim champaran
Bihar,PASHCHIM CHAMPARAN,Mesta,2010,Kharif,bihar,pashchim champaran
Bihar,PASHCHIM CHAMPARAN,Moong(Green Gram),2010,Kharif,bihar,pashchim champaran
Bihar,PASHCHIM CHAMPARAN,Other Kharif pulses,2010,Kharif,bihar,pashchim champaran
Bihar,PASHCHIM CHAMPARAN,Ragi,2010,Kharif,bihar,pashchim champaran
Bihar,PASHCHIM CHAMPARAN,Safflower,2010,Kharif,bihar,pashchim champaran
Bihar,PASHCHIM CHAMPARAN,Sesamum,2010,Kharif,bihar,pashchim champaran
Bihar,PASHCHIM CHAMPARAN,Small millets,2010,Kharif,bihar,pashchim champaran
Bihar,PASHCHIM CHAMPARAN,Urad,2010,Kharif,bihar,pashchim champaran
Bihar,PASHCHIM CHAMPARAN,Barley,2010,Rabi,bihar,pashchim champaran
Bihar,PASHCHIM CHAMPARAN,Gram,2010,Rabi,bihar,pashchim champaran
Bihar,PASHCHIM CHAMPARAN,Khesari,2010,Rabi,bihar,pashchim champaran
Bihar,PASHCHIM CHAMPARAN,Linseed,2010,Rabi,bihar,pashchim champaran
Bihar,PASHCHIM CHAMPARAN,Maize,2010,Rabi,bihar,pashchim champaran
Bihar,PASHCHIM CHAMPARAN,Masoor,2010,Rabi,bihar,pashchim champaran
Bihar,PASHCHIM CHAMPARAN,Other  Rabi pulses,2010,Rabi,bihar,pashchim champaran
Bihar,PASHCHIM CHAMPARAN,Peas & beans (Pulses),2010,Rabi,bihar,pashchim champaran
Bihar,PASHCHIM CHAMPARAN,Rapeseed &Mustard,2010,Rabi,bihar,pashchim champaran
Bihar,PASHCHIM CHAMPARAN,Sunflower,2010,Rabi,bihar,pashchim champaran
Bihar,PASHCHIM CHAMPARAN,Wheat,2010,Rabi,bihar,pashchim champaran
Bihar,PASHCHIM CHAMPARAN,Maize,2010,Summer,bihar,pashchim champaran
Bihar,PASHCHIM CHAMPARAN,Moong(Green Gram),2010,Summer,bihar,pashchim champaran
Bihar,PASHCHIM CHAMPARAN,Rice,2010,Summer,bihar,pashchim champaran
Bihar,PASHCHIM CHAMPARAN,Sugarcane,2010,Whole Year,bihar,pashchim champaran
Bihar,PASHCHIM CHAMPARAN,Rice,2010,Winter,bihar,pashchim champaran
Bihar,PATNA,Maize,2010,Autumn,bihar,patna
Bihar,PATNA,Rice,2010,Autumn,bihar,patna
Bihar,PATNA,Arhar/Tur,2010,Kharif,bihar,patna
Bihar,PATNA,Other Kharif pulses,2010,Kharif,bihar,patna
Bihar,PATNA,Barley,2010,Rabi,bihar,patna
Bihar,PATNA,Gram,2010,Rabi,bihar,patna
Bihar,PATNA,Khesari,2010,Rabi,bihar,patna
Bihar,PATNA,Linseed,2010,Rabi,bihar,patna
Bihar,PATNA,Maize,2010,Rabi,bihar,patna
Bihar,PATNA,Masoor,2010,Rabi,bihar,patna
Bihar,PATNA,Peas & beans (Pulses),2010,Rabi,bihar,patna
Bihar,PATNA,Rapeseed &Mustard,2010,Rabi,bihar,patna
Bihar,PATNA,Sunflower,2010,Rabi,bihar,patna
Bihar,PATNA,Wheat,2010,Rabi,bihar,patna
Bihar,PATNA,Maize,2010,Summer,bihar,patna
Bihar,PATNA,Moong(Green Gram),2010,Summer,bihar,patna
Bihar,PATNA,Sugarcane,2010,Whole Year,bihar,patna
Bihar,PATNA,Rice,2010,Winter,bihar,patna
Bihar,PURBI CHAMPARAN,Maize,2010,Autumn,bihar,purbi champaran
Bihar,PURBI CHAMPARAN,Rice,2010,Autumn,bihar,purbi champaran
Bihar,PURBI CHAMPARAN,Arhar/Tur,2010,Kharif,bihar,purbi champaran
Bihar,PURBI CHAMPARAN,Jute,2010,Kharif,bihar,purbi champaran
Bihar,PURBI CHAMPARAN,Mesta,2010,Kharif,bihar,purbi champaran
Bihar,PURBI CHAMPARAN,Moong(Green Gram),2010,Kharif,bihar,purbi champaran
Bihar,PURBI CHAMPARAN,Other Kharif pulses,2010,Kharif,bihar,purbi champaran
Bihar,PURBI CHAMPARAN,Ragi,2010,Kharif,bihar,purbi champaran
Bihar,PURBI CHAMPARAN,Sesamum,2010,Kharif,bihar,purbi champaran
Bihar,PURBI CHAMPARAN,Small millets,2010,Kharif,bihar,purbi champaran
Bihar,PURBI CHAMPARAN,Urad,2010,Kharif,bihar,purbi champaran
Bihar,PURBI CHAMPARAN,Barley,2010,Rabi,bihar,purbi champaran
Bihar,PURBI CHAMPARAN,Gram,2010,Rabi,bihar,purbi champaran
Bihar,PURBI CHAMPARAN,Khesari,2010,Rabi,bihar,purbi champaran
Bihar,PURBI CHAMPARAN,Linseed,2010,Rabi,bihar,purbi champaran
Bihar,PURBI CHAMPARAN,Maize,2010,Rabi,bihar,purbi champaran
Bihar,PURBI CHAMPARAN,Masoor,2010,Rabi,bihar,purbi champaran
Bihar,PURBI CHAMPARAN,Other  Rabi pulses,2010,Rabi,bihar,purbi champaran
Bihar,PURBI CHAMPARAN,Peas & beans (Pulses),2010,Rabi,bihar,purbi champaran
Bihar,PURBI CHAMPARAN,Rapeseed &Mustard,2010,Rabi,bihar,purbi champaran
Bihar,PURBI CHAMPARAN,Sunflower,2010,Rabi,bihar,purbi champaran
Bihar,PURBI CHAMPARAN,Wheat,2010,Rabi,bihar,purbi champaran
Bihar,PURBI CHAMPARAN,Maize,2010,Summer,bihar,purbi champaran
Bihar,PURBI CHAMPARAN,Moong(Green Gram),2010,Summer,bihar,purbi champaran
Bihar,PURBI CHAMPARAN,Rice,2010,Summer,bihar,purbi champaran
Bihar,PURBI CHAMPARAN,Sugarcane,2010,Whole Year,bihar,purbi champaran
Bihar,PURBI CHAMPARAN,Rice,2010,Winter,bihar,purbi champaran
Bihar,PURNIA,Maize,2010,Autumn,bihar,purnia
Bihar,PURNIA,Rice,2010,Autumn,bihar,purnia
Bihar,PURNIA,Arhar/Tur,2010,Kharif,bihar,purnia
Bihar,PURNIA,Horse-gram,2010,Kharif,bihar,purnia
Bihar,PURNIA,Jute,2010,Kharif,bihar,purnia
Bihar,PURNIA,Mesta,2010,Kharif,bihar,purnia
Bihar,PURNIA,Moong(Green Gram),2010,Kharif,bihar,purnia
Bihar,PURNIA,Sesamum,2010,Kharif,bihar,purnia
Bihar,PURNIA,Urad,2010,Kharif,bihar,purnia
Bihar,PURNIA,Barley,2010,Rabi,bihar,purnia
Bihar,PURNIA,Gram,2010,Rabi,bihar,purnia
Bihar,PURNIA,Khesari,2010,Rabi,bihar,purnia
Bihar,PURNIA,Linseed,2010,Rabi,bihar,purnia
Bihar,PURNIA,Maize,2010,Rabi,bihar,purnia
Bihar,PURNIA,Masoor,2010,Rabi,bihar,purnia
Bihar,PURNIA,Peas & beans (Pulses),2010,Rabi,bihar,purnia
Bihar,PURNIA,Rapeseed &Mustard,2010,Rabi,bihar,purnia
Bihar,PURNIA,Sunflower,2010,Rabi,bihar,purnia
Bihar,PURNIA,Wheat,2010,Rabi,bihar,purnia
Bihar,PURNIA,Maize,2010,Summer,bihar,purnia
Bihar,PURNIA,Moong(Green Gram),2010,Summer,bihar,purnia
Bihar,PURNIA,Rice,2010,Summer,bihar,purnia
Bihar,PURNIA,Sugarcane,2010,Whole Year,bihar,purnia
Bihar,PURNIA,Tobacco,2010,Whole Year,bihar,purnia
Bihar,PURNIA,Rice,2010,Winter,bihar,purnia
Bihar,ROHTAS,Maize,2010,Autumn,bihar,rohtas
Bihar,ROHTAS,Rice,2010,Autumn,bihar,rohtas
Bihar,ROHTAS,Arhar/Tur,2010,Kharif,bihar,rohtas
Bihar,ROHTAS,Bajra,2010,Kharif,bihar,rohtas
Bihar,ROHTAS,Groundnut,2010,Kharif,bihar,rohtas
Bihar,ROHTAS,Horse-gram,2010,Kharif,bihar,rohtas
Bihar,ROHTAS,Jowar,2010,Kharif,bihar,rohtas
Bihar,ROHTAS,Mesta,2010,Kharif,bihar,rohtas
Bihar,ROHTAS,Moong(Green Gram),2010,Kharif,bihar,rohtas
Bihar,ROHTAS,Other Kharif pulses,2010,Kharif,bihar,rohtas
Bihar,ROHTAS,Ragi,2010,Kharif,bihar,rohtas
Bihar,ROHTAS,Sesamum,2010,Kharif,bihar,rohtas
Bihar,ROHTAS,Urad,2010,Kharif,bihar,rohtas
Bihar,ROHTAS,Barley,2010,Rabi,bihar,rohtas
Bihar,ROHTAS,Gram,2010,Rabi,bihar,rohtas
Bihar,ROHTAS,Khesari,2010,Rabi,bihar,rohtas
Bihar,ROHTAS,Linseed,2010,Rabi,bihar,rohtas
Bihar,ROHTAS,Masoor,2010,Rabi,bihar,rohtas
Bihar,ROHTAS,Other  Rabi pulses,2010,Rabi,bihar,rohtas
Bihar,ROHTAS,Peas & beans (Pulses),2010,Rabi,bihar,rohtas
Bihar,ROHTAS,Rapeseed &Mustard,2010,Rabi,bihar,rohtas
Bihar,ROHTAS,Wheat,2010,Rabi,bihar,rohtas
Bihar,ROHTAS,Maize,2010,Summer,bihar,rohtas
Bihar,ROHTAS,Moong(Green Gram),2010,Summer,bihar,rohtas
Bihar,ROHTAS,Rice,2010,Summer,bihar,rohtas
Bihar,ROHTAS,Sugarcane,2010,Whole Year,bihar,rohtas
Bihar,ROHTAS,Rice,2010,Winter,bihar,rohtas
Bihar,SAHARSA,Maize,2010,Autumn,bihar,saharsa
Bihar,SAHARSA,Rice,2010,Autumn,bihar,saharsa
Bihar,SAHARSA,Arhar/Tur,2010,Kharif,bihar,saharsa
Bihar,SAHARSA,Horse-gram,2010,Kharif,bihar,saharsa
Bihar,SAHARSA,Jute,2010,Kharif,bihar,saharsa
Bihar,SAHARSA,Mesta,2010,Kharif,bihar,saharsa
Bihar,SAHARSA,Ragi,2010,Kharif,bihar,saharsa
Bihar,SAHARSA,Safflower,2010,Kharif,bihar,saharsa
Bihar,SAHARSA,Sesamum,2010,Kharif,bihar,saharsa
Bihar,SAHARSA,Urad,2010,Kharif,bihar,saharsa
Bihar,SAHARSA,Khesari,2010,Rabi,bihar,saharsa
Bihar,SAHARSA,Linseed,2010,Rabi,bihar,saharsa
Bihar,SAHARSA,Maize,2010,Rabi,bihar,saharsa
Bihar,SAHARSA,Masoor,2010,Rabi,bihar,saharsa
Bihar,SAHARSA,Other  Rabi pulses,2010,Rabi,bihar,saharsa
Bihar,SAHARSA,Peas & beans (Pulses),2010,Rabi,bihar,saharsa
Bihar,SAHARSA,Rapeseed &Mustard,2010,Rabi,bihar,saharsa
Bihar,SAHARSA,Sunflower,2010,Rabi,bihar,saharsa
Bihar,SAHARSA,Wheat,2010,Rabi,bihar,saharsa
Bihar,SAHARSA,Maize,2010,Summer,bihar,saharsa
Bihar,SAHARSA,Moong(Green Gram),2010,Summer,bihar,saharsa
Bihar,SAHARSA,Rice,2010,Summer,bihar,saharsa
Bihar,SAHARSA,Sugarcane,2010,Whole Year,bihar,saharsa
Bihar,SAHARSA,Rice,2010,Winter,bihar,saharsa
Bihar,SAMASTIPUR,Maize,2010,Autumn,bihar,samastipur
Bihar,SAMASTIPUR,Rice,2010,Autumn,bihar,samastipur
Bihar,SAMASTIPUR,Arhar/Tur,2010,Kharif,bihar,samastipur
Bihar,SAMASTIPUR,Jute,2010,Kharif,bihar,samastipur
Bihar,SAMASTIPUR,Mesta,2010,Kharif,bihar,samastipur
Bihar,SAMASTIPUR,Moong(Green Gram),2010,Kharif,bihar,samastipur
Bihar,SAMASTIPUR,Other Kharif pulses,2010,Kharif,bihar,samastipur
Bihar,SAMASTIPUR,Ragi,2010,Kharif,bihar,samastipur
Bihar,SAMASTIPUR,Sesamum,2010,Kharif,bihar,samastipur
Bihar,SAMASTIPUR,Small millets,2010,Kharif,bihar,samastipur
Bihar,SAMASTIPUR,Urad,2010,Kharif,bihar,samastipur
Bihar,SAMASTIPUR,Barley,2010,Rabi,bihar,samastipur
Bihar,SAMASTIPUR,Gram,2010,Rabi,bihar,samastipur
Bihar,SAMASTIPUR,Khesari,2010,Rabi,bihar,samastipur
Bihar,SAMASTIPUR,Linseed,2010,Rabi,bihar,samastipur
Bihar,SAMASTIPUR,Maize,2010,Rabi,bihar,samastipur
Bihar,SAMASTIPUR,Masoor,2010,Rabi,bihar,samastipur
Bihar,SAMASTIPUR,Peas & beans (Pulses),2010,Rabi,bihar,samastipur
Bihar,SAMASTIPUR,Rapeseed &Mustard,2010,Rabi,bihar,samastipur
Bihar,SAMASTIPUR,Sunflower,2010,Rabi,bihar,samastipur
Bihar,SAMASTIPUR,Wheat,2010,Rabi,bihar,samastipur
Bihar,SAMASTIPUR,Maize,2010,Summer,bihar,samastipur
Bihar,SAMASTIPUR,Moong(Green Gram),2010,Summer,bihar,samastipur
Bihar,SAMASTIPUR,Rice,2010,Summer,bihar,samastipur
Bihar,SAMASTIPUR,Sugarcane,2010,Whole Year,bihar,samastipur
Bihar,SAMASTIPUR,Tobacco,2010,Whole Year,bihar,samastipur
Bihar,SAMASTIPUR,Rice,2010,Winter,bihar,samastipur
Bihar,SARAN,Maize,2010,Autumn,bihar,saran
Bihar,SARAN,Rice,2010,Autumn,bihar,saran
Bihar,SARAN,Arhar/Tur,2010,Kharif,bihar,saran
Bihar,SARAN,Mesta,2010,Kharif,bihar,saran
Bihar,SARAN,Ragi,2010,Kharif,bihar,saran
Bihar,SARAN,Small millets,2010,Kharif,bihar,saran
Bihar,SARAN,Urad,2010,Kharif,bihar,saran
Bihar,SARAN,Gram,2010,Rabi,bihar,saran
Bihar,SARAN,Khesari,2010,Rabi,bihar,saran
Bihar,SARAN,Linseed,2010,Rabi,bihar,saran
Bihar,SARAN,Maize,2010,Rabi,bihar,saran
Bihar,SARAN,Masoor,2010,Rabi,bihar,saran
Bihar,SARAN,Other  Rabi pulses,2010,Rabi,bihar,saran
Bihar,SARAN,Peas & beans (Pulses),2010,Rabi,bihar,saran
Bihar,SARAN,Rapeseed &Mustard,2010,Rabi,bihar,saran
Bihar,SARAN,Sunflower,2010,Rabi,bihar,saran
Bihar,SARAN,Wheat,2010,Rabi,bihar,saran
Bihar,SARAN,Maize,2010,Summer,bihar,saran
Bihar,SARAN,Moong(Green Gram),2010,Summer,bihar,saran
Bihar,SARAN,Rice,2010,Summer,bihar,saran
Bihar,SARAN,Sugarcane,2010,Whole Year,bihar,saran
Bihar,SARAN,Rice,2010,Winter,bihar,saran
Bihar,SHEIKHPURA,Maize,2010,Autumn,bihar,sheikhpura
Bihar,SHEIKHPURA,Arhar/Tur,2010,Kharif,bihar,sheikhpura
Bihar,SHEIKHPURA,Sesamum,2010,Kharif,bihar,sheikhpura
Bihar,SHEIKHPURA,Barley,2010,Rabi,bihar,sheikhpura
Bihar,SHEIKHPURA,Gram,2010,Rabi,bihar,sheikhpura
Bihar,SHEIKHPURA,Khesari,2010,Rabi,bihar,sheikhpura
Bihar,SHEIKHPURA,Linseed,2010,Rabi,bihar,sheikhpura
Bihar,SHEIKHPURA,Maize,2010,Rabi,bihar,sheikhpura
Bihar,SHEIKHPURA,Masoor,2010,Rabi,bihar,sheikhpura
Bihar,SHEIKHPURA,Peas & beans (Pulses),2010,Rabi,bihar,sheikhpura
Bihar,SHEIKHPURA,Rapeseed &Mustard,2010,Rabi,bihar,sheikhpura
Bihar,SHEIKHPURA,Wheat,2010,Rabi,bihar,sheikhpura
Bihar,SHEIKHPURA,Maize,2010,Summer,bihar,sheikhpura
Bihar,SHEIKHPURA,Sugarcane,2010,Whole Year,bihar,sheikhpura
Bihar,SHEIKHPURA,Rice,2010,Winter,bihar,sheikhpura
Bihar,SHEOHAR,Maize,2010,Autumn,bihar,sheohar
Bihar,SHEOHAR,Rice,2010,Autumn,bihar,sheohar
Bihar,SHEOHAR,Arhar/Tur,2010,Kharif,bihar,sheohar
Bihar,SHEOHAR,Moong(Green Gram),2010,Kharif,bihar,sheohar
Bihar,SHEOHAR,Ragi,2010,Kharif,bihar,sheohar
Bihar,SHEOHAR,Sesamum,2010,Kharif,bihar,sheohar
Bihar,SHEOHAR,Small millets,2010,Kharif,bihar,sheohar
Bihar,SHEOHAR,Khesari,2010,Rabi,bihar,sheohar
Bihar,SHEOHAR,Linseed,2010,Rabi,bihar,sheohar
Bihar,SHEOHAR,Maize,2010,Rabi,bihar,sheohar
Bihar,SHEOHAR,Masoor,2010,Rabi,bihar,sheohar
Bihar,SHEOHAR,Other  Rabi pulses,2010,Rabi,bihar,sheohar
Bihar,SHEOHAR,Peas & beans (Pulses),2010,Rabi,bihar,sheohar
Bihar,SHEOHAR,Rapeseed &Mustard,2010,Rabi,bihar,sheohar
Bihar,SHEOHAR,Sunflower,2010,Rabi,bihar,sheohar
Bihar,SHEOHAR,Wheat,2010,Rabi,bihar,sheohar
Bihar,SHEOHAR,Maize,2010,Summer,bihar,sheohar
Bihar,SHEOHAR,Moong(Green Gram),2010,Summer,bihar,sheohar
Bihar,SHEOHAR,Sugarcane,2010,Whole Year,bihar,sheohar
Bihar,SHEOHAR,Tobacco,2010,Whole Year,bihar,sheohar
Bihar,SHEOHAR,Rice,2010,Winter,bihar,sheohar
Bihar,SITAMARHI,Maize,2010,Autumn,bihar,sitamarhi
Bihar,SITAMARHI,Rice,2010,Autumn,bihar,sitamarhi
Bihar,SITAMARHI,Arhar/Tur,2010,Kharif,bihar,sitamarhi
Bihar,SITAMARHI,Bajra,2010,Kharif,bihar,sitamarhi
Bihar,SITAMARHI,Groundnut,2010,Kharif,bihar,sitamarhi
Bihar,SITAMARHI,Mesta,2010,Kharif,bihar,sitamarhi
Bihar,SITAMARHI,Moong(Green Gram),2010,Kharif,bihar,sitamarhi
Bihar,SITAMARHI,Ragi,2010,Kharif,bihar,sitamarhi
Bihar,SITAMARHI,Safflower,2010,Kharif,bihar,sitamarhi
Bihar,SITAMARHI,Urad,2010,Kharif,bihar,sitamarhi
Bihar,SITAMARHI,Barley,2010,Rabi,bihar,sitamarhi
Bihar,SITAMARHI,Khesari,2010,Rabi,bihar,sitamarhi
Bihar,SITAMARHI,Linseed,2010,Rabi,bihar,sitamarhi
Bihar,SITAMARHI,Maize,2010,Rabi,bihar,sitamarhi
Bihar,SITAMARHI,Masoor,2010,Rabi,bihar,sitamarhi
Bihar,SITAMARHI,Other  Rabi pulses,2010,Rabi,bihar,sitamarhi
Bihar,SITAMARHI,Peas & beans (Pulses),2010,Rabi,bihar,sitamarhi
Bihar,SITAMARHI,Rapeseed &Mustard,2010,Rabi,bihar,sitamarhi
Bihar,SITAMARHI,Wheat,2010,Rabi,bihar,sitamarhi
Bihar,SITAMARHI,Maize,2010,Summer,bihar,sitamarhi
Bihar,SITAMARHI,Moong(Green Gram),2010,Summer,bihar,sitamarhi
Bihar,SITAMARHI,Rice,2010,Summer,bihar,sitamarhi
Bihar,SITAMARHI,Sugarcane,2010,Whole Year,bihar,sitamarhi
Bihar,SITAMARHI,Rice,2010,Winter,bihar,sitamarhi
Bihar,SIWAN,Maize,2010,Autumn,bihar,siwan
Bihar,SIWAN,Rice,2010,Autumn,bihar,siwan
Bihar,SIWAN,Arhar/Tur,2010,Kharif,bihar,siwan
Bihar,SIWAN,Bajra,2010,Kharif,bihar,siwan
Bihar,SIWAN,Jowar,2010,Kharif,bihar,siwan
Bihar,SIWAN,Mesta,2010,Kharif,bihar,siwan
Bihar,SIWAN,Other Kharif pulses,2010,Kharif,bihar,siwan
Bihar,SIWAN,Ragi,2010,Kharif,bihar,siwan
Bihar,SIWAN,Sesamum,2010,Kharif,bihar,siwan
Bihar,SIWAN,Small millets,2010,Kharif,bihar,siwan
Bihar,SIWAN,Urad,2010,Kharif,bihar,siwan
Bihar,SIWAN,Barley,2010,Rabi,bihar,siwan
Bihar,SIWAN,Gram,2010,Rabi,bihar,siwan
Bihar,SIWAN,Linseed,2010,Rabi,bihar,siwan
Bihar,SIWAN,Maize,2010,Rabi,bihar,siwan
Bihar,SIWAN,Masoor,2010,Rabi,bihar,siwan
Bihar,SIWAN,Other  Rabi pulses,2010,Rabi,bihar,siwan
Bihar,SIWAN,Peas & beans (Pulses),2010,Rabi,bihar,siwan
Bihar,SIWAN,Rapeseed &Mustard,2010,Rabi,bihar,siwan
Bihar,SIWAN,Wheat,2010,Rabi,bihar,siwan
Bihar,SIWAN,Maize,2010,Summer,bihar,siwan
Bihar,SIWAN,Moong(Green Gram),2010,Summer,bihar,siwan
Bihar,SIWAN,Sugarcane,2010,Whole Year,bihar,siwan
Bihar,SIWAN,Tobacco,2010,Whole Year,bihar,siwan
Bihar,SIWAN,Rice,2010,Winter,bihar,siwan
Bihar,SUPAUL,Maize,2010,Autumn,bihar,supaul
Bihar,SUPAUL,Rice,2010,Autumn,bihar,supaul
Bihar,SUPAUL,Arhar/Tur,2010,Kharif,bihar,supaul
Bihar,SUPAUL,Horse-gram,2010,Kharif,bihar,supaul
Bihar,SUPAUL,Jute,2010,Kharif,bihar,supaul
Bihar,SUPAUL,Mesta,2010,Kharif,bihar,supaul
Bihar,SUPAUL,Moong(Green Gram),2010,Kharif,bihar,supaul
Bihar,SUPAUL,Other Kharif pulses,2010,Kharif,bihar,supaul
Bihar,SUPAUL,Ragi,2010,Kharif,bihar,supaul
Bihar,SUPAUL,Sesamum,2010,Kharif,bihar,supaul
Bihar,SUPAUL,Urad,2010,Kharif,bihar,supaul
Bihar,SUPAUL,Gram,2010,Rabi,bihar,supaul
Bihar,SUPAUL,Khesari,2010,Rabi,bihar,supaul
Bihar,SUPAUL,Linseed,2010,Rabi,bihar,supaul
Bihar,SUPAUL,Maize,2010,Rabi,bihar,supaul
Bihar,SUPAUL,Masoor,2010,Rabi,bihar,supaul
Bihar,SUPAUL,Peas & beans (Pulses),2010,Rabi,bihar,supaul
Bihar,SUPAUL,Rapeseed &Mustard,2010,Rabi,bihar,supaul
Bihar,SUPAUL,Sunflower,2010,Rabi,bihar,supaul
Bihar,SUPAUL,Wheat,2010,Rabi,bihar,supaul
Bihar,SUPAUL,Maize,2010,Summer,bihar,supaul
Bihar,SUPAUL,Moong(Green Gram),2010,Summer,bihar,supaul
Bihar,SUPAUL,Rice,2010,Summer,bihar,supaul
Bihar,SUPAUL,Sugarcane,2010,Whole Year,bihar,supaul
Bihar,SUPAUL,Rice,2010,Winter,bihar,supaul
Bihar,VAISHALI,Maize,2010,Autumn,bihar,vaishali
Bihar,VAISHALI,Rice,2010,Autumn,bihar,vaishali
Bihar,VAISHALI,Arhar/Tur,2010,Kharif,bihar,vaishali
Bihar,VAISHALI,Mesta,2010,Kharif,bihar,vaishali
Bihar,VAISHALI,Moong(Green Gram),2010,Kharif,bihar,vaishali
Bihar,VAISHALI,Ragi,2010,Kharif,bihar,vaishali
Bihar,VAISHALI,Sesamum,2010,Kharif,bihar,vaishali
Bihar,VAISHALI,Small millets,2010,Kharif,bihar,vaishali
Bihar,VAISHALI,Urad,2010,Kharif,bihar,vaishali
Bihar,VAISHALI,Barley,2010,Rabi,bihar,vaishali
Bihar,VAISHALI,Gram,2010,Rabi,bihar,vaishali
Bihar,VAISHALI,Khesari,2010,Rabi,bihar,vaishali
Bihar,VAISHALI,Linseed,2010,Rabi,bihar,vaishali
Bihar,VAISHALI,Maize,2010,Rabi,bihar,vaishali
Bihar,VAISHALI,Masoor,2010,Rabi,bihar,vaishali
Bihar,VAISHALI,Other  Rabi pulses,2010,Rabi,bihar,vaishali
Bihar,VAISHALI,Peas & beans (Pulses),2010,Rabi,bihar,vaishali
Bihar,VAISHALI,Rapeseed &Mustard,2010,Rabi,bihar,vaishali
Bihar,VAISHALI,Sunflower,2010,Rabi,bihar,vaishali
Bihar,VAISHALI,Wheat,2010,Rabi,bihar,vaishali
Bihar,VAISHALI,Maize,2010,Summer,bihar,vaishali
Bihar,VAISHALI,Moong(Green Gram),2010,Summer,bihar,vaishali
Bihar,VAISHALI,Rice,2010,Summer,bihar,vaishali
Bihar,VAISHALI,Sugarcane,2010,Whole Year,bihar,vaishali
Bihar,VAISHALI,Tobacco,2010,Whole Year,bihar,vaishali
Bihar,VAISHALI,Rice,2010,Winter,bihar,vaishali
Chandigarh,CHANDIGARH,Maize,2010,Kharif,chandigarh,chandigarh
Chandigarh,CHANDIGARH,Rice,2010,Kharif,chandigarh,chandigarh
Chandigarh,CHANDIGARH,Wheat,2010,Rabi,chandigarh,chandigarh
Chandigarh,CHANDIGARH,Onion,2010,Whole Year,chandigarh,chandigarh
Chandigarh,CHANDIGARH,Potato,2010,Whole Year,chandigarh,chandigarh
Chhattisgarh,BASTAR,Arhar/Tur,2010,Kharif,chhattisgarh,bastar
Chhattisgarh,BASTAR,Castor seed,2010,Kharif,chhattisgarh,bastar
Chhattisgarh,BASTAR,Groundnut,2010,Kharif,chhattisgarh,bastar
Chhattisgarh,BASTAR,Horse-gram,2010,Kharif,chhattisgarh,bastar
Chhattisgarh,BASTAR,Jowar,2010,Kharif,chhattisgarh,bastar
Chhattisgarh,BASTAR,Maize,2010,Kharif,chhattisgarh,bastar
Chhattisgarh,BASTAR,Mesta,2010,Kharif,chhattisgarh,bastar
Chhattisgarh,BASTAR,Moong(Green Gram),2010,Kharif,chhattisgarh,bastar
Chhattisgarh,BASTAR,Niger seed,2010,Kharif,chhattisgarh,bastar
Chhattisgarh,BASTAR,Other Kharif pulses,2010,Kharif,chhattisgarh,bastar
Chhattisgarh,BASTAR,Ragi,2010,Kharif,chhattisgarh,bastar
Chhattisgarh,BASTAR,Rice,2010,Kharif,chhattisgarh,bastar
Chhattisgarh,BASTAR,Sesamum,2010,Kharif,chhattisgarh,bastar
Chhattisgarh,BASTAR,Small millets,2010,Kharif,chhattisgarh,bastar
Chhattisgarh,BASTAR,Soyabean,2010,Kharif,chhattisgarh,bastar
Chhattisgarh,BASTAR,Sunflower,2010,Kharif,chhattisgarh,bastar
Chhattisgarh,BASTAR,Urad,2010,Kharif,chhattisgarh,bastar
Chhattisgarh,BASTAR,Gram,2010,Rabi,chhattisgarh,bastar
Chhattisgarh,BASTAR,Khesari,2010,Rabi,chhattisgarh,bastar
Chhattisgarh,BASTAR,Linseed,2010,Rabi,chhattisgarh,bastar
Chhattisgarh,BASTAR,Masoor,2010,Rabi,chhattisgarh,bastar
Chhattisgarh,BASTAR,Moong(Green Gram),2010,Rabi,chhattisgarh,bastar
Chhattisgarh,BASTAR,Other  Rabi pulses,2010,Rabi,chhattisgarh,bastar
Chhattisgarh,BASTAR,Peas & beans (Pulses),2010,Rabi,chhattisgarh,bastar
Chhattisgarh,BASTAR,Rapeseed &Mustard,2010,Rabi,chhattisgarh,bastar
Chhattisgarh,BASTAR,Wheat,2010,Rabi,chhattisgarh,bastar
Chhattisgarh,BASTAR,Banana,2010,Whole Year,chhattisgarh,bastar
Chhattisgarh,BASTAR,Coriander,2010,Whole Year,chhattisgarh,bastar
Chhattisgarh,BASTAR,Dry chillies,2010,Whole Year,chhattisgarh,bastar
Chhattisgarh,BASTAR,Dry ginger,2010,Whole Year,chhattisgarh,bastar
Chhattisgarh,BASTAR,Garlic,2010,Whole Year,chhattisgarh,bastar
Chhattisgarh,BASTAR,Onion,2010,Whole Year,chhattisgarh,bastar
Chhattisgarh,BASTAR,Potato,2010,Whole Year,chhattisgarh,bastar
Chhattisgarh,BASTAR,Sannhamp,2010,Whole Year,chhattisgarh,bastar
Chhattisgarh,BASTAR,Sugarcane,2010,Whole Year,chhattisgarh,bastar
Chhattisgarh,BASTAR,Sweet potato,2010,Whole Year,chhattisgarh,bastar
Chhattisgarh,BASTAR,Tobacco,2010,Whole Year,chhattisgarh,bastar
Chhattisgarh,BASTAR,Turmeric,2010,Whole Year,chhattisgarh,bastar
Chhattisgarh,BIJAPUR,Arhar/Tur,2010,Kharif,chhattisgarh,bijapur
Chhattisgarh,BIJAPUR,Groundnut,2010,Kharif,chhattisgarh,bijapur
Chhattisgarh,BIJAPUR,Horse-gram,2010,Kharif,chhattisgarh,bijapur
Chhattisgarh,BIJAPUR,Jowar,2010,Kharif,chhattisgarh,bijapur
Chhattisgarh,BIJAPUR,Maize,2010,Kharif,chhattisgarh,bijapur
Chhattisgarh,BIJAPUR,Mesta,2010,Kharif,chhattisgarh,bijapur
Chhattisgarh,BIJAPUR,Moong(Green Gram),2010,Kharif,chhattisgarh,bijapur
Chhattisgarh,BIJAPUR,Niger seed,2010,Kharif,chhattisgarh,bijapur
Chhattisgarh,BIJAPUR,Other Kharif pulses,2010,Kharif,chhattisgarh,bijapur
Chhattisgarh,BIJAPUR,Ragi,2010,Kharif,chhattisgarh,bijapur
Chhattisgarh,BIJAPUR,Rice,2010,Kharif,chhattisgarh,bijapur
Chhattisgarh,BIJAPUR,Sesamum,2010,Kharif,chhattisgarh,bijapur
Chhattisgarh,BIJAPUR,Small millets,2010,Kharif,chhattisgarh,bijapur
Chhattisgarh,BIJAPUR,Urad,2010,Kharif,chhattisgarh,bijapur
Chhattisgarh,BIJAPUR,Horse-gram,2010,Rabi,chhattisgarh,bijapur
Chhattisgarh,BIJAPUR,Moong(Green Gram),2010,Rabi,chhattisgarh,bijapur
Chhattisgarh,BIJAPUR,Other  Rabi pulses,2010,Rabi,chhattisgarh,bijapur
Chhattisgarh,BIJAPUR,Rapeseed &Mustard,2010,Rabi,chhattisgarh,bijapur
Chhattisgarh,BIJAPUR,Urad,2010,Rabi,chhattisgarh,bijapur
Chhattisgarh,BIJAPUR,Banana,2010,Whole Year,chhattisgarh,bijapur
Chhattisgarh,BIJAPUR,Dry chillies,2010,Whole Year,chhattisgarh,bijapur
Chhattisgarh,BIJAPUR,Dry ginger,2010,Whole Year,chhattisgarh,bijapur
Chhattisgarh,BIJAPUR,Sannhamp,2010,Whole Year,chhattisgarh,bijapur
Chhattisgarh,BIJAPUR,Sugarcane,2010,Whole Year,chhattisgarh,bijapur
Chhattisgarh,BIJAPUR,Sweet potato,2010,Whole Year,chhattisgarh,bijapur
Chhattisgarh,BIJAPUR,Turmeric,2010,Whole Year,chhattisgarh,bijapur
Chhattisgarh,BILASPUR,Arhar/Tur,2010,Kharif,chhattisgarh,bilaspur
Chhattisgarh,BILASPUR,Bajra,2010,Kharif,chhattisgarh,bilaspur
Chhattisgarh,BILASPUR,Castor seed,2010,Kharif,chhattisgarh,bilaspur
Chhattisgarh,BILASPUR,Groundnut,2010,Kharif,chhattisgarh,bilaspur
Chhattisgarh,BILASPUR,Horse-gram,2010,Kharif,chhattisgarh,bilaspur
Chhattisgarh,BILASPUR,Jowar,2010,Kharif,chhattisgarh,bilaspur
Chhattisgarh,BILASPUR,Maize,2010,Kharif,chhattisgarh,bilaspur
Chhattisgarh,BILASPUR,Mesta,2010,Kharif,chhattisgarh,bilaspur
Chhattisgarh,BILASPUR,Moong(Green Gram),2010,Kharif,chhattisgarh,bilaspur
Chhattisgarh,BILASPUR,Niger seed,2010,Kharif,chhattisgarh,bilaspur
Chhattisgarh,BILASPUR,Other Kharif pulses,2010,Kharif,chhattisgarh,bilaspur
Chhattisgarh,BILASPUR,Rice,2010,Kharif,chhattisgarh,bilaspur
Chhattisgarh,BILASPUR,Sesamum,2010,Kharif,chhattisgarh,bilaspur
Chhattisgarh,BILASPUR,Small millets,2010,Kharif,chhattisgarh,bilaspur
Chhattisgarh,BILASPUR,Soyabean,2010,Kharif,chhattisgarh,bilaspur
Chhattisgarh,BILASPUR,Sunflower,2010,Kharif,chhattisgarh,bilaspur
Chhattisgarh,BILASPUR,Urad,2010,Kharif,chhattisgarh,bilaspur
Chhattisgarh,BILASPUR,Barley,2010,Rabi,chhattisgarh,bilaspur
Chhattisgarh,BILASPUR,Gram,2010,Rabi,chhattisgarh,bilaspur
Chhattisgarh,BILASPUR,Horse-gram,2010,Rabi,chhattisgarh,bilaspur
Chhattisgarh,BILASPUR,Khesari,2010,Rabi,chhattisgarh,bilaspur
Chhattisgarh,BILASPUR,Linseed,2010,Rabi,chhattisgarh,bilaspur
Chhattisgarh,BILASPUR,Masoor,2010,Rabi,chhattisgarh,bilaspur
Chhattisgarh,BILASPUR,Moong(Green Gram),2010,Rabi,chhattisgarh,bilaspur
Chhattisgarh,BILASPUR,Other  Rabi pulses,2010,Rabi,chhattisgarh,bilaspur
Chhattisgarh,BILASPUR,Peas & beans (Pulses),2010,Rabi,chhattisgarh,bilaspur
Chhattisgarh,BILASPUR,Rapeseed &Mustard,2010,Rabi,chhattisgarh,bilaspur
Chhattisgarh,BILASPUR,Safflower,2010,Rabi,chhattisgarh,bilaspur
Chhattisgarh,BILASPUR,Urad,2010,Rabi,chhattisgarh,bilaspur
Chhattisgarh,BILASPUR,Wheat,2010,Rabi,chhattisgarh,bilaspur
Chhattisgarh,BILASPUR,Coriander,2010,Whole Year,chhattisgarh,bilaspur
Chhattisgarh,BILASPUR,Dry chillies,2010,Whole Year,chhattisgarh,bilaspur
Chhattisgarh,BILASPUR,Dry ginger,2010,Whole Year,chhattisgarh,bilaspur
Chhattisgarh,BILASPUR,Garlic,2010,Whole Year,chhattisgarh,bilaspur
Chhattisgarh,BILASPUR,Onion,2010,Whole Year,chhattisgarh,bilaspur
Chhattisgarh,BILASPUR,Potato,2010,Whole Year,chhattisgarh,bilaspur
Chhattisgarh,BILASPUR,Sannhamp,2010,Whole Year,chhattisgarh,bilaspur
Chhattisgarh,BILASPUR,Sugarcane,2010,Whole Year,chhattisgarh,bilaspur
Chhattisgarh,BILASPUR,Sweet potato,2010,Whole Year,chhattisgarh,bilaspur
Chhattisgarh,BILASPUR,Turmeric,2010,Whole Year,chhattisgarh,bilaspur
Chhattisgarh,DANTEWADA,Arhar/Tur,2010,Kharif,chhattisgarh,dantewada
Chhattisgarh,DANTEWADA,Groundnut,2010,Kharif,chhattisgarh,dantewada
Chhattisgarh,DANTEWADA,Horse-gram,2010,Kharif,chhattisgarh,dantewada
Chhattisgarh,DANTEWADA,Jowar,2010,Kharif,chhattisgarh,dantewada
Chhattisgarh,DANTEWADA,Maize,2010,Kharif,chhattisgarh,dantewada
Chhattisgarh,DANTEWADA,Mesta,2010,Kharif,chhattisgarh,dantewada
Chhattisgarh,DANTEWADA,Moong(Green Gram),2010,Kharif,chhattisgarh,dantewada
Chhattisgarh,DANTEWADA,Niger seed,2010,Kharif,chhattisgarh,dantewada
Chhattisgarh,DANTEWADA,Other Kharif pulses,2010,Kharif,chhattisgarh,dantewada
Chhattisgarh,DANTEWADA,Ragi,2010,Kharif,chhattisgarh,dantewada
Chhattisgarh,DANTEWADA,Rice,2010,Kharif,chhattisgarh,dantewada
Chhattisgarh,DANTEWADA,Sesamum,2010,Kharif,chhattisgarh,dantewada
Chhattisgarh,DANTEWADA,Small millets,2010,Kharif,chhattisgarh,dantewada
Chhattisgarh,DANTEWADA,Soyabean,2010,Kharif,chhattisgarh,dantewada
Chhattisgarh,DANTEWADA,Urad,2010,Kharif,chhattisgarh,dantewada
Chhattisgarh,DANTEWADA,Gram,2010,Rabi,chhattisgarh,dantewada
Chhattisgarh,DANTEWADA,Moong(Green Gram),2010,Rabi,chhattisgarh,dantewada
Chhattisgarh,DANTEWADA,Rapeseed &Mustard,2010,Rabi,chhattisgarh,dantewada
Chhattisgarh,DANTEWADA,Wheat,2010,Rabi,chhattisgarh,dantewada
Chhattisgarh,DANTEWADA,Banana,2010,Whole Year,chhattisgarh,dantewada
Chhattisgarh,DANTEWADA,Coriander,2010,Whole Year,chhattisgarh,dantewada
Chhattisgarh,DANTEWADA,Dry chillies,2010,Whole Year,chhattisgarh,dantewada
Chhattisgarh,DANTEWADA,Dry ginger,2010,Whole Year,chhattisgarh,dantewada
Chhattisgarh,DANTEWADA,Potato,2010,Whole Year,chhattisgarh,dantewada
Chhattisgarh,DANTEWADA,Sannhamp,2010,Whole Year,chhattisgarh,dantewada
Chhattisgarh,DANTEWADA,Sugarcane,2010,Whole Year,chhattisgarh,dantewada
Chhattisgarh,DANTEWADA,Sweet potato,2010,Whole Year,chhattisgarh,dantewada
Chhattisgarh,DANTEWADA,Turmeric,2010,Whole Year,chhattisgarh,dantewada
Chhattisgarh,DHAMTARI,Arhar/Tur,2010,Kharif,chhattisgarh,dhamtari
Chhattisgarh,DHAMTARI,Castor seed,2010,Kharif,chhattisgarh,dhamtari
Chhattisgarh,DHAMTARI,Groundnut,2010,Kharif,chhattisgarh,dhamtari
Chhattisgarh,DHAMTARI,Horse-gram,2010,Kharif,chhattisgarh,dhamtari
Chhattisgarh,DHAMTARI,Jowar,2010,Kharif,chhattisgarh,dhamtari
Chhattisgarh,DHAMTARI,Maize,2010,Kharif,chhattisgarh,dhamtari
Chhattisgarh,DHAMTARI,Mesta,2010,Kharif,chhattisgarh,dhamtari
Chhattisgarh,DHAMTARI,Moong(Green Gram),2010,Kharif,chhattisgarh,dhamtari
Chhattisgarh,DHAMTARI,Niger seed,2010,Kharif,chhattisgarh,dhamtari
Chhattisgarh,DHAMTARI,Other Kharif pulses,2010,Kharif,chhattisgarh,dhamtari
Chhattisgarh,DHAMTARI,Ragi,2010,Kharif,chhattisgarh,dhamtari
Chhattisgarh,DHAMTARI,Rice,2010,Kharif,chhattisgarh,dhamtari
Chhattisgarh,DHAMTARI,Sesamum,2010,Kharif,chhattisgarh,dhamtari
Chhattisgarh,DHAMTARI,Small millets,2010,Kharif,chhattisgarh,dhamtari
Chhattisgarh,DHAMTARI,Sunflower,2010,Kharif,chhattisgarh,dhamtari
Chhattisgarh,DHAMTARI,Urad,2010,Kharif,chhattisgarh,dhamtari
Chhattisgarh,DHAMTARI,Gram,2010,Rabi,chhattisgarh,dhamtari
Chhattisgarh,DHAMTARI,Horse-gram,2010,Rabi,chhattisgarh,dhamtari
Chhattisgarh,DHAMTARI,Khesari,2010,Rabi,chhattisgarh,dhamtari
Chhattisgarh,DHAMTARI,Linseed,2010,Rabi,chhattisgarh,dhamtari
Chhattisgarh,DHAMTARI,Masoor,2010,Rabi,chhattisgarh,dhamtari
Chhattisgarh,DHAMTARI,Moong(Green Gram),2010,Rabi,chhattisgarh,dhamtari
Chhattisgarh,DHAMTARI,Other  Rabi pulses,2010,Rabi,chhattisgarh,dhamtari
Chhattisgarh,DHAMTARI,Peas & beans (Pulses),2010,Rabi,chhattisgarh,dhamtari
Chhattisgarh,DHAMTARI,Rapeseed &Mustard,2010,Rabi,chhattisgarh,dhamtari
Chhattisgarh,DHAMTARI,Safflower,2010,Rabi,chhattisgarh,dhamtari
Chhattisgarh,DHAMTARI,Urad,2010,Rabi,chhattisgarh,dhamtari
Chhattisgarh,DHAMTARI,Wheat,2010,Rabi,chhattisgarh,dhamtari
Chhattisgarh,DHAMTARI,Banana,2010,Whole Year,chhattisgarh,dhamtari
Chhattisgarh,DHAMTARI,Coriander,2010,Whole Year,chhattisgarh,dhamtari
Chhattisgarh,DHAMTARI,Dry chillies,2010,Whole Year,chhattisgarh,dhamtari
Chhattisgarh,DHAMTARI,Dry ginger,2010,Whole Year,chhattisgarh,dhamtari
Chhattisgarh,DHAMTARI,Garlic,2010,Whole Year,chhattisgarh,dhamtari
Chhattisgarh,DHAMTARI,Onion,2010,Whole Year,chhattisgarh,dhamtari
Chhattisgarh,DHAMTARI,Potato,2010,Whole Year,chhattisgarh,dhamtari
Chhattisgarh,DHAMTARI,Sugarcane,2010,Whole Year,chhattisgarh,dhamtari
Chhattisgarh,DHAMTARI,Sweet potato,2010,Whole Year,chhattisgarh,dhamtari
Chhattisgarh,DURG,Arhar/Tur,2010,Kharif,chhattisgarh,durg
Chhattisgarh,DURG,Castor seed,2010,Kharif,chhattisgarh,durg
Chhattisgarh,DURG,Groundnut,2010,Kharif,chhattisgarh,durg
Chhattisgarh,DURG,Horse-gram,2010,Kharif,chhattisgarh,durg
Chhattisgarh,DURG,Jowar,2010,Kharif,chhattisgarh,durg
Chhattisgarh,DURG,Maize,2010,Kharif,chhattisgarh,durg
Chhattisgarh,DURG,Mesta,2010,Kharif,chhattisgarh,durg
Chhattisgarh,DURG,Moong(Green Gram),2010,Kharif,chhattisgarh,durg
Chhattisgarh,DURG,Rice,2010,Kharif,chhattisgarh,durg
Chhattisgarh,DURG,Sesamum,2010,Kharif,chhattisgarh,durg
Chhattisgarh,DURG,Small millets,2010,Kharif,chhattisgarh,durg
Chhattisgarh,DURG,Soyabean,2010,Kharif,chhattisgarh,durg
Chhattisgarh,DURG,Sunflower,2010,Kharif,chhattisgarh,durg
Chhattisgarh,DURG,Urad,2010,Kharif,chhattisgarh,durg
Chhattisgarh,DURG,Barley,2010,Rabi,chhattisgarh,durg
Chhattisgarh,DURG,Gram,2010,Rabi,chhattisgarh,durg
Chhattisgarh,DURG,Horse-gram,2010,Rabi,chhattisgarh,durg
Chhattisgarh,DURG,Khesari,2010,Rabi,chhattisgarh,durg
Chhattisgarh,DURG,Linseed,2010,Rabi,chhattisgarh,durg
Chhattisgarh,DURG,Masoor,2010,Rabi,chhattisgarh,durg
Chhattisgarh,DURG,Moong(Green Gram),2010,Rabi,chhattisgarh,durg
Chhattisgarh,DURG,Peas & beans (Pulses),2010,Rabi,chhattisgarh,durg
Chhattisgarh,DURG,Rapeseed &Mustard,2010,Rabi,chhattisgarh,durg
Chhattisgarh,DURG,Safflower,2010,Rabi,chhattisgarh,durg
Chhattisgarh,DURG,Urad,2010,Rabi,chhattisgarh,durg
Chhattisgarh,DURG,Wheat,2010,Rabi,chhattisgarh,durg
Chhattisgarh,DURG,Banana,2010,Whole Year,chhattisgarh,durg
Chhattisgarh,DURG,Coriander,2010,Whole Year,chhattisgarh,durg
Chhattisgarh,DURG,Dry chillies,2010,Whole Year,chhattisgarh,durg
Chhattisgarh,DURG,Dry ginger,2010,Whole Year,chhattisgarh,durg
Chhattisgarh,DURG,Garlic,2010,Whole Year,chhattisgarh,durg
Chhattisgarh,DURG,Onion,2010,Whole Year,chhattisgarh,durg
Chhattisgarh,DURG,Potato,2010,Whole Year,chhattisgarh,durg
Chhattisgarh,DURG,Sannhamp,2010,Whole Year,chhattisgarh,durg
Chhattisgarh,DURG,Sugarcane,2010,Whole Year,chhattisgarh,durg
Chhattisgarh,DURG,Sweet potato,2010,Whole Year,chhattisgarh,durg
Chhattisgarh,DURG,Turmeric,2010,Whole Year,chhattisgarh,durg
Chhattisgarh,JANJGIR-CHAMPA,Arhar/Tur,2010,Kharif,chhattisgarh,janjgir champa
Chhattisgarh,JANJGIR-CHAMPA,Castor seed,2010,Kharif,chhattisgarh,janjgir champa
Chhattisgarh,JANJGIR-CHAMPA,Groundnut,2010,Kharif,chhattisgarh,janjgir champa
Chhattisgarh,JANJGIR-CHAMPA,Horse-gram,2010,Kharif,chhattisgarh,janjgir champa
Chhattisgarh,JANJGIR-CHAMPA,Maize,2010,Kharif,chhattisgarh,janjgir champa
Chhattisgarh,JANJGIR-CHAMPA,Moong(Green Gram),2010,Kharif,chhattisgarh,janjgir champa
Chhattisgarh,JANJGIR-CHAMPA,Other Kharif pulses,2010,Kharif,chhattisgarh,janjgir champa
Chhattisgarh,JANJGIR-CHAMPA,Rice,2010,Kharif,chhattisgarh,janjgir champa
Chhattisgarh,JANJGIR-CHAMPA,Sesamum,2010,Kharif,chhattisgarh,janjgir champa
Chhattisgarh,JANJGIR-CHAMPA,Small millets,2010,Kharif,chhattisgarh,janjgir champa
Chhattisgarh,JANJGIR-CHAMPA,Soyabean,2010,Kharif,chhattisgarh,janjgir champa
Chhattisgarh,JANJGIR-CHAMPA,Sunflower,2010,Kharif,chhattisgarh,janjgir champa
Chhattisgarh,JANJGIR-CHAMPA,Urad,2010,Kharif,chhattisgarh,janjgir champa
Chhattisgarh,JANJGIR-CHAMPA,Gram,2010,Rabi,chhattisgarh,janjgir champa
Chhattisgarh,JANJGIR-CHAMPA,Horse-gram,2010,Rabi,chhattisgarh,janjgir champa
Chhattisgarh,JANJGIR-CHAMPA,Khesari,2010,Rabi,chhattisgarh,janjgir champa
Chhattisgarh,JANJGIR-CHAMPA,Linseed,2010,Rabi,chhattisgarh,janjgir champa
Chhattisgarh,JANJGIR-CHAMPA,Masoor,2010,Rabi,chhattisgarh,janjgir champa
Chhattisgarh,JANJGIR-CHAMPA,Moong(Green Gram),2010,Rabi,chhattisgarh,janjgir champa
Chhattisgarh,JANJGIR-CHAMPA,Other  Rabi pulses,2010,Rabi,chhattisgarh,janjgir champa
Chhattisgarh,JANJGIR-CHAMPA,Peas & beans (Pulses),2010,Rabi,chhattisgarh,janjgir champa
Chhattisgarh,JANJGIR-CHAMPA,Rapeseed &Mustard,2010,Rabi,chhattisgarh,janjgir champa
Chhattisgarh,JANJGIR-CHAMPA,Safflower,2010,Rabi,chhattisgarh,janjgir champa
Chhattisgarh,JANJGIR-CHAMPA,Urad,2010,Rabi,chhattisgarh,janjgir champa
Chhattisgarh,JANJGIR-CHAMPA,Wheat,2010,Rabi,chhattisgarh,janjgir champa
Chhattisgarh,JANJGIR-CHAMPA,Banana,2010,Whole Year,chhattisgarh,janjgir champa
Chhattisgarh,JANJGIR-CHAMPA,Coriander,2010,Whole Year,chhattisgarh,janjgir champa
Chhattisgarh,JANJGIR-CHAMPA,Dry chillies,2010,Whole Year,chhattisgarh,janjgir champa
Chhattisgarh,JANJGIR-CHAMPA,Dry ginger,2010,Whole Year,chhattisgarh,janjgir champa
Chhattisgarh,JANJGIR-CHAMPA,Garlic,2010,Whole Year,chhattisgarh,janjgir champa
Chhattisgarh,JANJGIR-CHAMPA,Onion,2010,Whole Year,chhattisgarh,janjgir champa
Chhattisgarh,JANJGIR-CHAMPA,Potato,2010,Whole Year,chhattisgarh,janjgir champa
Chhattisgarh,JANJGIR-CHAMPA,Sannhamp,2010,Whole Year,chhattisgarh,janjgir champa
Chhattisgarh,JANJGIR-CHAMPA,Sugarcane,2010,Whole Year,chhattisgarh,janjgir champa
Chhattisgarh,JANJGIR-CHAMPA,Sweet potato,2010,Whole Year,chhattisgarh,janjgir champa
Chhattisgarh,JANJGIR-CHAMPA,Turmeric,2010,Whole Year,chhattisgarh,janjgir champa
Chhattisgarh,JASHPUR,Arhar/Tur,2010,Kharif,chhattisgarh,jashpur
Chhattisgarh,JASHPUR,Bajra,2010,Kharif,chhattisgarh,jashpur
Chhattisgarh,JASHPUR,Groundnut,2010,Kharif,chhattisgarh,jashpur
Chhattisgarh,JASHPUR,Horse-gram,2010,Kharif,chhattisgarh,jashpur
Chhattisgarh,JASHPUR,Jowar,2010,Kharif,chhattisgarh,jashpur
Chhattisgarh,JASHPUR,Maize,2010,Kharif,chhattisgarh,jashpur
Chhattisgarh,JASHPUR,Mesta,2010,Kharif,chhattisgarh,jashpur
Chhattisgarh,JASHPUR,Moong(Green Gram),2010,Kharif,chhattisgarh,jashpur
Chhattisgarh,JASHPUR,Niger seed,2010,Kharif,chhattisgarh,jashpur
Chhattisgarh,JASHPUR,Other Kharif pulses,2010,Kharif,chhattisgarh,jashpur
Chhattisgarh,JASHPUR,Ragi,2010,Kharif,chhattisgarh,jashpur
Chhattisgarh,JASHPUR,Rice,2010,Kharif,chhattisgarh,jashpur
Chhattisgarh,JASHPUR,Sesamum,2010,Kharif,chhattisgarh,jashpur
Chhattisgarh,JASHPUR,Small millets,2010,Kharif,chhattisgarh,jashpur
Chhattisgarh,JASHPUR,Soyabean,2010,Kharif,chhattisgarh,jashpur
Chhattisgarh,JASHPUR,Urad,2010,Kharif,chhattisgarh,jashpur
Chhattisgarh,JASHPUR,Barley,2010,Rabi,chhattisgarh,jashpur
Chhattisgarh,JASHPUR,Gram,2010,Rabi,chhattisgarh,jashpur
Chhattisgarh,JASHPUR,Khesari,2010,Rabi,chhattisgarh,jashpur
Chhattisgarh,JASHPUR,Linseed,2010,Rabi,chhattisgarh,jashpur
Chhattisgarh,JASHPUR,Masoor,2010,Rabi,chhattisgarh,jashpur
Chhattisgarh,JASHPUR,Other  Rabi pulses,2010,Rabi,chhattisgarh,jashpur
Chhattisgarh,JASHPUR,Peas & beans (Pulses),2010,Rabi,chhattisgarh,jashpur
Chhattisgarh,JASHPUR,Rapeseed &Mustard,2010,Rabi,chhattisgarh,jashpur
Chhattisgarh,JASHPUR,Wheat,2010,Rabi,chhattisgarh,jashpur
Chhattisgarh,JASHPUR,Banana,2010,Whole Year,chhattisgarh,jashpur
Chhattisgarh,JASHPUR,Coriander,2010,Whole Year,chhattisgarh,jashpur
Chhattisgarh,JASHPUR,Dry chillies,2010,Whole Year,chhattisgarh,jashpur
Chhattisgarh,JASHPUR,Dry ginger,2010,Whole Year,chhattisgarh,jashpur
Chhattisgarh,JASHPUR,Garlic,2010,Whole Year,chhattisgarh,jashpur
Chhattisgarh,JASHPUR,Onion,2010,Whole Year,chhattisgarh,jashpur
Chhattisgarh,JASHPUR,Potato,2010,Whole Year,chhattisgarh,jashpur
Chhattisgarh,JASHPUR,Sannhamp,2010,Whole Year,chhattisgarh,jashpur
Chhattisgarh,JASHPUR,Sugarcane,2010,Whole Year,chhattisgarh,jashpur
Chhattisgarh,JASHPUR,Sweet potato,2010,Whole Year,chhattisgarh,jashpur
Chhattisgarh,JASHPUR,Turmeric,2010,Whole Year,chhattisgarh,jashpur
Chhattisgarh,KABIRDHAM,Arhar/Tur,2010,Kharif,chhattisgarh,kabirdham
Chhattisgarh,KABIRDHAM,Bajra,2010,Kharif,chhattisgarh,kabirdham
Chhattisgarh,KABIRDHAM,Groundnut,2010,Kharif,chhattisgarh,kabirdham
Chhattisgarh,KABIRDHAM,Jowar,2010,Kharif,chhattisgarh,kabirdham
Chhattisgarh,KABIRDHAM,Maize,2010,Kharif,chhattisgarh,kabirdham
Chhattisgarh,KABIRDHAM,Moong(Green Gram),2010,Kharif,chhattisgarh,kabirdham
Chhattisgarh,KABIRDHAM,Niger seed,2010,Kharif,chhattisgarh,kabirdham
Chhattisgarh,KABIRDHAM,Other Kharif pulses,2010,Kharif,chhattisgarh,kabirdham
Chhattisgarh,KABIRDHAM,Rice,2010,Kharif,chhattisgarh,kabirdham
Chhattisgarh,KABIRDHAM,Sesamum,2010,Kharif,chhattisgarh,kabirdham
Chhattisgarh,KABIRDHAM,Small millets,2010,Kharif,chhattisgarh,kabirdham
Chhattisgarh,KABIRDHAM,Soyabean,2010,Kharif,chhattisgarh,kabirdham
Chhattisgarh,KABIRDHAM,Sunflower,2010,Kharif,chhattisgarh,kabirdham
Chhattisgarh,KABIRDHAM,Urad,2010,Kharif,chhattisgarh,kabirdham
Chhattisgarh,KABIRDHAM,Gram,2010,Rabi,chhattisgarh,kabirdham
Chhattisgarh,KABIRDHAM,Khesari,2010,Rabi,chhattisgarh,kabirdham
Chhattisgarh,KABIRDHAM,Linseed,2010,Rabi,chhattisgarh,kabirdham
Chhattisgarh,KABIRDHAM,Masoor,2010,Rabi,chhattisgarh,kabirdham
Chhattisgarh,KABIRDHAM,Moong(Green Gram),2010,Rabi,chhattisgarh,kabirdham
Chhattisgarh,KABIRDHAM,Other  Rabi pulses,2010,Rabi,chhattisgarh,kabirdham
Chhattisgarh,KABIRDHAM,Peas & beans (Pulses),2010,Rabi,chhattisgarh,kabirdham
Chhattisgarh,KABIRDHAM,Rapeseed &Mustard,2010,Rabi,chhattisgarh,kabirdham
Chhattisgarh,KABIRDHAM,Urad,2010,Rabi,chhattisgarh,kabirdham
Chhattisgarh,KABIRDHAM,Wheat,2010,Rabi,chhattisgarh,kabirdham
Chhattisgarh,KABIRDHAM,Coriander,2010,Whole Year,chhattisgarh,kabirdham
Chhattisgarh,KABIRDHAM,Dry chillies,2010,Whole Year,chhattisgarh,kabirdham
Chhattisgarh,KABIRDHAM,Dry ginger,2010,Whole Year,chhattisgarh,kabirdham
Chhattisgarh,KABIRDHAM,Garlic,2010,Whole Year,chhattisgarh,kabirdham
Chhattisgarh,KABIRDHAM,Onion,2010,Whole Year,chhattisgarh,kabirdham
Chhattisgarh,KABIRDHAM,Potato,2010,Whole Year,chhattisgarh,kabirdham
Chhattisgarh,KABIRDHAM,Sugarcane,2010,Whole Year,chhattisgarh,kabirdham
Chhattisgarh,KABIRDHAM,Sweet potato,2010,Whole Year,chhattisgarh,kabirdham
Chhattisgarh,KANKER,Arhar/Tur,2010,Kharif,chhattisgarh,kanker
Chhattisgarh,KANKER,Horse-gram,2010,Kharif,chhattisgarh,kanker
Chhattisgarh,KANKER,Jowar,2010,Kharif,chhattisgarh,kanker
Chhattisgarh,KANKER,Maize,2010,Kharif,chhattisgarh,kanker
Chhattisgarh,KANKER,Mesta,2010,Kharif,chhattisgarh,kanker
Chhattisgarh,KANKER,Moong(Green Gram),2010,Kharif,chhattisgarh,kanker
Chhattisgarh,KANKER,Niger seed,2010,Kharif,chhattisgarh,kanker
Chhattisgarh,KANKER,Other Kharif pulses,2010,Kharif,chhattisgarh,kanker
Chhattisgarh,KANKER,Ragi,2010,Kharif,chhattisgarh,kanker
Chhattisgarh,KANKER,Rice,2010,Kharif,chhattisgarh,kanker
Chhattisgarh,KANKER,Sesamum,2010,Kharif,chhattisgarh,kanker
Chhattisgarh,KANKER,Small millets,2010,Kharif,chhattisgarh,kanker
Chhattisgarh,KANKER,Sunflower,2010,Kharif,chhattisgarh,kanker
Chhattisgarh,KANKER,Urad,2010,Kharif,chhattisgarh,kanker
Chhattisgarh,KANKER,Gram,2010,Rabi,chhattisgarh,kanker
Chhattisgarh,KANKER,Horse-gram,2010,Rabi,chhattisgarh,kanker
Chhattisgarh,KANKER,Khesari,2010,Rabi,chhattisgarh,kanker
Chhattisgarh,KANKER,Linseed,2010,Rabi,chhattisgarh,kanker
Chhattisgarh,KANKER,Masoor,2010,Rabi,chhattisgarh,kanker
Chhattisgarh,KANKER,Moong(Green Gram),2010,Rabi,chhattisgarh,kanker
Chhattisgarh,KANKER,Other  Rabi pulses,2010,Rabi,chhattisgarh,kanker
Chhattisgarh,KANKER,Peas & beans (Pulses),2010,Rabi,chhattisgarh,kanker
Chhattisgarh,KANKER,Rapeseed &Mustard,2010,Rabi,chhattisgarh,kanker
Chhattisgarh,KANKER,Urad,2010,Rabi,chhattisgarh,kanker
Chhattisgarh,KANKER,Wheat,2010,Rabi,chhattisgarh,kanker
Chhattisgarh,KANKER,Banana,2010,Whole Year,chhattisgarh,kanker
Chhattisgarh,KANKER,Coriander,2010,Whole Year,chhattisgarh,kanker
Chhattisgarh,KANKER,Dry chillies,2010,Whole Year,chhattisgarh,kanker
Chhattisgarh,KANKER,Dry ginger,2010,Whole Year,chhattisgarh,kanker
Chhattisgarh,KANKER,Garlic,2010,Whole Year,chhattisgarh,kanker
Chhattisgarh,KANKER,Onion,2010,Whole Year,chhattisgarh,kanker
Chhattisgarh,KANKER,Potato,2010,Whole Year,chhattisgarh,kanker
Chhattisgarh,KANKER,Sannhamp,2010,Whole Year,chhattisgarh,kanker
Chhattisgarh,KANKER,Sugarcane,2010,Whole Year,chhattisgarh,kanker
Chhattisgarh,KANKER,Sweet potato,2010,Whole Year,chhattisgarh,kanker
Chhattisgarh,KANKER,Turmeric,2010,Whole Year,chhattisgarh,kanker
Chhattisgarh,KORBA,Arhar/Tur,2010,Kharif,chhattisgarh,korba
Chhattisgarh,KORBA,Bajra,2010,Kharif,chhattisgarh,korba
Chhattisgarh,KORBA,Groundnut,2010,Kharif,chhattisgarh,korba
Chhattisgarh,KORBA,Horse-gram,2010,Kharif,chhattisgarh,korba
Chhattisgarh,KORBA,Jowar,2010,Kharif,chhattisgarh,korba
Chhattisgarh,KORBA,Maize,2010,Kharif,chhattisgarh,korba
Chhattisgarh,KORBA,Mesta,2010,Kharif,chhattisgarh,korba
Chhattisgarh,KORBA,Moong(Green Gram),2010,Kharif,chhattisgarh,korba
Chhattisgarh,KORBA,Niger seed,2010,Kharif,chhattisgarh,korba
Chhattisgarh,KORBA,Other Kharif pulses,2010,Kharif,chhattisgarh,korba
Chhattisgarh,KORBA,Rice,2010,Kharif,chhattisgarh,korba
Chhattisgarh,KORBA,Sesamum,2010,Kharif,chhattisgarh,korba
Chhattisgarh,KORBA,Small millets,2010,Kharif,chhattisgarh,korba
Chhattisgarh,KORBA,Soyabean,2010,Kharif,chhattisgarh,korba
Chhattisgarh,KORBA,Sunflower,2010,Kharif,chhattisgarh,korba
Chhattisgarh,KORBA,Urad,2010,Kharif,chhattisgarh,korba
Chhattisgarh,KORBA,Barley,2010,Rabi,chhattisgarh,korba
Chhattisgarh,KORBA,Gram,2010,Rabi,chhattisgarh,korba
Chhattisgarh,KORBA,Khesari,2010,Rabi,chhattisgarh,korba
Chhattisgarh,KORBA,Linseed,2010,Rabi,chhattisgarh,korba
Chhattisgarh,KORBA,Masoor,2010,Rabi,chhattisgarh,korba
Chhattisgarh,KORBA,Moong(Green Gram),2010,Rabi,chhattisgarh,korba
Chhattisgarh,KORBA,Other  Rabi pulses,2010,Rabi,chhattisgarh,korba
Chhattisgarh,KORBA,Peas & beans (Pulses),2010,Rabi,chhattisgarh,korba
Chhattisgarh,KORBA,Rapeseed &Mustard,2010,Rabi,chhattisgarh,korba
Chhattisgarh,KORBA,Urad,2010,Rabi,chhattisgarh,korba
Chhattisgarh,KORBA,Wheat,2010,Rabi,chhattisgarh,korba
Chhattisgarh,KORBA,Coriander,2010,Whole Year,chhattisgarh,korba
Chhattisgarh,KORBA,Dry chillies,2010,Whole Year,chhattisgarh,korba
Chhattisgarh,KORBA,Dry ginger,2010,Whole Year,chhattisgarh,korba
Chhattisgarh,KORBA,Garlic,2010,Whole Year,chhattisgarh,korba
Chhattisgarh,KORBA,Onion,2010,Whole Year,chhattisgarh,korba
Chhattisgarh,KORBA,Potato,2010,Whole Year,chhattisgarh,korba
Chhattisgarh,KORBA,Sugarcane,2010,Whole Year,chhattisgarh,korba
Chhattisgarh,KORBA,Sweet potato,2010,Whole Year,chhattisgarh,korba
Chhattisgarh,KORBA,Turmeric,2010,Whole Year,chhattisgarh,korba
Chhattisgarh,KOREA,Arhar/Tur,2010,Kharif,chhattisgarh,korea
Chhattisgarh,KOREA,Groundnut,2010,Kharif,chhattisgarh,korea
Chhattisgarh,KOREA,Horse-gram,2010,Kharif,chhattisgarh,korea
Chhattisgarh,KOREA,Jowar,2010,Kharif,chhattisgarh,korea
Chhattisgarh,KOREA,Maize,2010,Kharif,chhattisgarh,korea
Chhattisgarh,KOREA,Mesta,2010,Kharif,chhattisgarh,korea
Chhattisgarh,KOREA,Moong(Green Gram),2010,Kharif,chhattisgarh,korea
Chhattisgarh,KOREA,Niger seed,2010,Kharif,chhattisgarh,korea
Chhattisgarh,KOREA,Ragi,2010,Kharif,chhattisgarh,korea
Chhattisgarh,KOREA,Rice,2010,Kharif,chhattisgarh,korea
Chhattisgarh,KOREA,Sesamum,2010,Kharif,chhattisgarh,korea
Chhattisgarh,KOREA,Small millets,2010,Kharif,chhattisgarh,korea
Chhattisgarh,KOREA,Urad,2010,Kharif,chhattisgarh,korea
Chhattisgarh,KOREA,Barley,2010,Rabi,chhattisgarh,korea
Chhattisgarh,KOREA,Gram,2010,Rabi,chhattisgarh,korea
Chhattisgarh,KOREA,Khesari,2010,Rabi,chhattisgarh,korea
Chhattisgarh,KOREA,Linseed,2010,Rabi,chhattisgarh,korea
Chhattisgarh,KOREA,Masoor,2010,Rabi,chhattisgarh,korea
Chhattisgarh,KOREA,Peas & beans (Pulses),2010,Rabi,chhattisgarh,korea
Chhattisgarh,KOREA,Rapeseed &Mustard,2010,Rabi,chhattisgarh,korea
Chhattisgarh,KOREA,Wheat,2010,Rabi,chhattisgarh,korea
Chhattisgarh,KOREA,Coriander,2010,Whole Year,chhattisgarh,korea
Chhattisgarh,KOREA,Dry chillies,2010,Whole Year,chhattisgarh,korea
Chhattisgarh,KOREA,Dry ginger,2010,Whole Year,chhattisgarh,korea
Chhattisgarh,KOREA,Garlic,2010,Whole Year,chhattisgarh,korea
Chhattisgarh,KOREA,Onion,2010,Whole Year,chhattisgarh,korea
Chhattisgarh,KOREA,Potato,2010,Whole Year,chhattisgarh,korea
Chhattisgarh,KOREA,Sannhamp,2010,Whole Year,chhattisgarh,korea
Chhattisgarh,KOREA,Sugarcane,2010,Whole Year,chhattisgarh,korea
Chhattisgarh,KOREA,Sweet potato,2010,Whole Year,chhattisgarh,korea
Chhattisgarh,KOREA,Turmeric,2010,Whole Year,chhattisgarh,korea
Chhattisgarh,MAHASAMUND,Arhar/Tur,2010,Kharif,chhattisgarh,mahasamund
Chhattisgarh,MAHASAMUND,Groundnut,2010,Kharif,chhattisgarh,mahasamund
Chhattisgarh,MAHASAMUND,Horse-gram,2010,Kharif,chhattisgarh,mahasamund
Chhattisgarh,MAHASAMUND,Jowar,2010,Kharif,chhattisgarh,mahasamund
Chhattisgarh,MAHASAMUND,Maize,2010,Kharif,chhattisgarh,mahasamund
Chhattisgarh,MAHASAMUND,Mesta,2010,Kharif,chhattisgarh,mahasamund
Chhattisgarh,MAHASAMUND,Moong(Green Gram),2010,Kharif,chhattisgarh,mahasamund
Chhattisgarh,MAHASAMUND,Other Kharif pulses,2010,Kharif,chhattisgarh,mahasamund
Chhattisgarh,MAHASAMUND,Rice,2010,Kharif,chhattisgarh,mahasamund
Chhattisgarh,MAHASAMUND,Sesamum,2010,Kharif,chhattisgarh,mahasamund
Chhattisgarh,MAHASAMUND,Small millets,2010,Kharif,chhattisgarh,mahasamund
Chhattisgarh,MAHASAMUND,Sunflower,2010,Kharif,chhattisgarh,mahasamund
Chhattisgarh,MAHASAMUND,Urad,2010,Kharif,chhattisgarh,mahasamund
Chhattisgarh,MAHASAMUND,Gram,2010,Rabi,chhattisgarh,mahasamund
Chhattisgarh,MAHASAMUND,Horse-gram,2010,Rabi,chhattisgarh,mahasamund
Chhattisgarh,MAHASAMUND,Khesari,2010,Rabi,chhattisgarh,mahasamund
Chhattisgarh,MAHASAMUND,Linseed,2010,Rabi,chhattisgarh,mahasamund
Chhattisgarh,MAHASAMUND,Masoor,2010,Rabi,chhattisgarh,mahasamund
Chhattisgarh,MAHASAMUND,Moong(Green Gram),2010,Rabi,chhattisgarh,mahasamund
Chhattisgarh,MAHASAMUND,Other  Rabi pulses,2010,Rabi,chhattisgarh,mahasamund
Chhattisgarh,MAHASAMUND,Peas & beans (Pulses),2010,Rabi,chhattisgarh,mahasamund
Chhattisgarh,MAHASAMUND,Rapeseed &Mustard,2010,Rabi,chhattisgarh,mahasamund
Chhattisgarh,MAHASAMUND,Urad,2010,Rabi,chhattisgarh,mahasamund
Chhattisgarh,MAHASAMUND,Wheat,2010,Rabi,chhattisgarh,mahasamund
Chhattisgarh,MAHASAMUND,Banana,2010,Whole Year,chhattisgarh,mahasamund
Chhattisgarh,MAHASAMUND,Coriander,2010,Whole Year,chhattisgarh,mahasamund
Chhattisgarh,MAHASAMUND,Dry chillies,2010,Whole Year,chhattisgarh,mahasamund
Chhattisgarh,MAHASAMUND,Garlic,2010,Whole Year,chhattisgarh,mahasamund
Chhattisgarh,MAHASAMUND,Onion,2010,Whole Year,chhattisgarh,mahasamund
Chhattisgarh,MAHASAMUND,Potato,2010,Whole Year,chhattisgarh,mahasamund
Chhattisgarh,MAHASAMUND,Sannhamp,2010,Whole Year,chhattisgarh,mahasamund
Chhattisgarh,MAHASAMUND,Sugarcane,2010,Whole Year,chhattisgarh,mahasamund
Chhattisgarh,MAHASAMUND,Turmeric,2010,Whole Year,chhattisgarh,mahasamund
Chhattisgarh,NARAYANPUR,Arhar/Tur,2010,Kharif,chhattisgarh,narayanpur
Chhattisgarh,NARAYANPUR,Horse-gram,2010,Kharif,chhattisgarh,narayanpur
Chhattisgarh,NARAYANPUR,Jowar,2010,Kharif,chhattisgarh,narayanpur
Chhattisgarh,NARAYANPUR,Maize,2010,Kharif,chhattisgarh,narayanpur
Chhattisgarh,NARAYANPUR,Niger seed,2010,Kharif,chhattisgarh,narayanpur
Chhattisgarh,NARAYANPUR,Other Kharif pulses,2010,Kharif,chhattisgarh,narayanpur
Chhattisgarh,NARAYANPUR,Ragi,2010,Kharif,chhattisgarh,narayanpur
Chhattisgarh,NARAYANPUR,Rice,2010,Kharif,chhattisgarh,narayanpur
Chhattisgarh,NARAYANPUR,Sesamum,2010,Kharif,chhattisgarh,narayanpur
Chhattisgarh,NARAYANPUR,Small millets,2010,Kharif,chhattisgarh,narayanpur
Chhattisgarh,NARAYANPUR,Urad,2010,Kharif,chhattisgarh,narayanpur
Chhattisgarh,NARAYANPUR,Gram,2010,Rabi,chhattisgarh,narayanpur
Chhattisgarh,NARAYANPUR,Khesari,2010,Rabi,chhattisgarh,narayanpur
Chhattisgarh,NARAYANPUR,Linseed,2010,Rabi,chhattisgarh,narayanpur
Chhattisgarh,NARAYANPUR,Peas & beans (Pulses),2010,Rabi,chhattisgarh,narayanpur
Chhattisgarh,NARAYANPUR,Rapeseed &Mustard,2010,Rabi,chhattisgarh,narayanpur
Chhattisgarh,NARAYANPUR,Wheat,2010,Rabi,chhattisgarh,narayanpur
Chhattisgarh,NARAYANPUR,Banana,2010,Whole Year,chhattisgarh,narayanpur
Chhattisgarh,NARAYANPUR,Coriander,2010,Whole Year,chhattisgarh,narayanpur
Chhattisgarh,NARAYANPUR,Dry chillies,2010,Whole Year,chhattisgarh,narayanpur
Chhattisgarh,NARAYANPUR,Dry ginger,2010,Whole Year,chhattisgarh,narayanpur
Chhattisgarh,NARAYANPUR,Onion,2010,Whole Year,chhattisgarh,narayanpur
Chhattisgarh,NARAYANPUR,Potato,2010,Whole Year,chhattisgarh,narayanpur
Chhattisgarh,NARAYANPUR,Sugarcane,2010,Whole Year,chhattisgarh,narayanpur
Chhattisgarh,NARAYANPUR,Sweet potato,2010,Whole Year,chhattisgarh,narayanpur
Chhattisgarh,NARAYANPUR,Turmeric,2010,Whole Year,chhattisgarh,narayanpur
Chhattisgarh,RAIGARH,Arhar/Tur,2010,Kharif,chhattisgarh,raigarh
Chhattisgarh,RAIGARH,Bajra,2010,Kharif,chhattisgarh,raigarh
Chhattisgarh,RAIGARH,Groundnut,2010,Kharif,chhattisgarh,raigarh
Chhattisgarh,RAIGARH,Horse-gram,2010,Kharif,chhattisgarh,raigarh
Chhattisgarh,RAIGARH,Jowar,2010,Kharif,chhattisgarh,raigarh
Chhattisgarh,RAIGARH,Maize,2010,Kharif,chhattisgarh,raigarh
Chhattisgarh,RAIGARH,Mesta,2010,Kharif,chhattisgarh,raigarh
Chhattisgarh,RAIGARH,Moong(Green Gram),2010,Kharif,chhattisgarh,raigarh
Chhattisgarh,RAIGARH,Niger seed,2010,Kharif,chhattisgarh,raigarh
Chhattisgarh,RAIGARH,Other Kharif pulses,2010,Kharif,chhattisgarh,raigarh
Chhattisgarh,RAIGARH,Rice,2010,Kharif,chhattisgarh,raigarh
Chhattisgarh,RAIGARH,Sesamum,2010,Kharif,chhattisgarh,raigarh
Chhattisgarh,RAIGARH,Small millets,2010,Kharif,chhattisgarh,raigarh
Chhattisgarh,RAIGARH,Soyabean,2010,Kharif,chhattisgarh,raigarh
Chhattisgarh,RAIGARH,Sunflower,2010,Kharif,chhattisgarh,raigarh
Chhattisgarh,RAIGARH,Urad,2010,Kharif,chhattisgarh,raigarh
Chhattisgarh,RAIGARH,Gram,2010,Rabi,chhattisgarh,raigarh
Chhattisgarh,RAIGARH,Horse-gram,2010,Rabi,chhattisgarh,raigarh
Chhattisgarh,RAIGARH,Khesari,2010,Rabi,chhattisgarh,raigarh
Chhattisgarh,RAIGARH,Linseed,2010,Rabi,chhattisgarh,raigarh
Chhattisgarh,RAIGARH,Masoor,2010,Rabi,chhattisgarh,raigarh
Chhattisgarh,RAIGARH,Moong(Green Gram),2010,Rabi,chhattisgarh,raigarh
Chhattisgarh,RAIGARH,Other  Rabi pulses,2010,Rabi,chhattisgarh,raigarh
Chhattisgarh,RAIGARH,Peas & beans (Pulses),2010,Rabi,chhattisgarh,raigarh
Chhattisgarh,RAIGARH,Rapeseed &Mustard,2010,Rabi,chhattisgarh,raigarh
Chhattisgarh,RAIGARH,Safflower,2010,Rabi,chhattisgarh,raigarh
Chhattisgarh,RAIGARH,Urad,2010,Rabi,chhattisgarh,raigarh
Chhattisgarh,RAIGARH,Wheat,2010,Rabi,chhattisgarh,raigarh
Chhattisgarh,RAIGARH,Banana,2010,Whole Year,chhattisgarh,raigarh
Chhattisgarh,RAIGARH,Coriander,2010,Whole Year,chhattisgarh,raigarh
Chhattisgarh,RAIGARH,Dry chillies,2010,Whole Year,chhattisgarh,raigarh
Chhattisgarh,RAIGARH,Dry ginger,2010,Whole Year,chhattisgarh,raigarh
Chhattisgarh,RAIGARH,Garlic,2010,Whole Year,chhattisgarh,raigarh
Chhattisgarh,RAIGARH,Onion,2010,Whole Year,chhattisgarh,raigarh
Chhattisgarh,RAIGARH,Potato,2010,Whole Year,chhattisgarh,raigarh
Chhattisgarh,RAIGARH,Sannhamp,2010,Whole Year,chhattisgarh,raigarh
Chhattisgarh,RAIGARH,Sugarcane,2010,Whole Year,chhattisgarh,raigarh
Chhattisgarh,RAIGARH,Sweet potato,2010,Whole Year,chhattisgarh,raigarh
Chhattisgarh,RAIGARH,Turmeric,2010,Whole Year,chhattisgarh,raigarh
Chhattisgarh,RAIPUR,Arhar/Tur,2010,Kharif,chhattisgarh,raipur
Chhattisgarh,RAIPUR,Bajra,2010,Kharif,chhattisgarh,raipur
Chhattisgarh,RAIPUR,Castor seed,2010,Kharif,chhattisgarh,raipur
Chhattisgarh,RAIPUR,Cotton(lint),2010,Kharif,chhattisgarh,raipur
Chhattisgarh,RAIPUR,Groundnut,2010,Kharif,chhattisgarh,raipur
Chhattisgarh,RAIPUR,Horse-gram,2010,Kharif,chhattisgarh,raipur
Chhattisgarh,RAIPUR,Jowar,2010,Kharif,chhattisgarh,raipur
Chhattisgarh,RAIPUR,Maize,2010,Kharif,chhattisgarh,raipur
Chhattisgarh,RAIPUR,Mesta,2010,Kharif,chhattisgarh,raipur
Chhattisgarh,RAIPUR,Moong(Green Gram),2010,Kharif,chhattisgarh,raipur
Chhattisgarh,RAIPUR,Niger seed,2010,Kharif,chhattisgarh,raipur
Chhattisgarh,RAIPUR,Other Kharif pulses,2010,Kharif,chhattisgarh,raipur
Chhattisgarh,RAIPUR,Ragi,2010,Kharif,chhattisgarh,raipur
Chhattisgarh,RAIPUR,Rice,2010,Kharif,chhattisgarh,raipur
Chhattisgarh,RAIPUR,Sesamum,2010,Kharif,chhattisgarh,raipur
Chhattisgarh,RAIPUR,Small millets,2010,Kharif,chhattisgarh,raipur
Chhattisgarh,RAIPUR,Soyabean,2010,Kharif,chhattisgarh,raipur
Chhattisgarh,RAIPUR,Sunflower,2010,Kharif,chhattisgarh,raipur
Chhattisgarh,RAIPUR,Urad,2010,Kharif,chhattisgarh,raipur
Chhattisgarh,RAIPUR,Gram,2010,Rabi,chhattisgarh,raipur
Chhattisgarh,RAIPUR,Horse-gram,2010,Rabi,chhattisgarh,raipur
Chhattisgarh,RAIPUR,Khesari,2010,Rabi,chhattisgarh,raipur
Chhattisgarh,RAIPUR,Linseed,2010,Rabi,chhattisgarh,raipur
Chhattisgarh,RAIPUR,Masoor,2010,Rabi,chhattisgarh,raipur
Chhattisgarh,RAIPUR,Moong(Green Gram),2010,Rabi,chhattisgarh,raipur
Chhattisgarh,RAIPUR,Other  Rabi pulses,2010,Rabi,chhattisgarh,raipur
Chhattisgarh,RAIPUR,Peas & beans (Pulses),2010,Rabi,chhattisgarh,raipur
Chhattisgarh,RAIPUR,Rapeseed &Mustard,2010,Rabi,chhattisgarh,raipur
Chhattisgarh,RAIPUR,Safflower,2010,Rabi,chhattisgarh,raipur
Chhattisgarh,RAIPUR,Urad,2010,Rabi,chhattisgarh,raipur
Chhattisgarh,RAIPUR,Wheat,2010,Rabi,chhattisgarh,raipur
Chhattisgarh,RAIPUR,Banana,2010,Whole Year,chhattisgarh,raipur
Chhattisgarh,RAIPUR,Coriander,2010,Whole Year,chhattisgarh,raipur
Chhattisgarh,RAIPUR,Dry chillies,2010,Whole Year,chhattisgarh,raipur
Chhattisgarh,RAIPUR,Dry ginger,2010,Whole Year,chhattisgarh,raipur
Chhattisgarh,RAIPUR,Garlic,2010,Whole Year,chhattisgarh,raipur
Chhattisgarh,RAIPUR,Onion,2010,Whole Year,chhattisgarh,raipur
Chhattisgarh,RAIPUR,Potato,2010,Whole Year,chhattisgarh,raipur
Chhattisgarh,RAIPUR,Sannhamp,2010,Whole Year,chhattisgarh,raipur
Chhattisgarh,RAIPUR,Sugarcane,2010,Whole Year,chhattisgarh,raipur
Chhattisgarh,RAIPUR,Sweet potato,2010,Whole Year,chhattisgarh,raipur
Chhattisgarh,RAIPUR,Turmeric,2010,Whole Year,chhattisgarh,raipur
Chhattisgarh,RAJNANDGAON,Arhar/Tur,2010,Kharif,chhattisgarh,rajnandgaon
Chhattisgarh,RAJNANDGAON,Groundnut,2010,Kharif,chhattisgarh,rajnandgaon
Chhattisgarh,RAJNANDGAON,Horse-gram,2010,Kharif,chhattisgarh,rajnandgaon
Chhattisgarh,RAJNANDGAON,Jowar,2010,Kharif,chhattisgarh,rajnandgaon
Chhattisgarh,RAJNANDGAON,Maize,2010,Kharif,chhattisgarh,rajnandgaon
Chhattisgarh,RAJNANDGAON,Mesta,2010,Kharif,chhattisgarh,rajnandgaon
Chhattisgarh,RAJNANDGAON,Moong(Green Gram),2010,Kharif,chhattisgarh,rajnandgaon
Chhattisgarh,RAJNANDGAON,Other Kharif pulses,2010,Kharif,chhattisgarh,rajnandgaon
Chhattisgarh,RAJNANDGAON,Ragi,2010,Kharif,chhattisgarh,rajnandgaon
Chhattisgarh,RAJNANDGAON,Rice,2010,Kharif,chhattisgarh,rajnandgaon
Chhattisgarh,RAJNANDGAON,Sesamum,2010,Kharif,chhattisgarh,rajnandgaon
Chhattisgarh,RAJNANDGAON,Small millets,2010,Kharif,chhattisgarh,rajnandgaon
Chhattisgarh,RAJNANDGAON,Soyabean,2010,Kharif,chhattisgarh,rajnandgaon
Chhattisgarh,RAJNANDGAON,Sunflower,2010,Kharif,chhattisgarh,rajnandgaon
Chhattisgarh,RAJNANDGAON,Urad,2010,Kharif,chhattisgarh,rajnandgaon
Chhattisgarh,RAJNANDGAON,Barley,2010,Rabi,chhattisgarh,rajnandgaon
Chhattisgarh,RAJNANDGAON,Gram,2010,Rabi,chhattisgarh,rajnandgaon
Chhattisgarh,RAJNANDGAON,Horse-gram,2010,Rabi,chhattisgarh,rajnandgaon
Chhattisgarh,RAJNANDGAON,Khesari,2010,Rabi,chhattisgarh,rajnandgaon
Chhattisgarh,RAJNANDGAON,Linseed,2010,Rabi,chhattisgarh,rajnandgaon
Chhattisgarh,RAJNANDGAON,Masoor,2010,Rabi,chhattisgarh,rajnandgaon
Chhattisgarh,RAJNANDGAON,Moong(Green Gram),2010,Rabi,chhattisgarh,rajnandgaon
Chhattisgarh,RAJNANDGAON,Other  Rabi pulses,2010,Rabi,chhattisgarh,rajnandgaon
Chhattisgarh,RAJNANDGAON,Peas & beans (Pulses),2010,Rabi,chhattisgarh,rajnandgaon
Chhattisgarh,RAJNANDGAON,Rapeseed &Mustard,2010,Rabi,chhattisgarh,rajnandgaon
Chhattisgarh,RAJNANDGAON,Safflower,2010,Rabi,chhattisgarh,rajnandgaon
Chhattisgarh,RAJNANDGAON,Urad,2010,Rabi,chhattisgarh,rajnandgaon
Chhattisgarh,RAJNANDGAON,Wheat,2010,Rabi,chhattisgarh,rajnandgaon
Chhattisgarh,RAJNANDGAON,Banana,2010,Whole Year,chhattisgarh,rajnandgaon
Chhattisgarh,RAJNANDGAON,Coriander,2010,Whole Year,chhattisgarh,rajnandgaon
Chhattisgarh,RAJNANDGAON,Dry chillies,2010,Whole Year,chhattisgarh,rajnandgaon
Chhattisgarh,RAJNANDGAON,Dry ginger,2010,Whole Year,chhattisgarh,rajnandgaon
Chhattisgarh,RAJNANDGAON,Garlic,2010,Whole Year,chhattisgarh,rajnandgaon
Chhattisgarh,RAJNANDGAON,Onion,2010,Whole Year,chhattisgarh,rajnandgaon
Chhattisgarh,RAJNANDGAON,Potato,2010,Whole Year,chhattisgarh,rajnandgaon
Chhattisgarh,RAJNANDGAON,Sannhamp,2010,Whole Year,chhattisgarh,rajnandgaon
Chhattisgarh,RAJNANDGAON,Sugarcane,2010,Whole Year,chhattisgarh,rajnandgaon
Chhattisgarh,RAJNANDGAON,Sweet potato,2010,Whole Year,chhattisgarh,rajnandgaon
Chhattisgarh,RAJNANDGAON,Turmeric,2010,Whole Year,chhattisgarh,rajnandgaon
Chhattisgarh,SURGUJA,Arhar/Tur,2010,Kharif,chhattisgarh,surguja
Chhattisgarh,SURGUJA,Cotton(lint),2010,Kharif,chhattisgarh,surguja
Chhattisgarh,SURGUJA,Groundnut,2010,Kharif,chhattisgarh,surguja
Chhattisgarh,SURGUJA,Horse-gram,2010,Kharif,chhattisgarh,surguja
Chhattisgarh,SURGUJA,Jowar,2010,Kharif,chhattisgarh,surguja
Chhattisgarh,SURGUJA,Maize,2010,Kharif,chhattisgarh,surguja
Chhattisgarh,SURGUJA,Mesta,2010,Kharif,chhattisgarh,surguja
Chhattisgarh,SURGUJA,Moong(Green Gram),2010,Kharif,chhattisgarh,surguja
Chhattisgarh,SURGUJA,Niger seed,2010,Kharif,chhattisgarh,surguja
Chhattisgarh,SURGUJA,Other Kharif pulses,2010,Kharif,chhattisgarh,surguja
Chhattisgarh,SURGUJA,Ragi,2010,Kharif,chhattisgarh,surguja
Chhattisgarh,SURGUJA,Rice,2010,Kharif,chhattisgarh,surguja
Chhattisgarh,SURGUJA,Sesamum,2010,Kharif,chhattisgarh,surguja
Chhattisgarh,SURGUJA,Small millets,2010,Kharif,chhattisgarh,surguja
Chhattisgarh,SURGUJA,Soyabean,2010,Kharif,chhattisgarh,surguja
Chhattisgarh,SURGUJA,Sunflower,2010,Kharif,chhattisgarh,surguja
Chhattisgarh,SURGUJA,Urad,2010,Kharif,chhattisgarh,surguja
Chhattisgarh,SURGUJA,Barley,2010,Rabi,chhattisgarh,surguja
Chhattisgarh,SURGUJA,Gram,2010,Rabi,chhattisgarh,surguja
Chhattisgarh,SURGUJA,Khesari,2010,Rabi,chhattisgarh,surguja
Chhattisgarh,SURGUJA,Linseed,2010,Rabi,chhattisgarh,surguja
Chhattisgarh,SURGUJA,Masoor,2010,Rabi,chhattisgarh,surguja
Chhattisgarh,SURGUJA,Moong(Green Gram),2010,Rabi,chhattisgarh,surguja
Chhattisgarh,SURGUJA,Peas & beans (Pulses),2010,Rabi,chhattisgarh,surguja
Chhattisgarh,SURGUJA,Rapeseed &Mustard,2010,Rabi,chhattisgarh,surguja
Chhattisgarh,SURGUJA,Wheat,2010,Rabi,chhattisgarh,surguja
Chhattisgarh,SURGUJA,Banana,2010,Whole Year,chhattisgarh,surguja
Chhattisgarh,SURGUJA,Coriander,2010,Whole Year,chhattisgarh,surguja
Chhattisgarh,SURGUJA,Dry chillies,2010,Whole Year,chhattisgarh,surguja
Chhattisgarh,SURGUJA,Dry ginger,2010,Whole Year,chhattisgarh,surguja
Chhattisgarh,SURGUJA,Garlic,2010,Whole Year,chhattisgarh,surguja
Chhattisgarh,SURGUJA,Onion,2010,Whole Year,chhattisgarh,surguja
Chhattisgarh,SURGUJA,Potato,2010,Whole Year,chhattisgarh,surguja
Chhattisgarh,SURGUJA,Sannhamp,2010,Whole Year,chhattisgarh,surguja
Chhattisgarh,SURGUJA,Sugarcane,2010,Whole Year,chhattisgarh,surguja
Chhattisgarh,SURGUJA,Sweet potato,2010,Whole Year,chhattisgarh,surguja
Chhattisgarh,SURGUJA,Tobacco,2010,Whole Year,chhattisgarh,surguja
Chhattisgarh,SURGUJA,Turmeric,2010,Whole Year,chhattisgarh,surguja
Dadra and Nagar Haveli,DADRA AND NAGAR HAVELI,Arhar/Tur,2010,Kharif,dadra and nagar haveli,dadra and nagar haveli
Dadra and Nagar Haveli,DADRA AND NAGAR HAVELI,Groundnut,2010,Kharif,dadra and nagar haveli,dadra and nagar haveli
Dadra and Nagar Haveli,DADRA AND NAGAR HAVELI,Jowar,2010,Kharif,dadra and nagar haveli,dadra and nagar haveli
Dadra and Nagar Haveli,DADRA AND NAGAR HAVELI,Maize,2010,Kharif,dadra and nagar haveli,dadra and nagar haveli
Dadra and Nagar Haveli,DADRA AND NAGAR HAVELI,Niger seed,2010,Kharif,dadra and nagar haveli,dadra and nagar haveli
Dadra and Nagar Haveli,DADRA AND NAGAR HAVELI,Ragi,2010,Kharif,dadra and nagar haveli,dadra and nagar haveli
Dadra and Nagar Haveli,DADRA AND NAGAR HAVELI,Rice,2010,Kharif,dadra and nagar haveli,dadra and nagar haveli
Dadra and Nagar Haveli,DADRA AND NAGAR HAVELI,Sannhamp,2010,Kharif,dadra and nagar haveli,dadra and nagar haveli
Dadra and Nagar Haveli,DADRA AND NAGAR HAVELI,Small millets,2010,Kharif,dadra and nagar haveli,dadra and nagar haveli
Dadra and Nagar Haveli,DADRA AND NAGAR HAVELI,Urad,2010,Kharif,dadra and nagar haveli,dadra and nagar haveli
Dadra and Nagar Haveli,DADRA AND NAGAR HAVELI,Gram,2010,Rabi,dadra and nagar haveli,dadra and nagar haveli
Dadra and Nagar Haveli,DADRA AND NAGAR HAVELI,Other  Rabi pulses,2010,Rabi,dadra and nagar haveli,dadra and nagar haveli
Dadra and Nagar Haveli,DADRA AND NAGAR HAVELI,Rice,2010,Rabi,dadra and nagar haveli,dadra and nagar haveli
Dadra and Nagar Haveli,DADRA AND NAGAR HAVELI,Arhar/Tur,2010,Winter,dadra and nagar haveli,dadra and nagar haveli
Dadra and Nagar Haveli,DADRA AND NAGAR HAVELI,Gram,2010,Winter,dadra and nagar haveli,dadra and nagar haveli
Dadra and Nagar Haveli,DADRA AND NAGAR HAVELI,Sannhamp,2010,Winter,dadra and nagar haveli,dadra and nagar haveli
Dadra and Nagar Haveli,DADRA AND NAGAR HAVELI,Sesamum,2010,Winter,dadra and nagar haveli,dadra and nagar haveli
Dadra and Nagar Haveli,DADRA AND NAGAR HAVELI,Sugarcane,2010,Winter,dadra and nagar haveli,dadra and nagar haveli
Dadra and Nagar Haveli,DADRA AND NAGAR HAVELI,Wheat,2010,Winter,dadra and nagar haveli,dadra and nagar haveli
Goa,NORTH GOA,Groundnut,2010,Kharif,goa,north goa
Goa,NORTH GOA,Other Kharif pulses,2010,Kharif,goa,north goa
Goa,NORTH GOA,Ragi,2010,Kharif,goa,north goa
Goa,NORTH GOA,Rice,2010,Kharif,goa,north goa
Goa,NORTH GOA,Groundnut,2010,Rabi,goa,north goa
Goa,NORTH GOA,Other  Rabi pulses,2010,Rabi,goa,north goa
Goa,NORTH GOA,Rice,2010,Rabi,goa,north goa
Goa,NORTH GOA,Sugarcane,2010,Whole Year,goa,north goa
Goa,SOUTH GOA,Other Kharif pulses,2010,Kharif,goa,south goa
Goa,SOUTH GOA,Ragi,2010,Kharif,goa,south goa
Goa,SOUTH GOA,Rice,2010,Kharif,goa,south goa
Goa,SOUTH GOA,Groundnut,2010,Rabi,goa,south goa
Goa,SOUTH GOA,Other  Rabi pulses,2010,Rabi,goa,south goa
Goa,SOUTH GOA,Rice,2010,Rabi,goa,south goa
Goa,SOUTH GOA,Sugarcane,2010,Whole Year,goa,south goa
Gujarat,AHMADABAD,Arhar/Tur,2010,Kharif,gujarat,ahmadabad
Gujarat,AHMADABAD,Bajra,2010,Kharif,gujarat,ahmadabad
Gujarat,AHMADABAD,Castor seed,2010,Kharif,gujarat,ahmadabad
Gujarat,AHMADABAD,Cotton(lint),2010,Kharif,gujarat,ahmadabad
Gujarat,AHMADABAD,Groundnut,2010,Kharif,gujarat,ahmadabad
Gujarat,AHMADABAD,Jowar,2010,Kharif,gujarat,ahmadabad
Gujarat,AHMADABAD,Maize,2010,Kharif,gujarat,ahmadabad
Gujarat,AHMADABAD,Moong(Green Gram),2010,Kharif,gujarat,ahmadabad
Gujarat,AHMADABAD,Moth,2010,Kharif,gujarat,ahmadabad
Gujarat,AHMADABAD,Other Kharif pulses,2010,Kharif,gujarat,ahmadabad
Gujarat,AHMADABAD,other oilseeds,2010,Kharif,gujarat,ahmadabad
Gujarat,AHMADABAD,Rice,2010,Kharif,gujarat,ahmadabad
Gujarat,AHMADABAD,Sesamum,2010,Kharif,gujarat,ahmadabad
Gujarat,AHMADABAD,Tobacco,2010,Kharif,gujarat,ahmadabad
Gujarat,AHMADABAD,Urad,2010,Kharif,gujarat,ahmadabad
Gujarat,AHMADABAD,Gram,2010,Rabi,gujarat,ahmadabad
Gujarat,AHMADABAD,Jowar,2010,Rabi,gujarat,ahmadabad
Gujarat,AHMADABAD,Rapeseed &Mustard,2010,Rabi,gujarat,ahmadabad
Gujarat,AHMADABAD,Wheat,2010,Rabi,gujarat,ahmadabad
Gujarat,AHMADABAD,Bajra,2010,Summer,gujarat,ahmadabad
Gujarat,AHMADABAD,Moong(Green Gram),2010,Summer,gujarat,ahmadabad
Gujarat,AHMADABAD,Rice,2010,Summer,gujarat,ahmadabad
Gujarat,AHMADABAD,Garlic,2010,Whole Year,gujarat,ahmadabad
Gujarat,AHMADABAD,Guar seed,2010,Whole Year,gujarat,ahmadabad
Gujarat,AHMADABAD,Onion,2010,Whole Year,gujarat,ahmadabad
Gujarat,AHMADABAD,Sugarcane,2010,Whole Year,gujarat,ahmadabad
Gujarat,AMRELI,Arhar/Tur,2010,Kharif,gujarat,amreli
Gujarat,AMRELI,Bajra,2010,Kharif,gujarat,amreli
Gujarat,AMRELI,Castor seed,2010,Kharif,gujarat,amreli
Gujarat,AMRELI,Cotton(lint),2010,Kharif,gujarat,amreli
Gujarat,AMRELI,Groundnut,2010,Kharif,gujarat,amreli
Gujarat,AMRELI,Jowar,2010,Kharif,gujarat,amreli
Gujarat,AMRELI,Maize,2010,Kharif,gujarat,amreli
Gujarat,AMRELI,Moong(Green Gram),2010,Kharif,gujarat,amreli
Gujarat,AMRELI,Other Kharif pulses,2010,Kharif,gujarat,amreli
Gujarat,AMRELI,other oilseeds,2010,Kharif,gujarat,amreli
Gujarat,AMRELI,Sesamum,2010,Kharif,gujarat,amreli
Gujarat,AMRELI,Tobacco,2010,Kharif,gujarat,amreli
Gujarat,AMRELI,Urad,2010,Kharif,gujarat,amreli
Gujarat,AMRELI,Gram,2010,Rabi,gujarat,amreli
Gujarat,AMRELI,Maize,2010,Rabi,gujarat,amreli
Gujarat,AMRELI,Other Cereals & Millets,2010,Rabi,gujarat,amreli
Gujarat,AMRELI,Rapeseed &Mustard,2010,Rabi,gujarat,amreli
Gujarat,AMRELI,Wheat,2010,Rabi,gujarat,amreli
Gujarat,AMRELI,Bajra,2010,Summer,gujarat,amreli
Gujarat,AMRELI,Groundnut,2010,Summer,gujarat,amreli
Gujarat,AMRELI,Moong(Green Gram),2010,Summer,gujarat,amreli
Gujarat,AMRELI,Sesamum,2010,Summer,gujarat,amreli
Gujarat,AMRELI,Dry chillies,2010,Whole Year,gujarat,amreli
Gujarat,AMRELI,Garlic,2010,Whole Year,gujarat,amreli
Gujarat,AMRELI,Onion,2010,Whole Year,gujarat,amreli
Gujarat,AMRELI,Sugarcane,2010,Whole Year,gujarat,amreli
Gujarat,ANAND,Arhar/Tur,2010,Kharif,gujarat,anand
Gujarat,ANAND,Bajra,2010,Kharif,gujarat,anand
Gujarat,ANAND,Castor seed,2010,Kharif,gujarat,anand
Gujarat,ANAND,Cotton(lint),2010,Kharif,gujarat,anand
Gujarat,ANAND,Jowar,2010,Kharif,gujarat,anand
Gujarat,ANAND,Maize,2010,Kharif,gujarat,anand
Gujarat,ANAND,Moong(Green Gram),2010,Kharif,gujarat,anand
Gujarat,ANAND,Other Kharif pulses,2010,Kharif,gujarat,anand
Gujarat,ANAND,other oilseeds,2010,Kharif,gujarat,anand
Gujarat,ANAND,Rice,2010,Kharif,gujarat,anand
Gujarat,ANAND,Sesamum,2010,Kharif,gujarat,anand
Gujarat,ANAND,Tobacco,2010,Kharif,gujarat,anand
Gujarat,ANAND,Urad,2010,Kharif,gujarat,anand
Gujarat,ANAND,Gram,2010,Rabi,gujarat,anand
Gujarat,ANAND,Jowar,2010,Rabi,gujarat,anand
Gujarat,ANAND,Maize,2010,Rabi,gujarat,anand
Gujarat,ANAND,Other Cereals & Millets,2010,Rabi,gujarat,anand
Gujarat,ANAND,Rapeseed &Mustard,2010,Rabi,gujarat,anand
Gujarat,ANAND,Tobacco,2010,Rabi,gujarat,anand
Gujarat,ANAND,Wheat,2010,Rabi,gujarat,anand
Gujarat,ANAND,Bajra,2010,Summer,gujarat,anand
Gujarat,ANAND,Groundnut,2010,Summer,gujarat,anand
Gujarat,ANAND,Moong(Green Gram),2010,Summer,gujarat,anand
Gujarat,ANAND,Rice,2010,Summer,gujarat,anand
Gujarat,ANAND,Banana,2010,Whole Year,gujarat,anand
Gujarat,ANAND,Dry chillies,2010,Whole Year,gujarat,anand
Gujarat,ANAND,Garlic,2010,Whole Year,gujarat,anand
Gujarat,ANAND,Guar seed,2010,Whole Year,gujarat,anand
Gujarat,ANAND,Onion,2010,Whole Year,gujarat,anand
Gujarat,ANAND,Potato,2010,Whole Year,gujarat,anand
Gujarat,BANAS KANTHA,Arhar/Tur,2010,Kharif,gujarat,banas kantha
Gujarat,BANAS KANTHA,Bajra,2010,Kharif,gujarat,banas kantha
Gujarat,BANAS KANTHA,Castor seed,2010,Kharif,gujarat,banas kantha
Gujarat,BANAS KANTHA,Cotton(lint),2010,Kharif,gujarat,banas kantha
Gujarat,BANAS KANTHA,Groundnut,2010,Kharif,gujarat,banas kantha
Gujarat,BANAS KANTHA,Jowar,2010,Kharif,gujarat,banas kantha
Gujarat,BANAS KANTHA,Maize,2010,Kharif,gujarat,banas kantha
Gujarat,BANAS KANTHA,Moong(Green Gram),2010,Kharif,gujarat,banas kantha
Gujarat,BANAS KANTHA,Moth,2010,Kharif,gujarat,banas kantha
Gujarat,BANAS KANTHA,Other Cereals & Millets,2010,Kharif,gujarat,banas kantha
Gujarat,BANAS KANTHA,Other Kharif pulses,2010,Kharif,gujarat,banas kantha
Gujarat,BANAS KANTHA,other oilseeds,2010,Kharif,gujarat,banas kantha
Gujarat,BANAS KANTHA,Sesamum,2010,Kharif,gujarat,banas kantha
Gujarat,BANAS KANTHA,Urad,2010,Kharif,gujarat,banas kantha
Gujarat,BANAS KANTHA,Gram,2010,Rabi,gujarat,banas kantha
Gujarat,BANAS KANTHA,Maize,2010,Rabi,gujarat,banas kantha
Gujarat,BANAS KANTHA,Other Cereals & Millets,2010,Rabi,gujarat,banas kantha
Gujarat,BANAS KANTHA,Rapeseed &Mustard,2010,Rabi,gujarat,banas kantha
Gujarat,BANAS KANTHA,Tobacco,2010,Rabi,gujarat,banas kantha
Gujarat,BANAS KANTHA,Wheat,2010,Rabi,gujarat,banas kantha
Gujarat,BANAS KANTHA,Bajra,2010,Summer,gujarat,banas kantha
Gujarat,BANAS KANTHA,Groundnut,2010,Summer,gujarat,banas kantha
Gujarat,BANAS KANTHA,Moong(Green Gram),2010,Summer,gujarat,banas kantha
Gujarat,BANAS KANTHA,Dry chillies,2010,Whole Year,gujarat,banas kantha
Gujarat,BANAS KANTHA,Guar seed,2010,Whole Year,gujarat,banas kantha
Gujarat,BANAS KANTHA,Potato,2010,Whole Year,gujarat,banas kantha
Gujarat,BHARUCH,Arhar/Tur,2010,Kharif,gujarat,bharuch
Gujarat,BHARUCH,Bajra,2010,Kharif,gujarat,bharuch
Gujarat,BHARUCH,Castor seed,2010,Kharif,gujarat,bharuch
Gujarat,BHARUCH,Cotton(lint),2010,Kharif,gujarat,bharuch
Gujarat,BHARUCH,Groundnut,2010,Kharif,gujarat,bharuch
Gujarat,BHARUCH,Jowar,2010,Kharif,gujarat,bharuch
Gujarat,BHARUCH,Maize,2010,Kharif,gujarat,bharuch
Gujarat,BHARUCH,Moong(Green Gram),2010,Kharif,gujarat,bharuch
Gujarat,BHARUCH,Moth,2010,Kharif,gujarat,bharuch
Gujarat,BHARUCH,Other Kharif pulses,2010,Kharif,gujarat,bharuch
Gujarat,BHARUCH,other oilseeds,2010,Kharif,gujarat,bharuch
Gujarat,BHARUCH,Rice,2010,Kharif,gujarat,bharuch
Gujarat,BHARUCH,Sesamum,2010,Kharif,gujarat,bharuch
Gujarat,BHARUCH,Soyabean,2010,Kharif,gujarat,bharuch
Gujarat,BHARUCH,Urad,2010,Kharif,gujarat,bharuch
Gujarat,BHARUCH,Gram,2010,Rabi,gujarat,bharuch
Gujarat,BHARUCH,Jowar,2010,Rabi,gujarat,bharuch
Gujarat,BHARUCH,Maize,2010,Rabi,gujarat,bharuch
Gujarat,BHARUCH,Other  Rabi pulses,2010,Rabi,gujarat,bharuch
Gujarat,BHARUCH,Wheat,2010,Rabi,gujarat,bharuch
Gujarat,BHARUCH,Bajra,2010,Summer,gujarat,bharuch
Gujarat,BHARUCH,Groundnut,2010,Summer,gujarat,bharuch
Gujarat,BHARUCH,Maize,2010,Summer,gujarat,bharuch
Gujarat,BHARUCH,Moong(Green Gram),2010,Summer,gujarat,bharuch
Gujarat,BHARUCH,Rice,2010,Summer,gujarat,bharuch
Gujarat,BHARUCH,Sesamum,2010,Summer,gujarat,bharuch
Gujarat,BHARUCH,Banana,2010,Whole Year,gujarat,bharuch
Gujarat,BHARUCH,Sugarcane,2010,Whole Year,gujarat,bharuch
Gujarat,BHAVNAGAR,Arhar/Tur,2010,Kharif,gujarat,bhavnagar
Gujarat,BHAVNAGAR,Bajra,2010,Kharif,gujarat,bhavnagar
Gujarat,BHAVNAGAR,Castor seed,2010,Kharif,gujarat,bhavnagar
Gujarat,BHAVNAGAR,Cotton(lint),2010,Kharif,gujarat,bhavnagar
Gujarat,BHAVNAGAR,Groundnut,2010,Kharif,gujarat,bhavnagar
Gujarat,BHAVNAGAR,Maize,2010,Kharif,gujarat,bhavnagar
Gujarat,BHAVNAGAR,Moong(Green Gram),2010,Kharif,gujarat,bhavnagar
Gujarat,BHAVNAGAR,Moth,2010,Kharif,gujarat,bhavnagar
Gujarat,BHAVNAGAR,Other Kharif pulses,2010,Kharif,gujarat,bhavnagar
Gujarat,BHAVNAGAR,other oilseeds,2010,Kharif,gujarat,bhavnagar
Gujarat,BHAVNAGAR,Sesamum,2010,Kharif,gujarat,bhavnagar
Gujarat,BHAVNAGAR,Urad,2010,Kharif,gujarat,bhavnagar
Gujarat,BHAVNAGAR,Gram,2010,Rabi,gujarat,bhavnagar
Gujarat,BHAVNAGAR,Jowar,2010,Rabi,gujarat,bhavnagar
Gujarat,BHAVNAGAR,Rapeseed &Mustard,2010,Rabi,gujarat,bhavnagar
Gujarat,BHAVNAGAR,Wheat,2010,Rabi,gujarat,bhavnagar
Gujarat,BHAVNAGAR,Bajra,2010,Summer,gujarat,bhavnagar
Gujarat,BHAVNAGAR,Groundnut,2010,Summer,gujarat,bhavnagar
Gujarat,BHAVNAGAR,Moong(Green Gram),2010,Summer,gujarat,bhavnagar
Gujarat,BHAVNAGAR,Sesamum,2010,Summer,gujarat,bhavnagar
Gujarat,BHAVNAGAR,Garlic,2010,Whole Year,gujarat,bhavnagar
Gujarat,BHAVNAGAR,Onion,2010,Whole Year,gujarat,bhavnagar
Gujarat,BHAVNAGAR,Sugarcane,2010,Whole Year,gujarat,bhavnagar
Gujarat,DANG,Arhar/Tur,2010,Kharif,gujarat,dang
Gujarat,DANG,Groundnut,2010,Kharif,gujarat,dang
Gujarat,DANG,Jowar,2010,Kharif,gujarat,dang
Gujarat,DANG,Maize,2010,Kharif,gujarat,dang
Gujarat,DANG,Other Cereals & Millets,2010,Kharif,gujarat,dang
Gujarat,DANG,other oilseeds,2010,Kharif,gujarat,dang
Gujarat,DANG,Ragi,2010,Kharif,gujarat,dang
Gujarat,DANG,Rice,2010,Kharif,gujarat,dang
Gujarat,DANG,Soyabean,2010,Kharif,gujarat,dang
Gujarat,DANG,Urad,2010,Kharif,gujarat,dang
Gujarat,DANG,Gram,2010,Rabi,gujarat,dang
Gujarat,DANG,Other  Rabi pulses,2010,Rabi,gujarat,dang
Gujarat,DANG,Wheat,2010,Rabi,gujarat,dang
Gujarat,DANG,Groundnut,2010,Summer,gujarat,dang
Gujarat,DANG,Moong(Green Gram),2010,Summer,gujarat,dang
Gujarat,DANG,Garlic,2010,Whole Year,gujarat,dang
Gujarat,DANG,Onion,2010,Whole Year,gujarat,dang
Gujarat,DOHAD,Arhar/Tur,2010,Kharif,gujarat,dohad
Gujarat,DOHAD,Castor seed,2010,Kharif,gujarat,dohad
Gujarat,DOHAD,Cotton(lint),2010,Kharif,gujarat,dohad
Gujarat,DOHAD,Groundnut,2010,Kharif,gujarat,dohad
Gujarat,DOHAD,Jowar,2010,Kharif,gujarat,dohad
Gujarat,DOHAD,Maize,2010,Kharif,gujarat,dohad
Gujarat,DOHAD,Moong(Green Gram),2010,Kharif,gujarat,dohad
Gujarat,DOHAD,Other Cereals & Millets,2010,Kharif,gujarat,dohad
Gujarat,DOHAD,Other Kharif pulses,2010,Kharif,gujarat,dohad
Gujarat,DOHAD,other oilseeds,2010,Kharif,gujarat,dohad
Gujarat,DOHAD,Rice,2010,Kharif,gujarat,dohad
Gujarat,DOHAD,Sesamum,2010,Kharif,gujarat,dohad
Gujarat,DOHAD,Soyabean,2010,Kharif,gujarat,dohad
Gujarat,DOHAD,Urad,2010,Kharif,gujarat,dohad
Gujarat,DOHAD,Gram,2010,Rabi,gujarat,dohad
Gujarat,DOHAD,Maize,2010,Rabi,gujarat,dohad
Gujarat,DOHAD,Other  Rabi pulses,2010,Rabi,gujarat,dohad
Gujarat,DOHAD,Other Cereals & Millets,2010,Rabi,gujarat,dohad
Gujarat,DOHAD,Rapeseed &Mustard,2010,Rabi,gujarat,dohad
Gujarat,DOHAD,Wheat,2010,Rabi,gujarat,dohad
Gujarat,DOHAD,Groundnut,2010,Summer,gujarat,dohad
Gujarat,DOHAD,Moong(Green Gram),2010,Summer,gujarat,dohad
Gujarat,DOHAD,Garlic,2010,Whole Year,gujarat,dohad
Gujarat,DOHAD,Onion,2010,Whole Year,gujarat,dohad
Gujarat,GANDHINAGAR,Arhar/Tur,2010,Kharif,gujarat,gandhinagar
Gujarat,GANDHINAGAR,Bajra,2010,Kharif,gujarat,gandhinagar
Gujarat,GANDHINAGAR,Castor seed,2010,Kharif,gujarat,gandhinagar
Gujarat,GANDHINAGAR,Cotton(lint),2010,Kharif,gujarat,gandhinagar
Gujarat,GANDHINAGAR,Groundnut,2010,Kharif,gujarat,gandhinagar
Gujarat,GANDHINAGAR,Jowar,2010,Kharif,gujarat,gandhinagar
Gujarat,GANDHINAGAR,Maize,2010,Kharif,gujarat,gandhinagar
Gujarat,GANDHINAGAR,Moong(Green Gram),2010,Kharif,gujarat,gandhinagar
Gujarat,GANDHINAGAR,Moth,2010,Kharif,gujarat,gandhinagar
Gujarat,GANDHINAGAR,Other Kharif pulses,2010,Kharif,gujarat,gandhinagar
Gujarat,GANDHINAGAR,Rice,2010,Kharif,gujarat,gandhinagar
Gujarat,GANDHINAGAR,Sesamum,2010,Kharif,gujarat,gandhinagar
Gujarat,GANDHINAGAR,Tobacco,2010,Kharif,gujarat,gandhinagar
Gujarat,GANDHINAGAR,Urad,2010,Kharif,gujarat,gandhinagar
Gujarat,GANDHINAGAR,Gram,2010,Rabi,gujarat,gandhinagar
Gujarat,GANDHINAGAR,Jowar,2010,Rabi,gujarat,gandhinagar
Gujarat,GANDHINAGAR,Maize,2010,Rabi,gujarat,gandhinagar
Gujarat,GANDHINAGAR,Other Cereals & Millets,2010,Rabi,gujarat,gandhinagar
Gujarat,GANDHINAGAR,Rapeseed &Mustard,2010,Rabi,gujarat,gandhinagar
Gujarat,GANDHINAGAR,Tobacco,2010,Rabi,gujarat,gandhinagar
Gujarat,GANDHINAGAR,Wheat,2010,Rabi,gujarat,gandhinagar
Gujarat,GANDHINAGAR,Bajra,2010,Summer,gujarat,gandhinagar
Gujarat,GANDHINAGAR,Groundnut,2010,Summer,gujarat,gandhinagar
Gujarat,GANDHINAGAR,Moong(Green Gram),2010,Summer,gujarat,gandhinagar
Gujarat,GANDHINAGAR,Guar seed,2010,Whole Year,gujarat,gandhinagar
Gujarat,GANDHINAGAR,Potato,2010,Whole Year,gujarat,gandhinagar
Gujarat,JAMNAGAR,Arhar/Tur,2010,Kharif,gujarat,jamnagar
Gujarat,JAMNAGAR,Bajra,2010,Kharif,gujarat,jamnagar
Gujarat,JAMNAGAR,Castor seed,2010,Kharif,gujarat,jamnagar
Gujarat,JAMNAGAR,Cotton(lint),2010,Kharif,gujarat,jamnagar
Gujarat,JAMNAGAR,Groundnut,2010,Kharif,gujarat,jamnagar
Gujarat,JAMNAGAR,Maize,2010,Kharif,gujarat,jamnagar
Gujarat,JAMNAGAR,Moong(Green Gram),2010,Kharif,gujarat,jamnagar
Gujarat,JAMNAGAR,Moth,2010,Kharif,gujarat,jamnagar
Gujarat,JAMNAGAR,Other Kharif pulses,2010,Kharif,gujarat,jamnagar
Gujarat,JAMNAGAR,other oilseeds,2010,Kharif,gujarat,jamnagar
Gujarat,JAMNAGAR,Sesamum,2010,Kharif,gujarat,jamnagar
Gujarat,JAMNAGAR,Soyabean,2010,Kharif,gujarat,jamnagar
Gujarat,JAMNAGAR,Urad,2010,Kharif,gujarat,jamnagar
Gujarat,JAMNAGAR,Gram,2010,Rabi,gujarat,jamnagar
Gujarat,JAMNAGAR,Rapeseed &Mustard,2010,Rabi,gujarat,jamnagar
Gujarat,JAMNAGAR,Wheat,2010,Rabi,gujarat,jamnagar
Gujarat,JAMNAGAR,Bajra,2010,Summer,gujarat,jamnagar
Gujarat,JAMNAGAR,Groundnut,2010,Summer,gujarat,jamnagar
Gujarat,JAMNAGAR,Moong(Green Gram),2010,Summer,gujarat,jamnagar
Gujarat,JAMNAGAR,Sesamum,2010,Summer,gujarat,jamnagar
Gujarat,JAMNAGAR,Urad,2010,Summer,gujarat,jamnagar
Gujarat,JAMNAGAR,Dry chillies,2010,Whole Year,gujarat,jamnagar
Gujarat,JAMNAGAR,Garlic,2010,Whole Year,gujarat,jamnagar
Gujarat,JAMNAGAR,Onion,2010,Whole Year,gujarat,jamnagar
Gujarat,JAMNAGAR,Potato,2010,Whole Year,gujarat,jamnagar
Gujarat,JAMNAGAR,Sugarcane,2010,Whole Year,gujarat,jamnagar
Gujarat,JUNAGADH,Arhar/Tur,2010,Kharif,gujarat,junagadh
Gujarat,JUNAGADH,Bajra,2010,Kharif,gujarat,junagadh
Gujarat,JUNAGADH,Castor seed,2010,Kharif,gujarat,junagadh
Gujarat,JUNAGADH,Cotton(lint),2010,Kharif,gujarat,junagadh
Gujarat,JUNAGADH,Groundnut,2010,Kharif,gujarat,junagadh
Gujarat,JUNAGADH,Moong(Green Gram),2010,Kharif,gujarat,junagadh
Gujarat,JUNAGADH,other oilseeds,2010,Kharif,gujarat,junagadh
Gujarat,JUNAGADH,Sesamum,2010,Kharif,gujarat,junagadh
Gujarat,JUNAGADH,Soyabean,2010,Kharif,gujarat,junagadh
Gujarat,JUNAGADH,Urad,2010,Kharif,gujarat,junagadh
Gujarat,JUNAGADH,Gram,2010,Rabi,gujarat,junagadh
Gujarat,JUNAGADH,Jowar,2010,Rabi,gujarat,junagadh
Gujarat,JUNAGADH,Maize,2010,Rabi,gujarat,junagadh
Gujarat,JUNAGADH,Other  Rabi pulses,2010,Rabi,gujarat,junagadh
Gujarat,JUNAGADH,Other Cereals & Millets,2010,Rabi,gujarat,junagadh
Gujarat,JUNAGADH,Rapeseed &Mustard,2010,Rabi,gujarat,junagadh
Gujarat,JUNAGADH,Wheat,2010,Rabi,gujarat,junagadh
Gujarat,JUNAGADH,Bajra,2010,Summer,gujarat,junagadh
Gujarat,JUNAGADH,Groundnut,2010,Summer,gujarat,junagadh
Gujarat,JUNAGADH,Moong(Green Gram),2010,Summer,gujarat,junagadh
Gujarat,JUNAGADH,Sesamum,2010,Summer,gujarat,junagadh
Gujarat,JUNAGADH,Urad,2010,Summer,gujarat,junagadh
Gujarat,JUNAGADH,Banana,2010,Whole Year,gujarat,junagadh
Gujarat,JUNAGADH,Dry chillies,2010,Whole Year,gujarat,junagadh
Gujarat,JUNAGADH,Garlic,2010,Whole Year,gujarat,junagadh
Gujarat,JUNAGADH,Onion,2010,Whole Year,gujarat,junagadh
Gujarat,JUNAGADH,Sugarcane,2010,Whole Year,gujarat,junagadh
Gujarat,KACHCHH,Arhar/Tur,2010,Kharif,gujarat,kachchh
Gujarat,KACHCHH,Bajra,2010,Kharif,gujarat,kachchh
Gujarat,KACHCHH,Castor seed,2010,Kharif,gujarat,kachchh
Gujarat,KACHCHH,Cotton(lint),2010,Kharif,gujarat,kachchh
Gujarat,KACHCHH,Groundnut,2010,Kharif,gujarat,kachchh
Gujarat,KACHCHH,Moong(Green Gram),2010,Kharif,gujarat,kachchh
Gujarat,KACHCHH,Moth,2010,Kharif,gujarat,kachchh
Gujarat,KACHCHH,Other Kharif pulses,2010,Kharif,gujarat,kachchh
Gujarat,KACHCHH,other oilseeds,2010,Kharif,gujarat,kachchh
Gujarat,KACHCHH,Sesamum,2010,Kharif,gujarat,kachchh
Gujarat,KACHCHH,Urad,2010,Kharif,gujarat,kachchh
Gujarat,KACHCHH,Gram,2010,Rabi,gujarat,kachchh
Gujarat,KACHCHH,Rapeseed &Mustard,2010,Rabi,gujarat,kachchh
Gujarat,KACHCHH,Wheat,2010,Rabi,gujarat,kachchh
Gujarat,KACHCHH,Bajra,2010,Summer,gujarat,kachchh
Gujarat,KACHCHH,Groundnut,2010,Summer,gujarat,kachchh
Gujarat,KACHCHH,Moong(Green Gram),2010,Summer,gujarat,kachchh
Gujarat,KACHCHH,Sesamum,2010,Summer,gujarat,kachchh
Gujarat,KACHCHH,Dry chillies,2010,Whole Year,gujarat,kachchh
Gujarat,KACHCHH,Garlic,2010,Whole Year,gujarat,kachchh
Gujarat,KACHCHH,Guar seed,2010,Whole Year,gujarat,kachchh
Gujarat,KACHCHH,Onion,2010,Whole Year,gujarat,kachchh
Gujarat,KACHCHH,Potato,2010,Whole Year,gujarat,kachchh
Gujarat,KACHCHH,Sugarcane,2010,Whole Year,gujarat,kachchh
Gujarat,KHEDA,Arhar/Tur,2010,Kharif,gujarat,kheda
Gujarat,KHEDA,Bajra,2010,Kharif,gujarat,kheda
Gujarat,KHEDA,Castor seed,2010,Kharif,gujarat,kheda
Gujarat,KHEDA,Cotton(lint),2010,Kharif,gujarat,kheda
Gujarat,KHEDA,Groundnut,2010,Kharif,gujarat,kheda
Gujarat,KHEDA,Jowar,2010,Kharif,gujarat,kheda
Gujarat,KHEDA,Maize,2010,Kharif,gujarat,kheda
Gujarat,KHEDA,Moong(Green Gram),2010,Kharif,gujarat,kheda
Gujarat,KHEDA,Moth,2010,Kharif,gujarat,kheda
Gujarat,KHEDA,Other Cereals & Millets,2010,Kharif,gujarat,kheda
Gujarat,KHEDA,Other Kharif pulses,2010,Kharif,gujarat,kheda
Gujarat,KHEDA,other oilseeds,2010,Kharif,gujarat,kheda
Gujarat,KHEDA,Rice,2010,Kharif,gujarat,kheda
Gujarat,KHEDA,Sesamum,2010,Kharif,gujarat,kheda
Gujarat,KHEDA,Soyabean,2010,Kharif,gujarat,kheda
Gujarat,KHEDA,Tobacco,2010,Kharif,gujarat,kheda
Gujarat,KHEDA,Urad,2010,Kharif,gujarat,kheda
Gujarat,KHEDA,Gram,2010,Rabi,gujarat,kheda
Gujarat,KHEDA,Jowar,2010,Rabi,gujarat,kheda
Gujarat,KHEDA,Maize,2010,Rabi,gujarat,kheda
Gujarat,KHEDA,Other Cereals & Millets,2010,Rabi,gujarat,kheda
Gujarat,KHEDA,Rapeseed &Mustard,2010,Rabi,gujarat,kheda
Gujarat,KHEDA,Tobacco,2010,Rabi,gujarat,kheda
Gujarat,KHEDA,Wheat,2010,Rabi,gujarat,kheda
Gujarat,KHEDA,Bajra,2010,Summer,gujarat,kheda
Gujarat,KHEDA,Groundnut,2010,Summer,gujarat,kheda
Gujarat,KHEDA,Maize,2010,Summer,gujarat,kheda
Gujarat,KHEDA,Moong(Green Gram),2010,Summer,gujarat,kheda
Gujarat,KHEDA,Rice,2010,Summer,gujarat,kheda
Gujarat,KHEDA,Dry chillies,2010,Whole Year,gujarat,kheda
Gujarat,KHEDA,Garlic,2010,Whole Year,gujarat,kheda
Gujarat,KHEDA,Guar seed,2010,Whole Year,gujarat,kheda
Gujarat,KHEDA,Onion,2010,Whole Year,gujarat,kheda
Gujarat,KHEDA,Potato,2010,Whole Year,gujarat,kheda
Gujarat,MAHESANA,Arhar/Tur,2010,Kharif,gujarat,mahesana
Gujarat,MAHESANA,Bajra,2010,Kharif,gujarat,mahesana
Gujarat,MAHESANA,Castor seed,2010,Kharif,gujarat,mahesana
Gujarat,MAHESANA,Cotton(lint),2010,Kharif,gujarat,mahesana
Gujarat,MAHESANA,Groundnut,2010,Kharif,gujarat,mahesana
Gujarat,MAHESANA,Jowar,2010,Kharif,gujarat,mahesana
Gujarat,MAHESANA,Maize,2010,Kharif,gujarat,mahesana
Gujarat,MAHESANA,Moong(Green Gram),2010,Kharif,gujarat,mahesana
Gujarat,MAHESANA,Moth,2010,Kharif,gujarat,mahesana
Gujarat,MAHESANA,Other Cereals & Millets,2010,Kharif,gujarat,mahesana
Gujarat,MAHESANA,Other Kharif pulses,2010,Kharif,gujarat,mahesana
Gujarat,MAHESANA,other oilseeds,2010,Kharif,gujarat,mahesana
Gujarat,MAHESANA,Rice,2010,Kharif,gujarat,mahesana
Gujarat,MAHESANA,Sesamum,2010,Kharif,gujarat,mahesana
Gujarat,MAHESANA,Soyabean,2010,Kharif,gujarat,mahesana
Gujarat,MAHESANA,Tobacco,2010,Kharif,gujarat,mahesana
Gujarat,MAHESANA,Urad,2010,Kharif,gujarat,mahesana
Gujarat,MAHESANA,Gram,2010,Rabi,gujarat,mahesana
Gujarat,MAHESANA,Maize,2010,Rabi,gujarat,mahesana
Gujarat,MAHESANA,Other  Rabi pulses,2010,Rabi,gujarat,mahesana
Gujarat,MAHESANA,Other Cereals & Millets,2010,Rabi,gujarat,mahesana
Gujarat,MAHESANA,Rapeseed &Mustard,2010,Rabi,gujarat,mahesana
Gujarat,MAHESANA,Tobacco,2010,Rabi,gujarat,mahesana
Gujarat,MAHESANA,Wheat,2010,Rabi,gujarat,mahesana
Gujarat,MAHESANA,Bajra,2010,Summer,gujarat,mahesana
Gujarat,MAHESANA,Groundnut,2010,Summer,gujarat,mahesana
Gujarat,MAHESANA,Moong(Green Gram),2010,Summer,gujarat,mahesana
Gujarat,MAHESANA,Dry chillies,2010,Whole Year,gujarat,mahesana
Gujarat,MAHESANA,Garlic,2010,Whole Year,gujarat,mahesana
Gujarat,MAHESANA,Guar seed,2010,Whole Year,gujarat,mahesana
Gujarat,MAHESANA,Onion,2010,Whole Year,gujarat,mahesana
Gujarat,MAHESANA,Potato,2010,Whole Year,gujarat,mahesana
Gujarat,NARMADA,Arhar/Tur,2010,Kharif,gujarat,narmada
Gujarat,NARMADA,Castor seed,2010,Kharif,gujarat,narmada
Gujarat,NARMADA,Cotton(lint),2010,Kharif,gujarat,narmada
Gujarat,NARMADA,Groundnut,2010,Kharif,gujarat,narmada
Gujarat,NARMADA,Jowar,2010,Kharif,gujarat,narmada
Gujarat,NARMADA,Maize,2010,Kharif,gujarat,narmada
Gujarat,NARMADA,Moong(Green Gram),2010,Kharif,gujarat,narmada
Gujarat,NARMADA,Rice,2010,Kharif,gujarat,narmada
Gujarat,NARMADA,Soyabean,2010,Kharif,gujarat,narmada
Gujarat,NARMADA,Urad,2010,Kharif,gujarat,narmada
Gujarat,NARMADA,Gram,2010,Rabi,gujarat,narmada
Gujarat,NARMADA,Jowar,2010,Rabi,gujarat,narmada
Gujarat,NARMADA,Maize,2010,Rabi,gujarat,narmada
Gujarat,NARMADA,Wheat,2010,Rabi,gujarat,narmada
Gujarat,NARMADA,Bajra,2010,Summer,gujarat,narmada
Gujarat,NARMADA,Groundnut,2010,Summer,gujarat,narmada
Gujarat,NARMADA,Maize,2010,Summer,gujarat,narmada
Gujarat,NARMADA,Moong(Green Gram),2010,Summer,gujarat,narmada
Gujarat,NARMADA,Banana,2010,Whole Year,gujarat,narmada
Gujarat,NARMADA,Sugarcane,2010,Whole Year,gujarat,narmada
Gujarat,NAVSARI,Arhar/Tur,2010,Kharif,gujarat,navsari
Gujarat,NAVSARI,Groundnut,2010,Kharif,gujarat,navsari
Gujarat,NAVSARI,Jowar,2010,Kharif,gujarat,navsari
Gujarat,NAVSARI,Moong(Green Gram),2010,Kharif,gujarat,navsari
Gujarat,NAVSARI,Other Kharif pulses,2010,Kharif,gujarat,navsari
Gujarat,NAVSARI,other oilseeds,2010,Kharif,gujarat,navsari
Gujarat,NAVSARI,Ragi,2010,Kharif,gujarat,navsari
Gujarat,NAVSARI,Rice,2010,Kharif,gujarat,navsari
Gujarat,NAVSARI,Urad,2010,Kharif,gujarat,navsari
Gujarat,NAVSARI,Gram,2010,Rabi,gujarat,navsari
Gujarat,NAVSARI,Jowar,2010,Rabi,gujarat,navsari
Gujarat,NAVSARI,Other  Rabi pulses,2010,Rabi,gujarat,navsari
Gujarat,NAVSARI,Rapeseed &Mustard,2010,Rabi,gujarat,navsari
Gujarat,NAVSARI,Wheat,2010,Rabi,gujarat,navsari
Gujarat,NAVSARI,Groundnut,2010,Summer,gujarat,navsari
Gujarat,NAVSARI,Moong(Green Gram),2010,Summer,gujarat,navsari
Gujarat,NAVSARI,Rice,2010,Summer,gujarat,navsari
Gujarat,NAVSARI,Sesamum,2010,Summer,gujarat,navsari
Gujarat,NAVSARI,Urad,2010,Summer,gujarat,navsari
Gujarat,NAVSARI,Banana,2010,Whole Year,gujarat,navsari
Gujarat,NAVSARI,Dry chillies,2010,Whole Year,gujarat,navsari
Gujarat,NAVSARI,Garlic,2010,Whole Year,gujarat,navsari
Gujarat,NAVSARI,Onion,2010,Whole Year,gujarat,navsari
Gujarat,NAVSARI,Sugarcane,2010,Whole Year,gujarat,navsari
Gujarat,PANCH MAHALS,Arhar/Tur,2010,Kharif,gujarat,panch mahals
Gujarat,PANCH MAHALS,Bajra,2010,Kharif,gujarat,panch mahals
Gujarat,PANCH MAHALS,Castor seed,2010,Kharif,gujarat,panch mahals
Gujarat,PANCH MAHALS,Cotton(lint),2010,Kharif,gujarat,panch mahals
Gujarat,PANCH MAHALS,Groundnut,2010,Kharif,gujarat,panch mahals
Gujarat,PANCH MAHALS,Jowar,2010,Kharif,gujarat,panch mahals
Gujarat,PANCH MAHALS,Maize,2010,Kharif,gujarat,panch mahals
Gujarat,PANCH MAHALS,Moong(Green Gram),2010,Kharif,gujarat,panch mahals
Gujarat,PANCH MAHALS,Moth,2010,Kharif,gujarat,panch mahals
Gujarat,PANCH MAHALS,Other Cereals & Millets,2010,Kharif,gujarat,panch mahals
Gujarat,PANCH MAHALS,Other Kharif pulses,2010,Kharif,gujarat,panch mahals
Gujarat,PANCH MAHALS,other oilseeds,2010,Kharif,gujarat,panch mahals
Gujarat,PANCH MAHALS,Ragi,2010,Kharif,gujarat,panch mahals
Gujarat,PANCH MAHALS,Rice,2010,Kharif,gujarat,panch mahals
Gujarat,PANCH MAHALS,Sesamum,2010,Kharif,gujarat,panch mahals
Gujarat,PANCH MAHALS,Soyabean,2010,Kharif,gujarat,panch mahals
Gujarat,PANCH MAHALS,Tobacco,2010,Kharif,gujarat,panch mahals
Gujarat,PANCH MAHALS,Urad,2010,Kharif,gujarat,panch mahals
Gujarat,PANCH MAHALS,Gram,2010,Rabi,gujarat,panch mahals
Gujarat,PANCH MAHALS,Jowar,2010,Rabi,gujarat,panch mahals
Gujarat,PANCH MAHALS,Other  Rabi pulses,2010,Rabi,gujarat,panch mahals
Gujarat,PANCH MAHALS,Rapeseed &Mustard,2010,Rabi,gujarat,panch mahals
Gujarat,PANCH MAHALS,Wheat,2010,Rabi,gujarat,panch mahals
Gujarat,PANCH MAHALS,Bajra,2010,Summer,gujarat,panch mahals
Gujarat,PANCH MAHALS,Groundnut,2010,Summer,gujarat,panch mahals
Gujarat,PANCH MAHALS,Maize,2010,Summer,gujarat,panch mahals
Gujarat,PANCH MAHALS,Moong(Green Gram),2010,Summer,gujarat,panch mahals
Gujarat,PANCH MAHALS,Rice,2010,Summer,gujarat,panch mahals
Gujarat,PANCH MAHALS,Sesamum,2010,Summer,gujarat,panch mahals
Gujarat,PANCH MAHALS,Banana,2010,Whole Year,gujarat,panch mahals
Gujarat,PANCH MAHALS,Dry chillies,2010,Whole Year,gujarat,panch mahals
Gujarat,PANCH MAHALS,Garlic,2010,Whole Year,gujarat,panch mahals
Gujarat,PANCH MAHALS,Guar seed,2010,Whole Year,gujarat,panch mahals
Gujarat,PANCH MAHALS,Onion,2010,Whole Year,gujarat,panch mahals
Gujarat,PANCH MAHALS,Potato,2010,Whole Year,gujarat,panch mahals
Gujarat,PANCH MAHALS,Sugarcane,2010,Whole Year,gujarat,panch mahals
Gujarat,PATAN,Arhar/Tur,2010,Kharif,gujarat,patan
Gujarat,PATAN,Bajra,2010,Kharif,gujarat,patan
Gujarat,PATAN,Castor seed,2010,Kharif,gujarat,patan
Gujarat,PATAN,Cotton(lint),2010,Kharif,gujarat,patan
Gujarat,PATAN,Jowar,2010,Kharif,gujarat,patan
Gujarat,PATAN,Moong(Green Gram),2010,Kharif,gujarat,patan
Gujarat,PATAN,Moth,2010,Kharif,gujarat,patan
Gujarat,PATAN,Other Cereals & Millets,2010,Kharif,gujarat,patan
Gujarat,PATAN,Other Kharif pulses,2010,Kharif,gujarat,patan
Gujarat,PATAN,other oilseeds,2010,Kharif,gujarat,patan
Gujarat,PATAN,Sesamum,2010,Kharif,gujarat,patan
Gujarat,PATAN,Urad,2010,Kharif,gujarat,patan
Gujarat,PATAN,Gram,2010,Rabi,gujarat,patan
Gujarat,PATAN,Jowar,2010,Rabi,gujarat,patan
Gujarat,PATAN,Maize,2010,Rabi,gujarat,patan
Gujarat,PATAN,Other Cereals & Millets,2010,Rabi,gujarat,patan
Gujarat,PATAN,Rapeseed &Mustard,2010,Rabi,gujarat,patan
Gujarat,PATAN,Tobacco,2010,Rabi,gujarat,patan
Gujarat,PATAN,Wheat,2010,Rabi,gujarat,patan
Gujarat,PATAN,Bajra,2010,Summer,gujarat,patan
Gujarat,PATAN,Moong(Green Gram),2010,Summer,gujarat,patan
Gujarat,PATAN,Dry chillies,2010,Whole Year,gujarat,patan
Gujarat,PATAN,Guar seed,2010,Whole Year,gujarat,patan
Gujarat,PATAN,Potato,2010,Whole Year,gujarat,patan
Gujarat,PORBANDAR,Arhar/Tur,2010,Kharif,gujarat,porbandar
Gujarat,PORBANDAR,Bajra,2010,Kharif,gujarat,porbandar
Gujarat,PORBANDAR,Castor seed,2010,Kharif,gujarat,porbandar
Gujarat,PORBANDAR,Cotton(lint),2010,Kharif,gujarat,porbandar
Gujarat,PORBANDAR,Groundnut,2010,Kharif,gujarat,porbandar
Gujarat,PORBANDAR,Moong(Green Gram),2010,Kharif,gujarat,porbandar
Gujarat,PORBANDAR,other oilseeds,2010,Kharif,gujarat,porbandar
Gujarat,PORBANDAR,Sesamum,2010,Kharif,gujarat,porbandar
Gujarat,PORBANDAR,Urad,2010,Kharif,gujarat,porbandar
Gujarat,PORBANDAR,Gram,2010,Rabi,gujarat,porbandar
Gujarat,PORBANDAR,Jowar,2010,Rabi,gujarat,porbandar
Gujarat,PORBANDAR,Maize,2010,Rabi,gujarat,porbandar
Gujarat,PORBANDAR,Other Cereals & Millets,2010,Rabi,gujarat,porbandar
Gujarat,PORBANDAR,Wheat,2010,Rabi,gujarat,porbandar
Gujarat,PORBANDAR,Bajra,2010,Summer,gujarat,porbandar
Gujarat,PORBANDAR,Groundnut,2010,Summer,gujarat,porbandar
Gujarat,PORBANDAR,Moong(Green Gram),2010,Summer,gujarat,porbandar
Gujarat,PORBANDAR,Sesamum,2010,Summer,gujarat,porbandar
Gujarat,PORBANDAR,Urad,2010,Summer,gujarat,porbandar
Gujarat,PORBANDAR,Garlic,2010,Whole Year,gujarat,porbandar
Gujarat,PORBANDAR,Onion,2010,Whole Year,gujarat,porbandar
Gujarat,RAJKOT,Arhar/Tur,2010,Kharif,gujarat,rajkot
Gujarat,RAJKOT,Bajra,2010,Kharif,gujarat,rajkot
Gujarat,RAJKOT,Castor seed,2010,Kharif,gujarat,rajkot
Gujarat,RAJKOT,Cotton(lint),2010,Kharif,gujarat,rajkot
Gujarat,RAJKOT,Groundnut,2010,Kharif,gujarat,rajkot
Gujarat,RAJKOT,Jowar,2010,Kharif,gujarat,rajkot
Gujarat,RAJKOT,Maize,2010,Kharif,gujarat,rajkot
Gujarat,RAJKOT,Moong(Green Gram),2010,Kharif,gujarat,rajkot
Gujarat,RAJKOT,Moth,2010,Kharif,gujarat,rajkot
Gujarat,RAJKOT,Other Kharif pulses,2010,Kharif,gujarat,rajkot
Gujarat,RAJKOT,other oilseeds,2010,Kharif,gujarat,rajkot
Gujarat,RAJKOT,Sesamum,2010,Kharif,gujarat,rajkot
Gujarat,RAJKOT,Urad,2010,Kharif,gujarat,rajkot
Gujarat,RAJKOT,Gram,2010,Rabi,gujarat,rajkot
Gujarat,RAJKOT,Rapeseed &Mustard,2010,Rabi,gujarat,rajkot
Gujarat,RAJKOT,Wheat,2010,Rabi,gujarat,rajkot
Gujarat,RAJKOT,Bajra,2010,Summer,gujarat,rajkot
Gujarat,RAJKOT,Groundnut,2010,Summer,gujarat,rajkot
Gujarat,RAJKOT,Moong(Green Gram),2010,Summer,gujarat,rajkot
Gujarat,RAJKOT,Sesamum,2010,Summer,gujarat,rajkot
Gujarat,RAJKOT,Urad,2010,Summer,gujarat,rajkot
Gujarat,RAJKOT,Garlic,2010,Whole Year,gujarat,rajkot
Gujarat,RAJKOT,Onion,2010,Whole Year,gujarat,rajkot
Gujarat,RAJKOT,Sugarcane,2010,Whole Year,gujarat,rajkot
Gujarat,SABAR KANTHA,Arhar/Tur,2010,Kharif,gujarat,sabar kantha
Gujarat,SABAR KANTHA,Bajra,2010,Kharif,gujarat,sabar kantha
Gujarat,SABAR KANTHA,Castor seed,2010,Kharif,gujarat,sabar kantha
Gujarat,SABAR KANTHA,Cotton(lint),2010,Kharif,gujarat,sabar kantha
Gujarat,SABAR KANTHA,Groundnut,2010,Kharif,gujarat,sabar kantha
Gujarat,SABAR KANTHA,Jowar,2010,Kharif,gujarat,sabar kantha
Gujarat,SABAR KANTHA,Maize,2010,Kharif,gujarat,sabar kantha
Gujarat,SABAR KANTHA,Moong(Green Gram),2010,Kharif,gujarat,sabar kantha
Gujarat,SABAR KANTHA,Other Kharif pulses,2010,Kharif,gujarat,sabar kantha
Gujarat,SABAR KANTHA,Rice,2010,Kharif,gujarat,sabar kantha
Gujarat,SABAR KANTHA,Sesamum,2010,Kharif,gujarat,sabar kantha
Gujarat,SABAR KANTHA,Soyabean,2010,Kharif,gujarat,sabar kantha
Gujarat,SABAR KANTHA,Urad,2010,Kharif,gujarat,sabar kantha
Gujarat,SABAR KANTHA,Gram,2010,Rabi,gujarat,sabar kantha
Gujarat,SABAR KANTHA,Rapeseed &Mustard,2010,Rabi,gujarat,sabar kantha
Gujarat,SABAR KANTHA,Tobacco,2010,Rabi,gujarat,sabar kantha
Gujarat,SABAR KANTHA,Wheat,2010,Rabi,gujarat,sabar kantha
Gujarat,SABAR KANTHA,Bajra,2010,Summer,gujarat,sabar kantha
Gujarat,SABAR KANTHA,Groundnut,2010,Summer,gujarat,sabar kantha
Gujarat,SABAR KANTHA,Maize,2010,Summer,gujarat,sabar kantha
Gujarat,SABAR KANTHA,Moong(Green Gram),2010,Summer,gujarat,sabar kantha
Gujarat,SABAR KANTHA,Sesamum,2010,Summer,gujarat,sabar kantha
Gujarat,SABAR KANTHA,Guar seed,2010,Whole Year,gujarat,sabar kantha
Gujarat,SABAR KANTHA,Potato,2010,Whole Year,gujarat,sabar kantha
Gujarat,SURAT,Arhar/Tur,2010,Kharif,gujarat,surat
Gujarat,SURAT,Bajra,2010,Kharif,gujarat,surat
Gujarat,SURAT,Castor seed,2010,Kharif,gujarat,surat
Gujarat,SURAT,Cotton(lint),2010,Kharif,gujarat,surat
Gujarat,SURAT,Groundnut,2010,Kharif,gujarat,surat
Gujarat,SURAT,Jowar,2010,Kharif,gujarat,surat
Gujarat,SURAT,Maize,2010,Kharif,gujarat,surat
Gujarat,SURAT,Moong(Green Gram),2010,Kharif,gujarat,surat
Gujarat,SURAT,Moth,2010,Kharif,gujarat,surat
Gujarat,SURAT,Other Cereals & Millets,2010,Kharif,gujarat,surat
Gujarat,SURAT,Other Kharif pulses,2010,Kharif,gujarat,surat
Gujarat,SURAT,Rice,2010,Kharif,gujarat,surat
Gujarat,SURAT,Sesamum,2010,Kharif,gujarat,surat
Gujarat,SURAT,Soyabean,2010,Kharif,gujarat,surat
Gujarat,SURAT,Urad,2010,Kharif,gujarat,surat
Gujarat,SURAT,Gram,2010,Rabi,gujarat,surat
Gujarat,SURAT,Jowar,2010,Rabi,gujarat,surat
Gujarat,SURAT,Other  Rabi pulses,2010,Rabi,gujarat,surat
Gujarat,SURAT,Rapeseed &Mustard,2010,Rabi,gujarat,surat
Gujarat,SURAT,Wheat,2010,Rabi,gujarat,surat
Gujarat,SURAT,Groundnut,2010,Summer,gujarat,surat
Gujarat,SURAT,Maize,2010,Summer,gujarat,surat
Gujarat,SURAT,Moong(Green Gram),2010,Summer,gujarat,surat
Gujarat,SURAT,Rice,2010,Summer,gujarat,surat
Gujarat,SURAT,Sesamum,2010,Summer,gujarat,surat
Gujarat,SURAT,Urad,2010,Summer,gujarat,surat
Gujarat,SURAT,Banana,2010,Whole Year,gujarat,surat
Gujarat,SURAT,Guar seed,2010,Whole Year,gujarat,surat
Gujarat,SURAT,Onion,2010,Whole Year,gujarat,surat
Gujarat,SURAT,Sugarcane,2010,Whole Year,gujarat,surat
Gujarat,SURENDRANAGAR,Arhar/Tur,2010,Kharif,gujarat,surendranagar
Gujarat,SURENDRANAGAR,Bajra,2010,Kharif,gujarat,surendranagar
Gujarat,SURENDRANAGAR,Castor seed,2010,Kharif,gujarat,surendranagar
Gujarat,SURENDRANAGAR,Cotton(lint),2010,Kharif,gujarat,surendranagar
Gujarat,SURENDRANAGAR,Groundnut,2010,Kharif,gujarat,surendranagar
Gujarat,SURENDRANAGAR,Jowar,2010,Kharif,gujarat,surendranagar
Gujarat,SURENDRANAGAR,Moong(Green Gram),2010,Kharif,gujarat,surendranagar
Gujarat,SURENDRANAGAR,Moth,2010,Kharif,gujarat,surendranagar
Gujarat,SURENDRANAGAR,Other Kharif pulses,2010,Kharif,gujarat,surendranagar
Gujarat,SURENDRANAGAR,other oilseeds,2010,Kharif,gujarat,surendranagar
Gujarat,SURENDRANAGAR,Sesamum,2010,Kharif,gujarat,surendranagar
Gujarat,SURENDRANAGAR,Urad,2010,Kharif,gujarat,surendranagar
Gujarat,SURENDRANAGAR,Gram,2010,Rabi,gujarat,surendranagar
Gujarat,SURENDRANAGAR,Jowar,2010,Rabi,gujarat,surendranagar
Gujarat,SURENDRANAGAR,Rapeseed &Mustard,2010,Rabi,gujarat,surendranagar
Gujarat,SURENDRANAGAR,Wheat,2010,Rabi,gujarat,surendranagar
Gujarat,SURENDRANAGAR,Bajra,2010,Summer,gujarat,surendranagar
Gujarat,SURENDRANAGAR,Groundnut,2010,Summer,gujarat,surendranagar
Gujarat,SURENDRANAGAR,Moong(Green Gram),2010,Summer,gujarat,surendranagar
Gujarat,SURENDRANAGAR,Sesamum,2010,Summer,gujarat,surendranagar
Gujarat,SURENDRANAGAR,Dry chillies,2010,Whole Year,gujarat,surendranagar
Gujarat,SURENDRANAGAR,Garlic,2010,Whole Year,gujarat,surendranagar
Gujarat,SURENDRANAGAR,Onion,2010,Whole Year,gujarat,surendranagar
Gujarat,SURENDRANAGAR,Sugarcane,2010,Whole Year,gujarat,surendranagar
Gujarat,TAPI,Arhar/Tur,2010,Kharif,gujarat,tapi
Gujarat,TAPI,Bajra,2010,Kharif,gujarat,tapi
Gujarat,TAPI,Cotton(lint),2010,Kharif,gujarat,tapi
Gujarat,TAPI,Groundnut,2010,Kharif,gujarat,tapi
Gujarat,TAPI,Jowar,2010,Kharif,gujarat,tapi
Gujarat,TAPI,Maize,2010,Kharif,gujarat,tapi
Gujarat,TAPI,Moong(Green Gram),2010,Kharif,gujarat,tapi
Gujarat,TAPI,Other Cereals & Millets,2010,Kharif,gujarat,tapi
Gujarat,TAPI,Other Kharif pulses,2010,Kharif,gujarat,tapi
Gujarat,TAPI,other oilseeds,2010,Kharif,gujarat,tapi
Gujarat,TAPI,Rice,2010,Kharif,gujarat,tapi
Gujarat,TAPI,Sesamum,2010,Kharif,gujarat,tapi
Gujarat,TAPI,Soyabean,2010,Kharif,gujarat,tapi
Gujarat,TAPI,Urad,2010,Kharif,gujarat,tapi
Gujarat,TAPI,Gram,2010,Rabi,gujarat,tapi
Gujarat,TAPI,Jowar,2010,Rabi,gujarat,tapi
Gujarat,TAPI,Other  Rabi pulses,2010,Rabi,gujarat,tapi
Gujarat,TAPI,Wheat,2010,Rabi,gujarat,tapi
Gujarat,TAPI,Groundnut,2010,Summer,gujarat,tapi
Gujarat,TAPI,Maize,2010,Summer,gujarat,tapi
Gujarat,TAPI,Moong(Green Gram),2010,Summer,gujarat,tapi
Gujarat,TAPI,Rice,2010,Summer,gujarat,tapi
Gujarat,TAPI,Banana,2010,Whole Year,gujarat,tapi
Gujarat,TAPI,Dry chillies,2010,Whole Year,gujarat,tapi
Gujarat,TAPI,Onion,2010,Whole Year,gujarat,tapi
Gujarat,TAPI,Sugarcane,2010,Whole Year,gujarat,tapi
Gujarat,VADODARA,Arhar/Tur,2010,Kharif,gujarat,vadodara
Gujarat,VADODARA,Bajra,2010,Kharif,gujarat,vadodara
Gujarat,VADODARA,Castor seed,2010,Kharif,gujarat,vadodara
Gujarat,VADODARA,Cotton(lint),2010,Kharif,gujarat,vadodara
Gujarat,VADODARA,Groundnut,2010,Kharif,gujarat,vadodara
Gujarat,VADODARA,Jowar,2010,Kharif,gujarat,vadodara
Gujarat,VADODARA,Maize,2010,Kharif,gujarat,vadodara
Gujarat,VADODARA,Moong(Green Gram),2010,Kharif,gujarat,vadodara
Gujarat,VADODARA,Moth,2010,Kharif,gujarat,vadodara
Gujarat,VADODARA,Other Kharif pulses,2010,Kharif,gujarat,vadodara
Gujarat,VADODARA,Rice,2010,Kharif,gujarat,vadodara
Gujarat,VADODARA,Sesamum,2010,Kharif,gujarat,vadodara
Gujarat,VADODARA,Soyabean,2010,Kharif,gujarat,vadodara
Gujarat,VADODARA,Tobacco,2010,Kharif,gujarat,vadodara
Gujarat,VADODARA,Urad,2010,Kharif,gujarat,vadodara
Gujarat,VADODARA,Gram,2010,Rabi,gujarat,vadodara
Gujarat,VADODARA,Jowar,2010,Rabi,gujarat,vadodara
Gujarat,VADODARA,Maize,2010,Rabi,gujarat,vadodara
Gujarat,VADODARA,Rapeseed &Mustard,2010,Rabi,gujarat,vadodara
Gujarat,VADODARA,Wheat,2010,Rabi,gujarat,vadodara
Gujarat,VADODARA,Bajra,2010,Summer,gujarat,vadodara
Gujarat,VADODARA,Groundnut,2010,Summer,gujarat,vadodara
Gujarat,VADODARA,Maize,2010,Summer,gujarat,vadodara
Gujarat,VADODARA,Moong(Green Gram),2010,Summer,gujarat,vadodara
Gujarat,VADODARA,Urad,2010,Summer,gujarat,vadodara
Gujarat,VADODARA,Banana,2010,Whole Year,gujarat,vadodara
Gujarat,VADODARA,Dry chillies,2010,Whole Year,gujarat,vadodara
Gujarat,VADODARA,Guar seed,2010,Whole Year,gujarat,vadodara
Gujarat,VADODARA,Onion,2010,Whole Year,gujarat,vadodara
Gujarat,VADODARA,Potato,2010,Whole Year,gujarat,vadodara
Gujarat,VADODARA,Sugarcane,2010,Whole Year,gujarat,vadodara
Gujarat,VALSAD,Arhar/Tur,2010,Kharif,gujarat,valsad
Gujarat,VALSAD,Groundnut,2010,Kharif,gujarat,valsad
Gujarat,VALSAD,Jowar,2010,Kharif,gujarat,valsad
Gujarat,VALSAD,Moong(Green Gram),2010,Kharif,gujarat,valsad
Gujarat,VALSAD,Moth,2010,Kharif,gujarat,valsad
Gujarat,VALSAD,Other Kharif pulses,2010,Kharif,gujarat,valsad
Gujarat,VALSAD,other oilseeds,2010,Kharif,gujarat,valsad
Gujarat,VALSAD,Ragi,2010,Kharif,gujarat,valsad
Gujarat,VALSAD,Rice,2010,Kharif,gujarat,valsad
Gujarat,VALSAD,Urad,2010,Kharif,gujarat,valsad
Gujarat,VALSAD,Gram,2010,Rabi,gujarat,valsad
Gujarat,VALSAD,Jowar,2010,Rabi,gujarat,valsad
Gujarat,VALSAD,Other  Rabi pulses,2010,Rabi,gujarat,valsad
Gujarat,VALSAD,Other Cereals & Millets,2010,Rabi,gujarat,valsad
Gujarat,VALSAD,Moong(Green Gram),2010,Summer,gujarat,valsad
Gujarat,VALSAD,Rice,2010,Summer,gujarat,valsad
Gujarat,VALSAD,Urad,2010,Summer,gujarat,valsad
Gujarat,VALSAD,Banana,2010,Whole Year,gujarat,valsad
Gujarat,VALSAD,Dry chillies,2010,Whole Year,gujarat,valsad
Gujarat,VALSAD,Onion,2010,Whole Year,gujarat,valsad
Gujarat,VALSAD,Sugarcane,2010,Whole Year,gujarat,valsad
Haryana,AMBALA,Maize,2010,Kharif,haryana,ambala
Haryana,AMBALA,Rice,2010,Kharif,haryana,ambala
Haryana,AMBALA,Sunflower,2010,Kharif,haryana,ambala
Haryana,AMBALA,Urad,2010,Kharif,haryana,ambala
Haryana,AMBALA,Masoor,2010,Rabi,haryana,ambala
Haryana,AMBALA,Rapeseed &Mustard,2010,Rabi,haryana,ambala
Haryana,AMBALA,Wheat,2010,Rabi,haryana,ambala
Haryana,AMBALA,Dry chillies,2010,Whole Year,haryana,ambala
Haryana,AMBALA,Onion,2010,Whole Year,haryana,ambala
Haryana,AMBALA,Potato,2010,Whole Year,haryana,ambala
Haryana,AMBALA,Sugarcane,2010,Whole Year,haryana,ambala
Haryana,BHIWANI,Arhar/Tur,2010,Kharif,haryana,bhiwani
Haryana,BHIWANI,Bajra,2010,Kharif,haryana,bhiwani
Haryana,BHIWANI,Cotton(lint),2010,Kharif,haryana,bhiwani
Haryana,BHIWANI,Moong(Green Gram),2010,Kharif,haryana,bhiwani
Haryana,BHIWANI,Moth,2010,Kharif,haryana,bhiwani
Haryana,BHIWANI,Rice,2010,Kharif,haryana,bhiwani
Haryana,BHIWANI,Sesamum,2010,Kharif,haryana,bhiwani
Haryana,BHIWANI,Barley,2010,Rabi,haryana,bhiwani
Haryana,BHIWANI,Gram,2010,Rabi,haryana,bhiwani
Haryana,BHIWANI,Rapeseed &Mustard,2010,Rabi,haryana,bhiwani
Haryana,BHIWANI,Wheat,2010,Rabi,haryana,bhiwani
Haryana,BHIWANI,Sugarcane,2010,Whole Year,haryana,bhiwani
Haryana,FARIDABAD,Bajra,2010,Kharif,haryana,faridabad
Haryana,FARIDABAD,Jowar,2010,Kharif,haryana,faridabad
Haryana,FARIDABAD,Moong(Green Gram),2010,Kharif,haryana,faridabad
Haryana,FARIDABAD,Rice,2010,Kharif,haryana,faridabad
Haryana,FARIDABAD,Sesamum,2010,Kharif,haryana,faridabad
Haryana,FARIDABAD,Rapeseed &Mustard,2010,Rabi,haryana,faridabad
Haryana,FARIDABAD,Wheat,2010,Rabi,haryana,faridabad
Haryana,FARIDABAD,Sugarcane,2010,Whole Year,haryana,faridabad
Haryana,FATEHABAD,Arhar/Tur,2010,Kharif,haryana,fatehabad
Haryana,FATEHABAD,Bajra,2010,Kharif,haryana,fatehabad
Haryana,FATEHABAD,Cotton(lint),2010,Kharif,haryana,fatehabad
Haryana,FATEHABAD,Groundnut,2010,Kharif,haryana,fatehabad
Haryana,FATEHABAD,Moong(Green Gram),2010,Kharif,haryana,fatehabad
Haryana,FATEHABAD,Rice,2010,Kharif,haryana,fatehabad
Haryana,FATEHABAD,Sesamum,2010,Kharif,haryana,fatehabad
Haryana,FATEHABAD,Barley,2010,Rabi,haryana,fatehabad
Haryana,FATEHABAD,Gram,2010,Rabi,haryana,fatehabad
Haryana,FATEHABAD,Peas & beans (Pulses),2010,Rabi,haryana,fatehabad
Haryana,FATEHABAD,Rapeseed &Mustard,2010,Rabi,haryana,fatehabad
Haryana,FATEHABAD,Wheat,2010,Rabi,haryana,fatehabad
Haryana,FATEHABAD,Dry chillies,2010,Whole Year,haryana,fatehabad
Haryana,FATEHABAD,Garlic,2010,Whole Year,haryana,fatehabad
Haryana,FATEHABAD,Onion,2010,Whole Year,haryana,fatehabad
Haryana,FATEHABAD,Potato,2010,Whole Year,haryana,fatehabad
Haryana,GURGAON,Arhar/Tur,2010,Kharif,haryana,gurgaon
Haryana,GURGAON,Bajra,2010,Kharif,haryana,gurgaon
Haryana,GURGAON,Jowar,2010,Kharif,haryana,gurgaon
Haryana,GURGAON,Rice,2010,Kharif,haryana,gurgaon
Haryana,GURGAON,Sesamum,2010,Kharif,haryana,gurgaon
Haryana,GURGAON,Barley,2010,Rabi,haryana,gurgaon
Haryana,GURGAON,Rapeseed &Mustard,2010,Rabi,haryana,gurgaon
Haryana,GURGAON,Wheat,2010,Rabi,haryana,gurgaon
Haryana,GURGAON,Onion,2010,Whole Year,haryana,gurgaon
Haryana,GURGAON,Potato,2010,Whole Year,haryana,gurgaon
Haryana,HISAR,Arhar/Tur,2010,Kharif,haryana,hisar
Haryana,HISAR,Bajra,2010,Kharif,haryana,hisar
Haryana,HISAR,Castor seed,2010,Kharif,haryana,hisar
Haryana,HISAR,Cotton(lint),2010,Kharif,haryana,hisar
Haryana,HISAR,Groundnut,2010,Kharif,haryana,hisar
Haryana,HISAR,Moong(Green Gram),2010,Kharif,haryana,hisar
Haryana,HISAR,Moth,2010,Kharif,haryana,hisar
Haryana,HISAR,Rice,2010,Kharif,haryana,hisar
Haryana,HISAR,Sesamum,2010,Kharif,haryana,hisar
Haryana,HISAR,Barley,2010,Rabi,haryana,hisar
Haryana,HISAR,Gram,2010,Rabi,haryana,hisar
Haryana,HISAR,Rapeseed &Mustard,2010,Rabi,haryana,hisar
Haryana,HISAR,Wheat,2010,Rabi,haryana,hisar
Haryana,HISAR,Dry chillies,2010,Whole Year,haryana,hisar
Haryana,HISAR,Onion,2010,Whole Year,haryana,hisar
Haryana,HISAR,Potato,2010,Whole Year,haryana,hisar
Haryana,HISAR,Sugarcane,2010,Whole Year,haryana,hisar
Haryana,JHAJJAR,Arhar/Tur,2010,Kharif,haryana,jhajjar
Haryana,JHAJJAR,Bajra,2010,Kharif,haryana,jhajjar
Haryana,JHAJJAR,Cotton(lint),2010,Kharif,haryana,jhajjar
Haryana,JHAJJAR,Groundnut,2010,Kharif,haryana,jhajjar
Haryana,JHAJJAR,Jowar,2010,Kharif,haryana,jhajjar
Haryana,JHAJJAR,Rice,2010,Kharif,haryana,jhajjar
Haryana,JHAJJAR,Barley,2010,Rabi,haryana,jhajjar
Haryana,JHAJJAR,Gram,2010,Rabi,haryana,jhajjar
Haryana,JHAJJAR,Rapeseed &Mustard,2010,Rabi,haryana,jhajjar
Haryana,JHAJJAR,Wheat,2010,Rabi,haryana,jhajjar
Haryana,JHAJJAR,Sugarcane,2010,Whole Year,haryana,jhajjar
Haryana,JIND,Arhar/Tur,2010,Kharif,haryana,jind
Haryana,JIND,Bajra,2010,Kharif,haryana,jind
Haryana,JIND,Cotton(lint),2010,Kharif,haryana,jind
Haryana,JIND,Rice,2010,Kharif,haryana,jind
Haryana,JIND,Barley,2010,Rabi,haryana,jind
Haryana,JIND,Rapeseed &Mustard,2010,Rabi,haryana,jind
Haryana,JIND,Wheat,2010,Rabi,haryana,jind
Haryana,JIND,Dry chillies,2010,Whole Year,haryana,jind
Haryana,JIND,Onion,2010,Whole Year,haryana,jind
Haryana,JIND,Potato,2010,Whole Year,haryana,jind
Haryana,JIND,Sugarcane,2010,Whole Year,haryana,jind
Haryana,KAITHAL,Bajra,2010,Kharif,haryana,kaithal
Haryana,KAITHAL,Cotton(lint),2010,Kharif,haryana,kaithal
Haryana,KAITHAL,Rice,2010,Kharif,haryana,kaithal
Haryana,KAITHAL,Masoor,2010,Rabi,haryana,kaithal
Haryana,KAITHAL,Rapeseed &Mustard,2010,Rabi,haryana,kaithal
Haryana,KAITHAL,Wheat,2010,Rabi,haryana,kaithal
Haryana,KAITHAL,Dry chillies,2010,Whole Year,haryana,kaithal
Haryana,KAITHAL,Potato,2010,Whole Year,haryana,kaithal
Haryana,KAITHAL,Sugarcane,2010,Whole Year,haryana,kaithal
Haryana,KARNAL,Arhar/Tur,2010,Kharif,haryana,karnal
Haryana,KARNAL,Rice,2010,Kharif,haryana,karnal
Haryana,KARNAL,Sesamum,2010,Kharif,haryana,karnal
Haryana,KARNAL,Urad,2010,Kharif,haryana,karnal
Haryana,KARNAL,Masoor,2010,Rabi,haryana,karnal
Haryana,KARNAL,Peas & beans (Pulses),2010,Rabi,haryana,karnal
Haryana,KARNAL,Rapeseed &Mustard,2010,Rabi,haryana,karnal
Haryana,KARNAL,Wheat,2010,Rabi,haryana,karnal
Haryana,KARNAL,Dry chillies,2010,Whole Year,haryana,karnal
Haryana,KARNAL,Garlic,2010,Whole Year,haryana,karnal
Haryana,KARNAL,Onion,2010,Whole Year,haryana,karnal
Haryana,KARNAL,Potato,2010,Whole Year,haryana,karnal
Haryana,KARNAL,Sugarcane,2010,Whole Year,haryana,karnal
Haryana,KURUKSHETRA,Rice,2010,Kharif,haryana,kurukshetra
Haryana,KURUKSHETRA,Sunflower,2010,Kharif,haryana,kurukshetra
Haryana,KURUKSHETRA,Urad,2010,Kharif,haryana,kurukshetra
Haryana,KURUKSHETRA,Masoor,2010,Rabi,haryana,kurukshetra
Haryana,KURUKSHETRA,Peas & beans (Pulses),2010,Rabi,haryana,kurukshetra
Haryana,KURUKSHETRA,Rapeseed &Mustard,2010,Rabi,haryana,kurukshetra
Haryana,KURUKSHETRA,Wheat,2010,Rabi,haryana,kurukshetra
Haryana,KURUKSHETRA,Dry chillies,2010,Whole Year,haryana,kurukshetra
Haryana,KURUKSHETRA,Potato,2010,Whole Year,haryana,kurukshetra
Haryana,KURUKSHETRA,Sugarcane,2010,Whole Year,haryana,kurukshetra
Haryana,MAHENDRAGARH,Arhar/Tur,2010,Kharif,haryana,mahendragarh
Haryana,MAHENDRAGARH,Bajra,2010,Kharif,haryana,mahendragarh
Haryana,MAHENDRAGARH,Cotton(lint),2010,Kharif,haryana,mahendragarh
Haryana,MAHENDRAGARH,Groundnut,2010,Kharif,haryana,mahendragarh
Haryana,MAHENDRAGARH,Moong(Green Gram),2010,Kharif,haryana,mahendragarh
Haryana,MAHENDRAGARH,Moth,2010,Kharif,haryana,mahendragarh
Haryana,MAHENDRAGARH,Barley,2010,Rabi,haryana,mahendragarh
Haryana,MAHENDRAGARH,Gram,2010,Rabi,haryana,mahendragarh
Haryana,MAHENDRAGARH,Peas & beans (Pulses),2010,Rabi,haryana,mahendragarh
Haryana,MAHENDRAGARH,Rapeseed &Mustard,2010,Rabi,haryana,mahendragarh
Haryana,MAHENDRAGARH,Wheat,2010,Rabi,haryana,mahendragarh
Haryana,MAHENDRAGARH,Onion,2010,Whole Year,haryana,mahendragarh
Haryana,MEWAT,Bajra,2010,Kharif,haryana,mewat
Haryana,MEWAT,Jowar,2010,Kharif,haryana,mewat
Haryana,MEWAT,Moong(Green Gram),2010,Kharif,haryana,mewat
Haryana,MEWAT,Rice,2010,Kharif,haryana,mewat
Haryana,MEWAT,Barley,2010,Rabi,haryana,mewat
Haryana,MEWAT,Gram,2010,Rabi,haryana,mewat
Haryana,MEWAT,Masoor,2010,Rabi,haryana,mewat
Haryana,MEWAT,Rapeseed &Mustard,2010,Rabi,haryana,mewat
Haryana,MEWAT,Wheat,2010,Rabi,haryana,mewat
Haryana,MEWAT,Onion,2010,Whole Year,haryana,mewat
Haryana,PALWAL,Arhar/Tur,2010,Kharif,haryana,palwal
Haryana,PALWAL,Bajra,2010,Kharif,haryana,palwal
Haryana,PALWAL,Jowar,2010,Kharif,haryana,palwal
Haryana,PALWAL,Rice,2010,Kharif,haryana,palwal
Haryana,PALWAL,Barley,2010,Rabi,haryana,palwal
Haryana,PALWAL,Rapeseed &Mustard,2010,Rabi,haryana,palwal
Haryana,PALWAL,Wheat,2010,Rabi,haryana,palwal
Haryana,PALWAL,Sugarcane,2010,Whole Year,haryana,palwal
Haryana,PANCHKULA,Bajra,2010,Kharif,haryana,panchkula
Haryana,PANCHKULA,Dry ginger,2010,Kharif,haryana,panchkula
Haryana,PANCHKULA,Groundnut,2010,Kharif,haryana,panchkula
Haryana,PANCHKULA,Horse-gram,2010,Kharif,haryana,panchkula
Haryana,PANCHKULA,Jowar,2010,Kharif,haryana,panchkula
Haryana,PANCHKULA,Maize,2010,Kharif,haryana,panchkula
Haryana,PANCHKULA,Rice,2010,Kharif,haryana,panchkula
Haryana,PANCHKULA,Urad,2010,Kharif,haryana,panchkula
Haryana,PANCHKULA,Masoor,2010,Rabi,haryana,panchkula
Haryana,PANCHKULA,Rapeseed &Mustard,2010,Rabi,haryana,panchkula
Haryana,PANCHKULA,Wheat,2010,Rabi,haryana,panchkula
Haryana,PANCHKULA,Dry chillies,2010,Whole Year,haryana,panchkula
Haryana,PANCHKULA,Onion,2010,Whole Year,haryana,panchkula
Haryana,PANCHKULA,Potato,2010,Whole Year,haryana,panchkula
Haryana,PANIPAT,Arhar/Tur,2010,Kharif,haryana,panipat
Haryana,PANIPAT,Bajra,2010,Kharif,haryana,panipat
Haryana,PANIPAT,Rice,2010,Kharif,haryana,panipat
Haryana,PANIPAT,Peas & beans (Pulses),2010,Rabi,haryana,panipat
Haryana,PANIPAT,Rapeseed &Mustard,2010,Rabi,haryana,panipat
Haryana,PANIPAT,Wheat,2010,Rabi,haryana,panipat
Haryana,PANIPAT,Dry chillies,2010,Whole Year,haryana,panipat
Haryana,PANIPAT,Onion,2010,Whole Year,haryana,panipat
Haryana,PANIPAT,Potato,2010,Whole Year,haryana,panipat
Haryana,PANIPAT,Sugarcane,2010,Whole Year,haryana,panipat
Haryana,REWARI,Arhar/Tur,2010,Kharif,haryana,rewari
Haryana,REWARI,Bajra,2010,Kharif,haryana,rewari
Haryana,REWARI,Cotton(lint),2010,Kharif,haryana,rewari
Haryana,REWARI,Jowar,2010,Kharif,haryana,rewari
Haryana,REWARI,Rice,2010,Kharif,haryana,rewari
Haryana,REWARI,Sesamum,2010,Kharif,haryana,rewari
Haryana,REWARI,Barley,2010,Rabi,haryana,rewari
Haryana,REWARI,Peas & beans (Pulses),2010,Rabi,haryana,rewari
Haryana,REWARI,Rapeseed &Mustard,2010,Rabi,haryana,rewari
Haryana,REWARI,Wheat,2010,Rabi,haryana,rewari
Haryana,REWARI,Onion,2010,Whole Year,haryana,rewari
Haryana,ROHTAK,Arhar/Tur,2010,Kharif,haryana,rohtak
Haryana,ROHTAK,Bajra,2010,Kharif,haryana,rohtak
Haryana,ROHTAK,Cotton(lint),2010,Kharif,haryana,rohtak
Haryana,ROHTAK,Jowar,2010,Kharif,haryana,rohtak
Haryana,ROHTAK,Maize,2010,Kharif,haryana,rohtak
Haryana,ROHTAK,Rice,2010,Kharif,haryana,rohtak
Haryana,ROHTAK,Barley,2010,Rabi,haryana,rohtak
Haryana,ROHTAK,Gram,2010,Rabi,haryana,rohtak
Haryana,ROHTAK,Rapeseed &Mustard,2010,Rabi,haryana,rohtak
Haryana,ROHTAK,Wheat,2010,Rabi,haryana,rohtak
Haryana,ROHTAK,Sugarcane,2010,Whole Year,haryana,rohtak
Haryana,SIRSA,Arhar/Tur,2010,Kharif,haryana,sirsa
Haryana,SIRSA,Bajra,2010,Kharif,haryana,sirsa
Haryana,SIRSA,Castor seed,2010,Kharif,haryana,sirsa
Haryana,SIRSA,Cotton(lint),2010,Kharif,haryana,sirsa
Haryana,SIRSA,Groundnut,2010,Kharif,haryana,sirsa
Haryana,SIRSA,Moong(Green Gram),2010,Kharif,haryana,sirsa
Haryana,SIRSA,Moth,2010,Kharif,haryana,sirsa
Haryana,SIRSA,Rice,2010,Kharif,haryana,sirsa
Haryana,SIRSA,Sesamum,2010,Kharif,haryana,sirsa
Haryana,SIRSA,Barley,2010,Rabi,haryana,sirsa
Haryana,SIRSA,Gram,2010,Rabi,haryana,sirsa
Haryana,SIRSA,Rapeseed &Mustard,2010,Rabi,haryana,sirsa
Haryana,SIRSA,Wheat,2010,Rabi,haryana,sirsa
Haryana,SIRSA,Dry chillies,2010,Whole Year,haryana,sirsa
Haryana,SIRSA,Garlic,2010,Whole Year,haryana,sirsa
Haryana,SIRSA,Potato,2010,Whole Year,haryana,sirsa
Haryana,SONIPAT,Arhar/Tur,2010,Kharif,haryana,sonipat
Haryana,SONIPAT,Bajra,2010,Kharif,haryana,sonipat
Haryana,SONIPAT,Jowar,2010,Kharif,haryana,sonipat
Haryana,SONIPAT,Maize,2010,Kharif,haryana,sonipat
Haryana,SONIPAT,Moong(Green Gram),2010,Kharif,haryana,sonipat
Haryana,SONIPAT,Rice,2010,Kharif,haryana,sonipat
Haryana,SONIPAT,Rapeseed &Mustard,2010,Rabi,haryana,sonipat
Haryana,SONIPAT,Wheat,2010,Rabi,haryana,sonipat
Haryana,SONIPAT,Dry chillies,2010,Whole Year,haryana,sonipat
Haryana,SONIPAT,Onion,2010,Whole Year,haryana,sonipat
Haryana,SONIPAT,Potato,2010,Whole Year,haryana,sonipat
Haryana,SONIPAT,Sugarcane,2010,Whole Year,haryana,sonipat
Haryana,YAMUNANAGAR,Bajra,2010,Kharif,haryana,yamunanagar
Haryana,YAMUNANAGAR,Maize,2010,Kharif,haryana,yamunanagar
Haryana,YAMUNANAGAR,Rice,2010,Kharif,haryana,yamunanagar
Haryana,YAMUNANAGAR,Sunflower,2010,Kharif,haryana,yamunanagar
Haryana,YAMUNANAGAR,Masoor,2010,Rabi,haryana,yamunanagar
Haryana,YAMUNANAGAR,Rapeseed &Mustard,2010,Rabi,haryana,yamunanagar
Haryana,YAMUNANAGAR,Wheat,2010,Rabi,haryana,yamunanagar
Haryana,YAMUNANAGAR,Onion,2010,Whole Year,haryana,yamunanagar
Haryana,YAMUNANAGAR,Potato,2010,Whole Year,haryana,yamunanagar
Haryana,YAMUNANAGAR,Sugarcane,2010,Whole Year,haryana,yamunanagar
Himachal Pradesh,BILASPUR,Ginger,2010,Kharif,himachal pradesh,bilaspur
Himachal Pradesh,BILASPUR,Horse-gram,2010,Kharif,himachal pradesh,bilaspur
Himachal Pradesh,BILASPUR,Maize,2010,Kharif,himachal pradesh,bilaspur
Himachal Pradesh,BILASPUR,Moong(Green Gram),2010,Kharif,himachal pradesh,bilaspur
Himachal Pradesh,BILASPUR,Moth,2010,Kharif,himachal pradesh,bilaspur
Himachal Pradesh,BILASPUR,Other Kharif pulses,2010,Kharif,himachal pradesh,bilaspur
Himachal Pradesh,BILASPUR,Rice,2010,Kharif,himachal pradesh,bilaspur
Himachal Pradesh,BILASPUR,Sesamum,2010,Kharif,himachal pradesh,bilaspur
Himachal Pradesh,BILASPUR,Soyabean,2010,Kharif,himachal pradesh,bilaspur
Himachal Pradesh,BILASPUR,Urad,2010,Kharif,himachal pradesh,bilaspur
Himachal Pradesh,BILASPUR,Barley,2010,Rabi,himachal pradesh,bilaspur
Himachal Pradesh,BILASPUR,Gram,2010,Rabi,himachal pradesh,bilaspur
Himachal Pradesh,BILASPUR,Onion,2010,Rabi,himachal pradesh,bilaspur
Himachal Pradesh,BILASPUR,Peas & beans (Pulses),2010,Rabi,himachal pradesh,bilaspur
Himachal Pradesh,BILASPUR,Potato,2010,Rabi,himachal pradesh,bilaspur
Himachal Pradesh,BILASPUR,Rapeseed &Mustard,2010,Rabi,himachal pradesh,bilaspur
Himachal Pradesh,BILASPUR,Wheat,2010,Rabi,himachal pradesh,bilaspur
Himachal Pradesh,BILASPUR,Dry chillies,2010,Whole Year,himachal pradesh,bilaspur
Himachal Pradesh,BILASPUR,Sugarcane,2010,Whole Year,himachal pradesh,bilaspur
Himachal Pradesh,BILASPUR,Turmeric,2010,Whole Year,himachal pradesh,bilaspur
Himachal Pradesh,CHAMBA,Coriander,2010,Kharif,himachal pradesh,chamba
Himachal Pradesh,CHAMBA,Ginger,2010,Kharif,himachal pradesh,chamba
Himachal Pradesh,CHAMBA,Horse-gram,2010,Kharif,himachal pradesh,chamba
Himachal Pradesh,CHAMBA,Maize,2010,Kharif,himachal pradesh,chamba
Himachal Pradesh,CHAMBA,Moong(Green Gram),2010,Kharif,himachal pradesh,chamba
Himachal Pradesh,CHAMBA,Moth,2010,Kharif,himachal pradesh,chamba
Himachal Pradesh,CHAMBA,Other Kharif pulses,2010,Kharif,himachal pradesh,chamba
Himachal Pradesh,CHAMBA,Peas & beans (Pulses),2010,Kharif,himachal pradesh,chamba
Himachal Pradesh,CHAMBA,Potato,2010,Kharif,himachal pradesh,chamba
Himachal Pradesh,CHAMBA,Ragi,2010,Kharif,himachal pradesh,chamba
Himachal Pradesh,CHAMBA,Rice,2010,Kharif,himachal pradesh,chamba
Himachal Pradesh,CHAMBA,Sesamum,2010,Kharif,himachal pradesh,chamba
Himachal Pradesh,CHAMBA,Small millets,2010,Kharif,himachal pradesh,chamba
Himachal Pradesh,CHAMBA,Soyabean,2010,Kharif,himachal pradesh,chamba
Himachal Pradesh,CHAMBA,Urad,2010,Kharif,himachal pradesh,chamba
Himachal Pradesh,CHAMBA,Barley,2010,Rabi,himachal pradesh,chamba
Himachal Pradesh,CHAMBA,Coriander,2010,Rabi,himachal pradesh,chamba
Himachal Pradesh,CHAMBA,Garlic,2010,Rabi,himachal pradesh,chamba
Himachal Pradesh,CHAMBA,Linseed,2010,Rabi,himachal pradesh,chamba
Himachal Pradesh,CHAMBA,Masoor,2010,Rabi,himachal pradesh,chamba
Himachal Pradesh,CHAMBA,Onion,2010,Rabi,himachal pradesh,chamba
Himachal Pradesh,CHAMBA,Peas & beans (Pulses),2010,Rabi,himachal pradesh,chamba
Himachal Pradesh,CHAMBA,Potato,2010,Rabi,himachal pradesh,chamba
Himachal Pradesh,CHAMBA,Rapeseed &Mustard,2010,Rabi,himachal pradesh,chamba
Himachal Pradesh,CHAMBA,Wheat,2010,Rabi,himachal pradesh,chamba
Himachal Pradesh,CHAMBA,Dry chillies,2010,Whole Year,himachal pradesh,chamba
Himachal Pradesh,HAMIRPUR,Bajra,2010,Kharif,himachal pradesh,hamirpur
Himachal Pradesh,HAMIRPUR,Ginger,2010,Kharif,himachal pradesh,hamirpur
Himachal Pradesh,HAMIRPUR,Groundnut,2010,Kharif,himachal pradesh,hamirpur
Himachal Pradesh,HAMIRPUR,Maize,2010,Kharif,himachal pradesh,hamirpur
Himachal Pradesh,HAMIRPUR,Potato,2010,Kharif,himachal pradesh,hamirpur
Himachal Pradesh,HAMIRPUR,Rice,2010,Kharif,himachal pradesh,hamirpur
Himachal Pradesh,HAMIRPUR,Sesamum,2010,Kharif,himachal pradesh,hamirpur
Himachal Pradesh,HAMIRPUR,Urad,2010,Kharif,himachal pradesh,hamirpur
Himachal Pradesh,HAMIRPUR,Barley,2010,Rabi,himachal pradesh,hamirpur
Himachal Pradesh,HAMIRPUR,Coriander,2010,Rabi,himachal pradesh,hamirpur
Himachal Pradesh,HAMIRPUR,Garlic,2010,Rabi,himachal pradesh,hamirpur
Himachal Pradesh,HAMIRPUR,Gram,2010,Rabi,himachal pradesh,hamirpur
Himachal Pradesh,HAMIRPUR,Onion,2010,Rabi,himachal pradesh,hamirpur
Himachal Pradesh,HAMIRPUR,Rapeseed &Mustard,2010,Rabi,himachal pradesh,hamirpur
Himachal Pradesh,HAMIRPUR,Wheat,2010,Rabi,himachal pradesh,hamirpur
Himachal Pradesh,HAMIRPUR,Sugarcane,2010,Whole Year,himachal pradesh,hamirpur
Himachal Pradesh,HAMIRPUR,Turmeric,2010,Whole Year,himachal pradesh,hamirpur
Himachal Pradesh,KANGRA,Bajra,2010,Kharif,himachal pradesh,kangra
Himachal Pradesh,KANGRA,Ginger,2010,Kharif,himachal pradesh,kangra
Himachal Pradesh,KANGRA,Horse-gram,2010,Kharif,himachal pradesh,kangra
Himachal Pradesh,KANGRA,Maize,2010,Kharif,himachal pradesh,kangra
Himachal Pradesh,KANGRA,Other Kharif pulses,2010,Kharif,himachal pradesh,kangra
Himachal Pradesh,KANGRA,Potato,2010,Kharif,himachal pradesh,kangra
Himachal Pradesh,KANGRA,Ragi,2010,Kharif,himachal pradesh,kangra
Himachal Pradesh,KANGRA,Rice,2010,Kharif,himachal pradesh,kangra
Himachal Pradesh,KANGRA,Sesamum,2010,Kharif,himachal pradesh,kangra
Himachal Pradesh,KANGRA,Small millets,2010,Kharif,himachal pradesh,kangra
Himachal Pradesh,KANGRA,Soyabean,2010,Kharif,himachal pradesh,kangra
Himachal Pradesh,KANGRA,Urad,2010,Kharif,himachal pradesh,kangra
Himachal Pradesh,KANGRA,Barley,2010,Rabi,himachal pradesh,kangra
Himachal Pradesh,KANGRA,Garlic,2010,Rabi,himachal pradesh,kangra
Himachal Pradesh,KANGRA,Gram,2010,Rabi,himachal pradesh,kangra
Himachal Pradesh,KANGRA,Linseed,2010,Rabi,himachal pradesh,kangra
Himachal Pradesh,KANGRA,Masoor,2010,Rabi,himachal pradesh,kangra
Himachal Pradesh,KANGRA,Onion,2010,Rabi,himachal pradesh,kangra
Himachal Pradesh,KANGRA,Other  Rabi pulses,2010,Rabi,himachal pradesh,kangra
Himachal Pradesh,KANGRA,Peas & beans (Pulses),2010,Rabi,himachal pradesh,kangra
Himachal Pradesh,KANGRA,Potato,2010,Rabi,himachal pradesh,kangra
Himachal Pradesh,KANGRA,Rapeseed &Mustard,2010,Rabi,himachal pradesh,kangra
Himachal Pradesh,KANGRA,Wheat,2010,Rabi,himachal pradesh,kangra
Himachal Pradesh,KANGRA,Sugarcane,2010,Whole Year,himachal pradesh,kangra
Himachal Pradesh,KINNAUR,Cotton(lint),2010,Kharif,himachal pradesh,kinnaur
Himachal Pradesh,KINNAUR,Maize,2010,Kharif,himachal pradesh,kinnaur
Himachal Pradesh,KINNAUR,Other Kharif pulses,2010,Kharif,himachal pradesh,kinnaur
Himachal Pradesh,KINNAUR,Peas & beans (Pulses),2010,Kharif,himachal pradesh,kinnaur
Himachal Pradesh,KINNAUR,Potato,2010,Kharif,himachal pradesh,kinnaur
Himachal Pradesh,KINNAUR,Ragi,2010,Kharif,himachal pradesh,kinnaur
Himachal Pradesh,KINNAUR,Rice,2010,Kharif,himachal pradesh,kinnaur
Himachal Pradesh,KINNAUR,Small millets,2010,Kharif,himachal pradesh,kinnaur
Himachal Pradesh,KINNAUR,Urad,2010,Kharif,himachal pradesh,kinnaur
Himachal Pradesh,KINNAUR,Barley,2010,Rabi,himachal pradesh,kinnaur
Himachal Pradesh,KINNAUR,Peas & beans (Pulses),2010,Rabi,himachal pradesh,kinnaur
Himachal Pradesh,KINNAUR,Wheat,2010,Rabi,himachal pradesh,kinnaur
Himachal Pradesh,KULLU,Groundnut,2010,Kharif,himachal pradesh,kullu
Himachal Pradesh,KULLU,Horse-gram,2010,Kharif,himachal pradesh,kullu
Himachal Pradesh,KULLU,Maize,2010,Kharif,himachal pradesh,kullu
Himachal Pradesh,KULLU,Moong(Green Gram),2010,Kharif,himachal pradesh,kullu
Himachal Pradesh,KULLU,Other Kharif pulses,2010,Kharif,himachal pradesh,kullu
Himachal Pradesh,KULLU,Peas & beans (Pulses),2010,Kharif,himachal pradesh,kullu
Himachal Pradesh,KULLU,Potato,2010,Kharif,himachal pradesh,kullu
Himachal Pradesh,KULLU,Ragi,2010,Kharif,himachal pradesh,kullu
Himachal Pradesh,KULLU,Rice,2010,Kharif,himachal pradesh,kullu
Himachal Pradesh,KULLU,Small millets,2010,Kharif,himachal pradesh,kullu
Himachal Pradesh,KULLU,Urad,2010,Kharif,himachal pradesh,kullu
Himachal Pradesh,KULLU,Barley,2010,Rabi,himachal pradesh,kullu
Himachal Pradesh,KULLU,Coriander,2010,Rabi,himachal pradesh,kullu
Himachal Pradesh,KULLU,Garlic,2010,Rabi,himachal pradesh,kullu
Himachal Pradesh,KULLU,Gram,2010,Rabi,himachal pradesh,kullu
Himachal Pradesh,KULLU,Masoor,2010,Rabi,himachal pradesh,kullu
Himachal Pradesh,KULLU,Onion,2010,Rabi,himachal pradesh,kullu
Himachal Pradesh,KULLU,Peas & beans (Pulses),2010,Rabi,himachal pradesh,kullu
Himachal Pradesh,KULLU,Potato,2010,Rabi,himachal pradesh,kullu
Himachal Pradesh,KULLU,Rapeseed &Mustard,2010,Rabi,himachal pradesh,kullu
Himachal Pradesh,KULLU,Wheat,2010,Rabi,himachal pradesh,kullu
Himachal Pradesh,KULLU,Dry chillies,2010,Whole Year,himachal pradesh,kullu
Himachal Pradesh,LAHUL AND SPITI,Maize,2010,Kharif,himachal pradesh,lahul and spiti
Himachal Pradesh,LAHUL AND SPITI,Other Kharif pulses,2010,Kharif,himachal pradesh,lahul and spiti
Himachal Pradesh,LAHUL AND SPITI,Potato,2010,Kharif,himachal pradesh,lahul and spiti
Himachal Pradesh,LAHUL AND SPITI,Barley,2010,Rabi,himachal pradesh,lahul and spiti
Himachal Pradesh,LAHUL AND SPITI,Peas & beans (Pulses),2010,Rabi,himachal pradesh,lahul and spiti
Himachal Pradesh,LAHUL AND SPITI,Rapeseed &Mustard,2010,Rabi,himachal pradesh,lahul and spiti
Himachal Pradesh,LAHUL AND SPITI,Wheat,2010,Rabi,himachal pradesh,lahul and spiti
Himachal Pradesh,MANDI,Bajra,2010,Kharif,himachal pradesh,mandi
Himachal Pradesh,MANDI,Ginger,2010,Kharif,himachal pradesh,mandi
Himachal Pradesh,MANDI,Groundnut,2010,Kharif,himachal pradesh,mandi
Himachal Pradesh,MANDI,Horse-gram,2010,Kharif,himachal pradesh,mandi
Himachal Pradesh,MANDI,Maize,2010,Kharif,himachal pradesh,mandi
Himachal Pradesh,MANDI,Moong(Green Gram),2010,Kharif,himachal pradesh,mandi
Himachal Pradesh,MANDI,Other Kharif pulses,2010,Kharif,himachal pradesh,mandi
Himachal Pradesh,MANDI,Potato,2010,Kharif,himachal pradesh,mandi
Himachal Pradesh,MANDI,Ragi,2010,Kharif,himachal pradesh,mandi
Himachal Pradesh,MANDI,Rice,2010,Kharif,himachal pradesh,mandi
Himachal Pradesh,MANDI,Sesamum,2010,Kharif,himachal pradesh,mandi
Himachal Pradesh,MANDI,Small millets,2010,Kharif,himachal pradesh,mandi
Himachal Pradesh,MANDI,Soyabean,2010,Kharif,himachal pradesh,mandi
Himachal Pradesh,MANDI,Urad,2010,Kharif,himachal pradesh,mandi
Himachal Pradesh,MANDI,Barley,2010,Rabi,himachal pradesh,mandi
Himachal Pradesh,MANDI,Coriander,2010,Rabi,himachal pradesh,mandi
Himachal Pradesh,MANDI,Garlic,2010,Rabi,himachal pradesh,mandi
Himachal Pradesh,MANDI,Gram,2010,Rabi,himachal pradesh,mandi
Himachal Pradesh,MANDI,Linseed,2010,Rabi,himachal pradesh,mandi
Himachal Pradesh,MANDI,Masoor,2010,Rabi,himachal pradesh,mandi
Himachal Pradesh,MANDI,Onion,2010,Rabi,himachal pradesh,mandi
Himachal Pradesh,MANDI,Peas & beans (Pulses),2010,Rabi,himachal pradesh,mandi
Himachal Pradesh,MANDI,Potato,2010,Rabi,himachal pradesh,mandi
Himachal Pradesh,MANDI,Rapeseed &Mustard,2010,Rabi,himachal pradesh,mandi
Himachal Pradesh,MANDI,Wheat,2010,Rabi,himachal pradesh,mandi
Himachal Pradesh,MANDI,Dry chillies,2010,Whole Year,himachal pradesh,mandi
Himachal Pradesh,MANDI,Turmeric,2010,Whole Year,himachal pradesh,mandi
Himachal Pradesh,SHIMLA,Bajra,2010,Kharif,himachal pradesh,shimla
Himachal Pradesh,SHIMLA,Garlic,2010,Kharif,himachal pradesh,shimla
Himachal Pradesh,SHIMLA,Ginger,2010,Kharif,himachal pradesh,shimla
Himachal Pradesh,SHIMLA,Groundnut,2010,Kharif,himachal pradesh,shimla
Himachal Pradesh,SHIMLA,Horse-gram,2010,Kharif,himachal pradesh,shimla
Himachal Pradesh,SHIMLA,Maize,2010,Kharif,himachal pradesh,shimla
Himachal Pradesh,SHIMLA,Moong(Green Gram),2010,Kharif,himachal pradesh,shimla
Himachal Pradesh,SHIMLA,Moth,2010,Kharif,himachal pradesh,shimla
Himachal Pradesh,SHIMLA,Other Kharif pulses,2010,Kharif,himachal pradesh,shimla
Himachal Pradesh,SHIMLA,Potato,2010,Kharif,himachal pradesh,shimla
Himachal Pradesh,SHIMLA,Ragi,2010,Kharif,himachal pradesh,shimla
Himachal Pradesh,SHIMLA,Rice,2010,Kharif,himachal pradesh,shimla
Himachal Pradesh,SHIMLA,Sesamum,2010,Kharif,himachal pradesh,shimla
Himachal Pradesh,SHIMLA,Small millets,2010,Kharif,himachal pradesh,shimla
Himachal Pradesh,SHIMLA,Soyabean,2010,Kharif,himachal pradesh,shimla
Himachal Pradesh,SHIMLA,Urad,2010,Kharif,himachal pradesh,shimla
Himachal Pradesh,SHIMLA,Barley,2010,Rabi,himachal pradesh,shimla
Himachal Pradesh,SHIMLA,Coriander,2010,Rabi,himachal pradesh,shimla
Himachal Pradesh,SHIMLA,Garlic,2010,Rabi,himachal pradesh,shimla
Himachal Pradesh,SHIMLA,Gram,2010,Rabi,himachal pradesh,shimla
Himachal Pradesh,SHIMLA,Masoor,2010,Rabi,himachal pradesh,shimla
Himachal Pradesh,SHIMLA,Onion,2010,Rabi,himachal pradesh,shimla
Himachal Pradesh,SHIMLA,Peas & beans (Pulses),2010,Rabi,himachal pradesh,shimla
Himachal Pradesh,SHIMLA,Potato,2010,Rabi,himachal pradesh,shimla
Himachal Pradesh,SHIMLA,Rapeseed &Mustard,2010,Rabi,himachal pradesh,shimla
Himachal Pradesh,SHIMLA,Wheat,2010,Rabi,himachal pradesh,shimla
Himachal Pradesh,SHIMLA,Dry chillies,2010,Whole Year,himachal pradesh,shimla
Himachal Pradesh,SHIMLA,Turmeric,2010,Whole Year,himachal pradesh,shimla
Himachal Pradesh,SIRMAUR,Arhar/Tur,2010,Kharif,himachal pradesh,sirmaur
Himachal Pradesh,SIRMAUR,Bajra,2010,Kharif,himachal pradesh,sirmaur
Himachal Pradesh,SIRMAUR,Ginger,2010,Kharif,himachal pradesh,sirmaur
Himachal Pradesh,SIRMAUR,Groundnut,2010,Kharif,himachal pradesh,sirmaur
Himachal Pradesh,SIRMAUR,Horse-gram,2010,Kharif,himachal pradesh,sirmaur
Himachal Pradesh,SIRMAUR,Maize,2010,Kharif,himachal pradesh,sirmaur
Himachal Pradesh,SIRMAUR,Other Kharif pulses,2010,Kharif,himachal pradesh,sirmaur
Himachal Pradesh,SIRMAUR,Peas & beans (Pulses),2010,Kharif,himachal pradesh,sirmaur
Himachal Pradesh,SIRMAUR,Potato,2010,Kharif,himachal pradesh,sirmaur
Himachal Pradesh,SIRMAUR,Ragi,2010,Kharif,himachal pradesh,sirmaur
Himachal Pradesh,SIRMAUR,Rice,2010,Kharif,himachal pradesh,sirmaur
Himachal Pradesh,SIRMAUR,Sesamum,2010,Kharif,himachal pradesh,sirmaur
Himachal Pradesh,SIRMAUR,Small millets,2010,Kharif,himachal pradesh,sirmaur
Himachal Pradesh,SIRMAUR,Soyabean,2010,Kharif,himachal pradesh,sirmaur
Himachal Pradesh,SIRMAUR,Urad,2010,Kharif,himachal pradesh,sirmaur
Himachal Pradesh,SIRMAUR,Barley,2010,Rabi,himachal pradesh,sirmaur
Himachal Pradesh,SIRMAUR,Coriander,2010,Rabi,himachal pradesh,sirmaur
Himachal Pradesh,SIRMAUR,Gram,2010,Rabi,himachal pradesh,sirmaur
Himachal Pradesh,SIRMAUR,Masoor,2010,Rabi,himachal pradesh,sirmaur
Himachal Pradesh,SIRMAUR,Onion,2010,Rabi,himachal pradesh,sirmaur
Himachal Pradesh,SIRMAUR,Peas & beans (Pulses),2010,Rabi,himachal pradesh,sirmaur
Himachal Pradesh,SIRMAUR,Potato,2010,Rabi,himachal pradesh,sirmaur
Himachal Pradesh,SIRMAUR,Rapeseed &Mustard,2010,Rabi,himachal pradesh,sirmaur
Himachal Pradesh,SIRMAUR,Wheat,2010,Rabi,himachal pradesh,sirmaur
Himachal Pradesh,SIRMAUR,Dry chillies,2010,Whole Year,himachal pradesh,sirmaur
Himachal Pradesh,SIRMAUR,Sugarcane,2010,Whole Year,himachal pradesh,sirmaur
Himachal Pradesh,SIRMAUR,Turmeric,2010,Whole Year,himachal pradesh,sirmaur
Himachal Pradesh,SOLAN,Ginger,2010,Kharif,himachal pradesh,solan
Himachal Pradesh,SOLAN,Horse-gram,2010,Kharif,himachal pradesh,solan
Himachal Pradesh,SOLAN,Maize,2010,Kharif,himachal pradesh,solan
Himachal Pradesh,SOLAN,Potato,2010,Kharif,himachal pradesh,solan
Himachal Pradesh,SOLAN,Rice,2010,Kharif,himachal pradesh,solan
Himachal Pradesh,SOLAN,Soyabean,2010,Kharif,himachal pradesh,solan
Himachal Pradesh,SOLAN,Urad,2010,Kharif,himachal pradesh,solan
Himachal Pradesh,SOLAN,Barley,2010,Rabi,himachal pradesh,solan
Himachal Pradesh,SOLAN,Garlic,2010,Rabi,himachal pradesh,solan
Himachal Pradesh,SOLAN,Gram,2010,Rabi,himachal pradesh,solan
Himachal Pradesh,SOLAN,Onion,2010,Rabi,himachal pradesh,solan
Himachal Pradesh,SOLAN,Peas & beans (Pulses),2010,Rabi,himachal pradesh,solan
Himachal Pradesh,SOLAN,Potato,2010,Rabi,himachal pradesh,solan
Himachal Pradesh,SOLAN,Rapeseed &Mustard,2010,Rabi,himachal pradesh,solan
Himachal Pradesh,SOLAN,Wheat,2010,Rabi,himachal pradesh,solan
Himachal Pradesh,SOLAN,Dry chillies,2010,Whole Year,himachal pradesh,solan
Himachal Pradesh,SOLAN,Sugarcane,2010,Whole Year,himachal pradesh,solan
Himachal Pradesh,UNA,Ginger,2010,Kharif,himachal pradesh,una
Himachal Pradesh,UNA,Horse-gram,2010,Kharif,himachal pradesh,una
Himachal Pradesh,UNA,Maize,2010,Kharif,himachal pradesh,una
Himachal Pradesh,UNA,Moong(Green Gram),2010,Kharif,himachal pradesh,una
Himachal Pradesh,UNA,Potato,2010,Kharif,himachal pradesh,una
Himachal Pradesh,UNA,Rice,2010,Kharif,himachal pradesh,una
Himachal Pradesh,UNA,Sesamum,2010,Kharif,himachal pradesh,una
Himachal Pradesh,UNA,Urad,2010,Kharif,himachal pradesh,una
Himachal Pradesh,UNA,Coriander,2010,Rabi,himachal pradesh,una
Himachal Pradesh,UNA,Garlic,2010,Rabi,himachal pradesh,una
Himachal Pradesh,UNA,Onion,2010,Rabi,himachal pradesh,una
Himachal Pradesh,UNA,Peas & beans (Pulses),2010,Rabi,himachal pradesh,una
Himachal Pradesh,UNA,Potato,2010,Rabi,himachal pradesh,una
Himachal Pradesh,UNA,Rapeseed &Mustard,2010,Rabi,himachal pradesh,una
Himachal Pradesh,UNA,Wheat,2010,Rabi,himachal pradesh,una
Himachal Pradesh,UNA,Dry chillies,2010,Whole Year,himachal pradesh,una
Himachal Pradesh,UNA,Sugarcane,2010,Whole Year,himachal pradesh,una
Himachal Pradesh,UNA,Turmeric,2010,Whole Year,himachal pradesh,una
Jharkhand,BOKARO,Arhar/Tur,2010,Rabi,jharkhand,bokaro
Jharkhand,BOKARO,Gram,2010,Rabi,jharkhand,bokaro
Jharkhand,BOKARO,Onion,2010,Rabi,jharkhand,bokaro
Jharkhand,BOKARO,Potato,2010,Rabi,jharkhand,bokaro
Jharkhand,BOKARO,Rapeseed &Mustard,2010,Rabi,jharkhand,bokaro
Jharkhand,BOKARO,Wheat,2010,Rabi,jharkhand,bokaro
Jharkhand,CHATRA,Arhar/Tur,2010,Rabi,jharkhand,chatra
Jharkhand,CHATRA,Gram,2010,Rabi,jharkhand,chatra
Jharkhand,CHATRA,Onion,2010,Rabi,jharkhand,chatra
Jharkhand,CHATRA,Potato,2010,Rabi,jharkhand,chatra
Jharkhand,CHATRA,Rapeseed &Mustard,2010,Rabi,jharkhand,chatra
Jharkhand,CHATRA,Wheat,2010,Rabi,jharkhand,chatra
Jharkhand,DEOGHAR,Arhar/Tur,2010,Rabi,jharkhand,deoghar
Jharkhand,DEOGHAR,Gram,2010,Rabi,jharkhand,deoghar
Jharkhand,DEOGHAR,Onion,2010,Rabi,jharkhand,deoghar
Jharkhand,DEOGHAR,Potato,2010,Rabi,jharkhand,deoghar
Jharkhand,DEOGHAR,Rapeseed &Mustard,2010,Rabi,jharkhand,deoghar
Jharkhand,DEOGHAR,Wheat,2010,Rabi,jharkhand,deoghar
Jharkhand,DHANBAD,Arhar/Tur,2010,Rabi,jharkhand,dhanbad
Jharkhand,DHANBAD,Gram,2010,Rabi,jharkhand,dhanbad
Jharkhand,DHANBAD,Onion,2010,Rabi,jharkhand,dhanbad
Jharkhand,DHANBAD,Potato,2010,Rabi,jharkhand,dhanbad
Jharkhand,DHANBAD,Rapeseed &Mustard,2010,Rabi,jharkhand,dhanbad
Jharkhand,DHANBAD,Wheat,2010,Rabi,jharkhand,dhanbad
Jharkhand,DUMKA,Arhar/Tur,2010,Rabi,jharkhand,dumka
Jharkhand,DUMKA,Gram,2010,Rabi,jharkhand,dumka
Jharkhand,DUMKA,Onion,2010,Rabi,jharkhand,dumka
Jharkhand,DUMKA,Potato,2010,Rabi,jharkhand,dumka
Jharkhand,DUMKA,Rapeseed &Mustard,2010,Rabi,jharkhand,dumka
Jharkhand,DUMKA,Wheat,2010,Rabi,jharkhand,dumka
Jharkhand,EAST SINGHBUM,Arhar/Tur,2010,Rabi,jharkhand,east singhbum
Jharkhand,EAST SINGHBUM,Gram,2010,Rabi,jharkhand,east singhbum
Jharkhand,EAST SINGHBUM,Onion,2010,Rabi,jharkhand,east singhbum
Jharkhand,EAST SINGHBUM,Potato,2010,Rabi,jharkhand,east singhbum
Jharkhand,EAST SINGHBUM,Rapeseed &Mustard,2010,Rabi,jharkhand,east singhbum
Jharkhand,EAST SINGHBUM,Wheat,2010,Rabi,jharkhand,east singhbum
Jharkhand,GARHWA,Arhar/Tur,2010,Rabi,jharkhand,garhwa
Jharkhand,GARHWA,Gram,2010,Rabi,jharkhand,garhwa
Jharkhand,GARHWA,Masoor,2010,Rabi,jharkhand,garhwa
Jharkhand,GARHWA,Onion,2010,Rabi,jharkhand,garhwa
Jharkhand,GARHWA,Potato,2010,Rabi,jharkhand,garhwa
Jharkhand,GARHWA,Rapeseed &Mustard,2010,Rabi,jharkhand,garhwa
Jharkhand,GARHWA,Wheat,2010,Rabi,jharkhand,garhwa
Jharkhand,GIRIDIH,Arhar/Tur,2010,Rabi,jharkhand,giridih
Jharkhand,GIRIDIH,Gram,2010,Rabi,jharkhand,giridih
Jharkhand,GIRIDIH,Onion,2010,Rabi,jharkhand,giridih
Jharkhand,GIRIDIH,Potato,2010,Rabi,jharkhand,giridih
Jharkhand,GIRIDIH,Rapeseed &Mustard,2010,Rabi,jharkhand,giridih
Jharkhand,GIRIDIH,Wheat,2010,Rabi,jharkhand,giridih
Jharkhand,GODDA,Arhar/Tur,2010,Rabi,jharkhand,godda
Jharkhand,GODDA,Gram,2010,Rabi,jharkhand,godda
Jharkhand,GODDA,Masoor,2010,Rabi,jharkhand,godda
Jharkhand,GODDA,Onion,2010,Rabi,jharkhand,godda
Jharkhand,GODDA,Potato,2010,Rabi,jharkhand,godda
Jharkhand,GODDA,Rapeseed &Mustard,2010,Rabi,jharkhand,godda
Jharkhand,GODDA,Wheat,2010,Rabi,jharkhand,godda
Jharkhand,GUMLA,Arhar/Tur,2010,Rabi,jharkhand,gumla
Jharkhand,GUMLA,Gram,2010,Rabi,jharkhand,gumla
Jharkhand,GUMLA,Onion,2010,Rabi,jharkhand,gumla
Jharkhand,GUMLA,Potato,2010,Rabi,jharkhand,gumla
Jharkhand,GUMLA,Rapeseed &Mustard,2010,Rabi,jharkhand,gumla
Jharkhand,GUMLA,Wheat,2010,Rabi,jharkhand,gumla
Jharkhand,HAZARIBAGH,Arhar/Tur,2010,Rabi,jharkhand,hazaribagh
Jharkhand,HAZARIBAGH,Gram,2010,Rabi,jharkhand,hazaribagh
Jharkhand,HAZARIBAGH,Onion,2010,Rabi,jharkhand,hazaribagh
Jharkhand,HAZARIBAGH,Potato,2010,Rabi,jharkhand,hazaribagh
Jharkhand,HAZARIBAGH,Rapeseed &Mustard,2010,Rabi,jharkhand,hazaribagh
Jharkhand,HAZARIBAGH,Wheat,2010,Rabi,jharkhand,hazaribagh
Jharkhand,JAMTARA,Arhar/Tur,2010,Rabi,jharkhand,jamtara
Jharkhand,JAMTARA,Gram,2010,Rabi,jharkhand,jamtara
Jharkhand,JAMTARA,Onion,2010,Rabi,jharkhand,jamtara
Jharkhand,JAMTARA,Potato,2010,Rabi,jharkhand,jamtara
Jharkhand,JAMTARA,Rapeseed &Mustard,2010,Rabi,jharkhand,jamtara
Jharkhand,JAMTARA,Wheat,2010,Rabi,jharkhand,jamtara
Jharkhand,KHUNTI,Arhar/Tur,2010,Rabi,jharkhand,khunti
Jharkhand,KHUNTI,Gram,2010,Rabi,jharkhand,khunti
Jharkhand,KHUNTI,Onion,2010,Rabi,jharkhand,khunti
Jharkhand,KHUNTI,Potato,2010,Rabi,jharkhand,khunti
Jharkhand,KHUNTI,Rapeseed &Mustard,2010,Rabi,jharkhand,khunti
Jharkhand,KHUNTI,Wheat,2010,Rabi,jharkhand,khunti
Jharkhand,KODERMA,Arhar/Tur,2010,Rabi,jharkhand,koderma
Jharkhand,KODERMA,Gram,2010,Rabi,jharkhand,koderma
Jharkhand,KODERMA,Onion,2010,Rabi,jharkhand,koderma
Jharkhand,KODERMA,Potato,2010,Rabi,jharkhand,koderma
Jharkhand,KODERMA,Rapeseed &Mustard,2010,Rabi,jharkhand,koderma
Jharkhand,KODERMA,Wheat,2010,Rabi,jharkhand,koderma
Jharkhand,LATEHAR,Arhar/Tur,2010,Rabi,jharkhand,latehar
Jharkhand,LATEHAR,Gram,2010,Rabi,jharkhand,latehar
Jharkhand,LATEHAR,Masoor,2010,Rabi,jharkhand,latehar
Jharkhand,LATEHAR,Onion,2010,Rabi,jharkhand,latehar
Jharkhand,LATEHAR,Potato,2010,Rabi,jharkhand,latehar
Jharkhand,LATEHAR,Rapeseed &Mustard,2010,Rabi,jharkhand,latehar
Jharkhand,LATEHAR,Wheat,2010,Rabi,jharkhand,latehar
Jharkhand,LOHARDAGA,Arhar/Tur,2010,Rabi,jharkhand,lohardaga
Jharkhand,LOHARDAGA,Gram,2010,Rabi,jharkhand,lohardaga
Jharkhand,LOHARDAGA,Onion,2010,Rabi,jharkhand,lohardaga
Jharkhand,LOHARDAGA,Potato,2010,Rabi,jharkhand,lohardaga
Jharkhand,LOHARDAGA,Rapeseed &Mustard,2010,Rabi,jharkhand,lohardaga
Jharkhand,LOHARDAGA,Wheat,2010,Rabi,jharkhand,lohardaga
Jharkhand,PAKUR,Arhar/Tur,2010,Rabi,jharkhand,pakur
Jharkhand,PAKUR,Gram,2010,Rabi,jharkhand,pakur
Jharkhand,PAKUR,Potato,2010,Rabi,jharkhand,pakur
Jharkhand,PAKUR,Rapeseed &Mustard,2010,Rabi,jharkhand,pakur
Jharkhand,PAKUR,Wheat,2010,Rabi,jharkhand,pakur
Jharkhand,PALAMU,Arhar/Tur,2010,Rabi,jharkhand,palamu
Jharkhand,PALAMU,Gram,2010,Rabi,jharkhand,palamu
Jharkhand,PALAMU,Masoor,2010,Rabi,jharkhand,palamu
Jharkhand,PALAMU,Onion,2010,Rabi,jharkhand,palamu
Jharkhand,PALAMU,Potato,2010,Rabi,jharkhand,palamu
Jharkhand,PALAMU,Rapeseed &Mustard,2010,Rabi,jharkhand,palamu
Jharkhand,PALAMU,Wheat,2010,Rabi,jharkhand,palamu
Jharkhand,RAMGARH,Arhar/Tur,2010,Rabi,jharkhand,ramgarh
Jharkhand,RAMGARH,Gram,2010,Rabi,jharkhand,ramgarh
Jharkhand,RAMGARH,Onion,2010,Rabi,jharkhand,ramgarh
Jharkhand,RAMGARH,Potato,2010,Rabi,jharkhand,ramgarh
Jharkhand,RAMGARH,Rapeseed &Mustard,2010,Rabi,jharkhand,ramgarh
Jharkhand,RAMGARH,Wheat,2010,Rabi,jharkhand,ramgarh
Jharkhand,RANCHI,Arhar/Tur,2010,Rabi,jharkhand,ranchi
Jharkhand,RANCHI,Gram,2010,Rabi,jharkhand,ranchi
Jharkhand,RANCHI,Onion,2010,Rabi,jharkhand,ranchi
Jharkhand,RANCHI,Potato,2010,Rabi,jharkhand,ranchi
Jharkhand,RANCHI,Rapeseed &Mustard,2010,Rabi,jharkhand,ranchi
Jharkhand,RANCHI,Wheat,2010,Rabi,jharkhand,ranchi
Jharkhand,SAHEBGANJ,Arhar/Tur,2010,Rabi,jharkhand,sahebganj
Jharkhand,SAHEBGANJ,Gram,2010,Rabi,jharkhand,sahebganj
Jharkhand,SAHEBGANJ,Onion,2010,Rabi,jharkhand,sahebganj
Jharkhand,SAHEBGANJ,Potato,2010,Rabi,jharkhand,sahebganj
Jharkhand,SAHEBGANJ,Rapeseed &Mustard,2010,Rabi,jharkhand,sahebganj
Jharkhand,SAHEBGANJ,Wheat,2010,Rabi,jharkhand,sahebganj
Jharkhand,SARAIKELA KHARSAWAN,Arhar/Tur,2010,Rabi,jharkhand,saraikela kharsawan
Jharkhand,SARAIKELA KHARSAWAN,Gram,2010,Rabi,jharkhand,saraikela kharsawan
Jharkhand,SARAIKELA KHARSAWAN,Onion,2010,Rabi,jharkhand,saraikela kharsawan
Jharkhand,SARAIKELA KHARSAWAN,Potato,2010,Rabi,jharkhand,saraikela kharsawan
Jharkhand,SARAIKELA KHARSAWAN,Rapeseed &Mustard,2010,Rabi,jharkhand,saraikela kharsawan
Jharkhand,SARAIKELA KHARSAWAN,Wheat,2010,Rabi,jharkhand,saraikela kharsawan
Jharkhand,SIMDEGA,Arhar/Tur,2010,Rabi,jharkhand,simdega
Jharkhand,SIMDEGA,Gram,2010,Rabi,jharkhand,simdega
Jharkhand,SIMDEGA,Onion,2010,Rabi,jharkhand,simdega
Jharkhand,SIMDEGA,Potato,2010,Rabi,jharkhand,simdega
Jharkhand,SIMDEGA,Rapeseed &Mustard,2010,Rabi,jharkhand,simdega
Jharkhand,SIMDEGA,Wheat,2010,Rabi,jharkhand,simdega
Jharkhand,WEST SINGHBHUM,Arhar/Tur,2010,Rabi,jharkhand,west singhbhum
Jharkhand,WEST SINGHBHUM,Gram,2010,Rabi,jharkhand,west singhbhum
Jharkhand,WEST SINGHBHUM,Masoor,2010,Rabi,jharkhand,west singhbhum
Jharkhand,WEST SINGHBHUM,Potato,2010,Rabi,jharkhand,west singhbhum
Jharkhand,WEST SINGHBHUM,Rapeseed &Mustard,2010,Rabi,jharkhand,west singhbhum
Jharkhand,WEST SINGHBHUM,Wheat,2010,Rabi,jharkhand,west singhbhum
Karnataka,BAGALKOT,Arhar/Tur,2010,Kharif,karnataka,bagalkot
Karnataka,BAGALKOT,Bajra,2010,Kharif,karnataka,bagalkot
Karnataka,BAGALKOT,Cotton(lint),2010,Kharif,karnataka,bagalkot
Karnataka,BAGALKOT,Cowpea(Lobia),2010,Kharif,karnataka,bagalkot
Karnataka,BAGALKOT,Dry chillies,2010,Kharif,karnataka,bagalkot
Karnataka,BAGALKOT,Groundnut,2010,Kharif,karnataka,bagalkot
Karnataka,BAGALKOT,Horse-gram,2010,Kharif,karnataka,bagalkot
Karnataka,BAGALKOT,Jowar,2010,Kharif,karnataka,bagalkot
Karnataka,BAGALKOT,Maize,2010,Kharif,karnataka,bagalkot
Karnataka,BAGALKOT,Moong(Green Gram),2010,Kharif,karnataka,bagalkot
Karnataka,BAGALKOT,Niger seed,2010,Kharif,karnataka,bagalkot
Karnataka,BAGALKOT,Onion,2010,Kharif,karnataka,bagalkot
Karnataka,BAGALKOT,Other Kharif pulses,2010,Kharif,karnataka,bagalkot
Karnataka,BAGALKOT,Rice,2010,Kharif,karnataka,bagalkot
Karnataka,BAGALKOT,Sesamum,2010,Kharif,karnataka,bagalkot
Karnataka,BAGALKOT,Small millets,2010,Kharif,karnataka,bagalkot
Karnataka,BAGALKOT,Soyabean,2010,Kharif,karnataka,bagalkot
Karnataka,BAGALKOT,Sunflower,2010,Kharif,karnataka,bagalkot
Karnataka,BAGALKOT,Urad,2010,Kharif,karnataka,bagalkot
Karnataka,BAGALKOT,Cotton(lint),2010,Rabi,karnataka,bagalkot
Karnataka,BAGALKOT,Cowpea(Lobia),2010,Rabi,karnataka,bagalkot
Karnataka,BAGALKOT,Dry chillies,2010,Rabi,karnataka,bagalkot
Karnataka,BAGALKOT,Gram,2010,Rabi,karnataka,bagalkot
Karnataka,BAGALKOT,Groundnut,2010,Rabi,karnataka,bagalkot
Karnataka,BAGALKOT,Horse-gram,2010,Rabi,karnataka,bagalkot
Karnataka,BAGALKOT,Jowar,2010,Rabi,karnataka,bagalkot
Karnataka,BAGALKOT,Linseed,2010,Rabi,karnataka,bagalkot
Karnataka,BAGALKOT,Maize,2010,Rabi,karnataka,bagalkot
Karnataka,BAGALKOT,Onion,2010,Rabi,karnataka,bagalkot
Karnataka,BAGALKOT,Other  Rabi pulses,2010,Rabi,karnataka,bagalkot
Karnataka,BAGALKOT,Rapeseed &Mustard,2010,Rabi,karnataka,bagalkot
Karnataka,BAGALKOT,Safflower,2010,Rabi,karnataka,bagalkot
Karnataka,BAGALKOT,Sunflower,2010,Rabi,karnataka,bagalkot
Karnataka,BAGALKOT,Wheat,2010,Rabi,karnataka,bagalkot
Karnataka,BAGALKOT,Dry chillies,2010,Summer,karnataka,bagalkot
Karnataka,BAGALKOT,Maize,2010,Summer,karnataka,bagalkot
Karnataka,BAGALKOT,Onion,2010,Summer,karnataka,bagalkot
Karnataka,BAGALKOT,Rice,2010,Summer,karnataka,bagalkot
Karnataka,BAGALKOT,Sunflower,2010,Summer,karnataka,bagalkot
Karnataka,BAGALKOT,Banana,2010,Whole Year,karnataka,bagalkot
Karnataka,BAGALKOT,Cashewnut,2010,Whole Year,karnataka,bagalkot
Karnataka,BAGALKOT,Coconut,2010,Whole Year,karnataka,bagalkot
Karnataka,BAGALKOT,Coriander,2010,Whole Year,karnataka,bagalkot
Karnataka,BAGALKOT,Garlic,2010,Whole Year,karnataka,bagalkot
Karnataka,BAGALKOT,Mesta,2010,Whole Year,karnataka,bagalkot
Karnataka,BAGALKOT,Sugarcane,2010,Whole Year,karnataka,bagalkot
Karnataka,BAGALKOT,Sweet potato,2010,Whole Year,karnataka,bagalkot
Karnataka,BAGALKOT,Turmeric,2010,Whole Year,karnataka,bagalkot
Karnataka,BANGALORE RURAL,Arhar/Tur,2010,Kharif,karnataka,bangalore rural
Karnataka,BANGALORE RURAL,Bajra,2010,Kharif,karnataka,bangalore rural
Karnataka,BANGALORE RURAL,Castor seed,2010,Kharif,karnataka,bangalore rural
Karnataka,BANGALORE RURAL,Cowpea(Lobia),2010,Kharif,karnataka,bangalore rural
Karnataka,BANGALORE RURAL,Dry chillies,2010,Kharif,karnataka,bangalore rural
Karnataka,BANGALORE RURAL,Groundnut,2010,Kharif,karnataka,bangalore rural
Karnataka,BANGALORE RURAL,Horse-gram,2010,Kharif,karnataka,bangalore rural
Karnataka,BANGALORE RURAL,Maize,2010,Kharif,karnataka,bangalore rural
Karnataka,BANGALORE RURAL,Moong(Green Gram),2010,Kharif,karnataka,bangalore rural
Karnataka,BANGALORE RURAL,Niger seed,2010,Kharif,karnataka,bangalore rural
Karnataka,BANGALORE RURAL,Onion,2010,Kharif,karnataka,bangalore rural
Karnataka,BANGALORE RURAL,Other Kharif pulses,2010,Kharif,karnataka,bangalore rural
Karnataka,BANGALORE RURAL,Peas & beans (Pulses),2010,Kharif,karnataka,bangalore rural
Karnataka,BANGALORE RURAL,Potato,2010,Kharif,karnataka,bangalore rural
Karnataka,BANGALORE RURAL,Ragi,2010,Kharif,karnataka,bangalore rural
Karnataka,BANGALORE RURAL,Rice,2010,Kharif,karnataka,bangalore rural
Karnataka,BANGALORE RURAL,Sesamum,2010,Kharif,karnataka,bangalore rural
Karnataka,BANGALORE RURAL,Small millets,2010,Kharif,karnataka,bangalore rural
Karnataka,BANGALORE RURAL,Sunflower,2010,Kharif,karnataka,bangalore rural
Karnataka,BANGALORE RURAL,Urad,2010,Kharif,karnataka,bangalore rural
Karnataka,BANGALORE RURAL,Cowpea(Lobia),2010,Rabi,karnataka,bangalore rural
Karnataka,BANGALORE RURAL,Dry chillies,2010,Rabi,karnataka,bangalore rural
Karnataka,BANGALORE RURAL,Gram,2010,Rabi,karnataka,bangalore rural
Karnataka,BANGALORE RURAL,Groundnut,2010,Rabi,karnataka,bangalore rural
Karnataka,BANGALORE RURAL,Horse-gram,2010,Rabi,karnataka,bangalore rural
Karnataka,BANGALORE RURAL,Maize,2010,Rabi,karnataka,bangalore rural
Karnataka,BANGALORE RURAL,Onion,2010,Rabi,karnataka,bangalore rural
Karnataka,BANGALORE RURAL,Other  Rabi pulses,2010,Rabi,karnataka,bangalore rural
Karnataka,BANGALORE RURAL,Peas & beans (Pulses),2010,Rabi,karnataka,bangalore rural
Karnataka,BANGALORE RURAL,Potato,2010,Rabi,karnataka,bangalore rural
Karnataka,BANGALORE RURAL,Ragi,2010,Rabi,karnataka,bangalore rural
Karnataka,BANGALORE RURAL,Rapeseed &Mustard,2010,Rabi,karnataka,bangalore rural
Karnataka,BANGALORE RURAL,Sunflower,2010,Rabi,karnataka,bangalore rural
Karnataka,BANGALORE RURAL,Wheat,2010,Rabi,karnataka,bangalore rural
Karnataka,BANGALORE RURAL,Dry chillies,2010,Summer,karnataka,bangalore rural
Karnataka,BANGALORE RURAL,Maize,2010,Summer,karnataka,bangalore rural
Karnataka,BANGALORE RURAL,Onion,2010,Summer,karnataka,bangalore rural
Karnataka,BANGALORE RURAL,Peas & beans (Pulses),2010,Summer,karnataka,bangalore rural
Karnataka,BANGALORE RURAL,Potato,2010,Summer,karnataka,bangalore rural
Karnataka,BANGALORE RURAL,Ragi,2010,Summer,karnataka,bangalore rural
Karnataka,BANGALORE RURAL,Rice,2010,Summer,karnataka,bangalore rural
Karnataka,BANGALORE RURAL,Sunflower,2010,Summer,karnataka,bangalore rural
Karnataka,BANGALORE RURAL,Arecanut,2010,Whole Year,karnataka,bangalore rural
Karnataka,BANGALORE RURAL,Banana,2010,Whole Year,karnataka,bangalore rural
Karnataka,BANGALORE RURAL,Black pepper,2010,Whole Year,karnataka,bangalore rural
Karnataka,BANGALORE RURAL,Cashewnut,2010,Whole Year,karnataka,bangalore rural
Karnataka,BANGALORE RURAL,Coconut,2010,Whole Year,karnataka,bangalore rural
Karnataka,BANGALORE RURAL,Coriander,2010,Whole Year,karnataka,bangalore rural
Karnataka,BANGALORE RURAL,Dry ginger,2010,Whole Year,karnataka,bangalore rural
Karnataka,BANGALORE RURAL,Garlic,2010,Whole Year,karnataka,bangalore rural
Karnataka,BANGALORE RURAL,Sugarcane,2010,Whole Year,karnataka,bangalore rural
Karnataka,BANGALORE RURAL,Sweet potato,2010,Whole Year,karnataka,bangalore rural
Karnataka,BANGALORE RURAL,Tapioca,2010,Whole Year,karnataka,bangalore rural
Karnataka,BELGAUM,Arhar/Tur,2010,Kharif,karnataka,belgaum
Karnataka,BELGAUM,Bajra,2010,Kharif,karnataka,belgaum
Karnataka,BELGAUM,Castor seed,2010,Kharif,karnataka,belgaum
Karnataka,BELGAUM,Cotton(lint),2010,Kharif,karnataka,belgaum
Karnataka,BELGAUM,Cowpea(Lobia),2010,Kharif,karnataka,belgaum
Karnataka,BELGAUM,Dry chillies,2010,Kharif,karnataka,belgaum
Karnataka,BELGAUM,Groundnut,2010,Kharif,karnataka,belgaum
Karnataka,BELGAUM,Horse-gram,2010,Kharif,karnataka,belgaum
Karnataka,BELGAUM,Jowar,2010,Kharif,karnataka,belgaum
Karnataka,BELGAUM,Maize,2010,Kharif,karnataka,belgaum
Karnataka,BELGAUM,Moong(Green Gram),2010,Kharif,karnataka,belgaum
Karnataka,BELGAUM,Niger seed,2010,Kharif,karnataka,belgaum
Karnataka,BELGAUM,Onion,2010,Kharif,karnataka,belgaum
Karnataka,BELGAUM,Other Kharif pulses,2010,Kharif,karnataka,belgaum
Karnataka,BELGAUM,Peas & beans (Pulses),2010,Kharif,karnataka,belgaum
Karnataka,BELGAUM,Potato,2010,Kharif,karnataka,belgaum
Karnataka,BELGAUM,Ragi,2010,Kharif,karnataka,belgaum
Karnataka,BELGAUM,Rice,2010,Kharif,karnataka,belgaum
Karnataka,BELGAUM,Sesamum,2010,Kharif,karnataka,belgaum
Karnataka,BELGAUM,Small millets,2010,Kharif,karnataka,belgaum
Karnataka,BELGAUM,Soyabean,2010,Kharif,karnataka,belgaum
Karnataka,BELGAUM,Sunflower,2010,Kharif,karnataka,belgaum
Karnataka,BELGAUM,Urad,2010,Kharif,karnataka,belgaum
Karnataka,BELGAUM,Cotton(lint),2010,Rabi,karnataka,belgaum
Karnataka,BELGAUM,Cowpea(Lobia),2010,Rabi,karnataka,belgaum
Karnataka,BELGAUM,Dry chillies,2010,Rabi,karnataka,belgaum
Karnataka,BELGAUM,Gram,2010,Rabi,karnataka,belgaum
Karnataka,BELGAUM,Groundnut,2010,Rabi,karnataka,belgaum
Karnataka,BELGAUM,Horse-gram,2010,Rabi,karnataka,belgaum
Karnataka,BELGAUM,Jowar,2010,Rabi,karnataka,belgaum
Karnataka,BELGAUM,Linseed,2010,Rabi,karnataka,belgaum
Karnataka,BELGAUM,Maize,2010,Rabi,karnataka,belgaum
Karnataka,BELGAUM,Moong(Green Gram),2010,Rabi,karnataka,belgaum
Karnataka,BELGAUM,Onion,2010,Rabi,karnataka,belgaum
Karnataka,BELGAUM,Other  Rabi pulses,2010,Rabi,karnataka,belgaum
Karnataka,BELGAUM,Peas & beans (Pulses),2010,Rabi,karnataka,belgaum
Karnataka,BELGAUM,Potato,2010,Rabi,karnataka,belgaum
Karnataka,BELGAUM,Rapeseed &Mustard,2010,Rabi,karnataka,belgaum
Karnataka,BELGAUM,Safflower,2010,Rabi,karnataka,belgaum
Karnataka,BELGAUM,Sunflower,2010,Rabi,karnataka,belgaum
Karnataka,BELGAUM,Wheat,2010,Rabi,karnataka,belgaum
Karnataka,BELGAUM,Dry chillies,2010,Summer,karnataka,belgaum
Karnataka,BELGAUM,Jowar,2010,Summer,karnataka,belgaum
Karnataka,BELGAUM,Maize,2010,Summer,karnataka,belgaum
Karnataka,BELGAUM,Onion,2010,Summer,karnataka,belgaum
Karnataka,BELGAUM,Peas & beans (Pulses),2010,Summer,karnataka,belgaum
Karnataka,BELGAUM,Potato,2010,Summer,karnataka,belgaum
Karnataka,BELGAUM,Rice,2010,Summer,karnataka,belgaum
Karnataka,BELGAUM,Sunflower,2010,Summer,karnataka,belgaum
Karnataka,BELGAUM,Arecanut,2010,Whole Year,karnataka,belgaum
Karnataka,BELGAUM,Banana,2010,Whole Year,karnataka,belgaum
Karnataka,BELGAUM,Cashewnut,2010,Whole Year,karnataka,belgaum
Karnataka,BELGAUM,Coconut,2010,Whole Year,karnataka,belgaum
Karnataka,BELGAUM,Dry ginger,2010,Whole Year,karnataka,belgaum
Karnataka,BELGAUM,Garlic,2010,Whole Year,karnataka,belgaum
Karnataka,BELGAUM,Mesta,2010,Whole Year,karnataka,belgaum
Karnataka,BELGAUM,Sugarcane,2010,Whole Year,karnataka,belgaum
Karnataka,BELGAUM,Sweet potato,2010,Whole Year,karnataka,belgaum
Karnataka,BELGAUM,Tobacco,2010,Whole Year,karnataka,belgaum
Karnataka,BELGAUM,Turmeric,2010,Whole Year,karnataka,belgaum
Karnataka,BELLARY,Arhar/Tur,2010,Kharif,karnataka,bellary
Karnataka,BELLARY,Bajra,2010,Kharif,karnataka,bellary
Karnataka,BELLARY,Castor seed,2010,Kharif,karnataka,bellary
Karnataka,BELLARY,Cotton(lint),2010,Kharif,karnataka,bellary
Karnataka,BELLARY,Cowpea(Lobia),2010,Kharif,karnataka,bellary
Karnataka,BELLARY,Dry chillies,2010,Kharif,karnataka,bellary
Karnataka,BELLARY,Groundnut,2010,Kharif,karnataka,bellary
Karnataka,BELLARY,Horse-gram,2010,Kharif,karnataka,bellary
Karnataka,BELLARY,Jowar,2010,Kharif,karnataka,bellary
Karnataka,BELLARY,Maize,2010,Kharif,karnataka,bellary
Karnataka,BELLARY,Moong(Green Gram),2010,Kharif,karnataka,bellary
Karnataka,BELLARY,Niger seed,2010,Kharif,karnataka,bellary
Karnataka,BELLARY,Onion,2010,Kharif,karnataka,bellary
Karnataka,BELLARY,Other Kharif pulses,2010,Kharif,karnataka,bellary
Karnataka,BELLARY,Ragi,2010,Kharif,karnataka,bellary
Karnataka,BELLARY,Rice,2010,Kharif,karnataka,bellary
Karnataka,BELLARY,Sesamum,2010,Kharif,karnataka,bellary
Karnataka,BELLARY,Small millets,2010,Kharif,karnataka,bellary
Karnataka,BELLARY,Sunflower,2010,Kharif,karnataka,bellary
Karnataka,BELLARY,Urad,2010,Kharif,karnataka,bellary
Karnataka,BELLARY,Bajra,2010,Rabi,karnataka,bellary
Karnataka,BELLARY,Cotton(lint),2010,Rabi,karnataka,bellary
Karnataka,BELLARY,Cowpea(Lobia),2010,Rabi,karnataka,bellary
Karnataka,BELLARY,Dry chillies,2010,Rabi,karnataka,bellary
Karnataka,BELLARY,Gram,2010,Rabi,karnataka,bellary
Karnataka,BELLARY,Groundnut,2010,Rabi,karnataka,bellary
Karnataka,BELLARY,Horse-gram,2010,Rabi,karnataka,bellary
Karnataka,BELLARY,Jowar,2010,Rabi,karnataka,bellary
Karnataka,BELLARY,Linseed,2010,Rabi,karnataka,bellary
Karnataka,BELLARY,Maize,2010,Rabi,karnataka,bellary
Karnataka,BELLARY,Moong(Green Gram),2010,Rabi,karnataka,bellary
Karnataka,BELLARY,Onion,2010,Rabi,karnataka,bellary
Karnataka,BELLARY,Rice,2010,Rabi,karnataka,bellary
Karnataka,BELLARY,Safflower,2010,Rabi,karnataka,bellary
Karnataka,BELLARY,Sunflower,2010,Rabi,karnataka,bellary
Karnataka,BELLARY,Urad,2010,Rabi,karnataka,bellary
Karnataka,BELLARY,Wheat,2010,Rabi,karnataka,bellary
Karnataka,BELLARY,Bajra,2010,Summer,karnataka,bellary
Karnataka,BELLARY,Dry chillies,2010,Summer,karnataka,bellary
Karnataka,BELLARY,Jowar,2010,Summer,karnataka,bellary
Karnataka,BELLARY,Maize,2010,Summer,karnataka,bellary
Karnataka,BELLARY,Onion,2010,Summer,karnataka,bellary
Karnataka,BELLARY,Ragi,2010,Summer,karnataka,bellary
Karnataka,BELLARY,Rice,2010,Summer,karnataka,bellary
Karnataka,BELLARY,Sunflower,2010,Summer,karnataka,bellary
Karnataka,BELLARY,Arecanut,2010,Whole Year,karnataka,bellary
Karnataka,BELLARY,Banana,2010,Whole Year,karnataka,bellary
Karnataka,BELLARY,Coconut,2010,Whole Year,karnataka,bellary
Karnataka,BELLARY,Coriander,2010,Whole Year,karnataka,bellary
Karnataka,BELLARY,Dry ginger,2010,Whole Year,karnataka,bellary
Karnataka,BELLARY,Mesta,2010,Whole Year,karnataka,bellary
Karnataka,BELLARY,Sugarcane,2010,Whole Year,karnataka,bellary
Karnataka,BELLARY,Tobacco,2010,Whole Year,karnataka,bellary
Karnataka,BENGALURU URBAN,Arhar/Tur,2010,Kharif,karnataka,bengaluru urban
Karnataka,BENGALURU URBAN,Castor seed,2010,Kharif,karnataka,bengaluru urban
Karnataka,BENGALURU URBAN,Cowpea(Lobia),2010,Kharif,karnataka,bengaluru urban
Karnataka,BENGALURU URBAN,Dry chillies,2010,Kharif,karnataka,bengaluru urban
Karnataka,BENGALURU URBAN,Groundnut,2010,Kharif,karnataka,bengaluru urban
Karnataka,BENGALURU URBAN,Horse-gram,2010,Kharif,karnataka,bengaluru urban
Karnataka,BENGALURU URBAN,Maize,2010,Kharif,karnataka,bengaluru urban
Karnataka,BENGALURU URBAN,Moong(Green Gram),2010,Kharif,karnataka,bengaluru urban
Karnataka,BENGALURU URBAN,Niger seed,2010,Kharif,karnataka,bengaluru urban
Karnataka,BENGALURU URBAN,Onion,2010,Kharif,karnataka,bengaluru urban
Karnataka,BENGALURU URBAN,Other Kharif pulses,2010,Kharif,karnataka,bengaluru urban
Karnataka,BENGALURU URBAN,Peas & beans (Pulses),2010,Kharif,karnataka,bengaluru urban
Karnataka,BENGALURU URBAN,Potato,2010,Kharif,karnataka,bengaluru urban
Karnataka,BENGALURU URBAN,Ragi,2010,Kharif,karnataka,bengaluru urban
Karnataka,BENGALURU URBAN,Rice,2010,Kharif,karnataka,bengaluru urban
Karnataka,BENGALURU URBAN,Sesamum,2010,Kharif,karnataka,bengaluru urban
Karnataka,BENGALURU URBAN,Sunflower,2010,Kharif,karnataka,bengaluru urban
Karnataka,BENGALURU URBAN,Urad,2010,Kharif,karnataka,bengaluru urban
Karnataka,BENGALURU URBAN,Cowpea(Lobia),2010,Rabi,karnataka,bengaluru urban
Karnataka,BENGALURU URBAN,Dry chillies,2010,Rabi,karnataka,bengaluru urban
Karnataka,BENGALURU URBAN,Gram,2010,Rabi,karnataka,bengaluru urban
Karnataka,BENGALURU URBAN,Groundnut,2010,Rabi,karnataka,bengaluru urban
Karnataka,BENGALURU URBAN,Horse-gram,2010,Rabi,karnataka,bengaluru urban
Karnataka,BENGALURU URBAN,Maize,2010,Rabi,karnataka,bengaluru urban
Karnataka,BENGALURU URBAN,Other  Rabi pulses,2010,Rabi,karnataka,bengaluru urban
Karnataka,BENGALURU URBAN,Peas & beans (Pulses),2010,Rabi,karnataka,bengaluru urban
Karnataka,BENGALURU URBAN,Potato,2010,Rabi,karnataka,bengaluru urban
Karnataka,BENGALURU URBAN,Ragi,2010,Rabi,karnataka,bengaluru urban
Karnataka,BENGALURU URBAN,Rapeseed &Mustard,2010,Rabi,karnataka,bengaluru urban
Karnataka,BENGALURU URBAN,Dry chillies,2010,Summer,karnataka,bengaluru urban
Karnataka,BENGALURU URBAN,Maize,2010,Summer,karnataka,bengaluru urban
Karnataka,BENGALURU URBAN,Peas & beans (Pulses),2010,Summer,karnataka,bengaluru urban
Karnataka,BENGALURU URBAN,Ragi,2010,Summer,karnataka,bengaluru urban
Karnataka,BENGALURU URBAN,Rice,2010,Summer,karnataka,bengaluru urban
Karnataka,BENGALURU URBAN,Sunflower,2010,Summer,karnataka,bengaluru urban
Karnataka,BENGALURU URBAN,Arecanut,2010,Whole Year,karnataka,bengaluru urban
Karnataka,BENGALURU URBAN,Banana,2010,Whole Year,karnataka,bengaluru urban
Karnataka,BENGALURU URBAN,Black pepper,2010,Whole Year,karnataka,bengaluru urban
Karnataka,BENGALURU URBAN,Coconut,2010,Whole Year,karnataka,bengaluru urban
Karnataka,BENGALURU URBAN,Coriander,2010,Whole Year,karnataka,bengaluru urban
Karnataka,BENGALURU URBAN,Garlic,2010,Whole Year,karnataka,bengaluru urban
Karnataka,BENGALURU URBAN,Sugarcane,2010,Whole Year,karnataka,bengaluru urban
Karnataka,BIDAR,Arhar/Tur,2010,Kharif,karnataka,bidar
Karnataka,BIDAR,Bajra,2010,Kharif,karnataka,bidar
Karnataka,BIDAR,Cotton(lint),2010,Kharif,karnataka,bidar
Karnataka,BIDAR,Cowpea(Lobia),2010,Kharif,karnataka,bidar
Karnataka,BIDAR,Dry chillies,2010,Kharif,karnataka,bidar
Karnataka,BIDAR,Groundnut,2010,Kharif,karnataka,bidar
Karnataka,BIDAR,Jowar,2010,Kharif,karnataka,bidar
Karnataka,BIDAR,Maize,2010,Kharif,karnataka,bidar
Karnataka,BIDAR,Moong(Green Gram),2010,Kharif,karnataka,bidar
Karnataka,BIDAR,Niger seed,2010,Kharif,karnataka,bidar
Karnataka,BIDAR,Onion,2010,Kharif,karnataka,bidar
Karnataka,BIDAR,Other Kharif pulses,2010,Kharif,karnataka,bidar
Karnataka,BIDAR,Peas & beans (Pulses),2010,Kharif,karnataka,bidar
Karnataka,BIDAR,Potato,2010,Kharif,karnataka,bidar
Karnataka,BIDAR,Rice,2010,Kharif,karnataka,bidar
Karnataka,BIDAR,Sesamum,2010,Kharif,karnataka,bidar
Karnataka,BIDAR,Small millets,2010,Kharif,karnataka,bidar
Karnataka,BIDAR,Soyabean,2010,Kharif,karnataka,bidar
Karnataka,BIDAR,Sunflower,2010,Kharif,karnataka,bidar
Karnataka,BIDAR,Urad,2010,Kharif,karnataka,bidar
Karnataka,BIDAR,Dry chillies,2010,Rabi,karnataka,bidar
Karnataka,BIDAR,Gram,2010,Rabi,karnataka,bidar
Karnataka,BIDAR,Groundnut,2010,Rabi,karnataka,bidar
Karnataka,BIDAR,Jowar,2010,Rabi,karnataka,bidar
Karnataka,BIDAR,Linseed,2010,Rabi,karnataka,bidar
Karnataka,BIDAR,Maize,2010,Rabi,karnataka,bidar
Karnataka,BIDAR,Onion,2010,Rabi,karnataka,bidar
Karnataka,BIDAR,Other  Rabi pulses,2010,Rabi,karnataka,bidar
Karnataka,BIDAR,Peas & beans (Pulses),2010,Rabi,karnataka,bidar
Karnataka,BIDAR,Potato,2010,Rabi,karnataka,bidar
Karnataka,BIDAR,Rapeseed &Mustard,2010,Rabi,karnataka,bidar
Karnataka,BIDAR,Safflower,2010,Rabi,karnataka,bidar
Karnataka,BIDAR,Sunflower,2010,Rabi,karnataka,bidar
Karnataka,BIDAR,Wheat,2010,Rabi,karnataka,bidar
Karnataka,BIDAR,Dry chillies,2010,Summer,karnataka,bidar
Karnataka,BIDAR,Maize,2010,Summer,karnataka,bidar
Karnataka,BIDAR,Onion,2010,Summer,karnataka,bidar
Karnataka,BIDAR,Peas & beans (Pulses),2010,Summer,karnataka,bidar
Karnataka,BIDAR,Potato,2010,Summer,karnataka,bidar
Karnataka,BIDAR,Sunflower,2010,Summer,karnataka,bidar
Karnataka,BIDAR,Banana,2010,Whole Year,karnataka,bidar
Karnataka,BIDAR,Cashewnut,2010,Whole Year,karnataka,bidar
Karnataka,BIDAR,Coconut,2010,Whole Year,karnataka,bidar
Karnataka,BIDAR,Coriander,2010,Whole Year,karnataka,bidar
Karnataka,BIDAR,Dry ginger,2010,Whole Year,karnataka,bidar
Karnataka,BIDAR,Garlic,2010,Whole Year,karnataka,bidar
Karnataka,BIDAR,Mesta,2010,Whole Year,karnataka,bidar
Karnataka,BIDAR,Sannhamp,2010,Whole Year,karnataka,bidar
Karnataka,BIDAR,Sugarcane,2010,Whole Year,karnataka,bidar
Karnataka,BIDAR,Turmeric,2010,Whole Year,karnataka,bidar
Karnataka,BIJAPUR,Arhar/Tur,2010,Kharif,karnataka,bijapur
Karnataka,BIJAPUR,Bajra,2010,Kharif,karnataka,bijapur
Karnataka,BIJAPUR,Castor seed,2010,Kharif,karnataka,bijapur
Karnataka,BIJAPUR,Cotton(lint),2010,Kharif,karnataka,bijapur
Karnataka,BIJAPUR,Cowpea(Lobia),2010,Kharif,karnataka,bijapur
Karnataka,BIJAPUR,Dry chillies,2010,Kharif,karnataka,bijapur
Karnataka,BIJAPUR,Groundnut,2010,Kharif,karnataka,bijapur
Karnataka,BIJAPUR,Horse-gram,2010,Kharif,karnataka,bijapur
Karnataka,BIJAPUR,Maize,2010,Kharif,karnataka,bijapur
Karnataka,BIJAPUR,Moong(Green Gram),2010,Kharif,karnataka,bijapur
Karnataka,BIJAPUR,Niger seed,2010,Kharif,karnataka,bijapur
Karnataka,BIJAPUR,Onion,2010,Kharif,karnataka,bijapur
Karnataka,BIJAPUR,Other Kharif pulses,2010,Kharif,karnataka,bijapur
Karnataka,BIJAPUR,Peas & beans (Pulses),2010,Kharif,karnataka,bijapur
Karnataka,BIJAPUR,Rice,2010,Kharif,karnataka,bijapur
Karnataka,BIJAPUR,Sesamum,2010,Kharif,karnataka,bijapur
Karnataka,BIJAPUR,Sunflower,2010,Kharif,karnataka,bijapur
Karnataka,BIJAPUR,Urad,2010,Kharif,karnataka,bijapur
Karnataka,BIJAPUR,Cotton(lint),2010,Rabi,karnataka,bijapur
Karnataka,BIJAPUR,Cowpea(Lobia),2010,Rabi,karnataka,bijapur
Karnataka,BIJAPUR,Dry chillies,2010,Rabi,karnataka,bijapur
Karnataka,BIJAPUR,Gram,2010,Rabi,karnataka,bijapur
Karnataka,BIJAPUR,Groundnut,2010,Rabi,karnataka,bijapur
Karnataka,BIJAPUR,Horse-gram,2010,Rabi,karnataka,bijapur
Karnataka,BIJAPUR,Jowar,2010,Rabi,karnataka,bijapur
Karnataka,BIJAPUR,Linseed,2010,Rabi,karnataka,bijapur
Karnataka,BIJAPUR,Maize,2010,Rabi,karnataka,bijapur
Karnataka,BIJAPUR,Onion,2010,Rabi,karnataka,bijapur
Karnataka,BIJAPUR,Other  Rabi pulses,2010,Rabi,karnataka,bijapur
Karnataka,BIJAPUR,Safflower,2010,Rabi,karnataka,bijapur
Karnataka,BIJAPUR,Sunflower,2010,Rabi,karnataka,bijapur
Karnataka,BIJAPUR,Wheat,2010,Rabi,karnataka,bijapur
Karnataka,BIJAPUR,Dry chillies,2010,Summer,karnataka,bijapur
Karnataka,BIJAPUR,Maize,2010,Summer,karnataka,bijapur
Karnataka,BIJAPUR,Onion,2010,Summer,karnataka,bijapur
Karnataka,BIJAPUR,Sunflower,2010,Summer,karnataka,bijapur
Karnataka,BIJAPUR,Banana,2010,Whole Year,karnataka,bijapur
Karnataka,BIJAPUR,Coconut,2010,Whole Year,karnataka,bijapur
Karnataka,BIJAPUR,Coriander,2010,Whole Year,karnataka,bijapur
Karnataka,BIJAPUR,Garlic,2010,Whole Year,karnataka,bijapur
Karnataka,BIJAPUR,Sugarcane,2010,Whole Year,karnataka,bijapur
Karnataka,BIJAPUR,Sweet potato,2010,Whole Year,karnataka,bijapur
Karnataka,BIJAPUR,Turmeric,2010,Whole Year,karnataka,bijapur
Karnataka,CHAMARAJANAGAR,Arhar/Tur,2010,Kharif,karnataka,chamarajanagar
Karnataka,CHAMARAJANAGAR,Bajra,2010,Kharif,karnataka,chamarajanagar
Karnataka,CHAMARAJANAGAR,Castor seed,2010,Kharif,karnataka,chamarajanagar
Karnataka,CHAMARAJANAGAR,Cotton(lint),2010,Kharif,karnataka,chamarajanagar
Karnataka,CHAMARAJANAGAR,Cowpea(Lobia),2010,Kharif,karnataka,chamarajanagar
Karnataka,CHAMARAJANAGAR,Dry chillies,2010,Kharif,karnataka,chamarajanagar
Karnataka,CHAMARAJANAGAR,Groundnut,2010,Kharif,karnataka,chamarajanagar
Karnataka,CHAMARAJANAGAR,Horse-gram,2010,Kharif,karnataka,chamarajanagar
Karnataka,CHAMARAJANAGAR,Jowar,2010,Kharif,karnataka,chamarajanagar
Karnataka,CHAMARAJANAGAR,Maize,2010,Kharif,karnataka,chamarajanagar
Karnataka,CHAMARAJANAGAR,Moong(Green Gram),2010,Kharif,karnataka,chamarajanagar
Karnataka,CHAMARAJANAGAR,Niger seed,2010,Kharif,karnataka,chamarajanagar
Karnataka,CHAMARAJANAGAR,Onion,2010,Kharif,karnataka,chamarajanagar
Karnataka,CHAMARAJANAGAR,Other Kharif pulses,2010,Kharif,karnataka,chamarajanagar
Karnataka,CHAMARAJANAGAR,Peas & beans (Pulses),2010,Kharif,karnataka,chamarajanagar
Karnataka,CHAMARAJANAGAR,Potato,2010,Kharif,karnataka,chamarajanagar
Karnataka,CHAMARAJANAGAR,Ragi,2010,Kharif,karnataka,chamarajanagar
Karnataka,CHAMARAJANAGAR,Rice,2010,Kharif,karnataka,chamarajanagar
Karnataka,CHAMARAJANAGAR,Sesamum,2010,Kharif,karnataka,chamarajanagar
Karnataka,CHAMARAJANAGAR,Small millets,2010,Kharif,karnataka,chamarajanagar
Karnataka,CHAMARAJANAGAR,Sunflower,2010,Kharif,karnataka,chamarajanagar
Karnataka,CHAMARAJANAGAR,Urad,2010,Kharif,karnataka,chamarajanagar
Karnataka,CHAMARAJANAGAR,Cotton(lint),2010,Rabi,karnataka,chamarajanagar
Karnataka,CHAMARAJANAGAR,Cowpea(Lobia),2010,Rabi,karnataka,chamarajanagar
Karnataka,CHAMARAJANAGAR,Dry chillies,2010,Rabi,karnataka,chamarajanagar
Karnataka,CHAMARAJANAGAR,Gram,2010,Rabi,karnataka,chamarajanagar
Karnataka,CHAMARAJANAGAR,Groundnut,2010,Rabi,karnataka,chamarajanagar
Karnataka,CHAMARAJANAGAR,Horse-gram,2010,Rabi,karnataka,chamarajanagar
Karnataka,CHAMARAJANAGAR,Maize,2010,Rabi,karnataka,chamarajanagar
Karnataka,CHAMARAJANAGAR,Moong(Green Gram),2010,Rabi,karnataka,chamarajanagar
Karnataka,CHAMARAJANAGAR,Onion,2010,Rabi,karnataka,chamarajanagar
Karnataka,CHAMARAJANAGAR,Other  Rabi pulses,2010,Rabi,karnataka,chamarajanagar
Karnataka,CHAMARAJANAGAR,Peas & beans (Pulses),2010,Rabi,karnataka,chamarajanagar
Karnataka,CHAMARAJANAGAR,Ragi,2010,Rabi,karnataka,chamarajanagar
Karnataka,CHAMARAJANAGAR,Rice,2010,Rabi,karnataka,chamarajanagar
Karnataka,CHAMARAJANAGAR,Sunflower,2010,Rabi,karnataka,chamarajanagar
Karnataka,CHAMARAJANAGAR,Urad,2010,Rabi,karnataka,chamarajanagar
Karnataka,CHAMARAJANAGAR,Dry chillies,2010,Summer,karnataka,chamarajanagar
Karnataka,CHAMARAJANAGAR,Maize,2010,Summer,karnataka,chamarajanagar
Karnataka,CHAMARAJANAGAR,Onion,2010,Summer,karnataka,chamarajanagar
Karnataka,CHAMARAJANAGAR,Peas & beans (Pulses),2010,Summer,karnataka,chamarajanagar
Karnataka,CHAMARAJANAGAR,Ragi,2010,Summer,karnataka,chamarajanagar
Karnataka,CHAMARAJANAGAR,Rice,2010,Summer,karnataka,chamarajanagar
Karnataka,CHAMARAJANAGAR,Sunflower,2010,Summer,karnataka,chamarajanagar
Karnataka,CHAMARAJANAGAR,Arecanut,2010,Whole Year,karnataka,chamarajanagar
Karnataka,CHAMARAJANAGAR,Banana,2010,Whole Year,karnataka,chamarajanagar
Karnataka,CHAMARAJANAGAR,Black pepper,2010,Whole Year,karnataka,chamarajanagar
Karnataka,CHAMARAJANAGAR,Cashewnut,2010,Whole Year,karnataka,chamarajanagar
Karnataka,CHAMARAJANAGAR,Coconut,2010,Whole Year,karnataka,chamarajanagar
Karnataka,CHAMARAJANAGAR,Coriander,2010,Whole Year,karnataka,chamarajanagar
Karnataka,CHAMARAJANAGAR,Dry ginger,2010,Whole Year,karnataka,chamarajanagar
Karnataka,CHAMARAJANAGAR,Garlic,2010,Whole Year,karnataka,chamarajanagar
Karnataka,CHAMARAJANAGAR,Sugarcane,2010,Whole Year,karnataka,chamarajanagar
Karnataka,CHAMARAJANAGAR,Tobacco,2010,Whole Year,karnataka,chamarajanagar
Karnataka,CHAMARAJANAGAR,Turmeric,2010,Whole Year,karnataka,chamarajanagar
Karnataka,CHIKBALLAPUR,Arhar/Tur,2010,Kharif,karnataka,chikballapur
Karnataka,CHIKBALLAPUR,Bajra,2010,Kharif,karnataka,chikballapur
Karnataka,CHIKBALLAPUR,Castor seed,2010,Kharif,karnataka,chikballapur
Karnataka,CHIKBALLAPUR,Cotton(lint),2010,Kharif,karnataka,chikballapur
Karnataka,CHIKBALLAPUR,Cowpea(Lobia),2010,Kharif,karnataka,chikballapur
Karnataka,CHIKBALLAPUR,Dry chillies,2010,Kharif,karnataka,chikballapur
Karnataka,CHIKBALLAPUR,Groundnut,2010,Kharif,karnataka,chikballapur
Karnataka,CHIKBALLAPUR,Horse-gram,2010,Kharif,karnataka,chikballapur
Karnataka,CHIKBALLAPUR,Jowar,2010,Kharif,karnataka,chikballapur
Karnataka,CHIKBALLAPUR,Maize,2010,Kharif,karnataka,chikballapur
Karnataka,CHIKBALLAPUR,Niger seed,2010,Kharif,karnataka,chikballapur
Karnataka,CHIKBALLAPUR,Onion,2010,Kharif,karnataka,chikballapur
Karnataka,CHIKBALLAPUR,Other Kharif pulses,2010,Kharif,karnataka,chikballapur
Karnataka,CHIKBALLAPUR,Peas & beans (Pulses),2010,Kharif,karnataka,chikballapur
Karnataka,CHIKBALLAPUR,Potato,2010,Kharif,karnataka,chikballapur
Karnataka,CHIKBALLAPUR,Ragi,2010,Kharif,karnataka,chikballapur
Karnataka,CHIKBALLAPUR,Rice,2010,Kharif,karnataka,chikballapur
Karnataka,CHIKBALLAPUR,Small millets,2010,Kharif,karnataka,chikballapur
Karnataka,CHIKBALLAPUR,Sunflower,2010,Kharif,karnataka,chikballapur
Karnataka,CHIKBALLAPUR,Cotton(lint),2010,Rabi,karnataka,chikballapur
Karnataka,CHIKBALLAPUR,Cowpea(Lobia),2010,Rabi,karnataka,chikballapur
Karnataka,CHIKBALLAPUR,Dry chillies,2010,Rabi,karnataka,chikballapur
Karnataka,CHIKBALLAPUR,Gram,2010,Rabi,karnataka,chikballapur
Karnataka,CHIKBALLAPUR,Groundnut,2010,Rabi,karnataka,chikballapur
Karnataka,CHIKBALLAPUR,Horse-gram,2010,Rabi,karnataka,chikballapur
Karnataka,CHIKBALLAPUR,Maize,2010,Rabi,karnataka,chikballapur
Karnataka,CHIKBALLAPUR,Onion,2010,Rabi,karnataka,chikballapur
Karnataka,CHIKBALLAPUR,Peas & beans (Pulses),2010,Rabi,karnataka,chikballapur
Karnataka,CHIKBALLAPUR,Potato,2010,Rabi,karnataka,chikballapur
Karnataka,CHIKBALLAPUR,Ragi,2010,Rabi,karnataka,chikballapur
Karnataka,CHIKBALLAPUR,Rapeseed &Mustard,2010,Rabi,karnataka,chikballapur
Karnataka,CHIKBALLAPUR,Rice,2010,Rabi,karnataka,chikballapur
Karnataka,CHIKBALLAPUR,Sunflower,2010,Rabi,karnataka,chikballapur
Karnataka,CHIKBALLAPUR,Maize,2010,Summer,karnataka,chikballapur
Karnataka,CHIKBALLAPUR,Onion,2010,Summer,karnataka,chikballapur
Karnataka,CHIKBALLAPUR,Peas & beans (Pulses),2010,Summer,karnataka,chikballapur
Karnataka,CHIKBALLAPUR,Potato,2010,Summer,karnataka,chikballapur
Karnataka,CHIKBALLAPUR,Ragi,2010,Summer,karnataka,chikballapur
Karnataka,CHIKBALLAPUR,Rice,2010,Summer,karnataka,chikballapur
Karnataka,CHIKBALLAPUR,Sunflower,2010,Summer,karnataka,chikballapur
Karnataka,CHIKBALLAPUR,Arecanut,2010,Whole Year,karnataka,chikballapur
Karnataka,CHIKBALLAPUR,Banana,2010,Whole Year,karnataka,chikballapur
Karnataka,CHIKBALLAPUR,Cashewnut,2010,Whole Year,karnataka,chikballapur
Karnataka,CHIKBALLAPUR,Coconut,2010,Whole Year,karnataka,chikballapur
Karnataka,CHIKBALLAPUR,Coriander,2010,Whole Year,karnataka,chikballapur
Karnataka,CHIKBALLAPUR,Dry ginger,2010,Whole Year,karnataka,chikballapur
Karnataka,CHIKBALLAPUR,Garlic,2010,Whole Year,karnataka,chikballapur
Karnataka,CHIKBALLAPUR,Sugarcane,2010,Whole Year,karnataka,chikballapur
Karnataka,CHIKBALLAPUR,Sweet potato,2010,Whole Year,karnataka,chikballapur
Karnataka,CHIKMAGALUR,Arhar/Tur,2010,Kharif,karnataka,chikmagalur
Karnataka,CHIKMAGALUR,Castor seed,2010,Kharif,karnataka,chikmagalur
Karnataka,CHIKMAGALUR,Cotton(lint),2010,Kharif,karnataka,chikmagalur
Karnataka,CHIKMAGALUR,Cowpea(Lobia),2010,Kharif,karnataka,chikmagalur
Karnataka,CHIKMAGALUR,Dry chillies,2010,Kharif,karnataka,chikmagalur
Karnataka,CHIKMAGALUR,Groundnut,2010,Kharif,karnataka,chikmagalur
Karnataka,CHIKMAGALUR,Horse-gram,2010,Kharif,karnataka,chikmagalur
Karnataka,CHIKMAGALUR,Jowar,2010,Kharif,karnataka,chikmagalur
Karnataka,CHIKMAGALUR,Maize,2010,Kharif,karnataka,chikmagalur
Karnataka,CHIKMAGALUR,Moong(Green Gram),2010,Kharif,karnataka,chikmagalur
Karnataka,CHIKMAGALUR,Niger seed,2010,Kharif,karnataka,chikmagalur
Karnataka,CHIKMAGALUR,Onion,2010,Kharif,karnataka,chikmagalur
Karnataka,CHIKMAGALUR,Other Kharif pulses,2010,Kharif,karnataka,chikmagalur
Karnataka,CHIKMAGALUR,Peas & beans (Pulses),2010,Kharif,karnataka,chikmagalur
Karnataka,CHIKMAGALUR,Potato,2010,Kharif,karnataka,chikmagalur
Karnataka,CHIKMAGALUR,Ragi,2010,Kharif,karnataka,chikmagalur
Karnataka,CHIKMAGALUR,Rice,2010,Kharif,karnataka,chikmagalur
Karnataka,CHIKMAGALUR,Sesamum,2010,Kharif,karnataka,chikmagalur
Karnataka,CHIKMAGALUR,Small millets,2010,Kharif,karnataka,chikmagalur
Karnataka,CHIKMAGALUR,Sunflower,2010,Kharif,karnataka,chikmagalur
Karnataka,CHIKMAGALUR,Urad,2010,Kharif,karnataka,chikmagalur
Karnataka,CHIKMAGALUR,Cowpea(Lobia),2010,Rabi,karnataka,chikmagalur
Karnataka,CHIKMAGALUR,Dry chillies,2010,Rabi,karnataka,chikmagalur
Karnataka,CHIKMAGALUR,Gram,2010,Rabi,karnataka,chikmagalur
Karnataka,CHIKMAGALUR,Groundnut,2010,Rabi,karnataka,chikmagalur
Karnataka,CHIKMAGALUR,Horse-gram,2010,Rabi,karnataka,chikmagalur
Karnataka,CHIKMAGALUR,Jowar,2010,Rabi,karnataka,chikmagalur
Karnataka,CHIKMAGALUR,Moong(Green Gram),2010,Rabi,karnataka,chikmagalur
Karnataka,CHIKMAGALUR,Peas & beans (Pulses),2010,Rabi,karnataka,chikmagalur
Karnataka,CHIKMAGALUR,Potato,2010,Rabi,karnataka,chikmagalur
Karnataka,CHIKMAGALUR,Rapeseed &Mustard,2010,Rabi,karnataka,chikmagalur
Karnataka,CHIKMAGALUR,Safflower,2010,Rabi,karnataka,chikmagalur
Karnataka,CHIKMAGALUR,Sunflower,2010,Rabi,karnataka,chikmagalur
Karnataka,CHIKMAGALUR,Urad,2010,Rabi,karnataka,chikmagalur
Karnataka,CHIKMAGALUR,Wheat,2010,Rabi,karnataka,chikmagalur
Karnataka,CHIKMAGALUR,Onion,2010,Summer,karnataka,chikmagalur
Karnataka,CHIKMAGALUR,Peas & beans (Pulses),2010,Summer,karnataka,chikmagalur
Karnataka,CHIKMAGALUR,Rice,2010,Summer,karnataka,chikmagalur
Karnataka,CHIKMAGALUR,Arecanut,2010,Whole Year,karnataka,chikmagalur
Karnataka,CHIKMAGALUR,Banana,2010,Whole Year,karnataka,chikmagalur
Karnataka,CHIKMAGALUR,Black pepper,2010,Whole Year,karnataka,chikmagalur
Karnataka,CHIKMAGALUR,Cardamom,2010,Whole Year,karnataka,chikmagalur
Karnataka,CHIKMAGALUR,Cashewnut,2010,Whole Year,karnataka,chikmagalur
Karnataka,CHIKMAGALUR,Coconut,2010,Whole Year,karnataka,chikmagalur
Karnataka,CHIKMAGALUR,Coriander,2010,Whole Year,karnataka,chikmagalur
Karnataka,CHIKMAGALUR,Dry ginger,2010,Whole Year,karnataka,chikmagalur
Karnataka,CHIKMAGALUR,Sugarcane,2010,Whole Year,karnataka,chikmagalur
Karnataka,CHIKMAGALUR,Sweet potato,2010,Whole Year,karnataka,chikmagalur
Karnataka,CHIKMAGALUR,Tapioca,2010,Whole Year,karnataka,chikmagalur
Karnataka,CHIKMAGALUR,Tobacco,2010,Whole Year,karnataka,chikmagalur
Karnataka,CHIKMAGALUR,Turmeric,2010,Whole Year,karnataka,chikmagalur
Karnataka,CHITRADURGA,Arhar/Tur,2010,Kharif,karnataka,chitradurga
Karnataka,CHITRADURGA,Bajra,2010,Kharif,karnataka,chitradurga
Karnataka,CHITRADURGA,Castor seed,2010,Kharif,karnataka,chitradurga
Karnataka,CHITRADURGA,Cotton(lint),2010,Kharif,karnataka,chitradurga
Karnataka,CHITRADURGA,Cowpea(Lobia),2010,Kharif,karnataka,chitradurga
Karnataka,CHITRADURGA,Dry chillies,2010,Kharif,karnataka,chitradurga
Karnataka,CHITRADURGA,Groundnut,2010,Kharif,karnataka,chitradurga
Karnataka,CHITRADURGA,Horse-gram,2010,Kharif,karnataka,chitradurga
Karnataka,CHITRADURGA,Jowar,2010,Kharif,karnataka,chitradurga
Karnataka,CHITRADURGA,Maize,2010,Kharif,karnataka,chitradurga
Karnataka,CHITRADURGA,Moong(Green Gram),2010,Kharif,karnataka,chitradurga
Karnataka,CHITRADURGA,Niger seed,2010,Kharif,karnataka,chitradurga
Karnataka,CHITRADURGA,Onion,2010,Kharif,karnataka,chitradurga
Karnataka,CHITRADURGA,Other Kharif pulses,2010,Kharif,karnataka,chitradurga
Karnataka,CHITRADURGA,Peas & beans (Pulses),2010,Kharif,karnataka,chitradurga
Karnataka,CHITRADURGA,Potato,2010,Kharif,karnataka,chitradurga
Karnataka,CHITRADURGA,Ragi,2010,Kharif,karnataka,chitradurga
Karnataka,CHITRADURGA,Rice,2010,Kharif,karnataka,chitradurga
Karnataka,CHITRADURGA,Sesamum,2010,Kharif,karnataka,chitradurga
Karnataka,CHITRADURGA,Small millets,2010,Kharif,karnataka,chitradurga
Karnataka,CHITRADURGA,Sunflower,2010,Kharif,karnataka,chitradurga
Karnataka,CHITRADURGA,Urad,2010,Kharif,karnataka,chitradurga
Karnataka,CHITRADURGA,Cotton(lint),2010,Rabi,karnataka,chitradurga
Karnataka,CHITRADURGA,Cowpea(Lobia),2010,Rabi,karnataka,chitradurga
Karnataka,CHITRADURGA,Dry chillies,2010,Rabi,karnataka,chitradurga
Karnataka,CHITRADURGA,Gram,2010,Rabi,karnataka,chitradurga
Karnataka,CHITRADURGA,Groundnut,2010,Rabi,karnataka,chitradurga
Karnataka,CHITRADURGA,Horse-gram,2010,Rabi,karnataka,chitradurga
Karnataka,CHITRADURGA,Jowar,2010,Rabi,karnataka,chitradurga
Karnataka,CHITRADURGA,Maize,2010,Rabi,karnataka,chitradurga
Karnataka,CHITRADURGA,Onion,2010,Rabi,karnataka,chitradurga
Karnataka,CHITRADURGA,Other  Rabi pulses,2010,Rabi,karnataka,chitradurga
Karnataka,CHITRADURGA,Peas & beans (Pulses),2010,Rabi,karnataka,chitradurga
Karnataka,CHITRADURGA,Ragi,2010,Rabi,karnataka,chitradurga
Karnataka,CHITRADURGA,Rapeseed &Mustard,2010,Rabi,karnataka,chitradurga
Karnataka,CHITRADURGA,Rice,2010,Rabi,karnataka,chitradurga
Karnataka,CHITRADURGA,Safflower,2010,Rabi,karnataka,chitradurga
Karnataka,CHITRADURGA,Sunflower,2010,Rabi,karnataka,chitradurga
Karnataka,CHITRADURGA,Wheat,2010,Rabi,karnataka,chitradurga
Karnataka,CHITRADURGA,Dry chillies,2010,Summer,karnataka,chitradurga
Karnataka,CHITRADURGA,Jowar,2010,Summer,karnataka,chitradurga
Karnataka,CHITRADURGA,Maize,2010,Summer,karnataka,chitradurga
Karnataka,CHITRADURGA,Onion,2010,Summer,karnataka,chitradurga
Karnataka,CHITRADURGA,Ragi,2010,Summer,karnataka,chitradurga
Karnataka,CHITRADURGA,Rice,2010,Summer,karnataka,chitradurga
Karnataka,CHITRADURGA,Sunflower,2010,Summer,karnataka,chitradurga
Karnataka,CHITRADURGA,Arecanut,2010,Whole Year,karnataka,chitradurga
Karnataka,CHITRADURGA,Banana,2010,Whole Year,karnataka,chitradurga
Karnataka,CHITRADURGA,Cashewnut,2010,Whole Year,karnataka,chitradurga
Karnataka,CHITRADURGA,Coconut,2010,Whole Year,karnataka,chitradurga
Karnataka,CHITRADURGA,Coriander,2010,Whole Year,karnataka,chitradurga
Karnataka,CHITRADURGA,Sugarcane,2010,Whole Year,karnataka,chitradurga
Karnataka,CHITRADURGA,Tobacco,2010,Whole Year,karnataka,chitradurga
Karnataka,DAKSHIN KANNAD,Dry chillies,2010,Kharif,karnataka,dakshin kannad
Karnataka,DAKSHIN KANNAD,Rice,2010,Kharif,karnataka,dakshin kannad
Karnataka,DAKSHIN KANNAD,Sesamum,2010,Kharif,karnataka,dakshin kannad
Karnataka,DAKSHIN KANNAD,Cowpea(Lobia),2010,Rabi,karnataka,dakshin kannad
Karnataka,DAKSHIN KANNAD,Dry chillies,2010,Rabi,karnataka,dakshin kannad
Karnataka,DAKSHIN KANNAD,Horse-gram,2010,Rabi,karnataka,dakshin kannad
Karnataka,DAKSHIN KANNAD,Moong(Green Gram),2010,Rabi,karnataka,dakshin kannad
Karnataka,DAKSHIN KANNAD,Rice,2010,Rabi,karnataka,dakshin kannad
Karnataka,DAKSHIN KANNAD,Urad,2010,Rabi,karnataka,dakshin kannad
Karnataka,DAKSHIN KANNAD,Maize,2010,Summer,karnataka,dakshin kannad
Karnataka,DAKSHIN KANNAD,Rice,2010,Summer,karnataka,dakshin kannad
Karnataka,DAKSHIN KANNAD,Arecanut,2010,Whole Year,karnataka,dakshin kannad
Karnataka,DAKSHIN KANNAD,Banana,2010,Whole Year,karnataka,dakshin kannad
Karnataka,DAKSHIN KANNAD,Black pepper,2010,Whole Year,karnataka,dakshin kannad
Karnataka,DAKSHIN KANNAD,Cardamom,2010,Whole Year,karnataka,dakshin kannad
Karnataka,DAKSHIN KANNAD,Cashewnut,2010,Whole Year,karnataka,dakshin kannad
Karnataka,DAKSHIN KANNAD,Coconut,2010,Whole Year,karnataka,dakshin kannad
Karnataka,DAKSHIN KANNAD,Dry ginger,2010,Whole Year,karnataka,dakshin kannad
Karnataka,DAKSHIN KANNAD,Sugarcane,2010,Whole Year,karnataka,dakshin kannad
Karnataka,DAKSHIN KANNAD,Sweet potato,2010,Whole Year,karnataka,dakshin kannad
Karnataka,DAKSHIN KANNAD,Tapioca,2010,Whole Year,karnataka,dakshin kannad
Karnataka,DAKSHIN KANNAD,Turmeric,2010,Whole Year,karnataka,dakshin kannad
Karnataka,DAVANGERE,Arhar/Tur,2010,Kharif,karnataka,davangere
Karnataka,DAVANGERE,Bajra,2010,Kharif,karnataka,davangere
Karnataka,DAVANGERE,Castor seed,2010,Kharif,karnataka,davangere
Karnataka,DAVANGERE,Cotton(lint),2010,Kharif,karnataka,davangere
Karnataka,DAVANGERE,Cowpea(Lobia),2010,Kharif,karnataka,davangere
Karnataka,DAVANGERE,Dry chillies,2010,Kharif,karnataka,davangere
Karnataka,DAVANGERE,Groundnut,2010,Kharif,karnataka,davangere
Karnataka,DAVANGERE,Horse-gram,2010,Kharif,karnataka,davangere
Karnataka,DAVANGERE,Jowar,2010,Kharif,karnataka,davangere
Karnataka,DAVANGERE,Maize,2010,Kharif,karnataka,davangere
Karnataka,DAVANGERE,Moong(Green Gram),2010,Kharif,karnataka,davangere
Karnataka,DAVANGERE,Niger seed,2010,Kharif,karnataka,davangere
Karnataka,DAVANGERE,Onion,2010,Kharif,karnataka,davangere
Karnataka,DAVANGERE,Other Kharif pulses,2010,Kharif,karnataka,davangere
Karnataka,DAVANGERE,Peas & beans (Pulses),2010,Kharif,karnataka,davangere
Karnataka,DAVANGERE,Potato,2010,Kharif,karnataka,davangere
Karnataka,DAVANGERE,Ragi,2010,Kharif,karnataka,davangere
Karnataka,DAVANGERE,Rice,2010,Kharif,karnataka,davangere
Karnataka,DAVANGERE,Sesamum,2010,Kharif,karnataka,davangere
Karnataka,DAVANGERE,Small millets,2010,Kharif,karnataka,davangere
Karnataka,DAVANGERE,Sunflower,2010,Kharif,karnataka,davangere
Karnataka,DAVANGERE,Urad,2010,Kharif,karnataka,davangere
Karnataka,DAVANGERE,Cotton(lint),2010,Rabi,karnataka,davangere
Karnataka,DAVANGERE,Cowpea(Lobia),2010,Rabi,karnataka,davangere
Karnataka,DAVANGERE,Dry chillies,2010,Rabi,karnataka,davangere
Karnataka,DAVANGERE,Gram,2010,Rabi,karnataka,davangere
Karnataka,DAVANGERE,Groundnut,2010,Rabi,karnataka,davangere
Karnataka,DAVANGERE,Horse-gram,2010,Rabi,karnataka,davangere
Karnataka,DAVANGERE,Jowar,2010,Rabi,karnataka,davangere
Karnataka,DAVANGERE,Maize,2010,Rabi,karnataka,davangere
Karnataka,DAVANGERE,Moong(Green Gram),2010,Rabi,karnataka,davangere
Karnataka,DAVANGERE,Onion,2010,Rabi,karnataka,davangere
Karnataka,DAVANGERE,Other  Rabi pulses,2010,Rabi,karnataka,davangere
Karnataka,DAVANGERE,Peas & beans (Pulses),2010,Rabi,karnataka,davangere
Karnataka,DAVANGERE,Ragi,2010,Rabi,karnataka,davangere
Karnataka,DAVANGERE,Rapeseed &Mustard,2010,Rabi,karnataka,davangere
Karnataka,DAVANGERE,Safflower,2010,Rabi,karnataka,davangere
Karnataka,DAVANGERE,Sunflower,2010,Rabi,karnataka,davangere
Karnataka,DAVANGERE,Wheat,2010,Rabi,karnataka,davangere
Karnataka,DAVANGERE,Dry chillies,2010,Summer,karnataka,davangere
Karnataka,DAVANGERE,Jowar,2010,Summer,karnataka,davangere
Karnataka,DAVANGERE,Maize,2010,Summer,karnataka,davangere
Karnataka,DAVANGERE,Onion,2010,Summer,karnataka,davangere
Karnataka,DAVANGERE,Ragi,2010,Summer,karnataka,davangere
Karnataka,DAVANGERE,Rice,2010,Summer,karnataka,davangere
Karnataka,DAVANGERE,Sunflower,2010,Summer,karnataka,davangere
Karnataka,DAVANGERE,Arecanut,2010,Whole Year,karnataka,davangere
Karnataka,DAVANGERE,Banana,2010,Whole Year,karnataka,davangere
Karnataka,DAVANGERE,Black pepper,2010,Whole Year,karnataka,davangere
Karnataka,DAVANGERE,Cashewnut,2010,Whole Year,karnataka,davangere
Karnataka,DAVANGERE,Coconut,2010,Whole Year,karnataka,davangere
Karnataka,DAVANGERE,Coriander,2010,Whole Year,karnataka,davangere
Karnataka,DAVANGERE,Dry ginger,2010,Whole Year,karnataka,davangere
Karnataka,DAVANGERE,Sugarcane,2010,Whole Year,karnataka,davangere
Karnataka,DAVANGERE,Tobacco,2010,Whole Year,karnataka,davangere
Karnataka,DHARWAD,Arhar/Tur,2010,Kharif,karnataka,dharwad
Karnataka,DHARWAD,Cotton(lint),2010,Kharif,karnataka,dharwad
Karnataka,DHARWAD,Cowpea(Lobia),2010,Kharif,karnataka,dharwad
Karnataka,DHARWAD,Dry chillies,2010,Kharif,karnataka,dharwad
Karnataka,DHARWAD,Groundnut,2010,Kharif,karnataka,dharwad
Karnataka,DHARWAD,Horse-gram,2010,Kharif,karnataka,dharwad
Karnataka,DHARWAD,Jowar,2010,Kharif,karnataka,dharwad
Karnataka,DHARWAD,Maize,2010,Kharif,karnataka,dharwad
Karnataka,DHARWAD,Moong(Green Gram),2010,Kharif,karnataka,dharwad
Karnataka,DHARWAD,Niger seed,2010,Kharif,karnataka,dharwad
Karnataka,DHARWAD,Onion,2010,Kharif,karnataka,dharwad
Karnataka,DHARWAD,Other Kharif pulses,2010,Kharif,karnataka,dharwad
Karnataka,DHARWAD,Peas & beans (Pulses),2010,Kharif,karnataka,dharwad
Karnataka,DHARWAD,Potato,2010,Kharif,karnataka,dharwad
Karnataka,DHARWAD,Ragi,2010,Kharif,karnataka,dharwad
Karnataka,DHARWAD,Rice,2010,Kharif,karnataka,dharwad
Karnataka,DHARWAD,Sesamum,2010,Kharif,karnataka,dharwad
Karnataka,DHARWAD,Small millets,2010,Kharif,karnataka,dharwad
Karnataka,DHARWAD,Soyabean,2010,Kharif,karnataka,dharwad
Karnataka,DHARWAD,Sunflower,2010,Kharif,karnataka,dharwad
Karnataka,DHARWAD,Urad,2010,Kharif,karnataka,dharwad
Karnataka,DHARWAD,Cotton(lint),2010,Rabi,karnataka,dharwad
Karnataka,DHARWAD,Cowpea(Lobia),2010,Rabi,karnataka,dharwad
Karnataka,DHARWAD,Dry chillies,2010,Rabi,karnataka,dharwad
Karnataka,DHARWAD,Gram,2010,Rabi,karnataka,dharwad
Karnataka,DHARWAD,Groundnut,2010,Rabi,karnataka,dharwad
Karnataka,DHARWAD,Horse-gram,2010,Rabi,karnataka,dharwad
Karnataka,DHARWAD,Jowar,2010,Rabi,karnataka,dharwad
Karnataka,DHARWAD,Linseed,2010,Rabi,karnataka,dharwad
Karnataka,DHARWAD,Maize,2010,Rabi,karnataka,dharwad
Karnataka,DHARWAD,Moong(Green Gram),2010,Rabi,karnataka,dharwad
Karnataka,DHARWAD,Onion,2010,Rabi,karnataka,dharwad
Karnataka,DHARWAD,Other  Rabi pulses,2010,Rabi,karnataka,dharwad
Karnataka,DHARWAD,Potato,2010,Rabi,karnataka,dharwad
Karnataka,DHARWAD,Rapeseed &Mustard,2010,Rabi,karnataka,dharwad
Karnataka,DHARWAD,Safflower,2010,Rabi,karnataka,dharwad
Karnataka,DHARWAD,Sunflower,2010,Rabi,karnataka,dharwad
Karnataka,DHARWAD,Wheat,2010,Rabi,karnataka,dharwad
Karnataka,DHARWAD,Dry chillies,2010,Summer,karnataka,dharwad
Karnataka,DHARWAD,Maize,2010,Summer,karnataka,dharwad
Karnataka,DHARWAD,Onion,2010,Summer,karnataka,dharwad
Karnataka,DHARWAD,Rice,2010,Summer,karnataka,dharwad
Karnataka,DHARWAD,Sunflower,2010,Summer,karnataka,dharwad
Karnataka,DHARWAD,Arecanut,2010,Whole Year,karnataka,dharwad
Karnataka,DHARWAD,Banana,2010,Whole Year,karnataka,dharwad
Karnataka,DHARWAD,Cashewnut,2010,Whole Year,karnataka,dharwad
Karnataka,DHARWAD,Coconut,2010,Whole Year,karnataka,dharwad
Karnataka,DHARWAD,Coriander,2010,Whole Year,karnataka,dharwad
Karnataka,DHARWAD,Garlic,2010,Whole Year,karnataka,dharwad
Karnataka,DHARWAD,Mesta,2010,Whole Year,karnataka,dharwad
Karnataka,DHARWAD,Sugarcane,2010,Whole Year,karnataka,dharwad
Karnataka,DHARWAD,Tobacco,2010,Whole Year,karnataka,dharwad
Karnataka,GADAG,Arhar/Tur,2010,Kharif,karnataka,gadag
Karnataka,GADAG,Bajra,2010,Kharif,karnataka,gadag
Karnataka,GADAG,Castor seed,2010,Kharif,karnataka,gadag
Karnataka,GADAG,Cotton(lint),2010,Kharif,karnataka,gadag
Karnataka,GADAG,Cowpea(Lobia),2010,Kharif,karnataka,gadag
Karnataka,GADAG,Dry chillies,2010,Kharif,karnataka,gadag
Karnataka,GADAG,Groundnut,2010,Kharif,karnataka,gadag
Karnataka,GADAG,Horse-gram,2010,Kharif,karnataka,gadag
Karnataka,GADAG,Jowar,2010,Kharif,karnataka,gadag
Karnataka,GADAG,Maize,2010,Kharif,karnataka,gadag
Karnataka,GADAG,Moong(Green Gram),2010,Kharif,karnataka,gadag
Karnataka,GADAG,Niger seed,2010,Kharif,karnataka,gadag
Karnataka,GADAG,Onion,2010,Kharif,karnataka,gadag
Karnataka,GADAG,Other Kharif pulses,2010,Kharif,karnataka,gadag
Karnataka,GADAG,Rice,2010,Kharif,karnataka,gadag
Karnataka,GADAG,Sesamum,2010,Kharif,karnataka,gadag
Karnataka,GADAG,Small millets,2010,Kharif,karnataka,gadag
Karnataka,GADAG,Sunflower,2010,Kharif,karnataka,gadag
Karnataka,GADAG,Urad,2010,Kharif,karnataka,gadag
Karnataka,GADAG,Cotton(lint),2010,Rabi,karnataka,gadag
Karnataka,GADAG,Cowpea(Lobia),2010,Rabi,karnataka,gadag
Karnataka,GADAG,Gram,2010,Rabi,karnataka,gadag
Karnataka,GADAG,Groundnut,2010,Rabi,karnataka,gadag
Karnataka,GADAG,Horse-gram,2010,Rabi,karnataka,gadag
Karnataka,GADAG,Jowar,2010,Rabi,karnataka,gadag
Karnataka,GADAG,Linseed,2010,Rabi,karnataka,gadag
Karnataka,GADAG,Maize,2010,Rabi,karnataka,gadag
Karnataka,GADAG,Onion,2010,Rabi,karnataka,gadag
Karnataka,GADAG,Rapeseed &Mustard,2010,Rabi,karnataka,gadag
Karnataka,GADAG,Safflower,2010,Rabi,karnataka,gadag
Karnataka,GADAG,Sunflower,2010,Rabi,karnataka,gadag
Karnataka,GADAG,Wheat,2010,Rabi,karnataka,gadag
Karnataka,GADAG,Dry chillies,2010,Summer,karnataka,gadag
Karnataka,GADAG,Maize,2010,Summer,karnataka,gadag
Karnataka,GADAG,Onion,2010,Summer,karnataka,gadag
Karnataka,GADAG,Rice,2010,Summer,karnataka,gadag
Karnataka,GADAG,Sunflower,2010,Summer,karnataka,gadag
Karnataka,GADAG,Arecanut,2010,Whole Year,karnataka,gadag
Karnataka,GADAG,Banana,2010,Whole Year,karnataka,gadag
Karnataka,GADAG,Coconut,2010,Whole Year,karnataka,gadag
Karnataka,GADAG,Coriander,2010,Whole Year,karnataka,gadag
Karnataka,GADAG,Garlic,2010,Whole Year,karnataka,gadag
Karnataka,GADAG,Sugarcane,2010,Whole Year,karnataka,gadag
Karnataka,GADAG,Tobacco,2010,Whole Year,karnataka,gadag
Karnataka,GULBARGA,Arhar/Tur,2010,Kharif,karnataka,gulbarga
Karnataka,GULBARGA,Bajra,2010,Kharif,karnataka,gulbarga
Karnataka,GULBARGA,Castor seed,2010,Kharif,karnataka,gulbarga
Karnataka,GULBARGA,Cotton(lint),2010,Kharif,karnataka,gulbarga
Karnataka,GULBARGA,Cowpea(Lobia),2010,Kharif,karnataka,gulbarga
Karnataka,GULBARGA,Dry chillies,2010,Kharif,karnataka,gulbarga
Karnataka,GULBARGA,Groundnut,2010,Kharif,karnataka,gulbarga
Karnataka,GULBARGA,Horse-gram,2010,Kharif,karnataka,gulbarga
Karnataka,GULBARGA,Jowar,2010,Kharif,karnataka,gulbarga
Karnataka,GULBARGA,Maize,2010,Kharif,karnataka,gulbarga
Karnataka,GULBARGA,Moong(Green Gram),2010,Kharif,karnataka,gulbarga
Karnataka,GULBARGA,Niger seed,2010,Kharif,karnataka,gulbarga
Karnataka,GULBARGA,Onion,2010,Kharif,karnataka,gulbarga
Karnataka,GULBARGA,Other Kharif pulses,2010,Kharif,karnataka,gulbarga
Karnataka,GULBARGA,Potato,2010,Kharif,karnataka,gulbarga
Karnataka,GULBARGA,Rice,2010,Kharif,karnataka,gulbarga
Karnataka,GULBARGA,Sesamum,2010,Kharif,karnataka,gulbarga
Karnataka,GULBARGA,Small millets,2010,Kharif,karnataka,gulbarga
Karnataka,GULBARGA,Soyabean,2010,Kharif,karnataka,gulbarga
Karnataka,GULBARGA,Sunflower,2010,Kharif,karnataka,gulbarga
Karnataka,GULBARGA,Urad,2010,Kharif,karnataka,gulbarga
Karnataka,GULBARGA,Dry chillies,2010,Rabi,karnataka,gulbarga
Karnataka,GULBARGA,Gram,2010,Rabi,karnataka,gulbarga
Karnataka,GULBARGA,Groundnut,2010,Rabi,karnataka,gulbarga
Karnataka,GULBARGA,Horse-gram,2010,Rabi,karnataka,gulbarga
Karnataka,GULBARGA,Jowar,2010,Rabi,karnataka,gulbarga
Karnataka,GULBARGA,Linseed,2010,Rabi,karnataka,gulbarga
Karnataka,GULBARGA,Maize,2010,Rabi,karnataka,gulbarga
Karnataka,GULBARGA,Onion,2010,Rabi,karnataka,gulbarga
Karnataka,GULBARGA,Rapeseed &Mustard,2010,Rabi,karnataka,gulbarga
Karnataka,GULBARGA,Rice,2010,Rabi,karnataka,gulbarga
Karnataka,GULBARGA,Safflower,2010,Rabi,karnataka,gulbarga
Karnataka,GULBARGA,Sunflower,2010,Rabi,karnataka,gulbarga
Karnataka,GULBARGA,Wheat,2010,Rabi,karnataka,gulbarga
Karnataka,GULBARGA,Dry chillies,2010,Summer,karnataka,gulbarga
Karnataka,GULBARGA,Maize,2010,Summer,karnataka,gulbarga
Karnataka,GULBARGA,Onion,2010,Summer,karnataka,gulbarga
Karnataka,GULBARGA,Rice,2010,Summer,karnataka,gulbarga
Karnataka,GULBARGA,Sunflower,2010,Summer,karnataka,gulbarga
Karnataka,GULBARGA,Banana,2010,Whole Year,karnataka,gulbarga
Karnataka,GULBARGA,Coconut,2010,Whole Year,karnataka,gulbarga
Karnataka,GULBARGA,Coriander,2010,Whole Year,karnataka,gulbarga
Karnataka,GULBARGA,Dry ginger,2010,Whole Year,karnataka,gulbarga
Karnataka,GULBARGA,Garlic,2010,Whole Year,karnataka,gulbarga
Karnataka,GULBARGA,Mesta,2010,Whole Year,karnataka,gulbarga
Karnataka,GULBARGA,Sugarcane,2010,Whole Year,karnataka,gulbarga
Karnataka,GULBARGA,Turmeric,2010,Whole Year,karnataka,gulbarga
Karnataka,HASSAN,Arhar/Tur,2010,Kharif,karnataka,hassan
Karnataka,HASSAN,Castor seed,2010,Kharif,karnataka,hassan
Karnataka,HASSAN,Cotton(lint),2010,Kharif,karnataka,hassan
Karnataka,HASSAN,Cowpea(Lobia),2010,Kharif,karnataka,hassan
Karnataka,HASSAN,Dry chillies,2010,Kharif,karnataka,hassan
Karnataka,HASSAN,Groundnut,2010,Kharif,karnataka,hassan
Karnataka,HASSAN,Horse-gram,2010,Kharif,karnataka,hassan
Karnataka,HASSAN,Jowar,2010,Kharif,karnataka,hassan
Karnataka,HASSAN,Maize,2010,Kharif,karnataka,hassan
Karnataka,HASSAN,Moong(Green Gram),2010,Kharif,karnataka,hassan
Karnataka,HASSAN,Niger seed,2010,Kharif,karnataka,hassan
Karnataka,HASSAN,Onion,2010,Kharif,karnataka,hassan
Karnataka,HASSAN,Other Kharif pulses,2010,Kharif,karnataka,hassan
Karnataka,HASSAN,Peas & beans (Pulses),2010,Kharif,karnataka,hassan
Karnataka,HASSAN,Potato,2010,Kharif,karnataka,hassan
Karnataka,HASSAN,Ragi,2010,Kharif,karnataka,hassan
Karnataka,HASSAN,Rice,2010,Kharif,karnataka,hassan
Karnataka,HASSAN,Sesamum,2010,Kharif,karnataka,hassan
Karnataka,HASSAN,Small millets,2010,Kharif,karnataka,hassan
Karnataka,HASSAN,Sunflower,2010,Kharif,karnataka,hassan
Karnataka,HASSAN,Urad,2010,Kharif,karnataka,hassan
Karnataka,HASSAN,Cowpea(Lobia),2010,Rabi,karnataka,hassan
Karnataka,HASSAN,Dry chillies,2010,Rabi,karnataka,hassan
Karnataka,HASSAN,Gram,2010,Rabi,karnataka,hassan
Karnataka,HASSAN,Groundnut,2010,Rabi,karnataka,hassan
Karnataka,HASSAN,Horse-gram,2010,Rabi,karnataka,hassan
Karnataka,HASSAN,Jowar,2010,Rabi,karnataka,hassan
Karnataka,HASSAN,Maize,2010,Rabi,karnataka,hassan
Karnataka,HASSAN,Moong(Green Gram),2010,Rabi,karnataka,hassan
Karnataka,HASSAN,Other  Rabi pulses,2010,Rabi,karnataka,hassan
Karnataka,HASSAN,Peas & beans (Pulses),2010,Rabi,karnataka,hassan
Karnataka,HASSAN,Potato,2010,Rabi,karnataka,hassan
Karnataka,HASSAN,Ragi,2010,Rabi,karnataka,hassan
Karnataka,HASSAN,Rapeseed &Mustard,2010,Rabi,karnataka,hassan
Karnataka,HASSAN,Rice,2010,Rabi,karnataka,hassan
Karnataka,HASSAN,Sunflower,2010,Rabi,karnataka,hassan
Karnataka,HASSAN,Urad,2010,Rabi,karnataka,hassan
Karnataka,HASSAN,Dry chillies,2010,Summer,karnataka,hassan
Karnataka,HASSAN,Maize,2010,Summer,karnataka,hassan
Karnataka,HASSAN,Peas & beans (Pulses),2010,Summer,karnataka,hassan
Karnataka,HASSAN,Ragi,2010,Summer,karnataka,hassan
Karnataka,HASSAN,Rice,2010,Summer,karnataka,hassan
Karnataka,HASSAN,Sunflower,2010,Summer,karnataka,hassan
Karnataka,HASSAN,Arecanut,2010,Whole Year,karnataka,hassan
Karnataka,HASSAN,Banana,2010,Whole Year,karnataka,hassan
Karnataka,HASSAN,Black pepper,2010,Whole Year,karnataka,hassan
Karnataka,HASSAN,Cardamom,2010,Whole Year,karnataka,hassan
Karnataka,HASSAN,Cashewnut,2010,Whole Year,karnataka,hassan
Karnataka,HASSAN,Coconut,2010,Whole Year,karnataka,hassan
Karnataka,HASSAN,Coriander,2010,Whole Year,karnataka,hassan
Karnataka,HASSAN,Dry ginger,2010,Whole Year,karnataka,hassan
Karnataka,HASSAN,Garlic,2010,Whole Year,karnataka,hassan
Karnataka,HASSAN,Sugarcane,2010,Whole Year,karnataka,hassan
Karnataka,HASSAN,Sweet potato,2010,Whole Year,karnataka,hassan
Karnataka,HASSAN,Tobacco,2010,Whole Year,karnataka,hassan
Karnataka,HASSAN,Turmeric,2010,Whole Year,karnataka,hassan
Karnataka,HAVERI,Arhar/Tur,2010,Kharif,karnataka,haveri
Karnataka,HAVERI,Castor seed,2010,Kharif,karnataka,haveri
Karnataka,HAVERI,Cotton(lint),2010,Kharif,karnataka,haveri
Karnataka,HAVERI,Cowpea(Lobia),2010,Kharif,karnataka,haveri
Karnataka,HAVERI,Dry chillies,2010,Kharif,karnataka,haveri
Karnataka,HAVERI,Groundnut,2010,Kharif,karnataka,haveri
Karnataka,HAVERI,Horse-gram,2010,Kharif,karnataka,haveri
Karnataka,HAVERI,Jowar,2010,Kharif,karnataka,haveri
Karnataka,HAVERI,Maize,2010,Kharif,karnataka,haveri
Karnataka,HAVERI,Moong(Green Gram),2010,Kharif,karnataka,haveri
Karnataka,HAVERI,Niger seed,2010,Kharif,karnataka,haveri
Karnataka,HAVERI,Onion,2010,Kharif,karnataka,haveri
Karnataka,HAVERI,Other Kharif pulses,2010,Kharif,karnataka,haveri
Karnataka,HAVERI,Peas & beans (Pulses),2010,Kharif,karnataka,haveri
Karnataka,HAVERI,Ragi,2010,Kharif,karnataka,haveri
Karnataka,HAVERI,Rice,2010,Kharif,karnataka,haveri
Karnataka,HAVERI,Sesamum,2010,Kharif,karnataka,haveri
Karnataka,HAVERI,Small millets,2010,Kharif,karnataka,haveri
Karnataka,HAVERI,Soyabean,2010,Kharif,karnataka,haveri
Karnataka,HAVERI,Sunflower,2010,Kharif,karnataka,haveri
Karnataka,HAVERI,Urad,2010,Kharif,karnataka,haveri
Karnataka,HAVERI,Cotton(lint),2010,Rabi,karnataka,haveri
Karnataka,HAVERI,Cowpea(Lobia),2010,Rabi,karnataka,haveri
Karnataka,HAVERI,Dry chillies,2010,Rabi,karnataka,haveri
Karnataka,HAVERI,Gram,2010,Rabi,karnataka,haveri
Karnataka,HAVERI,Groundnut,2010,Rabi,karnataka,haveri
Karnataka,HAVERI,Horse-gram,2010,Rabi,karnataka,haveri
Karnataka,HAVERI,Jowar,2010,Rabi,karnataka,haveri
Karnataka,HAVERI,Linseed,2010,Rabi,karnataka,haveri
Karnataka,HAVERI,Maize,2010,Rabi,karnataka,haveri
Karnataka,HAVERI,Moong(Green Gram),2010,Rabi,karnataka,haveri
Karnataka,HAVERI,Onion,2010,Rabi,karnataka,haveri
Karnataka,HAVERI,Other  Rabi pulses,2010,Rabi,karnataka,haveri
Karnataka,HAVERI,Peas & beans (Pulses),2010,Rabi,karnataka,haveri
Karnataka,HAVERI,Rapeseed &Mustard,2010,Rabi,karnataka,haveri
Karnataka,HAVERI,Safflower,2010,Rabi,karnataka,haveri
Karnataka,HAVERI,Sunflower,2010,Rabi,karnataka,haveri
Karnataka,HAVERI,Urad,2010,Rabi,karnataka,haveri
Karnataka,HAVERI,Wheat,2010,Rabi,karnataka,haveri
Karnataka,HAVERI,Dry chillies,2010,Summer,karnataka,haveri
Karnataka,HAVERI,Jowar,2010,Summer,karnataka,haveri
Karnataka,HAVERI,Maize,2010,Summer,karnataka,haveri
Karnataka,HAVERI,Onion,2010,Summer,karnataka,haveri
Karnataka,HAVERI,Peas & beans (Pulses),2010,Summer,karnataka,haveri
Karnataka,HAVERI,Rice,2010,Summer,karnataka,haveri
Karnataka,HAVERI,Sunflower,2010,Summer,karnataka,haveri
Karnataka,HAVERI,Arecanut,2010,Whole Year,karnataka,haveri
Karnataka,HAVERI,Banana,2010,Whole Year,karnataka,haveri
Karnataka,HAVERI,Cashewnut,2010,Whole Year,karnataka,haveri
Karnataka,HAVERI,Coconut,2010,Whole Year,karnataka,haveri
Karnataka,HAVERI,Coriander,2010,Whole Year,karnataka,haveri
Karnataka,HAVERI,Dry ginger,2010,Whole Year,karnataka,haveri
Karnataka,HAVERI,Garlic,2010,Whole Year,karnataka,haveri
Karnataka,HAVERI,Sugarcane,2010,Whole Year,karnataka,haveri
Karnataka,HAVERI,Turmeric,2010,Whole Year,karnataka,haveri
Karnataka,KODAGU,Dry chillies,2010,Kharif,karnataka,kodagu
Karnataka,KODAGU,Maize,2010,Kharif,karnataka,kodagu
Karnataka,KODAGU,Potato,2010,Kharif,karnataka,kodagu
Karnataka,KODAGU,Ragi,2010,Kharif,karnataka,kodagu
Karnataka,KODAGU,Rice,2010,Kharif,karnataka,kodagu
Karnataka,KODAGU,Cowpea(Lobia),2010,Rabi,karnataka,kodagu
Karnataka,KODAGU,Groundnut,2010,Rabi,karnataka,kodagu
Karnataka,KODAGU,Horse-gram,2010,Rabi,karnataka,kodagu
Karnataka,KODAGU,Maize,2010,Rabi,karnataka,kodagu
Karnataka,KODAGU,Other  Rabi pulses,2010,Rabi,karnataka,kodagu
Karnataka,KODAGU,Peas & beans (Pulses),2010,Rabi,karnataka,kodagu
Karnataka,KODAGU,Ragi,2010,Rabi,karnataka,kodagu
Karnataka,KODAGU,Rice,2010,Rabi,karnataka,kodagu
Karnataka,KODAGU,Dry chillies,2010,Summer,karnataka,kodagu
Karnataka,KODAGU,Maize,2010,Summer,karnataka,kodagu
Karnataka,KODAGU,Peas & beans (Pulses),2010,Summer,karnataka,kodagu
Karnataka,KODAGU,Potato,2010,Summer,karnataka,kodagu
Karnataka,KODAGU,Rice,2010,Summer,karnataka,kodagu
Karnataka,KODAGU,Arecanut,2010,Whole Year,karnataka,kodagu
Karnataka,KODAGU,Banana,2010,Whole Year,karnataka,kodagu
Karnataka,KODAGU,Black pepper,2010,Whole Year,karnataka,kodagu
Karnataka,KODAGU,Cardamom,2010,Whole Year,karnataka,kodagu
Karnataka,KODAGU,Cashewnut,2010,Whole Year,karnataka,kodagu
Karnataka,KODAGU,Coconut,2010,Whole Year,karnataka,kodagu
Karnataka,KODAGU,Dry ginger,2010,Whole Year,karnataka,kodagu
Karnataka,KODAGU,Sweet potato,2010,Whole Year,karnataka,kodagu
Karnataka,KODAGU,Tapioca,2010,Whole Year,karnataka,kodagu
Karnataka,KODAGU,Tobacco,2010,Whole Year,karnataka,kodagu
Karnataka,KOLAR,Arhar/Tur,2010,Kharif,karnataka,kolar
Karnataka,KOLAR,Castor seed,2010,Kharif,karnataka,kolar
Karnataka,KOLAR,Cowpea(Lobia),2010,Kharif,karnataka,kolar
Karnataka,KOLAR,Dry chillies,2010,Kharif,karnataka,kolar
Karnataka,KOLAR,Groundnut,2010,Kharif,karnataka,kolar
Karnataka,KOLAR,Horse-gram,2010,Kharif,karnataka,kolar
Karnataka,KOLAR,Maize,2010,Kharif,karnataka,kolar
Karnataka,KOLAR,Niger seed,2010,Kharif,karnataka,kolar
Karnataka,KOLAR,Onion,2010,Kharif,karnataka,kolar
Karnataka,KOLAR,Other Kharif pulses,2010,Kharif,karnataka,kolar
Karnataka,KOLAR,Peas & beans (Pulses),2010,Kharif,karnataka,kolar
Karnataka,KOLAR,Ragi,2010,Kharif,karnataka,kolar
Karnataka,KOLAR,Rice,2010,Kharif,karnataka,kolar
Karnataka,KOLAR,Sesamum,2010,Kharif,karnataka,kolar
Karnataka,KOLAR,Small millets,2010,Kharif,karnataka,kolar
Karnataka,KOLAR,Sunflower,2010,Kharif,karnataka,kolar
Karnataka,KOLAR,Cowpea(Lobia),2010,Rabi,karnataka,kolar
Karnataka,KOLAR,Dry chillies,2010,Rabi,karnataka,kolar
Karnataka,KOLAR,Gram,2010,Rabi,karnataka,kolar
Karnataka,KOLAR,Groundnut,2010,Rabi,karnataka,kolar
Karnataka,KOLAR,Horse-gram,2010,Rabi,karnataka,kolar
Karnataka,KOLAR,Maize,2010,Rabi,karnataka,kolar
Karnataka,KOLAR,Onion,2010,Rabi,karnataka,kolar
Karnataka,KOLAR,Peas & beans (Pulses),2010,Rabi,karnataka,kolar
Karnataka,KOLAR,Potato,2010,Rabi,karnataka,kolar
Karnataka,KOLAR,Ragi,2010,Rabi,karnataka,kolar
Karnataka,KOLAR,Rapeseed &Mustard,2010,Rabi,karnataka,kolar
Karnataka,KOLAR,Dry chillies,2010,Summer,karnataka,kolar
Karnataka,KOLAR,Maize,2010,Summer,karnataka,kolar
Karnataka,KOLAR,Onion,2010,Summer,karnataka,kolar
Karnataka,KOLAR,Peas & beans (Pulses),2010,Summer,karnataka,kolar
Karnataka,KOLAR,Potato,2010,Summer,karnataka,kolar
Karnataka,KOLAR,Ragi,2010,Summer,karnataka,kolar
Karnataka,KOLAR,Rice,2010,Summer,karnataka,kolar
Karnataka,KOLAR,Sunflower,2010,Summer,karnataka,kolar
Karnataka,KOLAR,Banana,2010,Whole Year,karnataka,kolar
Karnataka,KOLAR,Cashewnut,2010,Whole Year,karnataka,kolar
Karnataka,KOLAR,Coconut,2010,Whole Year,karnataka,kolar
Karnataka,KOLAR,Coriander,2010,Whole Year,karnataka,kolar
Karnataka,KOLAR,Sugarcane,2010,Whole Year,karnataka,kolar
Karnataka,KOPPAL,Arhar/Tur,2010,Kharif,karnataka,koppal
Karnataka,KOPPAL,Bajra,2010,Kharif,karnataka,koppal
Karnataka,KOPPAL,Castor seed,2010,Kharif,karnataka,koppal
Karnataka,KOPPAL,Cotton(lint),2010,Kharif,karnataka,koppal
Karnataka,KOPPAL,Cowpea(Lobia),2010,Kharif,karnataka,koppal
Karnataka,KOPPAL,Dry chillies,2010,Kharif,karnataka,koppal
Karnataka,KOPPAL,Groundnut,2010,Kharif,karnataka,koppal
Karnataka,KOPPAL,Horse-gram,2010,Kharif,karnataka,koppal
Karnataka,KOPPAL,Jowar,2010,Kharif,karnataka,koppal
Karnataka,KOPPAL,Maize,2010,Kharif,karnataka,koppal
Karnataka,KOPPAL,Moong(Green Gram),2010,Kharif,karnataka,koppal
Karnataka,KOPPAL,Niger seed,2010,Kharif,karnataka,koppal
Karnataka,KOPPAL,Onion,2010,Kharif,karnataka,koppal
Karnataka,KOPPAL,Other Kharif pulses,2010,Kharif,karnataka,koppal
Karnataka,KOPPAL,Rice,2010,Kharif,karnataka,koppal
Karnataka,KOPPAL,Sesamum,2010,Kharif,karnataka,koppal
Karnataka,KOPPAL,Small millets,2010,Kharif,karnataka,koppal
Karnataka,KOPPAL,Sunflower,2010,Kharif,karnataka,koppal
Karnataka,KOPPAL,Urad,2010,Kharif,karnataka,koppal
Karnataka,KOPPAL,Cotton(lint),2010,Rabi,karnataka,koppal
Karnataka,KOPPAL,Cowpea(Lobia),2010,Rabi,karnataka,koppal
Karnataka,KOPPAL,Dry chillies,2010,Rabi,karnataka,koppal
Karnataka,KOPPAL,Gram,2010,Rabi,karnataka,koppal
Karnataka,KOPPAL,Groundnut,2010,Rabi,karnataka,koppal
Karnataka,KOPPAL,Horse-gram,2010,Rabi,karnataka,koppal
Karnataka,KOPPAL,Jowar,2010,Rabi,karnataka,koppal
Karnataka,KOPPAL,Linseed,2010,Rabi,karnataka,koppal
Karnataka,KOPPAL,Maize,2010,Rabi,karnataka,koppal
Karnataka,KOPPAL,Onion,2010,Rabi,karnataka,koppal
Karnataka,KOPPAL,Safflower,2010,Rabi,karnataka,koppal
Karnataka,KOPPAL,Sunflower,2010,Rabi,karnataka,koppal
Karnataka,KOPPAL,Urad,2010,Rabi,karnataka,koppal
Karnataka,KOPPAL,Wheat,2010,Rabi,karnataka,koppal
Karnataka,KOPPAL,Dry chillies,2010,Summer,karnataka,koppal
Karnataka,KOPPAL,Jowar,2010,Summer,karnataka,koppal
Karnataka,KOPPAL,Maize,2010,Summer,karnataka,koppal
Karnataka,KOPPAL,Onion,2010,Summer,karnataka,koppal
Karnataka,KOPPAL,Rice,2010,Summer,karnataka,koppal
Karnataka,KOPPAL,Sunflower,2010,Summer,karnataka,koppal
Karnataka,KOPPAL,Banana,2010,Whole Year,karnataka,koppal
Karnataka,KOPPAL,Coconut,2010,Whole Year,karnataka,koppal
Karnataka,KOPPAL,Sugarcane,2010,Whole Year,karnataka,koppal
Karnataka,MANDYA,Arhar/Tur,2010,Kharif,karnataka,mandya
Karnataka,MANDYA,Castor seed,2010,Kharif,karnataka,mandya
Karnataka,MANDYA,Cowpea(Lobia),2010,Kharif,karnataka,mandya
Karnataka,MANDYA,Dry chillies,2010,Kharif,karnataka,mandya
Karnataka,MANDYA,Groundnut,2010,Kharif,karnataka,mandya
Karnataka,MANDYA,Horse-gram,2010,Kharif,karnataka,mandya
Karnataka,MANDYA,Jowar,2010,Kharif,karnataka,mandya
Karnataka,MANDYA,Maize,2010,Kharif,karnataka,mandya
Karnataka,MANDYA,Moong(Green Gram),2010,Kharif,karnataka,mandya
Karnataka,MANDYA,Niger seed,2010,Kharif,karnataka,mandya
Karnataka,MANDYA,Onion,2010,Kharif,karnataka,mandya
Karnataka,MANDYA,Other Kharif pulses,2010,Kharif,karnataka,mandya
Karnataka,MANDYA,Peas & beans (Pulses),2010,Kharif,karnataka,mandya
Karnataka,MANDYA,Potato,2010,Kharif,karnataka,mandya
Karnataka,MANDYA,Ragi,2010,Kharif,karnataka,mandya
Karnataka,MANDYA,Rice,2010,Kharif,karnataka,mandya
Karnataka,MANDYA,Sesamum,2010,Kharif,karnataka,mandya
Karnataka,MANDYA,Soyabean,2010,Kharif,karnataka,mandya
Karnataka,MANDYA,Urad,2010,Kharif,karnataka,mandya
Karnataka,MANDYA,Cowpea(Lobia),2010,Rabi,karnataka,mandya
Karnataka,MANDYA,Dry chillies,2010,Rabi,karnataka,mandya
Karnataka,MANDYA,Gram,2010,Rabi,karnataka,mandya
Karnataka,MANDYA,Groundnut,2010,Rabi,karnataka,mandya
Karnataka,MANDYA,Horse-gram,2010,Rabi,karnataka,mandya
Karnataka,MANDYA,Maize,2010,Rabi,karnataka,mandya
Karnataka,MANDYA,Moong(Green Gram),2010,Rabi,karnataka,mandya
Karnataka,MANDYA,Onion,2010,Rabi,karnataka,mandya
Karnataka,MANDYA,Other  Rabi pulses,2010,Rabi,karnataka,mandya
Karnataka,MANDYA,Peas & beans (Pulses),2010,Rabi,karnataka,mandya
Karnataka,MANDYA,Potato,2010,Rabi,karnataka,mandya
Karnataka,MANDYA,Ragi,2010,Rabi,karnataka,mandya
Karnataka,MANDYA,Urad,2010,Rabi,karnataka,mandya
Karnataka,MANDYA,Dry chillies,2010,Summer,karnataka,mandya
Karnataka,MANDYA,Maize,2010,Summer,karnataka,mandya
Karnataka,MANDYA,Onion,2010,Summer,karnataka,mandya
Karnataka,MANDYA,Peas & beans (Pulses),2010,Summer,karnataka,mandya
Karnataka,MANDYA,Ragi,2010,Summer,karnataka,mandya
Karnataka,MANDYA,Rice,2010,Summer,karnataka,mandya
Karnataka,MANDYA,Sunflower,2010,Summer,karnataka,mandya
Karnataka,MANDYA,Arecanut,2010,Whole Year,karnataka,mandya
Karnataka,MANDYA,Banana,2010,Whole Year,karnataka,mandya
Karnataka,MANDYA,Cashewnut,2010,Whole Year,karnataka,mandya
Karnataka,MANDYA,Coconut,2010,Whole Year,karnataka,mandya
Karnataka,MANDYA,Dry ginger,2010,Whole Year,karnataka,mandya
Karnataka,MANDYA,Sugarcane,2010,Whole Year,karnataka,mandya
Karnataka,MANDYA,Sweet potato,2010,Whole Year,karnataka,mandya
Karnataka,MANDYA,Turmeric,2010,Whole Year,karnataka,mandya
Karnataka,MYSORE,Arhar/Tur,2010,Kharif,karnataka,mysore
Karnataka,MYSORE,Castor seed,2010,Kharif,karnataka,mysore
Karnataka,MYSORE,Cotton(lint),2010,Kharif,karnataka,mysore
Karnataka,MYSORE,Cowpea(Lobia),2010,Kharif,karnataka,mysore
Karnataka,MYSORE,Dry chillies,2010,Kharif,karnataka,mysore
Karnataka,MYSORE,Groundnut,2010,Kharif,karnataka,mysore
Karnataka,MYSORE,Horse-gram,2010,Kharif,karnataka,mysore
Karnataka,MYSORE,Jowar,2010,Kharif,karnataka,mysore
Karnataka,MYSORE,Maize,2010,Kharif,karnataka,mysore
Karnataka,MYSORE,Moong(Green Gram),2010,Kharif,karnataka,mysore
Karnataka,MYSORE,Niger seed,2010,Kharif,karnataka,mysore
Karnataka,MYSORE,Onion,2010,Kharif,karnataka,mysore
Karnataka,MYSORE,Other Kharif pulses,2010,Kharif,karnataka,mysore
Karnataka,MYSORE,Peas & beans (Pulses),2010,Kharif,karnataka,mysore
Karnataka,MYSORE,Potato,2010,Kharif,karnataka,mysore
Karnataka,MYSORE,Ragi,2010,Kharif,karnataka,mysore
Karnataka,MYSORE,Rice,2010,Kharif,karnataka,mysore
Karnataka,MYSORE,Sesamum,2010,Kharif,karnataka,mysore
Karnataka,MYSORE,Sunflower,2010,Kharif,karnataka,mysore
Karnataka,MYSORE,Urad,2010,Kharif,karnataka,mysore
Karnataka,MYSORE,Cotton(lint),2010,Rabi,karnataka,mysore
Karnataka,MYSORE,Cowpea(Lobia),2010,Rabi,karnataka,mysore
Karnataka,MYSORE,Dry chillies,2010,Rabi,karnataka,mysore
Karnataka,MYSORE,Gram,2010,Rabi,karnataka,mysore
Karnataka,MYSORE,Groundnut,2010,Rabi,karnataka,mysore
Karnataka,MYSORE,Horse-gram,2010,Rabi,karnataka,mysore
Karnataka,MYSORE,Jowar,2010,Rabi,karnataka,mysore
Karnataka,MYSORE,Maize,2010,Rabi,karnataka,mysore
Karnataka,MYSORE,Moong(Green Gram),2010,Rabi,karnataka,mysore
Karnataka,MYSORE,Other  Rabi pulses,2010,Rabi,karnataka,mysore
Karnataka,MYSORE,Peas & beans (Pulses),2010,Rabi,karnataka,mysore
Karnataka,MYSORE,Ragi,2010,Rabi,karnataka,mysore
Karnataka,MYSORE,Sunflower,2010,Rabi,karnataka,mysore
Karnataka,MYSORE,Urad,2010,Rabi,karnataka,mysore
Karnataka,MYSORE,Dry chillies,2010,Summer,karnataka,mysore
Karnataka,MYSORE,Maize,2010,Summer,karnataka,mysore
Karnataka,MYSORE,Peas & beans (Pulses),2010,Summer,karnataka,mysore
Karnataka,MYSORE,Ragi,2010,Summer,karnataka,mysore
Karnataka,MYSORE,Rice,2010,Summer,karnataka,mysore
Karnataka,MYSORE,Arecanut,2010,Whole Year,karnataka,mysore
Karnataka,MYSORE,Banana,2010,Whole Year,karnataka,mysore
Karnataka,MYSORE,Black pepper,2010,Whole Year,karnataka,mysore
Karnataka,MYSORE,Cashewnut,2010,Whole Year,karnataka,mysore
Karnataka,MYSORE,Coconut,2010,Whole Year,karnataka,mysore
Karnataka,MYSORE,Coriander,2010,Whole Year,karnataka,mysore
Karnataka,MYSORE,Dry ginger,2010,Whole Year,karnataka,mysore
Karnataka,MYSORE,Sugarcane,2010,Whole Year,karnataka,mysore
Karnataka,MYSORE,Tapioca,2010,Whole Year,karnataka,mysore
Karnataka,MYSORE,Tobacco,2010,Whole Year,karnataka,mysore
Karnataka,MYSORE,Turmeric,2010,Whole Year,karnataka,mysore
Karnataka,RAICHUR,Arhar/Tur,2010,Kharif,karnataka,raichur
Karnataka,RAICHUR,Bajra,2010,Kharif,karnataka,raichur
Karnataka,RAICHUR,Castor seed,2010,Kharif,karnataka,raichur
Karnataka,RAICHUR,Cotton(lint),2010,Kharif,karnataka,raichur
Karnataka,RAICHUR,Cowpea(Lobia),2010,Kharif,karnataka,raichur
Karnataka,RAICHUR,Dry chillies,2010,Kharif,karnataka,raichur
Karnataka,RAICHUR,Groundnut,2010,Kharif,karnataka,raichur
Karnataka,RAICHUR,Horse-gram,2010,Kharif,karnataka,raichur
Karnataka,RAICHUR,Jowar,2010,Kharif,karnataka,raichur
Karnataka,RAICHUR,Maize,2010,Kharif,karnataka,raichur
Karnataka,RAICHUR,Moong(Green Gram),2010,Kharif,karnataka,raichur
Karnataka,RAICHUR,Niger seed,2010,Kharif,karnataka,raichur
Karnataka,RAICHUR,Onion,2010,Kharif,karnataka,raichur
Karnataka,RAICHUR,Other Kharif pulses,2010,Kharif,karnataka,raichur
Karnataka,RAICHUR,Rice,2010,Kharif,karnataka,raichur
Karnataka,RAICHUR,Sesamum,2010,Kharif,karnataka,raichur
Karnataka,RAICHUR,Small millets,2010,Kharif,karnataka,raichur
Karnataka,RAICHUR,Sunflower,2010,Kharif,karnataka,raichur
Karnataka,RAICHUR,Urad,2010,Kharif,karnataka,raichur
Karnataka,RAICHUR,Cotton(lint),2010,Rabi,karnataka,raichur
Karnataka,RAICHUR,Cowpea(Lobia),2010,Rabi,karnataka,raichur
Karnataka,RAICHUR,Dry chillies,2010,Rabi,karnataka,raichur
Karnataka,RAICHUR,Gram,2010,Rabi,karnataka,raichur
Karnataka,RAICHUR,Groundnut,2010,Rabi,karnataka,raichur
Karnataka,RAICHUR,Horse-gram,2010,Rabi,karnataka,raichur
Karnataka,RAICHUR,Jowar,2010,Rabi,karnataka,raichur
Karnataka,RAICHUR,Linseed,2010,Rabi,karnataka,raichur
Karnataka,RAICHUR,Maize,2010,Rabi,karnataka,raichur
Karnataka,RAICHUR,Onion,2010,Rabi,karnataka,raichur
Karnataka,RAICHUR,Safflower,2010,Rabi,karnataka,raichur
Karnataka,RAICHUR,Sunflower,2010,Rabi,karnataka,raichur
Karnataka,RAICHUR,Wheat,2010,Rabi,karnataka,raichur
Karnataka,RAICHUR,Bajra,2010,Summer,karnataka,raichur
Karnataka,RAICHUR,Dry chillies,2010,Summer,karnataka,raichur
Karnataka,RAICHUR,Jowar,2010,Summer,karnataka,raichur
Karnataka,RAICHUR,Maize,2010,Summer,karnataka,raichur
Karnataka,RAICHUR,Onion,2010,Summer,karnataka,raichur
Karnataka,RAICHUR,Rice,2010,Summer,karnataka,raichur
Karnataka,RAICHUR,Sunflower,2010,Summer,karnataka,raichur
Karnataka,RAICHUR,Banana,2010,Whole Year,karnataka,raichur
Karnataka,RAICHUR,Coconut,2010,Whole Year,karnataka,raichur
Karnataka,RAICHUR,Sugarcane,2010,Whole Year,karnataka,raichur
Karnataka,RAMANAGARA,Arhar/Tur,2010,Kharif,karnataka,ramanagara
Karnataka,RAMANAGARA,Castor seed,2010,Kharif,karnataka,ramanagara
Karnataka,RAMANAGARA,Cowpea(Lobia),2010,Kharif,karnataka,ramanagara
Karnataka,RAMANAGARA,Dry chillies,2010,Kharif,karnataka,ramanagara
Karnataka,RAMANAGARA,Groundnut,2010,Kharif,karnataka,ramanagara
Karnataka,RAMANAGARA,Horse-gram,2010,Kharif,karnataka,ramanagara
Karnataka,RAMANAGARA,Maize,2010,Kharif,karnataka,ramanagara
Karnataka,RAMANAGARA,Moong(Green Gram),2010,Kharif,karnataka,ramanagara
Karnataka,RAMANAGARA,Niger seed,2010,Kharif,karnataka,ramanagara
Karnataka,RAMANAGARA,Onion,2010,Kharif,karnataka,ramanagara
Karnataka,RAMANAGARA,Other Kharif pulses,2010,Kharif,karnataka,ramanagara
Karnataka,RAMANAGARA,Peas & beans (Pulses),2010,Kharif,karnataka,ramanagara
Karnataka,RAMANAGARA,Ragi,2010,Kharif,karnataka,ramanagara
Karnataka,RAMANAGARA,Rice,2010,Kharif,karnataka,ramanagara
Karnataka,RAMANAGARA,Sesamum,2010,Kharif,karnataka,ramanagara
Karnataka,RAMANAGARA,Small millets,2010,Kharif,karnataka,ramanagara
Karnataka,RAMANAGARA,Sunflower,2010,Kharif,karnataka,ramanagara
Karnataka,RAMANAGARA,Urad,2010,Kharif,karnataka,ramanagara
Karnataka,RAMANAGARA,Cowpea(Lobia),2010,Rabi,karnataka,ramanagara
Karnataka,RAMANAGARA,Dry chillies,2010,Rabi,karnataka,ramanagara
Karnataka,RAMANAGARA,Groundnut,2010,Rabi,karnataka,ramanagara
Karnataka,RAMANAGARA,Horse-gram,2010,Rabi,karnataka,ramanagara
Karnataka,RAMANAGARA,Maize,2010,Rabi,karnataka,ramanagara
Karnataka,RAMANAGARA,Other  Rabi pulses,2010,Rabi,karnataka,ramanagara
Karnataka,RAMANAGARA,Peas & beans (Pulses),2010,Rabi,karnataka,ramanagara
Karnataka,RAMANAGARA,Ragi,2010,Rabi,karnataka,ramanagara
Karnataka,RAMANAGARA,Rapeseed &Mustard,2010,Rabi,karnataka,ramanagara
Karnataka,RAMANAGARA,Maize,2010,Summer,karnataka,ramanagara
Karnataka,RAMANAGARA,Peas & beans (Pulses),2010,Summer,karnataka,ramanagara
Karnataka,RAMANAGARA,Ragi,2010,Summer,karnataka,ramanagara
Karnataka,RAMANAGARA,Rice,2010,Summer,karnataka,ramanagara
Karnataka,RAMANAGARA,Arecanut,2010,Whole Year,karnataka,ramanagara
Karnataka,RAMANAGARA,Banana,2010,Whole Year,karnataka,ramanagara
Karnataka,RAMANAGARA,Cashewnut,2010,Whole Year,karnataka,ramanagara
Karnataka,RAMANAGARA,Coconut,2010,Whole Year,karnataka,ramanagara
Karnataka,RAMANAGARA,Sugarcane,2010,Whole Year,karnataka,ramanagara
Karnataka,RAMANAGARA,Sweet potato,2010,Whole Year,karnataka,ramanagara
Karnataka,RAMANAGARA,Tapioca,2010,Whole Year,karnataka,ramanagara
Karnataka,RAMANAGARA,Turmeric,2010,Whole Year,karnataka,ramanagara
Karnataka,SHIMOGA,Arhar/Tur,2010,Kharif,karnataka,shimoga
Karnataka,SHIMOGA,Castor seed,2010,Kharif,karnataka,shimoga
Karnataka,SHIMOGA,Cotton(lint),2010,Kharif,karnataka,shimoga
Karnataka,SHIMOGA,Cowpea(Lobia),2010,Kharif,karnataka,shimoga
Karnataka,SHIMOGA,Dry chillies,2010,Kharif,karnataka,shimoga
Karnataka,SHIMOGA,Groundnut,2010,Kharif,karnataka,shimoga
Karnataka,SHIMOGA,Horse-gram,2010,Kharif,karnataka,shimoga
Karnataka,SHIMOGA,Jowar,2010,Kharif,karnataka,shimoga
Karnataka,SHIMOGA,Maize,2010,Kharif,karnataka,shimoga
Karnataka,SHIMOGA,Moong(Green Gram),2010,Kharif,karnataka,shimoga
Karnataka,SHIMOGA,Niger seed,2010,Kharif,karnataka,shimoga
Karnataka,SHIMOGA,Other Kharif pulses,2010,Kharif,karnataka,shimoga
Karnataka,SHIMOGA,Peas & beans (Pulses),2010,Kharif,karnataka,shimoga
Karnataka,SHIMOGA,Ragi,2010,Kharif,karnataka,shimoga
Karnataka,SHIMOGA,Rice,2010,Kharif,karnataka,shimoga
Karnataka,SHIMOGA,Sesamum,2010,Kharif,karnataka,shimoga
Karnataka,SHIMOGA,Soyabean,2010,Kharif,karnataka,shimoga
Karnataka,SHIMOGA,Urad,2010,Kharif,karnataka,shimoga
Karnataka,SHIMOGA,Cowpea(Lobia),2010,Rabi,karnataka,shimoga
Karnataka,SHIMOGA,Dry chillies,2010,Rabi,karnataka,shimoga
Karnataka,SHIMOGA,Gram,2010,Rabi,karnataka,shimoga
Karnataka,SHIMOGA,Groundnut,2010,Rabi,karnataka,shimoga
Karnataka,SHIMOGA,Horse-gram,2010,Rabi,karnataka,shimoga
Karnataka,SHIMOGA,Jowar,2010,Rabi,karnataka,shimoga
Karnataka,SHIMOGA,Linseed,2010,Rabi,karnataka,shimoga
Karnataka,SHIMOGA,Maize,2010,Rabi,karnataka,shimoga
Karnataka,SHIMOGA,Moong(Green Gram),2010,Rabi,karnataka,shimoga
Karnataka,SHIMOGA,Other  Rabi pulses,2010,Rabi,karnataka,shimoga
Karnataka,SHIMOGA,Rapeseed &Mustard,2010,Rabi,karnataka,shimoga
Karnataka,SHIMOGA,Sunflower,2010,Rabi,karnataka,shimoga
Karnataka,SHIMOGA,Urad,2010,Rabi,karnataka,shimoga
Karnataka,SHIMOGA,Wheat,2010,Rabi,karnataka,shimoga
Karnataka,SHIMOGA,Dry chillies,2010,Summer,karnataka,shimoga
Karnataka,SHIMOGA,Jowar,2010,Summer,karnataka,shimoga
Karnataka,SHIMOGA,Maize,2010,Summer,karnataka,shimoga
Karnataka,SHIMOGA,Peas & beans (Pulses),2010,Summer,karnataka,shimoga
Karnataka,SHIMOGA,Ragi,2010,Summer,karnataka,shimoga
Karnataka,SHIMOGA,Rice,2010,Summer,karnataka,shimoga
Karnataka,SHIMOGA,Sunflower,2010,Summer,karnataka,shimoga
Karnataka,SHIMOGA,Arecanut,2010,Whole Year,karnataka,shimoga
Karnataka,SHIMOGA,Banana,2010,Whole Year,karnataka,shimoga
Karnataka,SHIMOGA,Black pepper,2010,Whole Year,karnataka,shimoga
Karnataka,SHIMOGA,Cardamom,2010,Whole Year,karnataka,shimoga
Karnataka,SHIMOGA,Cashewnut,2010,Whole Year,karnataka,shimoga
Karnataka,SHIMOGA,Coconut,2010,Whole Year,karnataka,shimoga
Karnataka,SHIMOGA,Dry ginger,2010,Whole Year,karnataka,shimoga
Karnataka,SHIMOGA,Sugarcane,2010,Whole Year,karnataka,shimoga
Karnataka,SHIMOGA,Tapioca,2010,Whole Year,karnataka,shimoga
Karnataka,SHIMOGA,Tobacco,2010,Whole Year,karnataka,shimoga
Karnataka,SHIMOGA,Turmeric,2010,Whole Year,karnataka,shimoga
Karnataka,TUMKUR,Arhar/Tur,2010,Kharif,karnataka,tumkur
Karnataka,TUMKUR,Bajra,2010,Kharif,karnataka,tumkur
Karnataka,TUMKUR,Castor seed,2010,Kharif,karnataka,tumkur
Karnataka,TUMKUR,Cotton(lint),2010,Kharif,karnataka,tumkur
Karnataka,TUMKUR,Cowpea(Lobia),2010,Kharif,karnataka,tumkur
Karnataka,TUMKUR,Dry chillies,2010,Kharif,karnataka,tumkur
Karnataka,TUMKUR,Groundnut,2010,Kharif,karnataka,tumkur
Karnataka,TUMKUR,Horse-gram,2010,Kharif,karnataka,tumkur
Karnataka,TUMKUR,Jowar,2010,Kharif,karnataka,tumkur
Karnataka,TUMKUR,Maize,2010,Kharif,karnataka,tumkur
Karnataka,TUMKUR,Moong(Green Gram),2010,Kharif,karnataka,tumkur
Karnataka,TUMKUR,Niger seed,2010,Kharif,karnataka,tumkur
Karnataka,TUMKUR,Onion,2010,Kharif,karnataka,tumkur
Karnataka,TUMKUR,Other Kharif pulses,2010,Kharif,karnataka,tumkur
Karnataka,TUMKUR,Peas & beans (Pulses),2010,Kharif,karnataka,tumkur
Karnataka,TUMKUR,Potato,2010,Kharif,karnataka,tumkur
Karnataka,TUMKUR,Ragi,2010,Kharif,karnataka,tumkur
Karnataka,TUMKUR,Rice,2010,Kharif,karnataka,tumkur
Karnataka,TUMKUR,Sesamum,2010,Kharif,karnataka,tumkur
Karnataka,TUMKUR,Small millets,2010,Kharif,karnataka,tumkur
Karnataka,TUMKUR,Soyabean,2010,Kharif,karnataka,tumkur
Karnataka,TUMKUR,Sunflower,2010,Kharif,karnataka,tumkur
Karnataka,TUMKUR,Urad,2010,Kharif,karnataka,tumkur
Karnataka,TUMKUR,Cotton(lint),2010,Rabi,karnataka,tumkur
Karnataka,TUMKUR,Cowpea(Lobia),2010,Rabi,karnataka,tumkur
Karnataka,TUMKUR,Dry chillies,2010,Rabi,karnataka,tumkur
Karnataka,TUMKUR,Gram,2010,Rabi,karnataka,tumkur
Karnataka,TUMKUR,Groundnut,2010,Rabi,karnataka,tumkur
Karnataka,TUMKUR,Horse-gram,2010,Rabi,karnataka,tumkur
Karnataka,TUMKUR,Maize,2010,Rabi,karnataka,tumkur
Karnataka,TUMKUR,Moong(Green Gram),2010,Rabi,karnataka,tumkur
Karnataka,TUMKUR,Onion,2010,Rabi,karnataka,tumkur
Karnataka,TUMKUR,Peas & beans (Pulses),2010,Rabi,karnataka,tumkur
Karnataka,TUMKUR,Potato,2010,Rabi,karnataka,tumkur
Karnataka,TUMKUR,Ragi,2010,Rabi,karnataka,tumkur
Karnataka,TUMKUR,Rapeseed &Mustard,2010,Rabi,karnataka,tumkur
Karnataka,TUMKUR,Rice,2010,Rabi,karnataka,tumkur
Karnataka,TUMKUR,Sunflower,2010,Rabi,karnataka,tumkur
Karnataka,TUMKUR,Dry chillies,2010,Summer,karnataka,tumkur
Karnataka,TUMKUR,Maize,2010,Summer,karnataka,tumkur
Karnataka,TUMKUR,Onion,2010,Summer,karnataka,tumkur
Karnataka,TUMKUR,Peas & beans (Pulses),2010,Summer,karnataka,tumkur
Karnataka,TUMKUR,Potato,2010,Summer,karnataka,tumkur
Karnataka,TUMKUR,Ragi,2010,Summer,karnataka,tumkur
Karnataka,TUMKUR,Rice,2010,Summer,karnataka,tumkur
Karnataka,TUMKUR,Sunflower,2010,Summer,karnataka,tumkur
Karnataka,TUMKUR,Arecanut,2010,Whole Year,karnataka,tumkur
Karnataka,TUMKUR,Banana,2010,Whole Year,karnataka,tumkur
Karnataka,TUMKUR,Black pepper,2010,Whole Year,karnataka,tumkur
Karnataka,TUMKUR,Cashewnut,2010,Whole Year,karnataka,tumkur
Karnataka,TUMKUR,Coconut,2010,Whole Year,karnataka,tumkur
Karnataka,TUMKUR,Coriander,2010,Whole Year,karnataka,tumkur
Karnataka,TUMKUR,Dry ginger,2010,Whole Year,karnataka,tumkur
Karnataka,TUMKUR,Garlic,2010,Whole Year,karnataka,tumkur
Karnataka,TUMKUR,Sugarcane,2010,Whole Year,karnataka,tumkur
Karnataka,TUMKUR,Sweet potato,2010,Whole Year,karnataka,tumkur
Karnataka,TUMKUR,Tapioca,2010,Whole Year,karnataka,tumkur
Karnataka,TUMKUR,Tobacco,2010,Whole Year,karnataka,tumkur
Karnataka,UDUPI,Dry chillies,2010,Kharif,karnataka,udupi
Karnataka,UDUPI,Rice,2010,Kharif,karnataka,udupi
Karnataka,UDUPI,Sesamum,2010,Kharif,karnataka,udupi
Karnataka,UDUPI,Cowpea(Lobia),2010,Rabi,karnataka,udupi
Karnataka,UDUPI,Dry chillies,2010,Rabi,karnataka,udupi
Karnataka,UDUPI,Groundnut,2010,Rabi,karnataka,udupi
Karnataka,UDUPI,Horse-gram,2010,Rabi,karnataka,udupi
Karnataka,UDUPI,Maize,2010,Rabi,karnataka,udupi
Karnataka,UDUPI,Moong(Green Gram),2010,Rabi,karnataka,udupi
Karnataka,UDUPI,Rice,2010,Rabi,karnataka,udupi
Karnataka,UDUPI,Urad,2010,Rabi,karnataka,udupi
Karnataka,UDUPI,Dry chillies,2010,Summer,karnataka,udupi
Karnataka,UDUPI,Maize,2010,Summer,karnataka,udupi
Karnataka,UDUPI,Rice,2010,Summer,karnataka,udupi
Karnataka,UDUPI,Arecanut,2010,Whole Year,karnataka,udupi
Karnataka,UDUPI,Banana,2010,Whole Year,karnataka,udupi
Karnataka,UDUPI,Black pepper,2010,Whole Year,karnataka,udupi
Karnataka,UDUPI,Cashewnut,2010,Whole Year,karnataka,udupi
Karnataka,UDUPI,Coconut,2010,Whole Year,karnataka,udupi
Karnataka,UDUPI,Dry ginger,2010,Whole Year,karnataka,udupi
Karnataka,UDUPI,Sugarcane,2010,Whole Year,karnataka,udupi
Karnataka,UDUPI,Sweet potato,2010,Whole Year,karnataka,udupi
Karnataka,UDUPI,Tapioca,2010,Whole Year,karnataka,udupi
Karnataka,UDUPI,Turmeric,2010,Whole Year,karnataka,udupi
Karnataka,UTTAR KANNAD,Arhar/Tur,2010,Kharif,karnataka,uttar kannad
Karnataka,UTTAR KANNAD,Cotton(lint),2010,Kharif,karnataka,uttar kannad
Karnataka,UTTAR KANNAD,Groundnut,2010,Kharif,karnataka,uttar kannad
Karnataka,UTTAR KANNAD,Horse-gram,2010,Kharif,karnataka,uttar kannad
Karnataka,UTTAR KANNAD,Jowar,2010,Kharif,karnataka,uttar kannad
Karnataka,UTTAR KANNAD,Maize,2010,Kharif,karnataka,uttar kannad
Karnataka,UTTAR KANNAD,Other Kharif pulses,2010,Kharif,karnataka,uttar kannad
Karnataka,UTTAR KANNAD,Ragi,2010,Kharif,karnataka,uttar kannad
Karnataka,UTTAR KANNAD,Rice,2010,Kharif,karnataka,uttar kannad
Karnataka,UTTAR KANNAD,Sesamum,2010,Kharif,karnataka,uttar kannad
Karnataka,UTTAR KANNAD,Cowpea(Lobia),2010,Rabi,karnataka,uttar kannad
Karnataka,UTTAR KANNAD,Dry chillies,2010,Rabi,karnataka,uttar kannad
Karnataka,UTTAR KANNAD,Gram,2010,Rabi,karnataka,uttar kannad
Karnataka,UTTAR KANNAD,Groundnut,2010,Rabi,karnataka,uttar kannad
Karnataka,UTTAR KANNAD,Horse-gram,2010,Rabi,karnataka,uttar kannad
Karnataka,UTTAR KANNAD,Jowar,2010,Rabi,karnataka,uttar kannad
Karnataka,UTTAR KANNAD,Maize,2010,Rabi,karnataka,uttar kannad
Karnataka,UTTAR KANNAD,Moong(Green Gram),2010,Rabi,karnataka,uttar kannad
Karnataka,UTTAR KANNAD,Onion,2010,Rabi,karnataka,uttar kannad
Karnataka,UTTAR KANNAD,Other  Rabi pulses,2010,Rabi,karnataka,uttar kannad
Karnataka,UTTAR KANNAD,Ragi,2010,Rabi,karnataka,uttar kannad
Karnataka,UTTAR KANNAD,Rice,2010,Rabi,karnataka,uttar kannad
Karnataka,UTTAR KANNAD,Sunflower,2010,Rabi,karnataka,uttar kannad
Karnataka,UTTAR KANNAD,Urad,2010,Rabi,karnataka,uttar kannad
Karnataka,UTTAR KANNAD,Maize,2010,Summer,karnataka,uttar kannad
Karnataka,UTTAR KANNAD,Rice,2010,Summer,karnataka,uttar kannad
Karnataka,UTTAR KANNAD,Arecanut,2010,Whole Year,karnataka,uttar kannad
Karnataka,UTTAR KANNAD,Banana,2010,Whole Year,karnataka,uttar kannad
Karnataka,UTTAR KANNAD,Black pepper,2010,Whole Year,karnataka,uttar kannad
Karnataka,UTTAR KANNAD,Cardamom,2010,Whole Year,karnataka,uttar kannad
Karnataka,UTTAR KANNAD,Cashewnut,2010,Whole Year,karnataka,uttar kannad
Karnataka,UTTAR KANNAD,Coconut,2010,Whole Year,karnataka,uttar kannad
Karnataka,UTTAR KANNAD,Dry ginger,2010,Whole Year,karnataka,uttar kannad
Karnataka,UTTAR KANNAD,Sannhamp,2010,Whole Year,karnataka,uttar kannad
Karnataka,UTTAR KANNAD,Sugarcane,2010,Whole Year,karnataka,uttar kannad
Karnataka,UTTAR KANNAD,Sweet potato,2010,Whole Year,karnataka,uttar kannad
Karnataka,UTTAR KANNAD,Turmeric,2010,Whole Year,karnataka,uttar kannad
Karnataka,YADGIR,Arhar/Tur,2010,Kharif,karnataka,yadgir
Karnataka,YADGIR,Bajra,2010,Kharif,karnataka,yadgir
Karnataka,YADGIR,Castor seed,2010,Kharif,karnataka,yadgir
Karnataka,YADGIR,Cotton(lint),2010,Kharif,karnataka,yadgir
Karnataka,YADGIR,Cowpea(Lobia),2010,Kharif,karnataka,yadgir
Karnataka,YADGIR,Dry chillies,2010,Kharif,karnataka,yadgir
Karnataka,YADGIR,Groundnut,2010,Kharif,karnataka,yadgir
Karnataka,YADGIR,Horse-gram,2010,Kharif,karnataka,yadgir
Karnataka,YADGIR,Jowar,2010,Kharif,karnataka,yadgir
Karnataka,YADGIR,Maize,2010,Kharif,karnataka,yadgir
Karnataka,YADGIR,Moong(Green Gram),2010,Kharif,karnataka,yadgir
Karnataka,YADGIR,Niger seed,2010,Kharif,karnataka,yadgir
Karnataka,YADGIR,Onion,2010,Kharif,karnataka,yadgir
Karnataka,YADGIR,Other Kharif pulses,2010,Kharif,karnataka,yadgir
Karnataka,YADGIR,Rice,2010,Kharif,karnataka,yadgir
Karnataka,YADGIR,Sesamum,2010,Kharif,karnataka,yadgir
Karnataka,YADGIR,Small millets,2010,Kharif,karnataka,yadgir
Karnataka,YADGIR,Sunflower,2010,Kharif,karnataka,yadgir
Karnataka,YADGIR,Urad,2010,Kharif,karnataka,yadgir
Karnataka,YADGIR,Bajra,2010,Rabi,karnataka,yadgir
Karnataka,YADGIR,Cowpea(Lobia),2010,Rabi,karnataka,yadgir
Karnataka,YADGIR,Dry chillies,2010,Rabi,karnataka,yadgir
Karnataka,YADGIR,Gram,2010,Rabi,karnataka,yadgir
Karnataka,YADGIR,Groundnut,2010,Rabi,karnataka,yadgir
Karnataka,YADGIR,Horse-gram,2010,Rabi,karnataka,yadgir
Karnataka,YADGIR,Jowar,2010,Rabi,karnataka,yadgir
Karnataka,YADGIR,Linseed,2010,Rabi,karnataka,yadgir
Karnataka,YADGIR,Maize,2010,Rabi,karnataka,yadgir
Karnataka,YADGIR,Onion,2010,Rabi,karnataka,yadgir
Karnataka,YADGIR,Rice,2010,Rabi,karnataka,yadgir
Karnataka,YADGIR,Safflower,2010,Rabi,karnataka,yadgir
Karnataka,YADGIR,Sunflower,2010,Rabi,karnataka,yadgir
Karnataka,YADGIR,Wheat,2010,Rabi,karnataka,yadgir
Karnataka,YADGIR,Bajra,2010,Summer,karnataka,yadgir
Karnataka,YADGIR,Dry chillies,2010,Summer,karnataka,yadgir
Karnataka,YADGIR,Jowar,2010,Summer,karnataka,yadgir
Karnataka,YADGIR,Maize,2010,Summer,karnataka,yadgir
Karnataka,YADGIR,Onion,2010,Summer,karnataka,yadgir
Karnataka,YADGIR,Rice,2010,Summer,karnataka,yadgir
Karnataka,YADGIR,Sunflower,2010,Summer,karnataka,yadgir
Karnataka,YADGIR,Coconut,2010,Whole Year,karnataka,yadgir
Karnataka,YADGIR,Mesta,2010,Whole Year,karnataka,yadgir
Karnataka,YADGIR,Sugarcane,2010,Whole Year,karnataka,yadgir
Karnataka,YADGIR,Sweet potato,2010,Whole Year,karnataka,yadgir
Kerala,ALAPPUZHA,Rice,2010,Autumn,kerala,alappuzha
Kerala,ALAPPUZHA,Sesamum,2010,Kharif,kerala,alappuzha
Kerala,ALAPPUZHA,Rice,2010,Summer,kerala,alappuzha
Kerala,ALAPPUZHA,Arecanut,2010,Whole Year,kerala,alappuzha
Kerala,ALAPPUZHA,Banana,2010,Whole Year,kerala,alappuzha
Kerala,ALAPPUZHA,Black pepper,2010,Whole Year,kerala,alappuzha
Kerala,ALAPPUZHA,Cashewnut,2010,Whole Year,kerala,alappuzha
Kerala,ALAPPUZHA,Coconut,2010,Whole Year,kerala,alappuzha
Kerala,ALAPPUZHA,Dry ginger,2010,Whole Year,kerala,alappuzha
Kerala,ALAPPUZHA,Sugarcane,2010,Whole Year,kerala,alappuzha
Kerala,ALAPPUZHA,Tapioca,2010,Whole Year,kerala,alappuzha
Kerala,ALAPPUZHA,Turmeric,2010,Whole Year,kerala,alappuzha
Kerala,ALAPPUZHA,Rice,2010,Winter,kerala,alappuzha
Kerala,ERNAKULAM,Rice,2010,Autumn,kerala,ernakulam
Kerala,ERNAKULAM,Sesamum,2010,Kharif,kerala,ernakulam
Kerala,ERNAKULAM,Rice,2010,Summer,kerala,ernakulam
Kerala,ERNAKULAM,Arecanut,2010,Whole Year,kerala,ernakulam
Kerala,ERNAKULAM,Banana,2010,Whole Year,kerala,ernakulam
Kerala,ERNAKULAM,Black pepper,2010,Whole Year,kerala,ernakulam
Kerala,ERNAKULAM,Cashewnut,2010,Whole Year,kerala,ernakulam
Kerala,ERNAKULAM,Coconut,2010,Whole Year,kerala,ernakulam
Kerala,ERNAKULAM,Dry ginger,2010,Whole Year,kerala,ernakulam
Kerala,ERNAKULAM,Tapioca,2010,Whole Year,kerala,ernakulam
Kerala,ERNAKULAM,Turmeric,2010,Whole Year,kerala,ernakulam
Kerala,ERNAKULAM,Rice,2010,Winter,kerala,ernakulam
Kerala,IDUKKI,Rice,2010,Autumn,kerala,idukki
Kerala,IDUKKI,Rice,2010,Summer,kerala,idukki
Kerala,IDUKKI,Arecanut,2010,Whole Year,kerala,idukki
Kerala,IDUKKI,Banana,2010,Whole Year,kerala,idukki
Kerala,IDUKKI,Black pepper,2010,Whole Year,kerala,idukki
Kerala,IDUKKI,Cashewnut,2010,Whole Year,kerala,idukki
Kerala,IDUKKI,Coconut,2010,Whole Year,kerala,idukki
Kerala,IDUKKI,Dry ginger,2010,Whole Year,kerala,idukki
Kerala,IDUKKI,Sugarcane,2010,Whole Year,kerala,idukki
Kerala,IDUKKI,Tapioca,2010,Whole Year,kerala,idukki
Kerala,IDUKKI,Turmeric,2010,Whole Year,kerala,idukki
Kerala,IDUKKI,Rice,2010,Winter,kerala,idukki
Kerala,KANNUR,Rice,2010,Autumn,kerala,kannur
Kerala,KANNUR,Rice,2010,Summer,kerala,kannur
Kerala,KANNUR,Arecanut,2010,Whole Year,kerala,kannur
Kerala,KANNUR,Banana,2010,Whole Year,kerala,kannur
Kerala,KANNUR,Black pepper,2010,Whole Year,kerala,kannur
Kerala,KANNUR,Cashewnut,2010,Whole Year,kerala,kannur
Kerala,KANNUR,Coconut,2010,Whole Year,kerala,kannur
Kerala,KANNUR,Dry ginger,2010,Whole Year,kerala,kannur
Kerala,KANNUR,Sugarcane,2010,Whole Year,kerala,kannur
Kerala,KANNUR,Tapioca,2010,Whole Year,kerala,kannur
Kerala,KANNUR,Turmeric,2010,Whole Year,kerala,kannur
Kerala,KANNUR,Rice,2010,Winter,kerala,kannur
Kerala,KASARAGOD,Rice,2010,Autumn,kerala,kasaragod
Kerala,KASARAGOD,Rice,2010,Summer,kerala,kasaragod
Kerala,KASARAGOD,Arecanut,2010,Whole Year,kerala,kasaragod
Kerala,KASARAGOD,Banana,2010,Whole Year,kerala,kasaragod
Kerala,KASARAGOD,Black pepper,2010,Whole Year,kerala,kasaragod
Kerala,KASARAGOD,Cashewnut,2010,Whole Year,kerala,kasaragod
Kerala,KASARAGOD,Coconut,2010,Whole Year,kerala,kasaragod
Kerala,KASARAGOD,Dry ginger,2010,Whole Year,kerala,kasaragod
Kerala,KASARAGOD,Sugarcane,2010,Whole Year,kerala,kasaragod
Kerala,KASARAGOD,Tapioca,2010,Whole Year,kerala,kasaragod
Kerala,KASARAGOD,Turmeric,2010,Whole Year,kerala,kasaragod
Kerala,KASARAGOD,Rice,2010,Winter,kerala,kasaragod
Kerala,KOLLAM,Rice,2010,Autumn,kerala,kollam
Kerala,KOLLAM,Sesamum,2010,Kharif,kerala,kollam
Kerala,KOLLAM,Rice,2010,Summer,kerala,kollam
Kerala,KOLLAM,Arecanut,2010,Whole Year,kerala,kollam
Kerala,KOLLAM,Banana,2010,Whole Year,kerala,kollam
Kerala,KOLLAM,Black pepper,2010,Whole Year,kerala,kollam
Kerala,KOLLAM,Cashewnut,2010,Whole Year,kerala,kollam
Kerala,KOLLAM,Coconut,2010,Whole Year,kerala,kollam
Kerala,KOLLAM,Dry ginger,2010,Whole Year,kerala,kollam
Kerala,KOLLAM,Tapioca,2010,Whole Year,kerala,kollam
Kerala,KOLLAM,Turmeric,2010,Whole Year,kerala,kollam
Kerala,KOLLAM,Rice,2010,Winter,kerala,kollam
Kerala,KOTTAYAM,Rice,2010,Autumn,kerala,kottayam
Kerala,KOTTAYAM,Rice,2010,Summer,kerala,kottayam
Kerala,KOTTAYAM,Arecanut,2010,Whole Year,kerala,kottayam
Kerala,KOTTAYAM,Banana,2010,Whole Year,kerala,kottayam
Kerala,KOTTAYAM,Black pepper,2010,Whole Year,kerala,kottayam
Kerala,KOTTAYAM,Cashewnut,2010,Whole Year,kerala,kottayam
Kerala,KOTTAYAM,Coconut,2010,Whole Year,kerala,kottayam
Kerala,KOTTAYAM,Dry ginger,2010,Whole Year,kerala,kottayam
Kerala,KOTTAYAM,Sugarcane,2010,Whole Year,kerala,kottayam
Kerala,KOTTAYAM,Tapioca,2010,Whole Year,kerala,kottayam
Kerala,KOTTAYAM,Turmeric,2010,Whole Year,kerala,kottayam
Kerala,KOTTAYAM,Rice,2010,Winter,kerala,kottayam
Kerala,KOZHIKODE,Rice,2010,Autumn,kerala,kozhikode
Kerala,KOZHIKODE,Rice,2010,Summer,kerala,kozhikode
Kerala,KOZHIKODE,Arecanut,2010,Whole Year,kerala,kozhikode
Kerala,KOZHIKODE,Banana,2010,Whole Year,kerala,kozhikode
Kerala,KOZHIKODE,Black pepper,2010,Whole Year,kerala,kozhikode
Kerala,KOZHIKODE,Cashewnut,2010,Whole Year,kerala,kozhikode
Kerala,KOZHIKODE,Coconut,2010,Whole Year,kerala,kozhikode
Kerala,KOZHIKODE,Dry ginger,2010,Whole Year,kerala,kozhikode
Kerala,KOZHIKODE,Tapioca,2010,Whole Year,kerala,kozhikode
Kerala,KOZHIKODE,Turmeric,2010,Whole Year,kerala,kozhikode
Kerala,KOZHIKODE,Rice,2010,Winter,kerala,kozhikode
Kerala,MALAPPURAM,Rice,2010,Autumn,kerala,malappuram
Kerala,MALAPPURAM,Sesamum,2010,Kharif,kerala,malappuram
Kerala,MALAPPURAM,Rice,2010,Summer,kerala,malappuram
Kerala,MALAPPURAM,Arecanut,2010,Whole Year,kerala,malappuram
Kerala,MALAPPURAM,Banana,2010,Whole Year,kerala,malappuram
Kerala,MALAPPURAM,Black pepper,2010,Whole Year,kerala,malappuram
Kerala,MALAPPURAM,Cashewnut,2010,Whole Year,kerala,malappuram
Kerala,MALAPPURAM,Coconut,2010,Whole Year,kerala,malappuram
Kerala,MALAPPURAM,Dry ginger,2010,Whole Year,kerala,malappuram
Kerala,MALAPPURAM,Tapioca,2010,Whole Year,kerala,malappuram
Kerala,MALAPPURAM,Turmeric,2010,Whole Year,kerala,malappuram
Kerala,MALAPPURAM,Rice,2010,Winter,kerala,malappuram
Kerala,PALAKKAD,Rice,2010,Autumn,kerala,palakkad
Kerala,PALAKKAD,Sesamum,2010,Kharif,kerala,palakkad
Kerala,PALAKKAD,Rice,2010,Summer,kerala,palakkad
Kerala,PALAKKAD,Arecanut,2010,Whole Year,kerala,palakkad
Kerala,PALAKKAD,Banana,2010,Whole Year,kerala,palakkad
Kerala,PALAKKAD,Black pepper,2010,Whole Year,kerala,palakkad
Kerala,PALAKKAD,Cashewnut,2010,Whole Year,kerala,palakkad
Kerala,PALAKKAD,Coconut,2010,Whole Year,kerala,palakkad
Kerala,PALAKKAD,Dry ginger,2010,Whole Year,kerala,palakkad
Kerala,PALAKKAD,Sugarcane,2010,Whole Year,kerala,palakkad
Kerala,PALAKKAD,Tapioca,2010,Whole Year,kerala,palakkad
Kerala,PALAKKAD,Turmeric,2010,Whole Year,kerala,palakkad
Kerala,PALAKKAD,Rice,2010,Winter,kerala,palakkad
Kerala,PATHANAMTHITTA,Rice,2010,Autumn,kerala,pathanamthitta
Kerala,PATHANAMTHITTA,Rice,2010,Summer,kerala,pathanamthitta
Kerala,PATHANAMTHITTA,Arecanut,2010,Whole Year,kerala,pathanamthitta
Kerala,PATHANAMTHITTA,Banana,2010,Whole Year,kerala,pathanamthitta
Kerala,PATHANAMTHITTA,Black pepper,2010,Whole Year,kerala,pathanamthitta
Kerala,PATHANAMTHITTA,Cashewnut,2010,Whole Year,kerala,pathanamthitta
Kerala,PATHANAMTHITTA,Coconut,2010,Whole Year,kerala,pathanamthitta
Kerala,PATHANAMTHITTA,Dry ginger,2010,Whole Year,kerala,pathanamthitta
Kerala,PATHANAMTHITTA,Sugarcane,2010,Whole Year,kerala,pathanamthitta
Kerala,PATHANAMTHITTA,Tapioca,2010,Whole Year,kerala,pathanamthitta
Kerala,PATHANAMTHITTA,Turmeric,2010,Whole Year,kerala,pathanamthitta
Kerala,PATHANAMTHITTA,Rice,2010,Winter,kerala,pathanamthitta
Kerala,THIRUVANANTHAPURAM,Rice,2010,Autumn,kerala,thiruvananthapuram
Kerala,THIRUVANANTHAPURAM,Rice,2010,Summer,kerala,thiruvananthapuram
Kerala,THIRUVANANTHAPURAM,Arecanut,2010,Whole Year,kerala,thiruvananthapuram
Kerala,THIRUVANANTHAPURAM,Banana,2010,Whole Year,kerala,thiruvananthapuram
Kerala,THIRUVANANTHAPURAM,Black pepper,2010,Whole Year,kerala,thiruvananthapuram
Kerala,THIRUVANANTHAPURAM,Cashewnut,2010,Whole Year,kerala,thiruvananthapuram
Kerala,THIRUVANANTHAPURAM,Coconut,2010,Whole Year,kerala,thiruvananthapuram
Kerala,THIRUVANANTHAPURAM,Dry ginger,2010,Whole Year,kerala,thiruvananthapuram
Kerala,THIRUVANANTHAPURAM,Tapioca,2010,Whole Year,kerala,thiruvananthapuram
Kerala,THIRUVANANTHAPURAM,Turmeric,2010,Whole Year,kerala,thiruvananthapuram
Kerala,THIRUVANANTHAPURAM,Rice,2010,Winter,kerala,thiruvananthapuram
Kerala,THRISSUR,Rice,2010,Autumn,kerala,thrissur
Kerala,THRISSUR,Sesamum,2010,Kharif,kerala,thrissur
Kerala,THRISSUR,Rice,2010,Summer,kerala,thrissur
Kerala,THRISSUR,Arecanut,2010,Whole Year,kerala,thrissur
Kerala,THRISSUR,Banana,2010,Whole Year,kerala,thrissur
Kerala,THRISSUR,Black pepper,2010,Whole Year,kerala,thrissur
Kerala,THRISSUR,Cashewnut,2010,Whole Year,kerala,thrissur
Kerala,THRISSUR,Coconut,2010,Whole Year,kerala,thrissur
Kerala,THRISSUR,Dry ginger,2010,Whole Year,kerala,thrissur
Kerala,THRISSUR,Tapioca,2010,Whole Year,kerala,thrissur
Kerala,THRISSUR,Turmeric,2010,Whole Year,kerala,thrissur
Kerala,THRISSUR,Rice,2010,Winter,kerala,thrissur
Kerala,WAYANAD,Sesamum,2010,Kharif,kerala,wayanad
Kerala,WAYANAD,Rice,2010,Summer,kerala,wayanad
Kerala,WAYANAD,Arecanut,2010,Whole Year,kerala,wayanad
Kerala,WAYANAD,Banana,2010,Whole Year,kerala,wayanad
Kerala,WAYANAD,Black pepper,2010,Whole Year,kerala,wayanad
Kerala,WAYANAD,Cashewnut,2010,Whole Year,kerala,wayanad
Kerala,WAYANAD,Coconut,2010,Whole Year,kerala,wayanad
Kerala,WAYANAD,Dry ginger,2010,Whole Year,kerala,wayanad
Kerala,WAYANAD,Sugarcane,2010,Whole Year,kerala,wayanad
Kerala,WAYANAD,Tapioca,2010,Whole Year,kerala,wayanad
Kerala,WAYANAD,Turmeric,2010,Whole Year,kerala,wayanad
Kerala,WAYANAD,Rice,2010,Winter,kerala,wayanad
Madhya Pradesh,ALIRAJPUR,Arhar/Tur,2010,Kharif,madhya pradesh,alirajpur
Madhya Pradesh,ALIRAJPUR,Bajra,2010,Kharif,madhya pradesh,alirajpur
Madhya Pradesh,ALIRAJPUR,Castor seed,2010,Kharif,madhya pradesh,alirajpur
Madhya Pradesh,ALIRAJPUR,Cotton(lint),2010,Kharif,madhya pradesh,alirajpur
Madhya Pradesh,ALIRAJPUR,Groundnut,2010,Kharif,madhya pradesh,alirajpur
Madhya Pradesh,ALIRAJPUR,Horse-gram,2010,Kharif,madhya pradesh,alirajpur
Madhya Pradesh,ALIRAJPUR,Jowar,2010,Kharif,madhya pradesh,alirajpur
Madhya Pradesh,ALIRAJPUR,Maize,2010,Kharif,madhya pradesh,alirajpur
Madhya Pradesh,ALIRAJPUR,Moong(Green Gram),2010,Kharif,madhya pradesh,alirajpur
Madhya Pradesh,ALIRAJPUR,Other Kharif pulses,2010,Kharif,madhya pradesh,alirajpur
Madhya Pradesh,ALIRAJPUR,Rice,2010,Kharif,madhya pradesh,alirajpur
Madhya Pradesh,ALIRAJPUR,Small millets,2010,Kharif,madhya pradesh,alirajpur
Madhya Pradesh,ALIRAJPUR,Soyabean,2010,Kharif,madhya pradesh,alirajpur
Madhya Pradesh,ALIRAJPUR,Urad,2010,Kharif,madhya pradesh,alirajpur
Madhya Pradesh,ALIRAJPUR,Barley,2010,Rabi,madhya pradesh,alirajpur
Madhya Pradesh,ALIRAJPUR,Gram,2010,Rabi,madhya pradesh,alirajpur
Madhya Pradesh,ALIRAJPUR,Jowar,2010,Rabi,madhya pradesh,alirajpur
Madhya Pradesh,ALIRAJPUR,Linseed,2010,Rabi,madhya pradesh,alirajpur
Madhya Pradesh,ALIRAJPUR,Moong(Green Gram),2010,Rabi,madhya pradesh,alirajpur
Madhya Pradesh,ALIRAJPUR,Peas & beans (Pulses),2010,Rabi,madhya pradesh,alirajpur
Madhya Pradesh,ALIRAJPUR,Wheat,2010,Rabi,madhya pradesh,alirajpur
Madhya Pradesh,ALIRAJPUR,Coriander,2010,Whole Year,madhya pradesh,alirajpur
Madhya Pradesh,ALIRAJPUR,Dry chillies,2010,Whole Year,madhya pradesh,alirajpur
Madhya Pradesh,ALIRAJPUR,Dry ginger,2010,Whole Year,madhya pradesh,alirajpur
Madhya Pradesh,ALIRAJPUR,Garlic,2010,Whole Year,madhya pradesh,alirajpur
Madhya Pradesh,ALIRAJPUR,Mesta,2010,Whole Year,madhya pradesh,alirajpur
Madhya Pradesh,ALIRAJPUR,Onion,2010,Whole Year,madhya pradesh,alirajpur
Madhya Pradesh,ALIRAJPUR,Sannhamp,2010,Whole Year,madhya pradesh,alirajpur
Madhya Pradesh,ALIRAJPUR,Sesamum,2010,Whole Year,madhya pradesh,alirajpur
Madhya Pradesh,ALIRAJPUR,Sweet potato,2010,Whole Year,madhya pradesh,alirajpur
Madhya Pradesh,ALIRAJPUR,Turmeric,2010,Whole Year,madhya pradesh,alirajpur
Madhya Pradesh,ANUPPUR,Arhar/Tur,2010,Kharif,madhya pradesh,anuppur
Madhya Pradesh,ANUPPUR,Cowpea(Lobia),2010,Kharif,madhya pradesh,anuppur
Madhya Pradesh,ANUPPUR,Groundnut,2010,Kharif,madhya pradesh,anuppur
Madhya Pradesh,ANUPPUR,Horse-gram,2010,Kharif,madhya pradesh,anuppur
Madhya Pradesh,ANUPPUR,Jowar,2010,Kharif,madhya pradesh,anuppur
Madhya Pradesh,ANUPPUR,Maize,2010,Kharif,madhya pradesh,anuppur
Madhya Pradesh,ANUPPUR,Moong(Green Gram),2010,Kharif,madhya pradesh,anuppur
Madhya Pradesh,ANUPPUR,Niger seed,2010,Kharif,madhya pradesh,anuppur
Madhya Pradesh,ANUPPUR,Rice,2010,Kharif,madhya pradesh,anuppur
Madhya Pradesh,ANUPPUR,Small millets,2010,Kharif,madhya pradesh,anuppur
Madhya Pradesh,ANUPPUR,Soyabean,2010,Kharif,madhya pradesh,anuppur
Madhya Pradesh,ANUPPUR,Urad,2010,Kharif,madhya pradesh,anuppur
Madhya Pradesh,ANUPPUR,Barley,2010,Rabi,madhya pradesh,anuppur
Madhya Pradesh,ANUPPUR,Cowpea(Lobia),2010,Rabi,madhya pradesh,anuppur
Madhya Pradesh,ANUPPUR,Gram,2010,Rabi,madhya pradesh,anuppur
Madhya Pradesh,ANUPPUR,Khesari,2010,Rabi,madhya pradesh,anuppur
Madhya Pradesh,ANUPPUR,Linseed,2010,Rabi,madhya pradesh,anuppur
Madhya Pradesh,ANUPPUR,Masoor,2010,Rabi,madhya pradesh,anuppur
Madhya Pradesh,ANUPPUR,Peas & beans (Pulses),2010,Rabi,madhya pradesh,anuppur
Madhya Pradesh,ANUPPUR,Rapeseed &Mustard,2010,Rabi,madhya pradesh,anuppur
Madhya Pradesh,ANUPPUR,Urad,2010,Rabi,madhya pradesh,anuppur
Madhya Pradesh,ANUPPUR,Wheat,2010,Rabi,madhya pradesh,anuppur
Madhya Pradesh,ANUPPUR,Coriander,2010,Whole Year,madhya pradesh,anuppur
Madhya Pradesh,ANUPPUR,Dry chillies,2010,Whole Year,madhya pradesh,anuppur
Madhya Pradesh,ANUPPUR,Dry ginger,2010,Whole Year,madhya pradesh,anuppur
Madhya Pradesh,ANUPPUR,Garlic,2010,Whole Year,madhya pradesh,anuppur
Madhya Pradesh,ANUPPUR,Onion,2010,Whole Year,madhya pradesh,anuppur
Madhya Pradesh,ANUPPUR,Potato,2010,Whole Year,madhya pradesh,anuppur
Madhya Pradesh,ANUPPUR,Sannhamp,2010,Whole Year,madhya pradesh,anuppur
Madhya Pradesh,ANUPPUR,Sesamum,2010,Whole Year,madhya pradesh,anuppur
Madhya Pradesh,ANUPPUR,Sugarcane,2010,Whole Year,madhya pradesh,anuppur
Madhya Pradesh,ANUPPUR,Sweet potato,2010,Whole Year,madhya pradesh,anuppur
Madhya Pradesh,ANUPPUR,Turmeric,2010,Whole Year,madhya pradesh,anuppur
Madhya Pradesh,ASHOKNAGAR,Arhar/Tur,2010,Kharif,madhya pradesh,ashoknagar
Madhya Pradesh,ASHOKNAGAR,Groundnut,2010,Kharif,madhya pradesh,ashoknagar
Madhya Pradesh,ASHOKNAGAR,Jowar,2010,Kharif,madhya pradesh,ashoknagar
Madhya Pradesh,ASHOKNAGAR,Maize,2010,Kharif,madhya pradesh,ashoknagar
Madhya Pradesh,ASHOKNAGAR,Moong(Green Gram),2010,Kharif,madhya pradesh,ashoknagar
Madhya Pradesh,ASHOKNAGAR,Rice,2010,Kharif,madhya pradesh,ashoknagar
Madhya Pradesh,ASHOKNAGAR,Soyabean,2010,Kharif,madhya pradesh,ashoknagar
Madhya Pradesh,ASHOKNAGAR,Urad,2010,Kharif,madhya pradesh,ashoknagar
Madhya Pradesh,ASHOKNAGAR,Barley,2010,Rabi,madhya pradesh,ashoknagar
Madhya Pradesh,ASHOKNAGAR,Gram,2010,Rabi,madhya pradesh,ashoknagar
Madhya Pradesh,ASHOKNAGAR,Khesari,2010,Rabi,madhya pradesh,ashoknagar
Madhya Pradesh,ASHOKNAGAR,Linseed,2010,Rabi,madhya pradesh,ashoknagar
Madhya Pradesh,ASHOKNAGAR,Masoor,2010,Rabi,madhya pradesh,ashoknagar
Madhya Pradesh,ASHOKNAGAR,Moong(Green Gram),2010,Rabi,madhya pradesh,ashoknagar
Madhya Pradesh,ASHOKNAGAR,Peas & beans (Pulses),2010,Rabi,madhya pradesh,ashoknagar
Madhya Pradesh,ASHOKNAGAR,Rapeseed &Mustard,2010,Rabi,madhya pradesh,ashoknagar
Madhya Pradesh,ASHOKNAGAR,Wheat,2010,Rabi,madhya pradesh,ashoknagar
Madhya Pradesh,ASHOKNAGAR,Coriander,2010,Whole Year,madhya pradesh,ashoknagar
Madhya Pradesh,ASHOKNAGAR,Dry chillies,2010,Whole Year,madhya pradesh,ashoknagar
Madhya Pradesh,ASHOKNAGAR,Dry ginger,2010,Whole Year,madhya pradesh,ashoknagar
Madhya Pradesh,ASHOKNAGAR,Garlic,2010,Whole Year,madhya pradesh,ashoknagar
Madhya Pradesh,ASHOKNAGAR,Onion,2010,Whole Year,madhya pradesh,ashoknagar
Madhya Pradesh,ASHOKNAGAR,Potato,2010,Whole Year,madhya pradesh,ashoknagar
Madhya Pradesh,ASHOKNAGAR,Sesamum,2010,Whole Year,madhya pradesh,ashoknagar
Madhya Pradesh,ASHOKNAGAR,Sugarcane,2010,Whole Year,madhya pradesh,ashoknagar
Madhya Pradesh,ASHOKNAGAR,Sweet potato,2010,Whole Year,madhya pradesh,ashoknagar
Madhya Pradesh,BALAGHAT,Arhar/Tur,2010,Kharif,madhya pradesh,balaghat
Madhya Pradesh,BALAGHAT,Castor seed,2010,Kharif,madhya pradesh,balaghat
Madhya Pradesh,BALAGHAT,Cowpea(Lobia),2010,Kharif,madhya pradesh,balaghat
Madhya Pradesh,BALAGHAT,Groundnut,2010,Kharif,madhya pradesh,balaghat
Madhya Pradesh,BALAGHAT,Horse-gram,2010,Kharif,madhya pradesh,balaghat
Madhya Pradesh,BALAGHAT,Jowar,2010,Kharif,madhya pradesh,balaghat
Madhya Pradesh,BALAGHAT,Maize,2010,Kharif,madhya pradesh,balaghat
Madhya Pradesh,BALAGHAT,Moong(Green Gram),2010,Kharif,madhya pradesh,balaghat
Madhya Pradesh,BALAGHAT,Niger seed,2010,Kharif,madhya pradesh,balaghat
Madhya Pradesh,BALAGHAT,Other Kharif pulses,2010,Kharif,madhya pradesh,balaghat
Madhya Pradesh,BALAGHAT,Ragi,2010,Kharif,madhya pradesh,balaghat
Madhya Pradesh,BALAGHAT,Rice,2010,Kharif,madhya pradesh,balaghat
Madhya Pradesh,BALAGHAT,Small millets,2010,Kharif,madhya pradesh,balaghat
Madhya Pradesh,BALAGHAT,Soyabean,2010,Kharif,madhya pradesh,balaghat
Madhya Pradesh,BALAGHAT,Sunflower,2010,Kharif,madhya pradesh,balaghat
Madhya Pradesh,BALAGHAT,Urad,2010,Kharif,madhya pradesh,balaghat
Madhya Pradesh,BALAGHAT,Cowpea(Lobia),2010,Rabi,madhya pradesh,balaghat
Madhya Pradesh,BALAGHAT,Gram,2010,Rabi,madhya pradesh,balaghat
Madhya Pradesh,BALAGHAT,Horse-gram,2010,Rabi,madhya pradesh,balaghat
Madhya Pradesh,BALAGHAT,Khesari,2010,Rabi,madhya pradesh,balaghat
Madhya Pradesh,BALAGHAT,Linseed,2010,Rabi,madhya pradesh,balaghat
Madhya Pradesh,BALAGHAT,Masoor,2010,Rabi,madhya pradesh,balaghat
Madhya Pradesh,BALAGHAT,Moong(Green Gram),2010,Rabi,madhya pradesh,balaghat
Madhya Pradesh,BALAGHAT,Peas & beans (Pulses),2010,Rabi,madhya pradesh,balaghat
Madhya Pradesh,BALAGHAT,Rapeseed &Mustard,2010,Rabi,madhya pradesh,balaghat
Madhya Pradesh,BALAGHAT,Safflower,2010,Rabi,madhya pradesh,balaghat
Madhya Pradesh,BALAGHAT,Urad,2010,Rabi,madhya pradesh,balaghat
Madhya Pradesh,BALAGHAT,Wheat,2010,Rabi,madhya pradesh,balaghat
Madhya Pradesh,BALAGHAT,Banana,2010,Whole Year,madhya pradesh,balaghat
Madhya Pradesh,BALAGHAT,Coriander,2010,Whole Year,madhya pradesh,balaghat
Madhya Pradesh,BALAGHAT,Dry chillies,2010,Whole Year,madhya pradesh,balaghat
Madhya Pradesh,BALAGHAT,Dry ginger,2010,Whole Year,madhya pradesh,balaghat
Madhya Pradesh,BALAGHAT,Garlic,2010,Whole Year,madhya pradesh,balaghat
Madhya Pradesh,BALAGHAT,Mesta,2010,Whole Year,madhya pradesh,balaghat
Madhya Pradesh,BALAGHAT,Onion,2010,Whole Year,madhya pradesh,balaghat
Madhya Pradesh,BALAGHAT,Potato,2010,Whole Year,madhya pradesh,balaghat
Madhya Pradesh,BALAGHAT,Sannhamp,2010,Whole Year,madhya pradesh,balaghat
Madhya Pradesh,BALAGHAT,Sesamum,2010,Whole Year,madhya pradesh,balaghat
Madhya Pradesh,BALAGHAT,Sugarcane,2010,Whole Year,madhya pradesh,balaghat
Madhya Pradesh,BALAGHAT,Sweet potato,2010,Whole Year,madhya pradesh,balaghat
Madhya Pradesh,BALAGHAT,Turmeric,2010,Whole Year,madhya pradesh,balaghat
Madhya Pradesh,BARWANI,Arhar/Tur,2010,Kharif,madhya pradesh,barwani
Madhya Pradesh,BARWANI,Bajra,2010,Kharif,madhya pradesh,barwani
Madhya Pradesh,BARWANI,Castor seed,2010,Kharif,madhya pradesh,barwani
Madhya Pradesh,BARWANI,Cotton(lint),2010,Kharif,madhya pradesh,barwani
Madhya Pradesh,BARWANI,Groundnut,2010,Kharif,madhya pradesh,barwani
Madhya Pradesh,BARWANI,Horse-gram,2010,Kharif,madhya pradesh,barwani
Madhya Pradesh,BARWANI,Jowar,2010,Kharif,madhya pradesh,barwani
Madhya Pradesh,BARWANI,Maize,2010,Kharif,madhya pradesh,barwani
Madhya Pradesh,BARWANI,Moong(Green Gram),2010,Kharif,madhya pradesh,barwani
Madhya Pradesh,BARWANI,Rice,2010,Kharif,madhya pradesh,barwani
Madhya Pradesh,BARWANI,Small millets,2010,Kharif,madhya pradesh,barwani
Madhya Pradesh,BARWANI,Soyabean,2010,Kharif,madhya pradesh,barwani
Madhya Pradesh,BARWANI,Sunflower,2010,Kharif,madhya pradesh,barwani
Madhya Pradesh,BARWANI,Urad,2010,Kharif,madhya pradesh,barwani
Madhya Pradesh,BARWANI,Gram,2010,Rabi,madhya pradesh,barwani
Madhya Pradesh,BARWANI,Jowar,2010,Rabi,madhya pradesh,barwani
Madhya Pradesh,BARWANI,Moong(Green Gram),2010,Rabi,madhya pradesh,barwani
Madhya Pradesh,BARWANI,Wheat,2010,Rabi,madhya pradesh,barwani
Madhya Pradesh,BARWANI,Banana,2010,Whole Year,madhya pradesh,barwani
Madhya Pradesh,BARWANI,Coriander,2010,Whole Year,madhya pradesh,barwani
Madhya Pradesh,BARWANI,Dry chillies,2010,Whole Year,madhya pradesh,barwani
Madhya Pradesh,BARWANI,Dry ginger,2010,Whole Year,madhya pradesh,barwani
Madhya Pradesh,BARWANI,Garlic,2010,Whole Year,madhya pradesh,barwani
Madhya Pradesh,BARWANI,Mesta,2010,Whole Year,madhya pradesh,barwani
Madhya Pradesh,BARWANI,Onion,2010,Whole Year,madhya pradesh,barwani
Madhya Pradesh,BARWANI,Potato,2010,Whole Year,madhya pradesh,barwani
Madhya Pradesh,BARWANI,Sannhamp,2010,Whole Year,madhya pradesh,barwani
Madhya Pradesh,BARWANI,Sesamum,2010,Whole Year,madhya pradesh,barwani
Madhya Pradesh,BARWANI,Sugarcane,2010,Whole Year,madhya pradesh,barwani
Madhya Pradesh,BARWANI,Sweet potato,2010,Whole Year,madhya pradesh,barwani
Madhya Pradesh,BARWANI,Tobacco,2010,Whole Year,madhya pradesh,barwani
Madhya Pradesh,BARWANI,Turmeric,2010,Whole Year,madhya pradesh,barwani
Madhya Pradesh,BETUL,Arhar/Tur,2010,Kharif,madhya pradesh,betul
Madhya Pradesh,BETUL,Cotton(lint),2010,Kharif,madhya pradesh,betul
Madhya Pradesh,BETUL,Cowpea(Lobia),2010,Kharif,madhya pradesh,betul
Madhya Pradesh,BETUL,Groundnut,2010,Kharif,madhya pradesh,betul
Madhya Pradesh,BETUL,Jowar,2010,Kharif,madhya pradesh,betul
Madhya Pradesh,BETUL,Maize,2010,Kharif,madhya pradesh,betul
Madhya Pradesh,BETUL,Moong(Green Gram),2010,Kharif,madhya pradesh,betul
Madhya Pradesh,BETUL,Niger seed,2010,Kharif,madhya pradesh,betul
Madhya Pradesh,BETUL,Rice,2010,Kharif,madhya pradesh,betul
Madhya Pradesh,BETUL,Small millets,2010,Kharif,madhya pradesh,betul
Madhya Pradesh,BETUL,Soyabean,2010,Kharif,madhya pradesh,betul
Madhya Pradesh,BETUL,Urad,2010,Kharif,madhya pradesh,betul
Madhya Pradesh,BETUL,Cowpea(Lobia),2010,Rabi,madhya pradesh,betul
Madhya Pradesh,BETUL,Gram,2010,Rabi,madhya pradesh,betul
Madhya Pradesh,BETUL,Khesari,2010,Rabi,madhya pradesh,betul
Madhya Pradesh,BETUL,Linseed,2010,Rabi,madhya pradesh,betul
Madhya Pradesh,BETUL,Masoor,2010,Rabi,madhya pradesh,betul
Madhya Pradesh,BETUL,Moong(Green Gram),2010,Rabi,madhya pradesh,betul
Madhya Pradesh,BETUL,Peas & beans (Pulses),2010,Rabi,madhya pradesh,betul
Madhya Pradesh,BETUL,Rapeseed &Mustard,2010,Rabi,madhya pradesh,betul
Madhya Pradesh,BETUL,Urad,2010,Rabi,madhya pradesh,betul
Madhya Pradesh,BETUL,Wheat,2010,Rabi,madhya pradesh,betul
Madhya Pradesh,BETUL,Coriander,2010,Whole Year,madhya pradesh,betul
Madhya Pradesh,BETUL,Dry chillies,2010,Whole Year,madhya pradesh,betul
Madhya Pradesh,BETUL,Dry ginger,2010,Whole Year,madhya pradesh,betul
Madhya Pradesh,BETUL,Garlic,2010,Whole Year,madhya pradesh,betul
Madhya Pradesh,BETUL,Onion,2010,Whole Year,madhya pradesh,betul
Madhya Pradesh,BETUL,Potato,2010,Whole Year,madhya pradesh,betul
Madhya Pradesh,BETUL,Sannhamp,2010,Whole Year,madhya pradesh,betul
Madhya Pradesh,BETUL,Sesamum,2010,Whole Year,madhya pradesh,betul
Madhya Pradesh,BETUL,Sugarcane,2010,Whole Year,madhya pradesh,betul
Madhya Pradesh,BETUL,Sweet potato,2010,Whole Year,madhya pradesh,betul
Madhya Pradesh,BHIND,Arhar/Tur,2010,Kharif,madhya pradesh,bhind
Madhya Pradesh,BHIND,Bajra,2010,Kharif,madhya pradesh,bhind
Madhya Pradesh,BHIND,Jowar,2010,Kharif,madhya pradesh,bhind
Madhya Pradesh,BHIND,Maize,2010,Kharif,madhya pradesh,bhind
Madhya Pradesh,BHIND,Moong(Green Gram),2010,Kharif,madhya pradesh,bhind
Madhya Pradesh,BHIND,Rice,2010,Kharif,madhya pradesh,bhind
Madhya Pradesh,BHIND,Urad,2010,Kharif,madhya pradesh,bhind
Madhya Pradesh,BHIND,Barley,2010,Rabi,madhya pradesh,bhind
Madhya Pradesh,BHIND,Gram,2010,Rabi,madhya pradesh,bhind
Madhya Pradesh,BHIND,Linseed,2010,Rabi,madhya pradesh,bhind
Madhya Pradesh,BHIND,Masoor,2010,Rabi,madhya pradesh,bhind
Madhya Pradesh,BHIND,Peas & beans (Pulses),2010,Rabi,madhya pradesh,bhind
Madhya Pradesh,BHIND,Rapeseed &Mustard,2010,Rabi,madhya pradesh,bhind
Madhya Pradesh,BHIND,Wheat,2010,Rabi,madhya pradesh,bhind
Madhya Pradesh,BHIND,Dry chillies,2010,Whole Year,madhya pradesh,bhind
Madhya Pradesh,BHIND,Garlic,2010,Whole Year,madhya pradesh,bhind
Madhya Pradesh,BHIND,Onion,2010,Whole Year,madhya pradesh,bhind
Madhya Pradesh,BHIND,Potato,2010,Whole Year,madhya pradesh,bhind
Madhya Pradesh,BHIND,Sannhamp,2010,Whole Year,madhya pradesh,bhind
Madhya Pradesh,BHIND,Sesamum,2010,Whole Year,madhya pradesh,bhind
Madhya Pradesh,BHIND,Sugarcane,2010,Whole Year,madhya pradesh,bhind
Madhya Pradesh,BHIND,Sweet potato,2010,Whole Year,madhya pradesh,bhind
Madhya Pradesh,BHOPAL,Arhar/Tur,2010,Kharif,madhya pradesh,bhopal
Madhya Pradesh,BHOPAL,Cowpea(Lobia),2010,Kharif,madhya pradesh,bhopal
Madhya Pradesh,BHOPAL,Groundnut,2010,Kharif,madhya pradesh,bhopal
Madhya Pradesh,BHOPAL,Jowar,2010,Kharif,madhya pradesh,bhopal
Madhya Pradesh,BHOPAL,Maize,2010,Kharif,madhya pradesh,bhopal
Madhya Pradesh,BHOPAL,Moong(Green Gram),2010,Kharif,madhya pradesh,bhopal
Madhya Pradesh,BHOPAL,Rice,2010,Kharif,madhya pradesh,bhopal
Madhya Pradesh,BHOPAL,Soyabean,2010,Kharif,madhya pradesh,bhopal
Madhya Pradesh,BHOPAL,Urad,2010,Kharif,madhya pradesh,bhopal
Madhya Pradesh,BHOPAL,Barley,2010,Rabi,madhya pradesh,bhopal
Madhya Pradesh,BHOPAL,Cowpea(Lobia),2010,Rabi,madhya pradesh,bhopal
Madhya Pradesh,BHOPAL,Gram,2010,Rabi,madhya pradesh,bhopal
Madhya Pradesh,BHOPAL,Khesari,2010,Rabi,madhya pradesh,bhopal
Madhya Pradesh,BHOPAL,Linseed,2010,Rabi,madhya pradesh,bhopal
Madhya Pradesh,BHOPAL,Masoor,2010,Rabi,madhya pradesh,bhopal
Madhya Pradesh,BHOPAL,Peas & beans (Pulses),2010,Rabi,madhya pradesh,bhopal
Madhya Pradesh,BHOPAL,Rapeseed &Mustard,2010,Rabi,madhya pradesh,bhopal
Madhya Pradesh,BHOPAL,Wheat,2010,Rabi,madhya pradesh,bhopal
Madhya Pradesh,BHOPAL,Coriander,2010,Whole Year,madhya pradesh,bhopal
Madhya Pradesh,BHOPAL,Dry chillies,2010,Whole Year,madhya pradesh,bhopal
Madhya Pradesh,BHOPAL,Dry ginger,2010,Whole Year,madhya pradesh,bhopal
Madhya Pradesh,BHOPAL,Garlic,2010,Whole Year,madhya pradesh,bhopal
Madhya Pradesh,BHOPAL,Onion,2010,Whole Year,madhya pradesh,bhopal
Madhya Pradesh,BHOPAL,Potato,2010,Whole Year,madhya pradesh,bhopal
Madhya Pradesh,BHOPAL,Sannhamp,2010,Whole Year,madhya pradesh,bhopal
Madhya Pradesh,BHOPAL,Sesamum,2010,Whole Year,madhya pradesh,bhopal
Madhya Pradesh,BHOPAL,Sugarcane,2010,Whole Year,madhya pradesh,bhopal
Madhya Pradesh,BHOPAL,Sweet potato,2010,Whole Year,madhya pradesh,bhopal
Madhya Pradesh,BURHANPUR,Arhar/Tur,2010,Kharif,madhya pradesh,burhanpur
Madhya Pradesh,BURHANPUR,Bajra,2010,Kharif,madhya pradesh,burhanpur
Madhya Pradesh,BURHANPUR,Castor seed,2010,Kharif,madhya pradesh,burhanpur
Madhya Pradesh,BURHANPUR,Cotton(lint),2010,Kharif,madhya pradesh,burhanpur
Madhya Pradesh,BURHANPUR,Groundnut,2010,Kharif,madhya pradesh,burhanpur
Madhya Pradesh,BURHANPUR,Horse-gram,2010,Kharif,madhya pradesh,burhanpur
Madhya Pradesh,BURHANPUR,Jowar,2010,Kharif,madhya pradesh,burhanpur
Madhya Pradesh,BURHANPUR,Maize,2010,Kharif,madhya pradesh,burhanpur
Madhya Pradesh,BURHANPUR,Moong(Green Gram),2010,Kharif,madhya pradesh,burhanpur
Madhya Pradesh,BURHANPUR,Rice,2010,Kharif,madhya pradesh,burhanpur
Madhya Pradesh,BURHANPUR,Small millets,2010,Kharif,madhya pradesh,burhanpur
Madhya Pradesh,BURHANPUR,Soyabean,2010,Kharif,madhya pradesh,burhanpur
Madhya Pradesh,BURHANPUR,Urad,2010,Kharif,madhya pradesh,burhanpur
Madhya Pradesh,BURHANPUR,Gram,2010,Rabi,madhya pradesh,burhanpur
Madhya Pradesh,BURHANPUR,Jowar,2010,Rabi,madhya pradesh,burhanpur
Madhya Pradesh,BURHANPUR,Masoor,2010,Rabi,madhya pradesh,burhanpur
Madhya Pradesh,BURHANPUR,Moong(Green Gram),2010,Rabi,madhya pradesh,burhanpur
Madhya Pradesh,BURHANPUR,Peas & beans (Pulses),2010,Rabi,madhya pradesh,burhanpur
Madhya Pradesh,BURHANPUR,Rapeseed &Mustard,2010,Rabi,madhya pradesh,burhanpur
Madhya Pradesh,BURHANPUR,Wheat,2010,Rabi,madhya pradesh,burhanpur
Madhya Pradesh,BURHANPUR,Banana,2010,Whole Year,madhya pradesh,burhanpur
Madhya Pradesh,BURHANPUR,Coriander,2010,Whole Year,madhya pradesh,burhanpur
Madhya Pradesh,BURHANPUR,Dry chillies,2010,Whole Year,madhya pradesh,burhanpur
Madhya Pradesh,BURHANPUR,Dry ginger,2010,Whole Year,madhya pradesh,burhanpur
Madhya Pradesh,BURHANPUR,Garlic,2010,Whole Year,madhya pradesh,burhanpur
Madhya Pradesh,BURHANPUR,Onion,2010,Whole Year,madhya pradesh,burhanpur
Madhya Pradesh,BURHANPUR,Potato,2010,Whole Year,madhya pradesh,burhanpur
Madhya Pradesh,BURHANPUR,Sannhamp,2010,Whole Year,madhya pradesh,burhanpur
Madhya Pradesh,BURHANPUR,Sesamum,2010,Whole Year,madhya pradesh,burhanpur
Madhya Pradesh,BURHANPUR,Sugarcane,2010,Whole Year,madhya pradesh,burhanpur
Madhya Pradesh,BURHANPUR,Sweet potato,2010,Whole Year,madhya pradesh,burhanpur
Madhya Pradesh,BURHANPUR,Turmeric,2010,Whole Year,madhya pradesh,burhanpur
Madhya Pradesh,CHHATARPUR,Arhar/Tur,2010,Kharif,madhya pradesh,chhatarpur
Madhya Pradesh,CHHATARPUR,Bajra,2010,Kharif,madhya pradesh,chhatarpur
Madhya Pradesh,CHHATARPUR,Cowpea(Lobia),2010,Kharif,madhya pradesh,chhatarpur
Madhya Pradesh,CHHATARPUR,Groundnut,2010,Kharif,madhya pradesh,chhatarpur
Madhya Pradesh,CHHATARPUR,Jowar,2010,Kharif,madhya pradesh,chhatarpur
Madhya Pradesh,CHHATARPUR,Maize,2010,Kharif,madhya pradesh,chhatarpur
Madhya Pradesh,CHHATARPUR,Moong(Green Gram),2010,Kharif,madhya pradesh,chhatarpur
Madhya Pradesh,CHHATARPUR,Niger seed,2010,Kharif,madhya pradesh,chhatarpur
Madhya Pradesh,CHHATARPUR,Rice,2010,Kharif,madhya pradesh,chhatarpur
Madhya Pradesh,CHHATARPUR,Small millets,2010,Kharif,madhya pradesh,chhatarpur
Madhya Pradesh,CHHATARPUR,Soyabean,2010,Kharif,madhya pradesh,chhatarpur
Madhya Pradesh,CHHATARPUR,Urad,2010,Kharif,madhya pradesh,chhatarpur
Madhya Pradesh,CHHATARPUR,Barley,2010,Rabi,madhya pradesh,chhatarpur
Madhya Pradesh,CHHATARPUR,Cowpea(Lobia),2010,Rabi,madhya pradesh,chhatarpur
Madhya Pradesh,CHHATARPUR,Gram,2010,Rabi,madhya pradesh,chhatarpur
Madhya Pradesh,CHHATARPUR,Khesari,2010,Rabi,madhya pradesh,chhatarpur
Madhya Pradesh,CHHATARPUR,Linseed,2010,Rabi,madhya pradesh,chhatarpur
Madhya Pradesh,CHHATARPUR,Masoor,2010,Rabi,madhya pradesh,chhatarpur
Madhya Pradesh,CHHATARPUR,Moong(Green Gram),2010,Rabi,madhya pradesh,chhatarpur
Madhya Pradesh,CHHATARPUR,Peas & beans (Pulses),2010,Rabi,madhya pradesh,chhatarpur
Madhya Pradesh,CHHATARPUR,Rapeseed &Mustard,2010,Rabi,madhya pradesh,chhatarpur
Madhya Pradesh,CHHATARPUR,Urad,2010,Rabi,madhya pradesh,chhatarpur
Madhya Pradesh,CHHATARPUR,Wheat,2010,Rabi,madhya pradesh,chhatarpur
Madhya Pradesh,CHHATARPUR,Banana,2010,Whole Year,madhya pradesh,chhatarpur
Madhya Pradesh,CHHATARPUR,Coriander,2010,Whole Year,madhya pradesh,chhatarpur
Madhya Pradesh,CHHATARPUR,Dry chillies,2010,Whole Year,madhya pradesh,chhatarpur
Madhya Pradesh,CHHATARPUR,Dry ginger,2010,Whole Year,madhya pradesh,chhatarpur
Madhya Pradesh,CHHATARPUR,Garlic,2010,Whole Year,madhya pradesh,chhatarpur
Madhya Pradesh,CHHATARPUR,Onion,2010,Whole Year,madhya pradesh,chhatarpur
Madhya Pradesh,CHHATARPUR,Potato,2010,Whole Year,madhya pradesh,chhatarpur
Madhya Pradesh,CHHATARPUR,Sannhamp,2010,Whole Year,madhya pradesh,chhatarpur
Madhya Pradesh,CHHATARPUR,Sesamum,2010,Whole Year,madhya pradesh,chhatarpur
Madhya Pradesh,CHHATARPUR,Sugarcane,2010,Whole Year,madhya pradesh,chhatarpur
Madhya Pradesh,CHHATARPUR,Sweet potato,2010,Whole Year,madhya pradesh,chhatarpur
Madhya Pradesh,CHHATARPUR,Tobacco,2010,Whole Year,madhya pradesh,chhatarpur
Madhya Pradesh,CHHATARPUR,Turmeric,2010,Whole Year,madhya pradesh,chhatarpur
Madhya Pradesh,CHHINDWARA,Arhar/Tur,2010,Kharif,madhya pradesh,chhindwara
Madhya Pradesh,CHHINDWARA,Bajra,2010,Kharif,madhya pradesh,chhindwara
Madhya Pradesh,CHHINDWARA,Castor seed,2010,Kharif,madhya pradesh,chhindwara
Madhya Pradesh,CHHINDWARA,Cotton(lint),2010,Kharif,madhya pradesh,chhindwara
Madhya Pradesh,CHHINDWARA,Cowpea(Lobia),2010,Kharif,madhya pradesh,chhindwara
Madhya Pradesh,CHHINDWARA,Groundnut,2010,Kharif,madhya pradesh,chhindwara
Madhya Pradesh,CHHINDWARA,Horse-gram,2010,Kharif,madhya pradesh,chhindwara
Madhya Pradesh,CHHINDWARA,Jowar,2010,Kharif,madhya pradesh,chhindwara
Madhya Pradesh,CHHINDWARA,Maize,2010,Kharif,madhya pradesh,chhindwara
Madhya Pradesh,CHHINDWARA,Moong(Green Gram),2010,Kharif,madhya pradesh,chhindwara
Madhya Pradesh,CHHINDWARA,Niger seed,2010,Kharif,madhya pradesh,chhindwara
Madhya Pradesh,CHHINDWARA,Other Kharif pulses,2010,Kharif,madhya pradesh,chhindwara
Madhya Pradesh,CHHINDWARA,Rice,2010,Kharif,madhya pradesh,chhindwara
Madhya Pradesh,CHHINDWARA,Small millets,2010,Kharif,madhya pradesh,chhindwara
Madhya Pradesh,CHHINDWARA,Soyabean,2010,Kharif,madhya pradesh,chhindwara
Madhya Pradesh,CHHINDWARA,Sunflower,2010,Kharif,madhya pradesh,chhindwara
Madhya Pradesh,CHHINDWARA,Urad,2010,Kharif,madhya pradesh,chhindwara
Madhya Pradesh,CHHINDWARA,Cowpea(Lobia),2010,Rabi,madhya pradesh,chhindwara
Madhya Pradesh,CHHINDWARA,Gram,2010,Rabi,madhya pradesh,chhindwara
Madhya Pradesh,CHHINDWARA,Jowar,2010,Rabi,madhya pradesh,chhindwara
Madhya Pradesh,CHHINDWARA,Khesari,2010,Rabi,madhya pradesh,chhindwara
Madhya Pradesh,CHHINDWARA,Linseed,2010,Rabi,madhya pradesh,chhindwara
Madhya Pradesh,CHHINDWARA,Masoor,2010,Rabi,madhya pradesh,chhindwara
Madhya Pradesh,CHHINDWARA,Moong(Green Gram),2010,Rabi,madhya pradesh,chhindwara
Madhya Pradesh,CHHINDWARA,Peas & beans (Pulses),2010,Rabi,madhya pradesh,chhindwara
Madhya Pradesh,CHHINDWARA,Rapeseed &Mustard,2010,Rabi,madhya pradesh,chhindwara
Madhya Pradesh,CHHINDWARA,Safflower,2010,Rabi,madhya pradesh,chhindwara
Madhya Pradesh,CHHINDWARA,Wheat,2010,Rabi,madhya pradesh,chhindwara
Madhya Pradesh,CHHINDWARA,Coriander,2010,Whole Year,madhya pradesh,chhindwara
Madhya Pradesh,CHHINDWARA,Dry chillies,2010,Whole Year,madhya pradesh,chhindwara
Madhya Pradesh,CHHINDWARA,Dry ginger,2010,Whole Year,madhya pradesh,chhindwara
Madhya Pradesh,CHHINDWARA,Garlic,2010,Whole Year,madhya pradesh,chhindwara
Madhya Pradesh,CHHINDWARA,Onion,2010,Whole Year,madhya pradesh,chhindwara
Madhya Pradesh,CHHINDWARA,Potato,2010,Whole Year,madhya pradesh,chhindwara
Madhya Pradesh,CHHINDWARA,Sannhamp,2010,Whole Year,madhya pradesh,chhindwara
Madhya Pradesh,CHHINDWARA,Sesamum,2010,Whole Year,madhya pradesh,chhindwara
Madhya Pradesh,CHHINDWARA,Sugarcane,2010,Whole Year,madhya pradesh,chhindwara
Madhya Pradesh,CHHINDWARA,Sweet potato,2010,Whole Year,madhya pradesh,chhindwara
Madhya Pradesh,CHHINDWARA,Turmeric,2010,Whole Year,madhya pradesh,chhindwara
Madhya Pradesh,DAMOH,Arhar/Tur,2010,Kharif,madhya pradesh,damoh
Madhya Pradesh,DAMOH,Bajra,2010,Kharif,madhya pradesh,damoh
Madhya Pradesh,DAMOH,Groundnut,2010,Kharif,madhya pradesh,damoh
Madhya Pradesh,DAMOH,Horse-gram,2010,Kharif,madhya pradesh,damoh
Madhya Pradesh,DAMOH,Jowar,2010,Kharif,madhya pradesh,damoh
Madhya Pradesh,DAMOH,Maize,2010,Kharif,madhya pradesh,damoh
Madhya Pradesh,DAMOH,Moong(Green Gram),2010,Kharif,madhya pradesh,damoh
Madhya Pradesh,DAMOH,Rice,2010,Kharif,madhya pradesh,damoh
Madhya Pradesh,DAMOH,Small millets,2010,Kharif,madhya pradesh,damoh
Madhya Pradesh,DAMOH,Soyabean,2010,Kharif,madhya pradesh,damoh
Madhya Pradesh,DAMOH,Urad,2010,Kharif,madhya pradesh,damoh
Madhya Pradesh,DAMOH,Barley,2010,Rabi,madhya pradesh,damoh
Madhya Pradesh,DAMOH,Cowpea(Lobia),2010,Rabi,madhya pradesh,damoh
Madhya Pradesh,DAMOH,Gram,2010,Rabi,madhya pradesh,damoh
Madhya Pradesh,DAMOH,Khesari,2010,Rabi,madhya pradesh,damoh
Madhya Pradesh,DAMOH,Linseed,2010,Rabi,madhya pradesh,damoh
Madhya Pradesh,DAMOH,Masoor,2010,Rabi,madhya pradesh,damoh
Madhya Pradesh,DAMOH,Moong(Green Gram),2010,Rabi,madhya pradesh,damoh
Madhya Pradesh,DAMOH,Peas & beans (Pulses),2010,Rabi,madhya pradesh,damoh
Madhya Pradesh,DAMOH,Rapeseed &Mustard,2010,Rabi,madhya pradesh,damoh
Madhya Pradesh,DAMOH,Urad,2010,Rabi,madhya pradesh,damoh
Madhya Pradesh,DAMOH,Wheat,2010,Rabi,madhya pradesh,damoh
Madhya Pradesh,DAMOH,Banana,2010,Whole Year,madhya pradesh,damoh
Madhya Pradesh,DAMOH,Coriander,2010,Whole Year,madhya pradesh,damoh
Madhya Pradesh,DAMOH,Dry chillies,2010,Whole Year,madhya pradesh,damoh
Madhya Pradesh,DAMOH,Dry ginger,2010,Whole Year,madhya pradesh,damoh
Madhya Pradesh,DAMOH,Garlic,2010,Whole Year,madhya pradesh,damoh
Madhya Pradesh,DAMOH,Onion,2010,Whole Year,madhya pradesh,damoh
Madhya Pradesh,DAMOH,Potato,2010,Whole Year,madhya pradesh,damoh
Madhya Pradesh,DAMOH,Sesamum,2010,Whole Year,madhya pradesh,damoh
Madhya Pradesh,DAMOH,Sugarcane,2010,Whole Year,madhya pradesh,damoh
Madhya Pradesh,DAMOH,Sweet potato,2010,Whole Year,madhya pradesh,damoh
Madhya Pradesh,DAMOH,Turmeric,2010,Whole Year,madhya pradesh,damoh
Madhya Pradesh,DATIA,Arhar/Tur,2010,Kharif,madhya pradesh,datia
Madhya Pradesh,DATIA,Bajra,2010,Kharif,madhya pradesh,datia
Madhya Pradesh,DATIA,Castor seed,2010,Kharif,madhya pradesh,datia
Madhya Pradesh,DATIA,Groundnut,2010,Kharif,madhya pradesh,datia
Madhya Pradesh,DATIA,Jowar,2010,Kharif,madhya pradesh,datia
Madhya Pradesh,DATIA,Maize,2010,Kharif,madhya pradesh,datia
Madhya Pradesh,DATIA,Moong(Green Gram),2010,Kharif,madhya pradesh,datia
Madhya Pradesh,DATIA,Rice,2010,Kharif,madhya pradesh,datia
Madhya Pradesh,DATIA,Soyabean,2010,Kharif,madhya pradesh,datia
Madhya Pradesh,DATIA,Urad,2010,Kharif,madhya pradesh,datia
Madhya Pradesh,DATIA,Barley,2010,Rabi,madhya pradesh,datia
Madhya Pradesh,DATIA,Gram,2010,Rabi,madhya pradesh,datia
Madhya Pradesh,DATIA,Jowar,2010,Rabi,madhya pradesh,datia
Madhya Pradesh,DATIA,Khesari,2010,Rabi,madhya pradesh,datia
Madhya Pradesh,DATIA,Linseed,2010,Rabi,madhya pradesh,datia
Madhya Pradesh,DATIA,Masoor,2010,Rabi,madhya pradesh,datia
Madhya Pradesh,DATIA,Peas & beans (Pulses),2010,Rabi,madhya pradesh,datia
Madhya Pradesh,DATIA,Rapeseed &Mustard,2010,Rabi,madhya pradesh,datia
Madhya Pradesh,DATIA,Wheat,2010,Rabi,madhya pradesh,datia
Madhya Pradesh,DATIA,Coriander,2010,Whole Year,madhya pradesh,datia
Madhya Pradesh,DATIA,Dry chillies,2010,Whole Year,madhya pradesh,datia
Madhya Pradesh,DATIA,Dry ginger,2010,Whole Year,madhya pradesh,datia
Madhya Pradesh,DATIA,Garlic,2010,Whole Year,madhya pradesh,datia
Madhya Pradesh,DATIA,Onion,2010,Whole Year,madhya pradesh,datia
Madhya Pradesh,DATIA,Potato,2010,Whole Year,madhya pradesh,datia
Madhya Pradesh,DATIA,Sesamum,2010,Whole Year,madhya pradesh,datia
Madhya Pradesh,DATIA,Sugarcane,2010,Whole Year,madhya pradesh,datia
Madhya Pradesh,DATIA,Sweet potato,2010,Whole Year,madhya pradesh,datia
Madhya Pradesh,DEWAS,Arhar/Tur,2010,Kharif,madhya pradesh,dewas
Madhya Pradesh,DEWAS,Cotton(lint),2010,Kharif,madhya pradesh,dewas
Madhya Pradesh,DEWAS,Groundnut,2010,Kharif,madhya pradesh,dewas
Madhya Pradesh,DEWAS,Jowar,2010,Kharif,madhya pradesh,dewas
Madhya Pradesh,DEWAS,Maize,2010,Kharif,madhya pradesh,dewas
Madhya Pradesh,DEWAS,Moong(Green Gram),2010,Kharif,madhya pradesh,dewas
Madhya Pradesh,DEWAS,Rice,2010,Kharif,madhya pradesh,dewas
Madhya Pradesh,DEWAS,Soyabean,2010,Kharif,madhya pradesh,dewas
Madhya Pradesh,DEWAS,Urad,2010,Kharif,madhya pradesh,dewas
Madhya Pradesh,DEWAS,Barley,2010,Rabi,madhya pradesh,dewas
Madhya Pradesh,DEWAS,Gram,2010,Rabi,madhya pradesh,dewas
Madhya Pradesh,DEWAS,Linseed,2010,Rabi,madhya pradesh,dewas
Madhya Pradesh,DEWAS,Masoor,2010,Rabi,madhya pradesh,dewas
Madhya Pradesh,DEWAS,Moong(Green Gram),2010,Rabi,madhya pradesh,dewas
Madhya Pradesh,DEWAS,Rapeseed &Mustard,2010,Rabi,madhya pradesh,dewas
Madhya Pradesh,DEWAS,Wheat,2010,Rabi,madhya pradesh,dewas
Madhya Pradesh,DEWAS,Coriander,2010,Whole Year,madhya pradesh,dewas
Madhya Pradesh,DEWAS,Dry ginger,2010,Whole Year,madhya pradesh,dewas
Madhya Pradesh,DEWAS,Garlic,2010,Whole Year,madhya pradesh,dewas
Madhya Pradesh,DEWAS,Mesta,2010,Whole Year,madhya pradesh,dewas
Madhya Pradesh,DEWAS,Onion,2010,Whole Year,madhya pradesh,dewas
Madhya Pradesh,DEWAS,Potato,2010,Whole Year,madhya pradesh,dewas
Madhya Pradesh,DEWAS,Sannhamp,2010,Whole Year,madhya pradesh,dewas
Madhya Pradesh,DEWAS,Sesamum,2010,Whole Year,madhya pradesh,dewas
Madhya Pradesh,DEWAS,Sugarcane,2010,Whole Year,madhya pradesh,dewas
Madhya Pradesh,DEWAS,Sweet potato,2010,Whole Year,madhya pradesh,dewas
Madhya Pradesh,DEWAS,Turmeric,2010,Whole Year,madhya pradesh,dewas
Madhya Pradesh,DHAR,Arhar/Tur,2010,Kharif,madhya pradesh,dhar
Madhya Pradesh,DHAR,Bajra,2010,Kharif,madhya pradesh,dhar
Madhya Pradesh,DHAR,Castor seed,2010,Kharif,madhya pradesh,dhar
Madhya Pradesh,DHAR,Cotton(lint),2010,Kharif,madhya pradesh,dhar
Madhya Pradesh,DHAR,Cowpea(Lobia),2010,Kharif,madhya pradesh,dhar
Madhya Pradesh,DHAR,Groundnut,2010,Kharif,madhya pradesh,dhar
Madhya Pradesh,DHAR,Horse-gram,2010,Kharif,madhya pradesh,dhar
Madhya Pradesh,DHAR,Jowar,2010,Kharif,madhya pradesh,dhar
Madhya Pradesh,DHAR,Maize,2010,Kharif,madhya pradesh,dhar
Madhya Pradesh,DHAR,Moong(Green Gram),2010,Kharif,madhya pradesh,dhar
Madhya Pradesh,DHAR,Rice,2010,Kharif,madhya pradesh,dhar
Madhya Pradesh,DHAR,Small millets,2010,Kharif,madhya pradesh,dhar
Madhya Pradesh,DHAR,Soyabean,2010,Kharif,madhya pradesh,dhar
Madhya Pradesh,DHAR,Urad,2010,Kharif,madhya pradesh,dhar
Madhya Pradesh,DHAR,Barley,2010,Rabi,madhya pradesh,dhar
Madhya Pradesh,DHAR,Gram,2010,Rabi,madhya pradesh,dhar
Madhya Pradesh,DHAR,Jowar,2010,Rabi,madhya pradesh,dhar
Madhya Pradesh,DHAR,Khesari,2010,Rabi,madhya pradesh,dhar
Madhya Pradesh,DHAR,Linseed,2010,Rabi,madhya pradesh,dhar
Madhya Pradesh,DHAR,Masoor,2010,Rabi,madhya pradesh,dhar
Madhya Pradesh,DHAR,Moong(Green Gram),2010,Rabi,madhya pradesh,dhar
Madhya Pradesh,DHAR,Peas & beans (Pulses),2010,Rabi,madhya pradesh,dhar
Madhya Pradesh,DHAR,Rapeseed &Mustard,2010,Rabi,madhya pradesh,dhar
Madhya Pradesh,DHAR,Safflower,2010,Rabi,madhya pradesh,dhar
Madhya Pradesh,DHAR,Wheat,2010,Rabi,madhya pradesh,dhar
Madhya Pradesh,DHAR,Banana,2010,Whole Year,madhya pradesh,dhar
Madhya Pradesh,DHAR,Coriander,2010,Whole Year,madhya pradesh,dhar
Madhya Pradesh,DHAR,Dry chillies,2010,Whole Year,madhya pradesh,dhar
Madhya Pradesh,DHAR,Dry ginger,2010,Whole Year,madhya pradesh,dhar
Madhya Pradesh,DHAR,Garlic,2010,Whole Year,madhya pradesh,dhar
Madhya Pradesh,DHAR,Onion,2010,Whole Year,madhya pradesh,dhar
Madhya Pradesh,DHAR,Potato,2010,Whole Year,madhya pradesh,dhar
Madhya Pradesh,DHAR,Sannhamp,2010,Whole Year,madhya pradesh,dhar
Madhya Pradesh,DHAR,Sesamum,2010,Whole Year,madhya pradesh,dhar
Madhya Pradesh,DHAR,Sugarcane,2010,Whole Year,madhya pradesh,dhar
Madhya Pradesh,DHAR,Sweet potato,2010,Whole Year,madhya pradesh,dhar
Madhya Pradesh,DHAR,Tobacco,2010,Whole Year,madhya pradesh,dhar
Madhya Pradesh,DHAR,Turmeric,2010,Whole Year,madhya pradesh,dhar
Madhya Pradesh,DINDORI,Arhar/Tur,2010,Kharif,madhya pradesh,dindori
Madhya Pradesh,DINDORI,Groundnut,2010,Kharif,madhya pradesh,dindori
Madhya Pradesh,DINDORI,Jowar,2010,Kharif,madhya pradesh,dindori
Madhya Pradesh,DINDORI,Maize,2010,Kharif,madhya pradesh,dindori
Madhya Pradesh,DINDORI,Moong(Green Gram),2010,Kharif,madhya pradesh,dindori
Madhya Pradesh,DINDORI,Niger seed,2010,Kharif,madhya pradesh,dindori
Madhya Pradesh,DINDORI,Rice,2010,Kharif,madhya pradesh,dindori
Madhya Pradesh,DINDORI,Small millets,2010,Kharif,madhya pradesh,dindori
Madhya Pradesh,DINDORI,Soyabean,2010,Kharif,madhya pradesh,dindori
Madhya Pradesh,DINDORI,Urad,2010,Kharif,madhya pradesh,dindori
Madhya Pradesh,DINDORI,Barley,2010,Rabi,madhya pradesh,dindori
Madhya Pradesh,DINDORI,Gram,2010,Rabi,madhya pradesh,dindori
Madhya Pradesh,DINDORI,Khesari,2010,Rabi,madhya pradesh,dindori
Madhya Pradesh,DINDORI,Linseed,2010,Rabi,madhya pradesh,dindori
Madhya Pradesh,DINDORI,Masoor,2010,Rabi,madhya pradesh,dindori
Madhya Pradesh,DINDORI,Peas & beans (Pulses),2010,Rabi,madhya pradesh,dindori
Madhya Pradesh,DINDORI,Rapeseed &Mustard,2010,Rabi,madhya pradesh,dindori
Madhya Pradesh,DINDORI,Wheat,2010,Rabi,madhya pradesh,dindori
Madhya Pradesh,DINDORI,Coriander,2010,Whole Year,madhya pradesh,dindori
Madhya Pradesh,DINDORI,Dry chillies,2010,Whole Year,madhya pradesh,dindori
Madhya Pradesh,DINDORI,Garlic,2010,Whole Year,madhya pradesh,dindori
Madhya Pradesh,DINDORI,Onion,2010,Whole Year,madhya pradesh,dindori
Madhya Pradesh,DINDORI,Potato,2010,Whole Year,madhya pradesh,dindori
Madhya Pradesh,DINDORI,Sannhamp,2010,Whole Year,madhya pradesh,dindori
Madhya Pradesh,DINDORI,Sesamum,2010,Whole Year,madhya pradesh,dindori
Madhya Pradesh,DINDORI,Sweet potato,2010,Whole Year,madhya pradesh,dindori
Madhya Pradesh,GUNA,Arhar/Tur,2010,Kharif,madhya pradesh,guna
Madhya Pradesh,GUNA,Bajra,2010,Kharif,madhya pradesh,guna
Madhya Pradesh,GUNA,Groundnut,2010,Kharif,madhya pradesh,guna
Madhya Pradesh,GUNA,Jowar,2010,Kharif,madhya pradesh,guna
Madhya Pradesh,GUNA,Maize,2010,Kharif,madhya pradesh,guna
Madhya Pradesh,GUNA,Moong(Green Gram),2010,Kharif,madhya pradesh,guna
Madhya Pradesh,GUNA,Niger seed,2010,Kharif,madhya pradesh,guna
Madhya Pradesh,GUNA,Rice,2010,Kharif,madhya pradesh,guna
Madhya Pradesh,GUNA,Soyabean,2010,Kharif,madhya pradesh,guna
Madhya Pradesh,GUNA,Urad,2010,Kharif,madhya pradesh,guna
Madhya Pradesh,GUNA,Barley,2010,Rabi,madhya pradesh,guna
Madhya Pradesh,GUNA,Gram,2010,Rabi,madhya pradesh,guna
Madhya Pradesh,GUNA,Linseed,2010,Rabi,madhya pradesh,guna
Madhya Pradesh,GUNA,Masoor,2010,Rabi,madhya pradesh,guna
Madhya Pradesh,GUNA,Peas & beans (Pulses),2010,Rabi,madhya pradesh,guna
Madhya Pradesh,GUNA,Rapeseed &Mustard,2010,Rabi,madhya pradesh,guna
Madhya Pradesh,GUNA,Safflower,2010,Rabi,madhya pradesh,guna
Madhya Pradesh,GUNA,Wheat,2010,Rabi,madhya pradesh,guna
Madhya Pradesh,GUNA,Coriander,2010,Whole Year,madhya pradesh,guna
Madhya Pradesh,GUNA,Dry chillies,2010,Whole Year,madhya pradesh,guna
Madhya Pradesh,GUNA,Dry ginger,2010,Whole Year,madhya pradesh,guna
Madhya Pradesh,GUNA,Garlic,2010,Whole Year,madhya pradesh,guna
Madhya Pradesh,GUNA,Onion,2010,Whole Year,madhya pradesh,guna
Madhya Pradesh,GUNA,Potato,2010,Whole Year,madhya pradesh,guna
Madhya Pradesh,GUNA,Sesamum,2010,Whole Year,madhya pradesh,guna
Madhya Pradesh,GUNA,Sugarcane,2010,Whole Year,madhya pradesh,guna
Madhya Pradesh,GUNA,Sweet potato,2010,Whole Year,madhya pradesh,guna
Madhya Pradesh,GWALIOR,Arhar/Tur,2010,Kharif,madhya pradesh,gwalior
Madhya Pradesh,GWALIOR,Bajra,2010,Kharif,madhya pradesh,gwalior
Madhya Pradesh,GWALIOR,Groundnut,2010,Kharif,madhya pradesh,gwalior
Madhya Pradesh,GWALIOR,Jowar,2010,Kharif,madhya pradesh,gwalior
Madhya Pradesh,GWALIOR,Maize,2010,Kharif,madhya pradesh,gwalior
Madhya Pradesh,GWALIOR,Moong(Green Gram),2010,Kharif,madhya pradesh,gwalior
Madhya Pradesh,GWALIOR,Rice,2010,Kharif,madhya pradesh,gwalior
Madhya Pradesh,GWALIOR,Soyabean,2010,Kharif,madhya pradesh,gwalior
Madhya Pradesh,GWALIOR,Urad,2010,Kharif,madhya pradesh,gwalior
Madhya Pradesh,GWALIOR,Barley,2010,Rabi,madhya pradesh,gwalior
Madhya Pradesh,GWALIOR,Gram,2010,Rabi,madhya pradesh,gwalior
Madhya Pradesh,GWALIOR,Linseed,2010,Rabi,madhya pradesh,gwalior
Madhya Pradesh,GWALIOR,Masoor,2010,Rabi,madhya pradesh,gwalior
Madhya Pradesh,GWALIOR,Peas & beans (Pulses),2010,Rabi,madhya pradesh,gwalior
Madhya Pradesh,GWALIOR,Rapeseed &Mustard,2010,Rabi,madhya pradesh,gwalior
Madhya Pradesh,GWALIOR,Wheat,2010,Rabi,madhya pradesh,gwalior
Madhya Pradesh,GWALIOR,Coriander,2010,Whole Year,madhya pradesh,gwalior
Madhya Pradesh,GWALIOR,Dry chillies,2010,Whole Year,madhya pradesh,gwalior
Madhya Pradesh,GWALIOR,Garlic,2010,Whole Year,madhya pradesh,gwalior
Madhya Pradesh,GWALIOR,Onion,2010,Whole Year,madhya pradesh,gwalior
Madhya Pradesh,GWALIOR,Potato,2010,Whole Year,madhya pradesh,gwalior
Madhya Pradesh,GWALIOR,Sesamum,2010,Whole Year,madhya pradesh,gwalior
Madhya Pradesh,GWALIOR,Sugarcane,2010,Whole Year,madhya pradesh,gwalior
Madhya Pradesh,GWALIOR,Sweet potato,2010,Whole Year,madhya pradesh,gwalior
Madhya Pradesh,HARDA,Arhar/Tur,2010,Kharif,madhya pradesh,harda
Madhya Pradesh,HARDA,Bajra,2010,Kharif,madhya pradesh,harda
Madhya Pradesh,HARDA,Cotton(lint),2010,Kharif,madhya pradesh,harda
Madhya Pradesh,HARDA,Jowar,2010,Kharif,madhya pradesh,harda
Madhya Pradesh,HARDA,Maize,2010,Kharif,madhya pradesh,harda
Madhya Pradesh,HARDA,Moong(Green Gram),2010,Kharif,madhya pradesh,harda
Madhya Pradesh,HARDA,Rice,2010,Kharif,madhya pradesh,harda
Madhya Pradesh,HARDA,Small millets,2010,Kharif,madhya pradesh,harda
Madhya Pradesh,HARDA,Soyabean,2010,Kharif,madhya pradesh,harda
Madhya Pradesh,HARDA,Barley,2010,Rabi,madhya pradesh,harda
Madhya Pradesh,HARDA,Gram,2010,Rabi,madhya pradesh,harda
Madhya Pradesh,HARDA,Jowar,2010,Rabi,madhya pradesh,harda
Madhya Pradesh,HARDA,Khesari,2010,Rabi,madhya pradesh,harda
Madhya Pradesh,HARDA,Linseed,2010,Rabi,madhya pradesh,harda
Madhya Pradesh,HARDA,Masoor,2010,Rabi,madhya pradesh,harda
Madhya Pradesh,HARDA,Moong(Green Gram),2010,Rabi,madhya pradesh,harda
Madhya Pradesh,HARDA,Peas & beans (Pulses),2010,Rabi,madhya pradesh,harda
Madhya Pradesh,HARDA,Rapeseed &Mustard,2010,Rabi,madhya pradesh,harda
Madhya Pradesh,HARDA,Wheat,2010,Rabi,madhya pradesh,harda
Madhya Pradesh,HARDA,Banana,2010,Whole Year,madhya pradesh,harda
Madhya Pradesh,HARDA,Coriander,2010,Whole Year,madhya pradesh,harda
Madhya Pradesh,HARDA,Dry chillies,2010,Whole Year,madhya pradesh,harda
Madhya Pradesh,HARDA,Dry ginger,2010,Whole Year,madhya pradesh,harda
Madhya Pradesh,HARDA,Garlic,2010,Whole Year,madhya pradesh,harda
Madhya Pradesh,HARDA,Onion,2010,Whole Year,madhya pradesh,harda
Madhya Pradesh,HARDA,Potato,2010,Whole Year,madhya pradesh,harda
Madhya Pradesh,HARDA,Sesamum,2010,Whole Year,madhya pradesh,harda
Madhya Pradesh,HARDA,Sugarcane,2010,Whole Year,madhya pradesh,harda
Madhya Pradesh,HARDA,Sweet potato,2010,Whole Year,madhya pradesh,harda
Madhya Pradesh,HARDA,Turmeric,2010,Whole Year,madhya pradesh,harda
Madhya Pradesh,HOSHANGABAD,Arhar/Tur,2010,Kharif,madhya pradesh,hoshangabad
Madhya Pradesh,HOSHANGABAD,Bajra,2010,Kharif,madhya pradesh,hoshangabad
Madhya Pradesh,HOSHANGABAD,Castor seed,2010,Kharif,madhya pradesh,hoshangabad
Madhya Pradesh,HOSHANGABAD,Cowpea(Lobia),2010,Kharif,madhya pradesh,hoshangabad
Madhya Pradesh,HOSHANGABAD,Groundnut,2010,Kharif,madhya pradesh,hoshangabad
Madhya Pradesh,HOSHANGABAD,Jowar,2010,Kharif,madhya pradesh,hoshangabad
Madhya Pradesh,HOSHANGABAD,Maize,2010,Kharif,madhya pradesh,hoshangabad
Madhya Pradesh,HOSHANGABAD,Moong(Green Gram),2010,Kharif,madhya pradesh,hoshangabad
Madhya Pradesh,HOSHANGABAD,Rice,2010,Kharif,madhya pradesh,hoshangabad
Madhya Pradesh,HOSHANGABAD,Small millets,2010,Kharif,madhya pradesh,hoshangabad
Madhya Pradesh,HOSHANGABAD,Soyabean,2010,Kharif,madhya pradesh,hoshangabad
Madhya Pradesh,HOSHANGABAD,Urad,2010,Kharif,madhya pradesh,hoshangabad
Madhya Pradesh,HOSHANGABAD,Barley,2010,Rabi,madhya pradesh,hoshangabad
Madhya Pradesh,HOSHANGABAD,Cowpea(Lobia),2010,Rabi,madhya pradesh,hoshangabad
Madhya Pradesh,HOSHANGABAD,Gram,2010,Rabi,madhya pradesh,hoshangabad
Madhya Pradesh,HOSHANGABAD,Jowar,2010,Rabi,madhya pradesh,hoshangabad
Madhya Pradesh,HOSHANGABAD,Khesari,2010,Rabi,madhya pradesh,hoshangabad
Madhya Pradesh,HOSHANGABAD,Linseed,2010,Rabi,madhya pradesh,hoshangabad
Madhya Pradesh,HOSHANGABAD,Masoor,2010,Rabi,madhya pradesh,hoshangabad
Madhya Pradesh,HOSHANGABAD,Moong(Green Gram),2010,Rabi,madhya pradesh,hoshangabad
Madhya Pradesh,HOSHANGABAD,Peas & beans (Pulses),2010,Rabi,madhya pradesh,hoshangabad
Madhya Pradesh,HOSHANGABAD,Rapeseed &Mustard,2010,Rabi,madhya pradesh,hoshangabad
Madhya Pradesh,HOSHANGABAD,Urad,2010,Rabi,madhya pradesh,hoshangabad
Madhya Pradesh,HOSHANGABAD,Wheat,2010,Rabi,madhya pradesh,hoshangabad
Madhya Pradesh,HOSHANGABAD,Banana,2010,Whole Year,madhya pradesh,hoshangabad
Madhya Pradesh,HOSHANGABAD,Coriander,2010,Whole Year,madhya pradesh,hoshangabad
Madhya Pradesh,HOSHANGABAD,Dry chillies,2010,Whole Year,madhya pradesh,hoshangabad
Madhya Pradesh,HOSHANGABAD,Dry ginger,2010,Whole Year,madhya pradesh,hoshangabad
Madhya Pradesh,HOSHANGABAD,Garlic,2010,Whole Year,madhya pradesh,hoshangabad
Madhya Pradesh,HOSHANGABAD,Onion,2010,Whole Year,madhya pradesh,hoshangabad
Madhya Pradesh,HOSHANGABAD,Potato,2010,Whole Year,madhya pradesh,hoshangabad
Madhya Pradesh,HOSHANGABAD,Sesamum,2010,Whole Year,madhya pradesh,hoshangabad
Madhya Pradesh,HOSHANGABAD,Sugarcane,2010,Whole Year,madhya pradesh,hoshangabad
Madhya Pradesh,HOSHANGABAD,Sweet potato,2010,Whole Year,madhya pradesh,hoshangabad
Madhya Pradesh,HOSHANGABAD,Turmeric,2010,Whole Year,madhya pradesh,hoshangabad
Madhya Pradesh,INDORE,Arhar/Tur,2010,Kharif,madhya pradesh,indore
Madhya Pradesh,INDORE,Groundnut,2010,Kharif,madhya pradesh,indore
Madhya Pradesh,INDORE,Jowar,2010,Kharif,madhya pradesh,indore
Madhya Pradesh,INDORE,Maize,2010,Kharif,madhya pradesh,indore
Madhya Pradesh,INDORE,Moong(Green Gram),2010,Kharif,madhya pradesh,indore
Madhya Pradesh,INDORE,Other Kharif pulses,2010,Kharif,madhya pradesh,indore
Madhya Pradesh,INDORE,Rice,2010,Kharif,madhya pradesh,indore
Madhya Pradesh,INDORE,Soyabean,2010,Kharif,madhya pradesh,indore
Madhya Pradesh,INDORE,Urad,2010,Kharif,madhya pradesh,indore
Madhya Pradesh,INDORE,Gram,2010,Rabi,madhya pradesh,indore
Madhya Pradesh,INDORE,Khesari,2010,Rabi,madhya pradesh,indore
Madhya Pradesh,INDORE,Linseed,2010,Rabi,madhya pradesh,indore
Madhya Pradesh,INDORE,Masoor,2010,Rabi,madhya pradesh,indore
Madhya Pradesh,INDORE,Peas & beans (Pulses),2010,Rabi,madhya pradesh,indore
Madhya Pradesh,INDORE,Rapeseed &Mustard,2010,Rabi,madhya pradesh,indore
Madhya Pradesh,INDORE,Safflower,2010,Rabi,madhya pradesh,indore
Madhya Pradesh,INDORE,Wheat,2010,Rabi,madhya pradesh,indore
Madhya Pradesh,INDORE,Coriander,2010,Whole Year,madhya pradesh,indore
Madhya Pradesh,INDORE,Dry chillies,2010,Whole Year,madhya pradesh,indore
Madhya Pradesh,INDORE,Dry ginger,2010,Whole Year,madhya pradesh,indore
Madhya Pradesh,INDORE,Garlic,2010,Whole Year,madhya pradesh,indore
Madhya Pradesh,INDORE,Onion,2010,Whole Year,madhya pradesh,indore
Madhya Pradesh,INDORE,Potato,2010,Whole Year,madhya pradesh,indore
Madhya Pradesh,INDORE,Sugarcane,2010,Whole Year,madhya pradesh,indore
Madhya Pradesh,INDORE,Turmeric,2010,Whole Year,madhya pradesh,indore
Madhya Pradesh,JABALPUR,Arhar/Tur,2010,Kharif,madhya pradesh,jabalpur
Madhya Pradesh,JABALPUR,Cowpea(Lobia),2010,Kharif,madhya pradesh,jabalpur
Madhya Pradesh,JABALPUR,Groundnut,2010,Kharif,madhya pradesh,jabalpur
Madhya Pradesh,JABALPUR,Jowar,2010,Kharif,madhya pradesh,jabalpur
Madhya Pradesh,JABALPUR,Maize,2010,Kharif,madhya pradesh,jabalpur
Madhya Pradesh,JABALPUR,Moong(Green Gram),2010,Kharif,madhya pradesh,jabalpur
Madhya Pradesh,JABALPUR,Niger seed,2010,Kharif,madhya pradesh,jabalpur
Madhya Pradesh,JABALPUR,Rice,2010,Kharif,madhya pradesh,jabalpur
Madhya Pradesh,JABALPUR,Small millets,2010,Kharif,madhya pradesh,jabalpur
Madhya Pradesh,JABALPUR,Soyabean,2010,Kharif,madhya pradesh,jabalpur
Madhya Pradesh,JABALPUR,Urad,2010,Kharif,madhya pradesh,jabalpur
Madhya Pradesh,JABALPUR,Barley,2010,Rabi,madhya pradesh,jabalpur
Madhya Pradesh,JABALPUR,Cowpea(Lobia),2010,Rabi,madhya pradesh,jabalpur
Madhya Pradesh,JABALPUR,Gram,2010,Rabi,madhya pradesh,jabalpur
Madhya Pradesh,JABALPUR,Khesari,2010,Rabi,madhya pradesh,jabalpur
Madhya Pradesh,JABALPUR,Linseed,2010,Rabi,madhya pradesh,jabalpur
Madhya Pradesh,JABALPUR,Masoor,2010,Rabi,madhya pradesh,jabalpur
Madhya Pradesh,JABALPUR,Moong(Green Gram),2010,Rabi,madhya pradesh,jabalpur
Madhya Pradesh,JABALPUR,Peas & beans (Pulses),2010,Rabi,madhya pradesh,jabalpur
Madhya Pradesh,JABALPUR,Rapeseed &Mustard,2010,Rabi,madhya pradesh,jabalpur
Madhya Pradesh,JABALPUR,Urad,2010,Rabi,madhya pradesh,jabalpur
Madhya Pradesh,JABALPUR,Wheat,2010,Rabi,madhya pradesh,jabalpur
Madhya Pradesh,JABALPUR,Coriander,2010,Whole Year,madhya pradesh,jabalpur
Madhya Pradesh,JABALPUR,Dry chillies,2010,Whole Year,madhya pradesh,jabalpur
Madhya Pradesh,JABALPUR,Dry ginger,2010,Whole Year,madhya pradesh,jabalpur
Madhya Pradesh,JABALPUR,Garlic,2010,Whole Year,madhya pradesh,jabalpur
Madhya Pradesh,JABALPUR,Onion,2010,Whole Year,madhya pradesh,jabalpur
Madhya Pradesh,JABALPUR,Potato,2010,Whole Year,madhya pradesh,jabalpur
Madhya Pradesh,JABALPUR,Sannhamp,2010,Whole Year,madhya pradesh,jabalpur
Madhya Pradesh,JABALPUR,Sesamum,2010,Whole Year,madhya pradesh,jabalpur
Madhya Pradesh,JABALPUR,Sugarcane,2010,Whole Year,madhya pradesh,jabalpur
Madhya Pradesh,JABALPUR,Sweet potato,2010,Whole Year,madhya pradesh,jabalpur
Madhya Pradesh,JABALPUR,Turmeric,2010,Whole Year,madhya pradesh,jabalpur
Madhya Pradesh,JHABUA,Arhar/Tur,2010,Kharif,madhya pradesh,jhabua
Madhya Pradesh,JHABUA,Bajra,2010,Kharif,madhya pradesh,jhabua
Madhya Pradesh,JHABUA,Castor seed,2010,Kharif,madhya pradesh,jhabua
Madhya Pradesh,JHABUA,Cotton(lint),2010,Kharif,madhya pradesh,jhabua
Madhya Pradesh,JHABUA,Cowpea(Lobia),2010,Kharif,madhya pradesh,jhabua
Madhya Pradesh,JHABUA,Groundnut,2010,Kharif,madhya pradesh,jhabua
Madhya Pradesh,JHABUA,Horse-gram,2010,Kharif,madhya pradesh,jhabua
Madhya Pradesh,JHABUA,Jowar,2010,Kharif,madhya pradesh,jhabua
Madhya Pradesh,JHABUA,Maize,2010,Kharif,madhya pradesh,jhabua
Madhya Pradesh,JHABUA,Moong(Green Gram),2010,Kharif,madhya pradesh,jhabua
Madhya Pradesh,JHABUA,Rice,2010,Kharif,madhya pradesh,jhabua
Madhya Pradesh,JHABUA,Small millets,2010,Kharif,madhya pradesh,jhabua
Madhya Pradesh,JHABUA,Soyabean,2010,Kharif,madhya pradesh,jhabua
Madhya Pradesh,JHABUA,Urad,2010,Kharif,madhya pradesh,jhabua
Madhya Pradesh,JHABUA,Barley,2010,Rabi,madhya pradesh,jhabua
Madhya Pradesh,JHABUA,Gram,2010,Rabi,madhya pradesh,jhabua
Madhya Pradesh,JHABUA,Masoor,2010,Rabi,madhya pradesh,jhabua
Madhya Pradesh,JHABUA,Moong(Green Gram),2010,Rabi,madhya pradesh,jhabua
Madhya Pradesh,JHABUA,Peas & beans (Pulses),2010,Rabi,madhya pradesh,jhabua
Madhya Pradesh,JHABUA,Rapeseed &Mustard,2010,Rabi,madhya pradesh,jhabua
Madhya Pradesh,JHABUA,Wheat,2010,Rabi,madhya pradesh,jhabua
Madhya Pradesh,JHABUA,Coriander,2010,Whole Year,madhya pradesh,jhabua
Madhya Pradesh,JHABUA,Dry chillies,2010,Whole Year,madhya pradesh,jhabua
Madhya Pradesh,JHABUA,Dry ginger,2010,Whole Year,madhya pradesh,jhabua
Madhya Pradesh,JHABUA,Garlic,2010,Whole Year,madhya pradesh,jhabua
Madhya Pradesh,JHABUA,Onion,2010,Whole Year,madhya pradesh,jhabua
Madhya Pradesh,JHABUA,Potato,2010,Whole Year,madhya pradesh,jhabua
Madhya Pradesh,JHABUA,Sannhamp,2010,Whole Year,madhya pradesh,jhabua
Madhya Pradesh,JHABUA,Sesamum,2010,Whole Year,madhya pradesh,jhabua
Madhya Pradesh,JHABUA,Sugarcane,2010,Whole Year,madhya pradesh,jhabua
Madhya Pradesh,JHABUA,Sweet potato,2010,Whole Year,madhya pradesh,jhabua
Madhya Pradesh,JHABUA,Turmeric,2010,Whole Year,madhya pradesh,jhabua
Madhya Pradesh,KATNI,Arhar/Tur,2010,Kharif,madhya pradesh,katni
Madhya Pradesh,KATNI,Castor seed,2010,Kharif,madhya pradesh,katni
Madhya Pradesh,KATNI,Cowpea(Lobia),2010,Kharif,madhya pradesh,katni
Madhya Pradesh,KATNI,Groundnut,2010,Kharif,madhya pradesh,katni
Madhya Pradesh,KATNI,Jowar,2010,Kharif,madhya pradesh,katni
Madhya Pradesh,KATNI,Maize,2010,Kharif,madhya pradesh,katni
Madhya Pradesh,KATNI,Moong(Green Gram),2010,Kharif,madhya pradesh,katni
Madhya Pradesh,KATNI,Niger seed,2010,Kharif,madhya pradesh,katni
Madhya Pradesh,KATNI,Rice,2010,Kharif,madhya pradesh,katni
Madhya Pradesh,KATNI,Small millets,2010,Kharif,madhya pradesh,katni
Madhya Pradesh,KATNI,Soyabean,2010,Kharif,madhya pradesh,katni
Madhya Pradesh,KATNI,Sunflower,2010,Kharif,madhya pradesh,katni
Madhya Pradesh,KATNI,Urad,2010,Kharif,madhya pradesh,katni
Madhya Pradesh,KATNI,Barley,2010,Rabi,madhya pradesh,katni
Madhya Pradesh,KATNI,Cowpea(Lobia),2010,Rabi,madhya pradesh,katni
Madhya Pradesh,KATNI,Gram,2010,Rabi,madhya pradesh,katni
Madhya Pradesh,KATNI,Khesari,2010,Rabi,madhya pradesh,katni
Madhya Pradesh,KATNI,Linseed,2010,Rabi,madhya pradesh,katni
Madhya Pradesh,KATNI,Masoor,2010,Rabi,madhya pradesh,katni
Madhya Pradesh,KATNI,Moong(Green Gram),2010,Rabi,madhya pradesh,katni
Madhya Pradesh,KATNI,Peas & beans (Pulses),2010,Rabi,madhya pradesh,katni
Madhya Pradesh,KATNI,Rapeseed &Mustard,2010,Rabi,madhya pradesh,katni
Madhya Pradesh,KATNI,Urad,2010,Rabi,madhya pradesh,katni
Madhya Pradesh,KATNI,Wheat,2010,Rabi,madhya pradesh,katni
Madhya Pradesh,KATNI,Coriander,2010,Whole Year,madhya pradesh,katni
Madhya Pradesh,KATNI,Dry chillies,2010,Whole Year,madhya pradesh,katni
Madhya Pradesh,KATNI,Dry ginger,2010,Whole Year,madhya pradesh,katni
Madhya Pradesh,KATNI,Garlic,2010,Whole Year,madhya pradesh,katni
Madhya Pradesh,KATNI,Onion,2010,Whole Year,madhya pradesh,katni
Madhya Pradesh,KATNI,Potato,2010,Whole Year,madhya pradesh,katni
Madhya Pradesh,KATNI,Sesamum,2010,Whole Year,madhya pradesh,katni
Madhya Pradesh,KATNI,Sugarcane,2010,Whole Year,madhya pradesh,katni
Madhya Pradesh,KATNI,Sweet potato,2010,Whole Year,madhya pradesh,katni
Madhya Pradesh,KATNI,Turmeric,2010,Whole Year,madhya pradesh,katni
Madhya Pradesh,KHANDWA,Arhar/Tur,2010,Kharif,madhya pradesh,khandwa
Madhya Pradesh,KHANDWA,Bajra,2010,Kharif,madhya pradesh,khandwa
Madhya Pradesh,KHANDWA,Castor seed,2010,Kharif,madhya pradesh,khandwa
Madhya Pradesh,KHANDWA,Cotton(lint),2010,Kharif,madhya pradesh,khandwa
Madhya Pradesh,KHANDWA,Cowpea(Lobia),2010,Kharif,madhya pradesh,khandwa
Madhya Pradesh,KHANDWA,Groundnut,2010,Kharif,madhya pradesh,khandwa
Madhya Pradesh,KHANDWA,Horse-gram,2010,Kharif,madhya pradesh,khandwa
Madhya Pradesh,KHANDWA,Jowar,2010,Kharif,madhya pradesh,khandwa
Madhya Pradesh,KHANDWA,Maize,2010,Kharif,madhya pradesh,khandwa
Madhya Pradesh,KHANDWA,Moong(Green Gram),2010,Kharif,madhya pradesh,khandwa
Madhya Pradesh,KHANDWA,Rice,2010,Kharif,madhya pradesh,khandwa
Madhya Pradesh,KHANDWA,Small millets,2010,Kharif,madhya pradesh,khandwa
Madhya Pradesh,KHANDWA,Soyabean,2010,Kharif,madhya pradesh,khandwa
Madhya Pradesh,KHANDWA,Sunflower,2010,Kharif,madhya pradesh,khandwa
Madhya Pradesh,KHANDWA,Urad,2010,Kharif,madhya pradesh,khandwa
Madhya Pradesh,KHANDWA,Cowpea(Lobia),2010,Rabi,madhya pradesh,khandwa
Madhya Pradesh,KHANDWA,Gram,2010,Rabi,madhya pradesh,khandwa
Madhya Pradesh,KHANDWA,Jowar,2010,Rabi,madhya pradesh,khandwa
Madhya Pradesh,KHANDWA,Linseed,2010,Rabi,madhya pradesh,khandwa
Madhya Pradesh,KHANDWA,Masoor,2010,Rabi,madhya pradesh,khandwa
Madhya Pradesh,KHANDWA,Moong(Green Gram),2010,Rabi,madhya pradesh,khandwa
Madhya Pradesh,KHANDWA,Peas & beans (Pulses),2010,Rabi,madhya pradesh,khandwa
Madhya Pradesh,KHANDWA,Rapeseed &Mustard,2010,Rabi,madhya pradesh,khandwa
Madhya Pradesh,KHANDWA,Urad,2010,Rabi,madhya pradesh,khandwa
Madhya Pradesh,KHANDWA,Wheat,2010,Rabi,madhya pradesh,khandwa
Madhya Pradesh,KHANDWA,Banana,2010,Whole Year,madhya pradesh,khandwa
Madhya Pradesh,KHANDWA,Coriander,2010,Whole Year,madhya pradesh,khandwa
Madhya Pradesh,KHANDWA,Dry chillies,2010,Whole Year,madhya pradesh,khandwa
Madhya Pradesh,KHANDWA,Dry ginger,2010,Whole Year,madhya pradesh,khandwa
Madhya Pradesh,KHANDWA,Garlic,2010,Whole Year,madhya pradesh,khandwa
Madhya Pradesh,KHANDWA,Onion,2010,Whole Year,madhya pradesh,khandwa
Madhya Pradesh,KHANDWA,Potato,2010,Whole Year,madhya pradesh,khandwa
Madhya Pradesh,KHANDWA,Sannhamp,2010,Whole Year,madhya pradesh,khandwa
Madhya Pradesh,KHANDWA,Sesamum,2010,Whole Year,madhya pradesh,khandwa
Madhya Pradesh,KHANDWA,Sugarcane,2010,Whole Year,madhya pradesh,khandwa
Madhya Pradesh,KHANDWA,Sweet potato,2010,Whole Year,madhya pradesh,khandwa
Madhya Pradesh,KHANDWA,Turmeric,2010,Whole Year,madhya pradesh,khandwa
Madhya Pradesh,KHARGONE,Arhar/Tur,2010,Kharif,madhya pradesh,khargone
Madhya Pradesh,KHARGONE,Bajra,2010,Kharif,madhya pradesh,khargone
Madhya Pradesh,KHARGONE,Castor seed,2010,Kharif,madhya pradesh,khargone
Madhya Pradesh,KHARGONE,Cotton(lint),2010,Kharif,madhya pradesh,khargone
Madhya Pradesh,KHARGONE,Groundnut,2010,Kharif,madhya pradesh,khargone
Madhya Pradesh,KHARGONE,Horse-gram,2010,Kharif,madhya pradesh,khargone
Madhya Pradesh,KHARGONE,Jowar,2010,Kharif,madhya pradesh,khargone
Madhya Pradesh,KHARGONE,Maize,2010,Kharif,madhya pradesh,khargone
Madhya Pradesh,KHARGONE,Moong(Green Gram),2010,Kharif,madhya pradesh,khargone
Madhya Pradesh,KHARGONE,Rice,2010,Kharif,madhya pradesh,khargone
Madhya Pradesh,KHARGONE,Soyabean,2010,Kharif,madhya pradesh,khargone
Madhya Pradesh,KHARGONE,Urad,2010,Kharif,madhya pradesh,khargone
Madhya Pradesh,KHARGONE,Gram,2010,Rabi,madhya pradesh,khargone
Madhya Pradesh,KHARGONE,Jowar,2010,Rabi,madhya pradesh,khargone
Madhya Pradesh,KHARGONE,Linseed,2010,Rabi,madhya pradesh,khargone
Madhya Pradesh,KHARGONE,Masoor,2010,Rabi,madhya pradesh,khargone
Madhya Pradesh,KHARGONE,Moong(Green Gram),2010,Rabi,madhya pradesh,khargone
Madhya Pradesh,KHARGONE,Peas & beans (Pulses),2010,Rabi,madhya pradesh,khargone
Madhya Pradesh,KHARGONE,Rapeseed &Mustard,2010,Rabi,madhya pradesh,khargone
Madhya Pradesh,KHARGONE,Wheat,2010,Rabi,madhya pradesh,khargone
Madhya Pradesh,KHARGONE,Banana,2010,Whole Year,madhya pradesh,khargone
Madhya Pradesh,KHARGONE,Coriander,2010,Whole Year,madhya pradesh,khargone
Madhya Pradesh,KHARGONE,Dry chillies,2010,Whole Year,madhya pradesh,khargone
Madhya Pradesh,KHARGONE,Dry ginger,2010,Whole Year,madhya pradesh,khargone
Madhya Pradesh,KHARGONE,Garlic,2010,Whole Year,madhya pradesh,khargone
Madhya Pradesh,KHARGONE,Mesta,2010,Whole Year,madhya pradesh,khargone
Madhya Pradesh,KHARGONE,Onion,2010,Whole Year,madhya pradesh,khargone
Madhya Pradesh,KHARGONE,Potato,2010,Whole Year,madhya pradesh,khargone
Madhya Pradesh,KHARGONE,Sannhamp,2010,Whole Year,madhya pradesh,khargone
Madhya Pradesh,KHARGONE,Sesamum,2010,Whole Year,madhya pradesh,khargone
Madhya Pradesh,KHARGONE,Sugarcane,2010,Whole Year,madhya pradesh,khargone
Madhya Pradesh,KHARGONE,Sweet potato,2010,Whole Year,madhya pradesh,khargone
Madhya Pradesh,KHARGONE,Turmeric,2010,Whole Year,madhya pradesh,khargone
Madhya Pradesh,MANDLA,Arhar/Tur,2010,Kharif,madhya pradesh,mandla
Madhya Pradesh,MANDLA,Cowpea(Lobia),2010,Kharif,madhya pradesh,mandla
Madhya Pradesh,MANDLA,Groundnut,2010,Kharif,madhya pradesh,mandla
Madhya Pradesh,MANDLA,Jowar,2010,Kharif,madhya pradesh,mandla
Madhya Pradesh,MANDLA,Maize,2010,Kharif,madhya pradesh,mandla
Madhya Pradesh,MANDLA,Moong(Green Gram),2010,Kharif,madhya pradesh,mandla
Madhya Pradesh,MANDLA,Niger seed,2010,Kharif,madhya pradesh,mandla
Madhya Pradesh,MANDLA,Rice,2010,Kharif,madhya pradesh,mandla
Madhya Pradesh,MANDLA,Small millets,2010,Kharif,madhya pradesh,mandla
Madhya Pradesh,MANDLA,Soyabean,2010,Kharif,madhya pradesh,mandla
Madhya Pradesh,MANDLA,Urad,2010,Kharif,madhya pradesh,mandla
Madhya Pradesh,MANDLA,Barley,2010,Rabi,madhya pradesh,mandla
Madhya Pradesh,MANDLA,Cowpea(Lobia),2010,Rabi,madhya pradesh,mandla
Madhya Pradesh,MANDLA,Gram,2010,Rabi,madhya pradesh,mandla
Madhya Pradesh,MANDLA,Khesari,2010,Rabi,madhya pradesh,mandla
Madhya Pradesh,MANDLA,Linseed,2010,Rabi,madhya pradesh,mandla
Madhya Pradesh,MANDLA,Masoor,2010,Rabi,madhya pradesh,mandla
Madhya Pradesh,MANDLA,Moong(Green Gram),2010,Rabi,madhya pradesh,mandla
Madhya Pradesh,MANDLA,Peas & beans (Pulses),2010,Rabi,madhya pradesh,mandla
Madhya Pradesh,MANDLA,Rapeseed &Mustard,2010,Rabi,madhya pradesh,mandla
Madhya Pradesh,MANDLA,Urad,2010,Rabi,madhya pradesh,mandla
Madhya Pradesh,MANDLA,Wheat,2010,Rabi,madhya pradesh,mandla
Madhya Pradesh,MANDLA,Coriander,2010,Whole Year,madhya pradesh,mandla
Madhya Pradesh,MANDLA,Dry chillies,2010,Whole Year,madhya pradesh,mandla
Madhya Pradesh,MANDLA,Dry ginger,2010,Whole Year,madhya pradesh,mandla
Madhya Pradesh,MANDLA,Garlic,2010,Whole Year,madhya pradesh,mandla
Madhya Pradesh,MANDLA,Onion,2010,Whole Year,madhya pradesh,mandla
Madhya Pradesh,MANDLA,Potato,2010,Whole Year,madhya pradesh,mandla
Madhya Pradesh,MANDLA,Sannhamp,2010,Whole Year,madhya pradesh,mandla
Madhya Pradesh,MANDLA,Sesamum,2010,Whole Year,madhya pradesh,mandla
Madhya Pradesh,MANDLA,Sugarcane,2010,Whole Year,madhya pradesh,mandla
Madhya Pradesh,MANDLA,Sweet potato,2010,Whole Year,madhya pradesh,mandla
Madhya Pradesh,MANDLA,Turmeric,2010,Whole Year,madhya pradesh,mandla
Madhya Pradesh,MANDSAUR,Arhar/Tur,2010,Kharif,madhya pradesh,mandsaur
Madhya Pradesh,MANDSAUR,Bajra,2010,Kharif,madhya pradesh,mandsaur
Madhya Pradesh,MANDSAUR,Cotton(lint),2010,Kharif,madhya pradesh,mandsaur
Madhya Pradesh,MANDSAUR,Groundnut,2010,Kharif,madhya pradesh,mandsaur
Madhya Pradesh,MANDSAUR,Jowar,2010,Kharif,madhya pradesh,mandsaur
Madhya Pradesh,MANDSAUR,Maize,2010,Kharif,madhya pradesh,mandsaur
Madhya Pradesh,MANDSAUR,Moong(Green Gram),2010,Kharif,madhya pradesh,mandsaur
Madhya Pradesh,MANDSAUR,Soyabean,2010,Kharif,madhya pradesh,mandsaur
Madhya Pradesh,MANDSAUR,Urad,2010,Kharif,madhya pradesh,mandsaur
Madhya Pradesh,MANDSAUR,Barley,2010,Rabi,madhya pradesh,mandsaur
Madhya Pradesh,MANDSAUR,Gram,2010,Rabi,madhya pradesh,mandsaur
Madhya Pradesh,MANDSAUR,Linseed,2010,Rabi,madhya pradesh,mandsaur
Madhya Pradesh,MANDSAUR,Masoor,2010,Rabi,madhya pradesh,mandsaur
Madhya Pradesh,MANDSAUR,Peas & beans (Pulses),2010,Rabi,madhya pradesh,mandsaur
Madhya Pradesh,MANDSAUR,Rapeseed &Mustard,2010,Rabi,madhya pradesh,mandsaur
Madhya Pradesh,MANDSAUR,Wheat,2010,Rabi,madhya pradesh,mandsaur
Madhya Pradesh,MANDSAUR,Coriander,2010,Whole Year,madhya pradesh,mandsaur
Madhya Pradesh,MANDSAUR,Dry chillies,2010,Whole Year,madhya pradesh,mandsaur
Madhya Pradesh,MANDSAUR,Garlic,2010,Whole Year,madhya pradesh,mandsaur
Madhya Pradesh,MANDSAUR,Onion,2010,Whole Year,madhya pradesh,mandsaur
Madhya Pradesh,MANDSAUR,Potato,2010,Whole Year,madhya pradesh,mandsaur
Madhya Pradesh,MANDSAUR,Sesamum,2010,Whole Year,madhya pradesh,mandsaur
Madhya Pradesh,MANDSAUR,Sugarcane,2010,Whole Year,madhya pradesh,mandsaur
Madhya Pradesh,MANDSAUR,Sweet potato,2010,Whole Year,madhya pradesh,mandsaur
Madhya Pradesh,MANDSAUR,Tobacco,2010,Whole Year,madhya pradesh,mandsaur
Madhya Pradesh,MORENA,Arhar/Tur,2010,Kharif,madhya pradesh,morena
Madhya Pradesh,MORENA,Bajra,2010,Kharif,madhya pradesh,morena
Madhya Pradesh,MORENA,Groundnut,2010,Kharif,madhya pradesh,morena
Madhya Pradesh,MORENA,Jowar,2010,Kharif,madhya pradesh,morena
Madhya Pradesh,MORENA,Maize,2010,Kharif,madhya pradesh,morena
Madhya Pradesh,MORENA,Moong(Green Gram),2010,Kharif,madhya pradesh,morena
Madhya Pradesh,MORENA,Rice,2010,Kharif,madhya pradesh,morena
Madhya Pradesh,MORENA,Soyabean,2010,Kharif,madhya pradesh,morena
Madhya Pradesh,MORENA,Urad,2010,Kharif,madhya pradesh,morena
Madhya Pradesh,MORENA,Barley,2010,Rabi,madhya pradesh,morena
Madhya Pradesh,MORENA,Gram,2010,Rabi,madhya pradesh,morena
Madhya Pradesh,MORENA,Masoor,2010,Rabi,madhya pradesh,morena
Madhya Pradesh,MORENA,Moong(Green Gram),2010,Rabi,madhya pradesh,morena
Madhya Pradesh,MORENA,Peas & beans (Pulses),2010,Rabi,madhya pradesh,morena
Madhya Pradesh,MORENA,Rapeseed &Mustard,2010,Rabi,madhya pradesh,morena
Madhya Pradesh,MORENA,Wheat,2010,Rabi,madhya pradesh,morena
Madhya Pradesh,MORENA,Dry chillies,2010,Whole Year,madhya pradesh,morena
Madhya Pradesh,MORENA,Dry ginger,2010,Whole Year,madhya pradesh,morena
Madhya Pradesh,MORENA,Garlic,2010,Whole Year,madhya pradesh,morena
Madhya Pradesh,MORENA,Onion,2010,Whole Year,madhya pradesh,morena
Madhya Pradesh,MORENA,Potato,2010,Whole Year,madhya pradesh,morena
Madhya Pradesh,MORENA,Sesamum,2010,Whole Year,madhya pradesh,morena
Madhya Pradesh,MORENA,Sugarcane,2010,Whole Year,madhya pradesh,morena
Madhya Pradesh,MORENA,Sweet potato,2010,Whole Year,madhya pradesh,morena
Madhya Pradesh,NARSINGHPUR,Arhar/Tur,2010,Kharif,madhya pradesh,narsinghpur
Madhya Pradesh,NARSINGHPUR,Cowpea(Lobia),2010,Kharif,madhya pradesh,narsinghpur
Madhya Pradesh,NARSINGHPUR,Groundnut,2010,Kharif,madhya pradesh,narsinghpur
Madhya Pradesh,NARSINGHPUR,Jowar,2010,Kharif,madhya pradesh,narsinghpur
Madhya Pradesh,NARSINGHPUR,Maize,2010,Kharif,madhya pradesh,narsinghpur
Madhya Pradesh,NARSINGHPUR,Moong(Green Gram),2010,Kharif,madhya pradesh,narsinghpur
Madhya Pradesh,NARSINGHPUR,Niger seed,2010,Kharif,madhya pradesh,narsinghpur
Madhya Pradesh,NARSINGHPUR,Rice,2010,Kharif,madhya pradesh,narsinghpur
Madhya Pradesh,NARSINGHPUR,Small millets,2010,Kharif,madhya pradesh,narsinghpur
Madhya Pradesh,NARSINGHPUR,Soyabean,2010,Kharif,madhya pradesh,narsinghpur
Madhya Pradesh,NARSINGHPUR,Sunflower,2010,Kharif,madhya pradesh,narsinghpur
Madhya Pradesh,NARSINGHPUR,Urad,2010,Kharif,madhya pradesh,narsinghpur
Madhya Pradesh,NARSINGHPUR,Cowpea(Lobia),2010,Rabi,madhya pradesh,narsinghpur
Madhya Pradesh,NARSINGHPUR,Gram,2010,Rabi,madhya pradesh,narsinghpur
Madhya Pradesh,NARSINGHPUR,Khesari,2010,Rabi,madhya pradesh,narsinghpur
Madhya Pradesh,NARSINGHPUR,Masoor,2010,Rabi,madhya pradesh,narsinghpur
Madhya Pradesh,NARSINGHPUR,Moong(Green Gram),2010,Rabi,madhya pradesh,narsinghpur
Madhya Pradesh,NARSINGHPUR,Peas & beans (Pulses),2010,Rabi,madhya pradesh,narsinghpur
Madhya Pradesh,NARSINGHPUR,Rapeseed &Mustard,2010,Rabi,madhya pradesh,narsinghpur
Madhya Pradesh,NARSINGHPUR,Urad,2010,Rabi,madhya pradesh,narsinghpur
Madhya Pradesh,NARSINGHPUR,Wheat,2010,Rabi,madhya pradesh,narsinghpur
Madhya Pradesh,NARSINGHPUR,Coriander,2010,Whole Year,madhya pradesh,narsinghpur
Madhya Pradesh,NARSINGHPUR,Dry chillies,2010,Whole Year,madhya pradesh,narsinghpur
Madhya Pradesh,NARSINGHPUR,Dry ginger,2010,Whole Year,madhya pradesh,narsinghpur
Madhya Pradesh,NARSINGHPUR,Garlic,2010,Whole Year,madhya pradesh,narsinghpur
Madhya Pradesh,NARSINGHPUR,Onion,2010,Whole Year,madhya pradesh,narsinghpur
Madhya Pradesh,NARSINGHPUR,Potato,2010,Whole Year,madhya pradesh,narsinghpur
Madhya Pradesh,NARSINGHPUR,Sannhamp,2010,Whole Year,madhya pradesh,narsinghpur
Madhya Pradesh,NARSINGHPUR,Sesamum,2010,Whole Year,madhya pradesh,narsinghpur
Madhya Pradesh,NARSINGHPUR,Sugarcane,2010,Whole Year,madhya pradesh,narsinghpur
Madhya Pradesh,NARSINGHPUR,Sweet potato,2010,Whole Year,madhya pradesh,narsinghpur
Madhya Pradesh,NARSINGHPUR,Turmeric,2010,Whole Year,madhya pradesh,narsinghpur
Madhya Pradesh,NEEMUCH,Arhar/Tur,2010,Kharif,madhya pradesh,neemuch
Madhya Pradesh,NEEMUCH,Bajra,2010,Kharif,madhya pradesh,neemuch
Madhya Pradesh,NEEMUCH,Cotton(lint),2010,Kharif,madhya pradesh,neemuch
Madhya Pradesh,NEEMUCH,Groundnut,2010,Kharif,madhya pradesh,neemuch
Madhya Pradesh,NEEMUCH,Jowar,2010,Kharif,madhya pradesh,neemuch
Madhya Pradesh,NEEMUCH,Maize,2010,Kharif,madhya pradesh,neemuch
Madhya Pradesh,NEEMUCH,Moong(Green Gram),2010,Kharif,madhya pradesh,neemuch
Madhya Pradesh,NEEMUCH,Rice,2010,Kharif,madhya pradesh,neemuch
Madhya Pradesh,NEEMUCH,Soyabean,2010,Kharif,madhya pradesh,neemuch
Madhya Pradesh,NEEMUCH,Urad,2010,Kharif,madhya pradesh,neemuch
Madhya Pradesh,NEEMUCH,Barley,2010,Rabi,madhya pradesh,neemuch
Madhya Pradesh,NEEMUCH,Gram,2010,Rabi,madhya pradesh,neemuch
Madhya Pradesh,NEEMUCH,Linseed,2010,Rabi,madhya pradesh,neemuch
Madhya Pradesh,NEEMUCH,Masoor,2010,Rabi,madhya pradesh,neemuch
Madhya Pradesh,NEEMUCH,Peas & beans (Pulses),2010,Rabi,madhya pradesh,neemuch
Madhya Pradesh,NEEMUCH,Rapeseed &Mustard,2010,Rabi,madhya pradesh,neemuch
Madhya Pradesh,NEEMUCH,Wheat,2010,Rabi,madhya pradesh,neemuch
Madhya Pradesh,NEEMUCH,Coriander,2010,Whole Year,madhya pradesh,neemuch
Madhya Pradesh,NEEMUCH,Dry chillies,2010,Whole Year,madhya pradesh,neemuch
Madhya Pradesh,NEEMUCH,Garlic,2010,Whole Year,madhya pradesh,neemuch
Madhya Pradesh,NEEMUCH,Onion,2010,Whole Year,madhya pradesh,neemuch
Madhya Pradesh,NEEMUCH,Potato,2010,Whole Year,madhya pradesh,neemuch
Madhya Pradesh,NEEMUCH,Sannhamp,2010,Whole Year,madhya pradesh,neemuch
Madhya Pradesh,NEEMUCH,Sesamum,2010,Whole Year,madhya pradesh,neemuch
Madhya Pradesh,NEEMUCH,Sugarcane,2010,Whole Year,madhya pradesh,neemuch
Madhya Pradesh,NEEMUCH,Sweet potato,2010,Whole Year,madhya pradesh,neemuch
Madhya Pradesh,NEEMUCH,Turmeric,2010,Whole Year,madhya pradesh,neemuch
Madhya Pradesh,PANNA,Arhar/Tur,2010,Kharif,madhya pradesh,panna
Madhya Pradesh,PANNA,Bajra,2010,Kharif,madhya pradesh,panna
Madhya Pradesh,PANNA,Cowpea(Lobia),2010,Kharif,madhya pradesh,panna
Madhya Pradesh,PANNA,Groundnut,2010,Kharif,madhya pradesh,panna
Madhya Pradesh,PANNA,Jowar,2010,Kharif,madhya pradesh,panna
Madhya Pradesh,PANNA,Maize,2010,Kharif,madhya pradesh,panna
Madhya Pradesh,PANNA,Moong(Green Gram),2010,Kharif,madhya pradesh,panna
Madhya Pradesh,PANNA,Niger seed,2010,Kharif,madhya pradesh,panna
Madhya Pradesh,PANNA,Rice,2010,Kharif,madhya pradesh,panna
Madhya Pradesh,PANNA,Small millets,2010,Kharif,madhya pradesh,panna
Madhya Pradesh,PANNA,Soyabean,2010,Kharif,madhya pradesh,panna
Madhya Pradesh,PANNA,Urad,2010,Kharif,madhya pradesh,panna
Madhya Pradesh,PANNA,Barley,2010,Rabi,madhya pradesh,panna
Madhya Pradesh,PANNA,Cowpea(Lobia),2010,Rabi,madhya pradesh,panna
Madhya Pradesh,PANNA,Gram,2010,Rabi,madhya pradesh,panna
Madhya Pradesh,PANNA,Jowar,2010,Rabi,madhya pradesh,panna
Madhya Pradesh,PANNA,Linseed,2010,Rabi,madhya pradesh,panna
Madhya Pradesh,PANNA,Masoor,2010,Rabi,madhya pradesh,panna
Madhya Pradesh,PANNA,Peas & beans (Pulses),2010,Rabi,madhya pradesh,panna
Madhya Pradesh,PANNA,Rapeseed &Mustard,2010,Rabi,madhya pradesh,panna
Madhya Pradesh,PANNA,Wheat,2010,Rabi,madhya pradesh,panna
Madhya Pradesh,PANNA,Coriander,2010,Whole Year,madhya pradesh,panna
Madhya Pradesh,PANNA,Dry chillies,2010,Whole Year,madhya pradesh,panna
Madhya Pradesh,PANNA,Dry ginger,2010,Whole Year,madhya pradesh,panna
Madhya Pradesh,PANNA,Garlic,2010,Whole Year,madhya pradesh,panna
Madhya Pradesh,PANNA,Mesta,2010,Whole Year,madhya pradesh,panna
Madhya Pradesh,PANNA,Onion,2010,Whole Year,madhya pradesh,panna
Madhya Pradesh,PANNA,Potato,2010,Whole Year,madhya pradesh,panna
Madhya Pradesh,PANNA,Sannhamp,2010,Whole Year,madhya pradesh,panna
Madhya Pradesh,PANNA,Sesamum,2010,Whole Year,madhya pradesh,panna
Madhya Pradesh,PANNA,Sugarcane,2010,Whole Year,madhya pradesh,panna
Madhya Pradesh,PANNA,Sweet potato,2010,Whole Year,madhya pradesh,panna
Madhya Pradesh,RAISEN,Arhar/Tur,2010,Kharif,madhya pradesh,raisen
Madhya Pradesh,RAISEN,Bajra,2010,Kharif,madhya pradesh,raisen
Madhya Pradesh,RAISEN,Groundnut,2010,Kharif,madhya pradesh,raisen
Madhya Pradesh,RAISEN,Jowar,2010,Kharif,madhya pradesh,raisen
Madhya Pradesh,RAISEN,Maize,2010,Kharif,madhya pradesh,raisen
Madhya Pradesh,RAISEN,Moong(Green Gram),2010,Kharif,madhya pradesh,raisen
Madhya Pradesh,RAISEN,Niger seed,2010,Kharif,madhya pradesh,raisen
Madhya Pradesh,RAISEN,Rice,2010,Kharif,madhya pradesh,raisen
Madhya Pradesh,RAISEN,Small millets,2010,Kharif,madhya pradesh,raisen
Madhya Pradesh,RAISEN,Soyabean,2010,Kharif,madhya pradesh,raisen
Madhya Pradesh,RAISEN,Urad,2010,Kharif,madhya pradesh,raisen
Madhya Pradesh,RAISEN,Barley,2010,Rabi,madhya pradesh,raisen
Madhya Pradesh,RAISEN,Gram,2010,Rabi,madhya pradesh,raisen
Madhya Pradesh,RAISEN,Khesari,2010,Rabi,madhya pradesh,raisen
Madhya Pradesh,RAISEN,Linseed,2010,Rabi,madhya pradesh,raisen
Madhya Pradesh,RAISEN,Masoor,2010,Rabi,madhya pradesh,raisen
Madhya Pradesh,RAISEN,Moong(Green Gram),2010,Rabi,madhya pradesh,raisen
Madhya Pradesh,RAISEN,Peas & beans (Pulses),2010,Rabi,madhya pradesh,raisen
Madhya Pradesh,RAISEN,Rapeseed &Mustard,2010,Rabi,madhya pradesh,raisen
Madhya Pradesh,RAISEN,Wheat,2010,Rabi,madhya pradesh,raisen
Madhya Pradesh,RAISEN,Coriander,2010,Whole Year,madhya pradesh,raisen
Madhya Pradesh,RAISEN,Dry chillies,2010,Whole Year,madhya pradesh,raisen
Madhya Pradesh,RAISEN,Dry ginger,2010,Whole Year,madhya pradesh,raisen
Madhya Pradesh,RAISEN,Garlic,2010,Whole Year,madhya pradesh,raisen
Madhya Pradesh,RAISEN,Onion,2010,Whole Year,madhya pradesh,raisen
Madhya Pradesh,RAISEN,Potato,2010,Whole Year,madhya pradesh,raisen
Madhya Pradesh,RAISEN,Sannhamp,2010,Whole Year,madhya pradesh,raisen
Madhya Pradesh,RAISEN,Sesamum,2010,Whole Year,madhya pradesh,raisen
Madhya Pradesh,RAISEN,Sugarcane,2010,Whole Year,madhya pradesh,raisen
Madhya Pradesh,RAISEN,Sweet potato,2010,Whole Year,madhya pradesh,raisen
Madhya Pradesh,RAJGARH,Arhar/Tur,2010,Kharif,madhya pradesh,rajgarh
Madhya Pradesh,RAJGARH,Groundnut,2010,Kharif,madhya pradesh,rajgarh
Madhya Pradesh,RAJGARH,Jowar,2010,Kharif,madhya pradesh,rajgarh
Madhya Pradesh,RAJGARH,Maize,2010,Kharif,madhya pradesh,rajgarh
Madhya Pradesh,RAJGARH,Moong(Green Gram),2010,Kharif,madhya pradesh,rajgarh
Madhya Pradesh,RAJGARH,Rice,2010,Kharif,madhya pradesh,rajgarh
Madhya Pradesh,RAJGARH,Soyabean,2010,Kharif,madhya pradesh,rajgarh
Madhya Pradesh,RAJGARH,Urad,2010,Kharif,madhya pradesh,rajgarh
Madhya Pradesh,RAJGARH,Barley,2010,Rabi,madhya pradesh,rajgarh
Madhya Pradesh,RAJGARH,Gram,2010,Rabi,madhya pradesh,rajgarh
Madhya Pradesh,RAJGARH,Linseed,2010,Rabi,madhya pradesh,rajgarh
Madhya Pradesh,RAJGARH,Masoor,2010,Rabi,madhya pradesh,rajgarh
Madhya Pradesh,RAJGARH,Peas & beans (Pulses),2010,Rabi,madhya pradesh,rajgarh
Madhya Pradesh,RAJGARH,Rapeseed &Mustard,2010,Rabi,madhya pradesh,rajgarh
Madhya Pradesh,RAJGARH,Wheat,2010,Rabi,madhya pradesh,rajgarh
Madhya Pradesh,RAJGARH,Coriander,2010,Whole Year,madhya pradesh,rajgarh
Madhya Pradesh,RAJGARH,Dry chillies,2010,Whole Year,madhya pradesh,rajgarh
Madhya Pradesh,RAJGARH,Garlic,2010,Whole Year,madhya pradesh,rajgarh
Madhya Pradesh,RAJGARH,Onion,2010,Whole Year,madhya pradesh,rajgarh
Madhya Pradesh,RAJGARH,Potato,2010,Whole Year,madhya pradesh,rajgarh
Madhya Pradesh,RAJGARH,Sannhamp,2010,Whole Year,madhya pradesh,rajgarh
Madhya Pradesh,RAJGARH,Sesamum,2010,Whole Year,madhya pradesh,rajgarh
Madhya Pradesh,RAJGARH,Sugarcane,2010,Whole Year,madhya pradesh,rajgarh
Madhya Pradesh,RAJGARH,Sweet potato,2010,Whole Year,madhya pradesh,rajgarh
Madhya Pradesh,RATLAM,Arhar/Tur,2010,Kharif,madhya pradesh,ratlam
Madhya Pradesh,RATLAM,Bajra,2010,Kharif,madhya pradesh,ratlam
Madhya Pradesh,RATLAM,Cotton(lint),2010,Kharif,madhya pradesh,ratlam
Madhya Pradesh,RATLAM,Groundnut,2010,Kharif,madhya pradesh,ratlam
Madhya Pradesh,RATLAM,Jowar,2010,Kharif,madhya pradesh,ratlam
Madhya Pradesh,RATLAM,Maize,2010,Kharif,madhya pradesh,ratlam
Madhya Pradesh,RATLAM,Moong(Green Gram),2010,Kharif,madhya pradesh,ratlam
Madhya Pradesh,RATLAM,Rice,2010,Kharif,madhya pradesh,ratlam
Madhya Pradesh,RATLAM,Small millets,2010,Kharif,madhya pradesh,ratlam
Madhya Pradesh,RATLAM,Soyabean,2010,Kharif,madhya pradesh,ratlam
Madhya Pradesh,RATLAM,Urad,2010,Kharif,madhya pradesh,ratlam
Madhya Pradesh,RATLAM,Barley,2010,Rabi,madhya pradesh,ratlam
Madhya Pradesh,RATLAM,Gram,2010,Rabi,madhya pradesh,ratlam
Madhya Pradesh,RATLAM,Jowar,2010,Rabi,madhya pradesh,ratlam
Madhya Pradesh,RATLAM,Linseed,2010,Rabi,madhya pradesh,ratlam
Madhya Pradesh,RATLAM,Masoor,2010,Rabi,madhya pradesh,ratlam
Madhya Pradesh,RATLAM,Peas & beans (Pulses),2010,Rabi,madhya pradesh,ratlam
Madhya Pradesh,RATLAM,Rapeseed &Mustard,2010,Rabi,madhya pradesh,ratlam
Madhya Pradesh,RATLAM,Wheat,2010,Rabi,madhya pradesh,ratlam
Madhya Pradesh,RATLAM,Coriander,2010,Whole Year,madhya pradesh,ratlam
Madhya Pradesh,RATLAM,Dry chillies,2010,Whole Year,madhya pradesh,ratlam
Madhya Pradesh,RATLAM,Dry ginger,2010,Whole Year,madhya pradesh,ratlam
Madhya Pradesh,RATLAM,Garlic,2010,Whole Year,madhya pradesh,ratlam
Madhya Pradesh,RATLAM,Onion,2010,Whole Year,madhya pradesh,ratlam
Madhya Pradesh,RATLAM,Potato,2010,Whole Year,madhya pradesh,ratlam
Madhya Pradesh,RATLAM,Sesamum,2010,Whole Year,madhya pradesh,ratlam
Madhya Pradesh,RATLAM,Sugarcane,2010,Whole Year,madhya pradesh,ratlam
Madhya Pradesh,RATLAM,Sweet potato,2010,Whole Year,madhya pradesh,ratlam
Madhya Pradesh,RATLAM,Turmeric,2010,Whole Year,madhya pradesh,ratlam
Madhya Pradesh,REWA,Arhar/Tur,2010,Kharif,madhya pradesh,rewa
Madhya Pradesh,REWA,Bajra,2010,Kharif,madhya pradesh,rewa
Madhya Pradesh,REWA,Cowpea(Lobia),2010,Kharif,madhya pradesh,rewa
Madhya Pradesh,REWA,Groundnut,2010,Kharif,madhya pradesh,rewa
Madhya Pradesh,REWA,Jowar,2010,Kharif,madhya pradesh,rewa
Madhya Pradesh,REWA,Maize,2010,Kharif,madhya pradesh,rewa
Madhya Pradesh,REWA,Moong(Green Gram),2010,Kharif,madhya pradesh,rewa
Madhya Pradesh,REWA,Niger seed,2010,Kharif,madhya pradesh,rewa
Madhya Pradesh,REWA,Rice,2010,Kharif,madhya pradesh,rewa
Madhya Pradesh,REWA,Small millets,2010,Kharif,madhya pradesh,rewa
Madhya Pradesh,REWA,Soyabean,2010,Kharif,madhya pradesh,rewa
Madhya Pradesh,REWA,Urad,2010,Kharif,madhya pradesh,rewa
Madhya Pradesh,REWA,Barley,2010,Rabi,madhya pradesh,rewa
Madhya Pradesh,REWA,Cowpea(Lobia),2010,Rabi,madhya pradesh,rewa
Madhya Pradesh,REWA,Gram,2010,Rabi,madhya pradesh,rewa
Madhya Pradesh,REWA,Khesari,2010,Rabi,madhya pradesh,rewa
Madhya Pradesh,REWA,Linseed,2010,Rabi,madhya pradesh,rewa
Madhya Pradesh,REWA,Masoor,2010,Rabi,madhya pradesh,rewa
Madhya Pradesh,REWA,Peas & beans (Pulses),2010,Rabi,madhya pradesh,rewa
Madhya Pradesh,REWA,Rapeseed &Mustard,2010,Rabi,madhya pradesh,rewa
Madhya Pradesh,REWA,Wheat,2010,Rabi,madhya pradesh,rewa
Madhya Pradesh,REWA,Banana,2010,Whole Year,madhya pradesh,rewa
Madhya Pradesh,REWA,Coriander,2010,Whole Year,madhya pradesh,rewa
Madhya Pradesh,REWA,Dry chillies,2010,Whole Year,madhya pradesh,rewa
Madhya Pradesh,REWA,Dry ginger,2010,Whole Year,madhya pradesh,rewa
Madhya Pradesh,REWA,Garlic,2010,Whole Year,madhya pradesh,rewa
Madhya Pradesh,REWA,Mesta,2010,Whole Year,madhya pradesh,rewa
Madhya Pradesh,REWA,Onion,2010,Whole Year,madhya pradesh,rewa
Madhya Pradesh,REWA,Potato,2010,Whole Year,madhya pradesh,rewa
Madhya Pradesh,REWA,Sannhamp,2010,Whole Year,madhya pradesh,rewa
Madhya Pradesh,REWA,Sesamum,2010,Whole Year,madhya pradesh,rewa
Madhya Pradesh,REWA,Sugarcane,2010,Whole Year,madhya pradesh,rewa
Madhya Pradesh,REWA,Sweet potato,2010,Whole Year,madhya pradesh,rewa
Madhya Pradesh,REWA,Tobacco,2010,Whole Year,madhya pradesh,rewa
Madhya Pradesh,REWA,Turmeric,2010,Whole Year,madhya pradesh,rewa
Madhya Pradesh,SAGAR,Arhar/Tur,2010,Kharif,madhya pradesh,sagar
Madhya Pradesh,SAGAR,Bajra,2010,Kharif,madhya pradesh,sagar
Madhya Pradesh,SAGAR,Castor seed,2010,Kharif,madhya pradesh,sagar
Madhya Pradesh,SAGAR,Groundnut,2010,Kharif,madhya pradesh,sagar
Madhya Pradesh,SAGAR,Jowar,2010,Kharif,madhya pradesh,sagar
Madhya Pradesh,SAGAR,Maize,2010,Kharif,madhya pradesh,sagar
Madhya Pradesh,SAGAR,Moong(Green Gram),2010,Kharif,madhya pradesh,sagar
Madhya Pradesh,SAGAR,Niger seed,2010,Kharif,madhya pradesh,sagar
Madhya Pradesh,SAGAR,Other Kharif pulses,2010,Kharif,madhya pradesh,sagar
Madhya Pradesh,SAGAR,Rice,2010,Kharif,madhya pradesh,sagar
Madhya Pradesh,SAGAR,Small millets,2010,Kharif,madhya pradesh,sagar
Madhya Pradesh,SAGAR,Soyabean,2010,Kharif,madhya pradesh,sagar
Madhya Pradesh,SAGAR,Urad,2010,Kharif,madhya pradesh,sagar
Madhya Pradesh,SAGAR,Barley,2010,Rabi,madhya pradesh,sagar
Madhya Pradesh,SAGAR,Cowpea(Lobia),2010,Rabi,madhya pradesh,sagar
Madhya Pradesh,SAGAR,Gram,2010,Rabi,madhya pradesh,sagar
Madhya Pradesh,SAGAR,Khesari,2010,Rabi,madhya pradesh,sagar
Madhya Pradesh,SAGAR,Linseed,2010,Rabi,madhya pradesh,sagar
Madhya Pradesh,SAGAR,Masoor,2010,Rabi,madhya pradesh,sagar
Madhya Pradesh,SAGAR,Moong(Green Gram),2010,Rabi,madhya pradesh,sagar
Madhya Pradesh,SAGAR,Peas & beans (Pulses),2010,Rabi,madhya pradesh,sagar
Madhya Pradesh,SAGAR,Rapeseed &Mustard,2010,Rabi,madhya pradesh,sagar
Madhya Pradesh,SAGAR,Urad,2010,Rabi,madhya pradesh,sagar
Madhya Pradesh,SAGAR,Wheat,2010,Rabi,madhya pradesh,sagar
Madhya Pradesh,SAGAR,Coriander,2010,Whole Year,madhya pradesh,sagar
Madhya Pradesh,SAGAR,Dry chillies,2010,Whole Year,madhya pradesh,sagar
Madhya Pradesh,SAGAR,Dry ginger,2010,Whole Year,madhya pradesh,sagar
Madhya Pradesh,SAGAR,Garlic,2010,Whole Year,madhya pradesh,sagar
Madhya Pradesh,SAGAR,Onion,2010,Whole Year,madhya pradesh,sagar
Madhya Pradesh,SAGAR,Potato,2010,Whole Year,madhya pradesh,sagar
Madhya Pradesh,SAGAR,Sannhamp,2010,Whole Year,madhya pradesh,sagar
Madhya Pradesh,SAGAR,Sesamum,2010,Whole Year,madhya pradesh,sagar
Madhya Pradesh,SAGAR,Sugarcane,2010,Whole Year,madhya pradesh,sagar
Madhya Pradesh,SAGAR,Sweet potato,2010,Whole Year,madhya pradesh,sagar
Madhya Pradesh,SAGAR,Turmeric,2010,Whole Year,madhya pradesh,sagar
Madhya Pradesh,SATNA,Arhar/Tur,2010,Kharif,madhya pradesh,satna
Madhya Pradesh,SATNA,Bajra,2010,Kharif,madhya pradesh,satna
Madhya Pradesh,SATNA,Cowpea(Lobia),2010,Kharif,madhya pradesh,satna
Madhya Pradesh,SATNA,Groundnut,2010,Kharif,madhya pradesh,satna
Madhya Pradesh,SATNA,Jowar,2010,Kharif,madhya pradesh,satna
Madhya Pradesh,SATNA,Maize,2010,Kharif,madhya pradesh,satna
Madhya Pradesh,SATNA,Moong(Green Gram),2010,Kharif,madhya pradesh,satna
Madhya Pradesh,SATNA,Rice,2010,Kharif,madhya pradesh,satna
Madhya Pradesh,SATNA,Small millets,2010,Kharif,madhya pradesh,satna
Madhya Pradesh,SATNA,Soyabean,2010,Kharif,madhya pradesh,satna
Madhya Pradesh,SATNA,Urad,2010,Kharif,madhya pradesh,satna
Madhya Pradesh,SATNA,Barley,2010,Rabi,madhya pradesh,satna
Madhya Pradesh,SATNA,Cowpea(Lobia),2010,Rabi,madhya pradesh,satna
Madhya Pradesh,SATNA,Gram,2010,Rabi,madhya pradesh,satna
Madhya Pradesh,SATNA,Linseed,2010,Rabi,madhya pradesh,satna
Madhya Pradesh,SATNA,Masoor,2010,Rabi,madhya pradesh,satna
Madhya Pradesh,SATNA,Peas & beans (Pulses),2010,Rabi,madhya pradesh,satna
Madhya Pradesh,SATNA,Rapeseed &Mustard,2010,Rabi,madhya pradesh,satna
Madhya Pradesh,SATNA,Wheat,2010,Rabi,madhya pradesh,satna
Madhya Pradesh,SATNA,Coriander,2010,Whole Year,madhya pradesh,satna
Madhya Pradesh,SATNA,Dry chillies,2010,Whole Year,madhya pradesh,satna
Madhya Pradesh,SATNA,Dry ginger,2010,Whole Year,madhya pradesh,satna
Madhya Pradesh,SATNA,Garlic,2010,Whole Year,madhya pradesh,satna
Madhya Pradesh,SATNA,Onion,2010,Whole Year,madhya pradesh,satna
Madhya Pradesh,SATNA,Potato,2010,Whole Year,madhya pradesh,satna
Madhya Pradesh,SATNA,Sannhamp,2010,Whole Year,madhya pradesh,satna
Madhya Pradesh,SATNA,Sesamum,2010,Whole Year,madhya pradesh,satna
Madhya Pradesh,SATNA,Sugarcane,2010,Whole Year,madhya pradesh,satna
Madhya Pradesh,SATNA,Sweet potato,2010,Whole Year,madhya pradesh,satna
Madhya Pradesh,SATNA,Tobacco,2010,Whole Year,madhya pradesh,satna
Madhya Pradesh,SATNA,Turmeric,2010,Whole Year,madhya pradesh,satna
Madhya Pradesh,SEHORE,Arhar/Tur,2010,Kharif,madhya pradesh,sehore
Madhya Pradesh,SEHORE,Cotton(lint),2010,Kharif,madhya pradesh,sehore
Madhya Pradesh,SEHORE,Groundnut,2010,Kharif,madhya pradesh,sehore
Madhya Pradesh,SEHORE,Jowar,2010,Kharif,madhya pradesh,sehore
Madhya Pradesh,SEHORE,Maize,2010,Kharif,madhya pradesh,sehore
Madhya Pradesh,SEHORE,Moong(Green Gram),2010,Kharif,madhya pradesh,sehore
Madhya Pradesh,SEHORE,Rice,2010,Kharif,madhya pradesh,sehore
Madhya Pradesh,SEHORE,Soyabean,2010,Kharif,madhya pradesh,sehore
Madhya Pradesh,SEHORE,Urad,2010,Kharif,madhya pradesh,sehore
Madhya Pradesh,SEHORE,Barley,2010,Rabi,madhya pradesh,sehore
Madhya Pradesh,SEHORE,Gram,2010,Rabi,madhya pradesh,sehore
Madhya Pradesh,SEHORE,Jowar,2010,Rabi,madhya pradesh,sehore
Madhya Pradesh,SEHORE,Khesari,2010,Rabi,madhya pradesh,sehore
Madhya Pradesh,SEHORE,Linseed,2010,Rabi,madhya pradesh,sehore
Madhya Pradesh,SEHORE,Masoor,2010,Rabi,madhya pradesh,sehore
Madhya Pradesh,SEHORE,Moong(Green Gram),2010,Rabi,madhya pradesh,sehore
Madhya Pradesh,SEHORE,Peas & beans (Pulses),2010,Rabi,madhya pradesh,sehore
Madhya Pradesh,SEHORE,Rapeseed &Mustard,2010,Rabi,madhya pradesh,sehore
Madhya Pradesh,SEHORE,Wheat,2010,Rabi,madhya pradesh,sehore
Madhya Pradesh,SEHORE,Coriander,2010,Whole Year,madhya pradesh,sehore
Madhya Pradesh,SEHORE,Dry chillies,2010,Whole Year,madhya pradesh,sehore
Madhya Pradesh,SEHORE,Dry ginger,2010,Whole Year,madhya pradesh,sehore
Madhya Pradesh,SEHORE,Garlic,2010,Whole Year,madhya pradesh,sehore
Madhya Pradesh,SEHORE,Onion,2010,Whole Year,madhya pradesh,sehore
Madhya Pradesh,SEHORE,Potato,2010,Whole Year,madhya pradesh,sehore
Madhya Pradesh,SEHORE,Sannhamp,2010,Whole Year,madhya pradesh,sehore
Madhya Pradesh,SEHORE,Sesamum,2010,Whole Year,madhya pradesh,sehore
Madhya Pradesh,SEHORE,Sugarcane,2010,Whole Year,madhya pradesh,sehore
Madhya Pradesh,SEHORE,Sweet potato,2010,Whole Year,madhya pradesh,sehore
Madhya Pradesh,SEONI,Arhar/Tur,2010,Kharif,madhya pradesh,seoni
Madhya Pradesh,SEONI,Cowpea(Lobia),2010,Kharif,madhya pradesh,seoni
Madhya Pradesh,SEONI,Groundnut,2010,Kharif,madhya pradesh,seoni
Madhya Pradesh,SEONI,Horse-gram,2010,Kharif,madhya pradesh,seoni
Madhya Pradesh,SEONI,Jowar,2010,Kharif,madhya pradesh,seoni
Madhya Pradesh,SEONI,Maize,2010,Kharif,madhya pradesh,seoni
Madhya Pradesh,SEONI,Moong(Green Gram),2010,Kharif,madhya pradesh,seoni
Madhya Pradesh,SEONI,Niger seed,2010,Kharif,madhya pradesh,seoni
Madhya Pradesh,SEONI,Other Kharif pulses,2010,Kharif,madhya pradesh,seoni
Madhya Pradesh,SEONI,Rice,2010,Kharif,madhya pradesh,seoni
Madhya Pradesh,SEONI,Small millets,2010,Kharif,madhya pradesh,seoni
Madhya Pradesh,SEONI,Soyabean,2010,Kharif,madhya pradesh,seoni
Madhya Pradesh,SEONI,Urad,2010,Kharif,madhya pradesh,seoni
Madhya Pradesh,SEONI,Cowpea(Lobia),2010,Rabi,madhya pradesh,seoni
Madhya Pradesh,SEONI,Gram,2010,Rabi,madhya pradesh,seoni
Madhya Pradesh,SEONI,Jowar,2010,Rabi,madhya pradesh,seoni
Madhya Pradesh,SEONI,Khesari,2010,Rabi,madhya pradesh,seoni
Madhya Pradesh,SEONI,Linseed,2010,Rabi,madhya pradesh,seoni
Madhya Pradesh,SEONI,Masoor,2010,Rabi,madhya pradesh,seoni
Madhya Pradesh,SEONI,Moong(Green Gram),2010,Rabi,madhya pradesh,seoni
Madhya Pradesh,SEONI,Peas & beans (Pulses),2010,Rabi,madhya pradesh,seoni
Madhya Pradesh,SEONI,Rapeseed &Mustard,2010,Rabi,madhya pradesh,seoni
Madhya Pradesh,SEONI,Wheat,2010,Rabi,madhya pradesh,seoni
Madhya Pradesh,SEONI,Banana,2010,Whole Year,madhya pradesh,seoni
Madhya Pradesh,SEONI,Coriander,2010,Whole Year,madhya pradesh,seoni
Madhya Pradesh,SEONI,Dry chillies,2010,Whole Year,madhya pradesh,seoni
Madhya Pradesh,SEONI,Dry ginger,2010,Whole Year,madhya pradesh,seoni
Madhya Pradesh,SEONI,Garlic,2010,Whole Year,madhya pradesh,seoni
Madhya Pradesh,SEONI,Mesta,2010,Whole Year,madhya pradesh,seoni
Madhya Pradesh,SEONI,Onion,2010,Whole Year,madhya pradesh,seoni
Madhya Pradesh,SEONI,Potato,2010,Whole Year,madhya pradesh,seoni
Madhya Pradesh,SEONI,Sannhamp,2010,Whole Year,madhya pradesh,seoni
Madhya Pradesh,SEONI,Sesamum,2010,Whole Year,madhya pradesh,seoni
Madhya Pradesh,SEONI,Sugarcane,2010,Whole Year,madhya pradesh,seoni
Madhya Pradesh,SEONI,Sweet potato,2010,Whole Year,madhya pradesh,seoni
Madhya Pradesh,SEONI,Turmeric,2010,Whole Year,madhya pradesh,seoni
Madhya Pradesh,SHAHDOL,Arhar/Tur,2010,Kharif,madhya pradesh,shahdol
Madhya Pradesh,SHAHDOL,Cowpea(Lobia),2010,Kharif,madhya pradesh,shahdol
Madhya Pradesh,SHAHDOL,Groundnut,2010,Kharif,madhya pradesh,shahdol
Madhya Pradesh,SHAHDOL,Horse-gram,2010,Kharif,madhya pradesh,shahdol
Madhya Pradesh,SHAHDOL,Jowar,2010,Kharif,madhya pradesh,shahdol
Madhya Pradesh,SHAHDOL,Maize,2010,Kharif,madhya pradesh,shahdol
Madhya Pradesh,SHAHDOL,Moong(Green Gram),2010,Kharif,madhya pradesh,shahdol
Madhya Pradesh,SHAHDOL,Niger seed,2010,Kharif,madhya pradesh,shahdol
Madhya Pradesh,SHAHDOL,Rice,2010,Kharif,madhya pradesh,shahdol
Madhya Pradesh,SHAHDOL,Small millets,2010,Kharif,madhya pradesh,shahdol
Madhya Pradesh,SHAHDOL,Soyabean,2010,Kharif,madhya pradesh,shahdol
Madhya Pradesh,SHAHDOL,Urad,2010,Kharif,madhya pradesh,shahdol
Madhya Pradesh,SHAHDOL,Barley,2010,Rabi,madhya pradesh,shahdol
Madhya Pradesh,SHAHDOL,Gram,2010,Rabi,madhya pradesh,shahdol
Madhya Pradesh,SHAHDOL,Khesari,2010,Rabi,madhya pradesh,shahdol
Madhya Pradesh,SHAHDOL,Linseed,2010,Rabi,madhya pradesh,shahdol
Madhya Pradesh,SHAHDOL,Masoor,2010,Rabi,madhya pradesh,shahdol
Madhya Pradesh,SHAHDOL,Peas & beans (Pulses),2010,Rabi,madhya pradesh,shahdol
Madhya Pradesh,SHAHDOL,Rapeseed &Mustard,2010,Rabi,madhya pradesh,shahdol
Madhya Pradesh,SHAHDOL,Wheat,2010,Rabi,madhya pradesh,shahdol
Madhya Pradesh,SHAHDOL,Banana,2010,Whole Year,madhya pradesh,shahdol
Madhya Pradesh,SHAHDOL,Coriander,2010,Whole Year,madhya pradesh,shahdol
Madhya Pradesh,SHAHDOL,Dry chillies,2010,Whole Year,madhya pradesh,shahdol
Madhya Pradesh,SHAHDOL,Dry ginger,2010,Whole Year,madhya pradesh,shahdol
Madhya Pradesh,SHAHDOL,Garlic,2010,Whole Year,madhya pradesh,shahdol
Madhya Pradesh,SHAHDOL,Mesta,2010,Whole Year,madhya pradesh,shahdol
Madhya Pradesh,SHAHDOL,Onion,2010,Whole Year,madhya pradesh,shahdol
Madhya Pradesh,SHAHDOL,Potato,2010,Whole Year,madhya pradesh,shahdol
Madhya Pradesh,SHAHDOL,Sannhamp,2010,Whole Year,madhya pradesh,shahdol
Madhya Pradesh,SHAHDOL,Sesamum,2010,Whole Year,madhya pradesh,shahdol
Madhya Pradesh,SHAHDOL,Sugarcane,2010,Whole Year,madhya pradesh,shahdol
Madhya Pradesh,SHAHDOL,Sweet potato,2010,Whole Year,madhya pradesh,shahdol
Madhya Pradesh,SHAHDOL,Tobacco,2010,Whole Year,madhya pradesh,shahdol
Madhya Pradesh,SHAHDOL,Turmeric,2010,Whole Year,madhya pradesh,shahdol
Madhya Pradesh,SHAJAPUR,Arhar/Tur,2010,Kharif,madhya pradesh,shajapur
Madhya Pradesh,SHAJAPUR,Bajra,2010,Kharif,madhya pradesh,shajapur
Madhya Pradesh,SHAJAPUR,Cowpea(Lobia),2010,Kharif,madhya pradesh,shajapur
Madhya Pradesh,SHAJAPUR,Groundnut,2010,Kharif,madhya pradesh,shajapur
Madhya Pradesh,SHAJAPUR,Jowar,2010,Kharif,madhya pradesh,shajapur
Madhya Pradesh,SHAJAPUR,Maize,2010,Kharif,madhya pradesh,shajapur
Madhya Pradesh,SHAJAPUR,Moong(Green Gram),2010,Kharif,madhya pradesh,shajapur
Madhya Pradesh,SHAJAPUR,Rice,2010,Kharif,madhya pradesh,shajapur
Madhya Pradesh,SHAJAPUR,Soyabean,2010,Kharif,madhya pradesh,shajapur
Madhya Pradesh,SHAJAPUR,Urad,2010,Kharif,madhya pradesh,shajapur
Madhya Pradesh,SHAJAPUR,Barley,2010,Rabi,madhya pradesh,shajapur
Madhya Pradesh,SHAJAPUR,Gram,2010,Rabi,madhya pradesh,shajapur
Madhya Pradesh,SHAJAPUR,Linseed,2010,Rabi,madhya pradesh,shajapur
Madhya Pradesh,SHAJAPUR,Masoor,2010,Rabi,madhya pradesh,shajapur
Madhya Pradesh,SHAJAPUR,Peas & beans (Pulses),2010,Rabi,madhya pradesh,shajapur
Madhya Pradesh,SHAJAPUR,Rapeseed &Mustard,2010,Rabi,madhya pradesh,shajapur
Madhya Pradesh,SHAJAPUR,Urad,2010,Rabi,madhya pradesh,shajapur
Madhya Pradesh,SHAJAPUR,Wheat,2010,Rabi,madhya pradesh,shajapur
Madhya Pradesh,SHAJAPUR,Coriander,2010,Whole Year,madhya pradesh,shajapur
Madhya Pradesh,SHAJAPUR,Dry chillies,2010,Whole Year,madhya pradesh,shajapur
Madhya Pradesh,SHAJAPUR,Dry ginger,2010,Whole Year,madhya pradesh,shajapur
Madhya Pradesh,SHAJAPUR,Garlic,2010,Whole Year,madhya pradesh,shajapur
Madhya Pradesh,SHAJAPUR,Onion,2010,Whole Year,madhya pradesh,shajapur
Madhya Pradesh,SHAJAPUR,Potato,2010,Whole Year,madhya pradesh,shajapur
Madhya Pradesh,SHAJAPUR,Sannhamp,2010,Whole Year,madhya pradesh,shajapur
Madhya Pradesh,SHAJAPUR,Sesamum,2010,Whole Year,madhya pradesh,shajapur
Madhya Pradesh,SHAJAPUR,Sugarcane,2010,Whole Year,madhya pradesh,shajapur
Madhya Pradesh,SHAJAPUR,Sweet potato,2010,Whole Year,madhya pradesh,shajapur
Madhya Pradesh,SHEOPUR,Arhar/Tur,2010,Kharif,madhya pradesh,sheopur
Madhya Pradesh,SHEOPUR,Bajra,2010,Kharif,madhya pradesh,sheopur
Madhya Pradesh,SHEOPUR,Cotton(lint),2010,Kharif,madhya pradesh,sheopur
Madhya Pradesh,SHEOPUR,Groundnut,2010,Kharif,madhya pradesh,sheopur
Madhya Pradesh,SHEOPUR,Jowar,2010,Kharif,madhya pradesh,sheopur
Madhya Pradesh,SHEOPUR,Maize,2010,Kharif,madhya pradesh,sheopur
Madhya Pradesh,SHEOPUR,Moong(Green Gram),2010,Kharif,madhya pradesh,sheopur
Madhya Pradesh,SHEOPUR,Rice,2010,Kharif,madhya pradesh,sheopur
Madhya Pradesh,SHEOPUR,Soyabean,2010,Kharif,madhya pradesh,sheopur
Madhya Pradesh,SHEOPUR,Urad,2010,Kharif,madhya pradesh,sheopur
Madhya Pradesh,SHEOPUR,Barley,2010,Rabi,madhya pradesh,sheopur
Madhya Pradesh,SHEOPUR,Gram,2010,Rabi,madhya pradesh,sheopur
Madhya Pradesh,SHEOPUR,Linseed,2010,Rabi,madhya pradesh,sheopur
Madhya Pradesh,SHEOPUR,Masoor,2010,Rabi,madhya pradesh,sheopur
Madhya Pradesh,SHEOPUR,Peas & beans (Pulses),2010,Rabi,madhya pradesh,sheopur
Madhya Pradesh,SHEOPUR,Rapeseed &Mustard,2010,Rabi,madhya pradesh,sheopur
Madhya Pradesh,SHEOPUR,Wheat,2010,Rabi,madhya pradesh,sheopur
Madhya Pradesh,SHEOPUR,Coriander,2010,Whole Year,madhya pradesh,sheopur
Madhya Pradesh,SHEOPUR,Dry chillies,2010,Whole Year,madhya pradesh,sheopur
Madhya Pradesh,SHEOPUR,Garlic,2010,Whole Year,madhya pradesh,sheopur
Madhya Pradesh,SHEOPUR,Onion,2010,Whole Year,madhya pradesh,sheopur
Madhya Pradesh,SHEOPUR,Potato,2010,Whole Year,madhya pradesh,sheopur
Madhya Pradesh,SHEOPUR,Sesamum,2010,Whole Year,madhya pradesh,sheopur
Madhya Pradesh,SHEOPUR,Sugarcane,2010,Whole Year,madhya pradesh,sheopur
Madhya Pradesh,SHIVPURI,Arhar/Tur,2010,Kharif,madhya pradesh,shivpuri
Madhya Pradesh,SHIVPURI,Bajra,2010,Kharif,madhya pradesh,shivpuri
Madhya Pradesh,SHIVPURI,Cotton(lint),2010,Kharif,madhya pradesh,shivpuri
Madhya Pradesh,SHIVPURI,Groundnut,2010,Kharif,madhya pradesh,shivpuri
Madhya Pradesh,SHIVPURI,Jowar,2010,Kharif,madhya pradesh,shivpuri
Madhya Pradesh,SHIVPURI,Maize,2010,Kharif,madhya pradesh,shivpuri
Madhya Pradesh,SHIVPURI,Moong(Green Gram),2010,Kharif,madhya pradesh,shivpuri
Madhya Pradesh,SHIVPURI,Rice,2010,Kharif,madhya pradesh,shivpuri
Madhya Pradesh,SHIVPURI,Small millets,2010,Kharif,madhya pradesh,shivpuri
Madhya Pradesh,SHIVPURI,Soyabean,2010,Kharif,madhya pradesh,shivpuri
Madhya Pradesh,SHIVPURI,Urad,2010,Kharif,madhya pradesh,shivpuri
Madhya Pradesh,SHIVPURI,Barley,2010,Rabi,madhya pradesh,shivpuri
Madhya Pradesh,SHIVPURI,Gram,2010,Rabi,madhya pradesh,shivpuri
Madhya Pradesh,SHIVPURI,Linseed,2010,Rabi,madhya pradesh,shivpuri
Madhya Pradesh,SHIVPURI,Masoor,2010,Rabi,madhya pradesh,shivpuri
Madhya Pradesh,SHIVPURI,Peas & beans (Pulses),2010,Rabi,madhya pradesh,shivpuri
Madhya Pradesh,SHIVPURI,Rapeseed &Mustard,2010,Rabi,madhya pradesh,shivpuri
Madhya Pradesh,SHIVPURI,Wheat,2010,Rabi,madhya pradesh,shivpuri
Madhya Pradesh,SHIVPURI,Coriander,2010,Whole Year,madhya pradesh,shivpuri
Madhya Pradesh,SHIVPURI,Dry chillies,2010,Whole Year,madhya pradesh,shivpuri
Madhya Pradesh,SHIVPURI,Dry ginger,2010,Whole Year,madhya pradesh,shivpuri
Madhya Pradesh,SHIVPURI,Garlic,2010,Whole Year,madhya pradesh,shivpuri
Madhya Pradesh,SHIVPURI,Onion,2010,Whole Year,madhya pradesh,shivpuri
Madhya Pradesh,SHIVPURI,Potato,2010,Whole Year,madhya pradesh,shivpuri
Madhya Pradesh,SHIVPURI,Sannhamp,2010,Whole Year,madhya pradesh,shivpuri
Madhya Pradesh,SHIVPURI,Sesamum,2010,Whole Year,madhya pradesh,shivpuri
Madhya Pradesh,SHIVPURI,Sugarcane,2010,Whole Year,madhya pradesh,shivpuri
Madhya Pradesh,SHIVPURI,Sweet potato,2010,Whole Year,madhya pradesh,shivpuri
Madhya Pradesh,SIDHI,Arhar/Tur,2010,Kharif,madhya pradesh,sidhi
Madhya Pradesh,SIDHI,Cowpea(Lobia),2010,Kharif,madhya pradesh,sidhi
Madhya Pradesh,SIDHI,Groundnut,2010,Kharif,madhya pradesh,sidhi
Madhya Pradesh,SIDHI,Jowar,2010,Kharif,madhya pradesh,sidhi
Madhya Pradesh,SIDHI,Maize,2010,Kharif,madhya pradesh,sidhi
Madhya Pradesh,SIDHI,Moong(Green Gram),2010,Kharif,madhya pradesh,sidhi
Madhya Pradesh,SIDHI,Niger seed,2010,Kharif,madhya pradesh,sidhi
Madhya Pradesh,SIDHI,Rice,2010,Kharif,madhya pradesh,sidhi
Madhya Pradesh,SIDHI,Small millets,2010,Kharif,madhya pradesh,sidhi
Madhya Pradesh,SIDHI,Soyabean,2010,Kharif,madhya pradesh,sidhi
Madhya Pradesh,SIDHI,Urad,2010,Kharif,madhya pradesh,sidhi
Madhya Pradesh,SIDHI,Barley,2010,Rabi,madhya pradesh,sidhi
Madhya Pradesh,SIDHI,Gram,2010,Rabi,madhya pradesh,sidhi
Madhya Pradesh,SIDHI,Khesari,2010,Rabi,madhya pradesh,sidhi
Madhya Pradesh,SIDHI,Linseed,2010,Rabi,madhya pradesh,sidhi
Madhya Pradesh,SIDHI,Masoor,2010,Rabi,madhya pradesh,sidhi
Madhya Pradesh,SIDHI,Peas & beans (Pulses),2010,Rabi,madhya pradesh,sidhi
Madhya Pradesh,SIDHI,Rapeseed &Mustard,2010,Rabi,madhya pradesh,sidhi
Madhya Pradesh,SIDHI,Wheat,2010,Rabi,madhya pradesh,sidhi
Madhya Pradesh,SIDHI,Coriander,2010,Whole Year,madhya pradesh,sidhi
Madhya Pradesh,SIDHI,Dry chillies,2010,Whole Year,madhya pradesh,sidhi
Madhya Pradesh,SIDHI,Dry ginger,2010,Whole Year,madhya pradesh,sidhi
Madhya Pradesh,SIDHI,Garlic,2010,Whole Year,madhya pradesh,sidhi
Madhya Pradesh,SIDHI,Mesta,2010,Whole Year,madhya pradesh,sidhi
Madhya Pradesh,SIDHI,Onion,2010,Whole Year,madhya pradesh,sidhi
Madhya Pradesh,SIDHI,Potato,2010,Whole Year,madhya pradesh,sidhi
Madhya Pradesh,SIDHI,Sannhamp,2010,Whole Year,madhya pradesh,sidhi
Madhya Pradesh,SIDHI,Sesamum,2010,Whole Year,madhya pradesh,sidhi
Madhya Pradesh,SIDHI,Sugarcane,2010,Whole Year,madhya pradesh,sidhi
Madhya Pradesh,SIDHI,Sweet potato,2010,Whole Year,madhya pradesh,sidhi
Madhya Pradesh,SIDHI,Tobacco,2010,Whole Year,madhya pradesh,sidhi
Madhya Pradesh,SIDHI,Turmeric,2010,Whole Year,madhya pradesh,sidhi
Madhya Pradesh,SINGRAULI,Arhar/Tur,2010,Kharif,madhya pradesh,singrauli
Madhya Pradesh,SINGRAULI,Bajra,2010,Kharif,madhya pradesh,singrauli
Madhya Pradesh,SINGRAULI,Cowpea(Lobia),2010,Kharif,madhya pradesh,singrauli
Madhya Pradesh,SINGRAULI,Groundnut,2010,Kharif,madhya pradesh,singrauli
Madhya Pradesh,SINGRAULI,Jowar,2010,Kharif,madhya pradesh,singrauli
Madhya Pradesh,SINGRAULI,Maize,2010,Kharif,madhya pradesh,singrauli
Madhya Pradesh,SINGRAULI,Moong(Green Gram),2010,Kharif,madhya pradesh,singrauli
Madhya Pradesh,SINGRAULI,Niger seed,2010,Kharif,madhya pradesh,singrauli
Madhya Pradesh,SINGRAULI,Rice,2010,Kharif,madhya pradesh,singrauli
Madhya Pradesh,SINGRAULI,Small millets,2010,Kharif,madhya pradesh,singrauli
Madhya Pradesh,SINGRAULI,Urad,2010,Kharif,madhya pradesh,singrauli
Madhya Pradesh,SINGRAULI,Barley,2010,Rabi,madhya pradesh,singrauli
Madhya Pradesh,SINGRAULI,Gram,2010,Rabi,madhya pradesh,singrauli
Madhya Pradesh,SINGRAULI,Khesari,2010,Rabi,madhya pradesh,singrauli
Madhya Pradesh,SINGRAULI,Linseed,2010,Rabi,madhya pradesh,singrauli
Madhya Pradesh,SINGRAULI,Masoor,2010,Rabi,madhya pradesh,singrauli
Madhya Pradesh,SINGRAULI,Peas & beans (Pulses),2010,Rabi,madhya pradesh,singrauli
Madhya Pradesh,SINGRAULI,Rapeseed &Mustard,2010,Rabi,madhya pradesh,singrauli
Madhya Pradesh,SINGRAULI,Wheat,2010,Rabi,madhya pradesh,singrauli
Madhya Pradesh,SINGRAULI,Banana,2010,Whole Year,madhya pradesh,singrauli
Madhya Pradesh,SINGRAULI,Coriander,2010,Whole Year,madhya pradesh,singrauli
Madhya Pradesh,SINGRAULI,Dry chillies,2010,Whole Year,madhya pradesh,singrauli
Madhya Pradesh,SINGRAULI,Dry ginger,2010,Whole Year,madhya pradesh,singrauli
Madhya Pradesh,SINGRAULI,Garlic,2010,Whole Year,madhya pradesh,singrauli
Madhya Pradesh,SINGRAULI,Onion,2010,Whole Year,madhya pradesh,singrauli
Madhya Pradesh,SINGRAULI,Potato,2010,Whole Year,madhya pradesh,singrauli
Madhya Pradesh,SINGRAULI,Sannhamp,2010,Whole Year,madhya pradesh,singrauli
Madhya Pradesh,SINGRAULI,Sesamum,2010,Whole Year,madhya pradesh,singrauli
Madhya Pradesh,SINGRAULI,Sugarcane,2010,Whole Year,madhya pradesh,singrauli
Madhya Pradesh,SINGRAULI,Sweet potato,2010,Whole Year,madhya pradesh,singrauli
Madhya Pradesh,SINGRAULI,Turmeric,2010,Whole Year,madhya pradesh,singrauli
Madhya Pradesh,TIKAMGARH,Arhar/Tur,2010,Kharif,madhya pradesh,tikamgarh
Madhya Pradesh,TIKAMGARH,Cowpea(Lobia),2010,Kharif,madhya pradesh,tikamgarh
Madhya Pradesh,TIKAMGARH,Groundnut,2010,Kharif,madhya pradesh,tikamgarh
Madhya Pradesh,TIKAMGARH,Jowar,2010,Kharif,madhya pradesh,tikamgarh
Madhya Pradesh,TIKAMGARH,Maize,2010,Kharif,madhya pradesh,tikamgarh
Madhya Pradesh,TIKAMGARH,Moong(Green Gram),2010,Kharif,madhya pradesh,tikamgarh
Madhya Pradesh,TIKAMGARH,Rice,2010,Kharif,madhya pradesh,tikamgarh
Madhya Pradesh,TIKAMGARH,Small millets,2010,Kharif,madhya pradesh,tikamgarh
Madhya Pradesh,TIKAMGARH,Soyabean,2010,Kharif,madhya pradesh,tikamgarh
Madhya Pradesh,TIKAMGARH,Urad,2010,Kharif,madhya pradesh,tikamgarh
Madhya Pradesh,TIKAMGARH,Barley,2010,Rabi,madhya pradesh,tikamgarh
Madhya Pradesh,TIKAMGARH,Cowpea(Lobia),2010,Rabi,madhya pradesh,tikamgarh
Madhya Pradesh,TIKAMGARH,Gram,2010,Rabi,madhya pradesh,tikamgarh
Madhya Pradesh,TIKAMGARH,Khesari,2010,Rabi,madhya pradesh,tikamgarh
Madhya Pradesh,TIKAMGARH,Linseed,2010,Rabi,madhya pradesh,tikamgarh
Madhya Pradesh,TIKAMGARH,Masoor,2010,Rabi,madhya pradesh,tikamgarh
Madhya Pradesh,TIKAMGARH,Moong(Green Gram),2010,Rabi,madhya pradesh,tikamgarh
Madhya Pradesh,TIKAMGARH,Peas & beans (Pulses),2010,Rabi,madhya pradesh,tikamgarh
Madhya Pradesh,TIKAMGARH,Rapeseed &Mustard,2010,Rabi,madhya pradesh,tikamgarh
Madhya Pradesh,TIKAMGARH,Urad,2010,Rabi,madhya pradesh,tikamgarh
Madhya Pradesh,TIKAMGARH,Wheat,2010,Rabi,madhya pradesh,tikamgarh
Madhya Pradesh,TIKAMGARH,Banana,2010,Whole Year,madhya pradesh,tikamgarh
Madhya Pradesh,TIKAMGARH,Coriander,2010,Whole Year,madhya pradesh,tikamgarh
Madhya Pradesh,TIKAMGARH,Dry chillies,2010,Whole Year,madhya pradesh,tikamgarh
Madhya Pradesh,TIKAMGARH,Dry ginger,2010,Whole Year,madhya pradesh,tikamgarh
Madhya Pradesh,TIKAMGARH,Garlic,2010,Whole Year,madhya pradesh,tikamgarh
Madhya Pradesh,TIKAMGARH,Mesta,2010,Whole Year,madhya pradesh,tikamgarh
Madhya Pradesh,TIKAMGARH,Onion,2010,Whole Year,madhya pradesh,tikamgarh
Madhya Pradesh,TIKAMGARH,Potato,2010,Whole Year,madhya pradesh,tikamgarh
Madhya Pradesh,TIKAMGARH,Sannhamp,2010,Whole Year,madhya pradesh,tikamgarh
Madhya Pradesh,TIKAMGARH,Sesamum,2010,Whole Year,madhya pradesh,tikamgarh
Madhya Pradesh,TIKAMGARH,Sugarcane,2010,Whole Year,madhya pradesh,tikamgarh
Madhya Pradesh,TIKAMGARH,Sweet potato,2010,Whole Year,madhya pradesh,tikamgarh
Madhya Pradesh,TIKAMGARH,Turmeric,2010,Whole Year,madhya pradesh,tikamgarh
Madhya Pradesh,UJJAIN,Arhar/Tur,2010,Kharif,madhya pradesh,ujjain
Madhya Pradesh,UJJAIN,Bajra,2010,Kharif,madhya pradesh,ujjain
Madhya Pradesh,UJJAIN,Cotton(lint),2010,Kharif,madhya pradesh,ujjain
Madhya Pradesh,UJJAIN,Groundnut,2010,Kharif,madhya pradesh,ujjain
Madhya Pradesh,UJJAIN,Jowar,2010,Kharif,madhya pradesh,ujjain
Madhya Pradesh,UJJAIN,Maize,2010,Kharif,madhya pradesh,ujjain
Madhya Pradesh,UJJAIN,Moong(Green Gram),2010,Kharif,madhya pradesh,ujjain
Madhya Pradesh,UJJAIN,Soyabean,2010,Kharif,madhya pradesh,ujjain
Madhya Pradesh,UJJAIN,Urad,2010,Kharif,madhya pradesh,ujjain
Madhya Pradesh,UJJAIN,Barley,2010,Rabi,madhya pradesh,ujjain
Madhya Pradesh,UJJAIN,Gram,2010,Rabi,madhya pradesh,ujjain
Madhya Pradesh,UJJAIN,Linseed,2010,Rabi,madhya pradesh,ujjain
Madhya Pradesh,UJJAIN,Masoor,2010,Rabi,madhya pradesh,ujjain
Madhya Pradesh,UJJAIN,Peas & beans (Pulses),2010,Rabi,madhya pradesh,ujjain
Madhya Pradesh,UJJAIN,Rapeseed &Mustard,2010,Rabi,madhya pradesh,ujjain
Madhya Pradesh,UJJAIN,Wheat,2010,Rabi,madhya pradesh,ujjain
Madhya Pradesh,UJJAIN,Banana,2010,Whole Year,madhya pradesh,ujjain
Madhya Pradesh,UJJAIN,Coriander,2010,Whole Year,madhya pradesh,ujjain
Madhya Pradesh,UJJAIN,Dry chillies,2010,Whole Year,madhya pradesh,ujjain
Madhya Pradesh,UJJAIN,Dry ginger,2010,Whole Year,madhya pradesh,ujjain
Madhya Pradesh,UJJAIN,Garlic,2010,Whole Year,madhya pradesh,ujjain
Madhya Pradesh,UJJAIN,Mesta,2010,Whole Year,madhya pradesh,ujjain
Madhya Pradesh,UJJAIN,Onion,2010,Whole Year,madhya pradesh,ujjain
Madhya Pradesh,UJJAIN,Potato,2010,Whole Year,madhya pradesh,ujjain
Madhya Pradesh,UJJAIN,Sesamum,2010,Whole Year,madhya pradesh,ujjain
Madhya Pradesh,UJJAIN,Sugarcane,2010,Whole Year,madhya pradesh,ujjain
Madhya Pradesh,UJJAIN,Sweet potato,2010,Whole Year,madhya pradesh,ujjain
Madhya Pradesh,UJJAIN,Tobacco,2010,Whole Year,madhya pradesh,ujjain
Madhya Pradesh,UMARIA,Arhar/Tur,2010,Kharif,madhya pradesh,umaria
Madhya Pradesh,UMARIA,Cowpea(Lobia),2010,Kharif,madhya pradesh,umaria
Madhya Pradesh,UMARIA,Groundnut,2010,Kharif,madhya pradesh,umaria
Madhya Pradesh,UMARIA,Jowar,2010,Kharif,madhya pradesh,umaria
Madhya Pradesh,UMARIA,Maize,2010,Kharif,madhya pradesh,umaria
Madhya Pradesh,UMARIA,Moong(Green Gram),2010,Kharif,madhya pradesh,umaria
Madhya Pradesh,UMARIA,Niger seed,2010,Kharif,madhya pradesh,umaria
Madhya Pradesh,UMARIA,Rice,2010,Kharif,madhya pradesh,umaria
Madhya Pradesh,UMARIA,Small millets,2010,Kharif,madhya pradesh,umaria
Madhya Pradesh,UMARIA,Soyabean,2010,Kharif,madhya pradesh,umaria
Madhya Pradesh,UMARIA,Sunflower,2010,Kharif,madhya pradesh,umaria
Madhya Pradesh,UMARIA,Urad,2010,Kharif,madhya pradesh,umaria
Madhya Pradesh,UMARIA,Barley,2010,Rabi,madhya pradesh,umaria
Madhya Pradesh,UMARIA,Cowpea(Lobia),2010,Rabi,madhya pradesh,umaria
Madhya Pradesh,UMARIA,Gram,2010,Rabi,madhya pradesh,umaria
Madhya Pradesh,UMARIA,Khesari,2010,Rabi,madhya pradesh,umaria
Madhya Pradesh,UMARIA,Linseed,2010,Rabi,madhya pradesh,umaria
Madhya Pradesh,UMARIA,Masoor,2010,Rabi,madhya pradesh,umaria
Madhya Pradesh,UMARIA,Peas & beans (Pulses),2010,Rabi,madhya pradesh,umaria
Madhya Pradesh,UMARIA,Rapeseed &Mustard,2010,Rabi,madhya pradesh,umaria
Madhya Pradesh,UMARIA,Wheat,2010,Rabi,madhya pradesh,umaria
Madhya Pradesh,UMARIA,Coriander,2010,Whole Year,madhya pradesh,umaria
Madhya Pradesh,UMARIA,Dry chillies,2010,Whole Year,madhya pradesh,umaria
Madhya Pradesh,UMARIA,Dry ginger,2010,Whole Year,madhya pradesh,umaria
Madhya Pradesh,UMARIA,Garlic,2010,Whole Year,madhya pradesh,umaria
Madhya Pradesh,UMARIA,Onion,2010,Whole Year,madhya pradesh,umaria
Madhya Pradesh,UMARIA,Potato,2010,Whole Year,madhya pradesh,umaria
Madhya Pradesh,UMARIA,Sannhamp,2010,Whole Year,madhya pradesh,umaria
Madhya Pradesh,UMARIA,Sesamum,2010,Whole Year,madhya pradesh,umaria
Madhya Pradesh,UMARIA,Sugarcane,2010,Whole Year,madhya pradesh,umaria
Madhya Pradesh,UMARIA,Sweet potato,2010,Whole Year,madhya pradesh,umaria
Madhya Pradesh,UMARIA,Turmeric,2010,Whole Year,madhya pradesh,umaria
Madhya Pradesh,VIDISHA,Arhar/Tur,2010,Kharif,madhya pradesh,vidisha
Madhya Pradesh,VIDISHA,Groundnut,2010,Kharif,madhya pradesh,vidisha
Madhya Pradesh,VIDISHA,Jowar,2010,Kharif,madhya pradesh,vidisha
Madhya Pradesh,VIDISHA,Maize,2010,Kharif,madhya pradesh,vidisha
Madhya Pradesh,VIDISHA,Moong(Green Gram),2010,Kharif,madhya pradesh,vidisha
Madhya Pradesh,VIDISHA,Rice,2010,Kharif,madhya pradesh,vidisha
Madhya Pradesh,VIDISHA,Small millets,2010,Kharif,madhya pradesh,vidisha
Madhya Pradesh,VIDISHA,Soyabean,2010,Kharif,madhya pradesh,vidisha
Madhya Pradesh,VIDISHA,Urad,2010,Kharif,madhya pradesh,vidisha
Madhya Pradesh,VIDISHA,Barley,2010,Rabi,madhya pradesh,vidisha
Madhya Pradesh,VIDISHA,Gram,2010,Rabi,madhya pradesh,vidisha
Madhya Pradesh,VIDISHA,Khesari,2010,Rabi,madhya pradesh,vidisha
Madhya Pradesh,VIDISHA,Linseed,2010,Rabi,madhya pradesh,vidisha
Madhya Pradesh,VIDISHA,Masoor,2010,Rabi,madhya pradesh,vidisha
Madhya Pradesh,VIDISHA,Peas & beans (Pulses),2010,Rabi,madhya pradesh,vidisha
Madhya Pradesh,VIDISHA,Rapeseed &Mustard,2010,Rabi,madhya pradesh,vidisha
Madhya Pradesh,VIDISHA,Wheat,2010,Rabi,madhya pradesh,vidisha
Madhya Pradesh,VIDISHA,Coriander,2010,Whole Year,madhya pradesh,vidisha
Madhya Pradesh,VIDISHA,Dry chillies,2010,Whole Year,madhya pradesh,vidisha
Madhya Pradesh,VIDISHA,Dry ginger,2010,Whole Year,madhya pradesh,vidisha
Madhya Pradesh,VIDISHA,Garlic,2010,Whole Year,madhya pradesh,vidisha
Madhya Pradesh,VIDISHA,Onion,2010,Whole Year,madhya pradesh,vidisha
Madhya Pradesh,VIDISHA,Potato,2010,Whole Year,madhya pradesh,vidisha
Madhya Pradesh,VIDISHA,Sannhamp,2010,Whole Year,madhya pradesh,vidisha
Madhya Pradesh,VIDISHA,Sesamum,2010,Whole Year,madhya pradesh,vidisha
Madhya Pradesh,VIDISHA,Sugarcane,2010,Whole Year,madhya pradesh,vidisha
Madhya Pradesh,VIDISHA,Sweet potato,2010,Whole Year,madhya pradesh,vidisha
Madhya Pradesh,VIDISHA,Turmeric,2010,Whole Year,madhya pradesh,vidisha
Maharashtra,AHMEDNAGAR,Arhar/Tur,2010,Kharif,maharashtra,ahmednagar
Maharashtra,AHMEDNAGAR,Bajra,2010,Kharif,maharashtra,ahmednagar
Maharashtra,AHMEDNAGAR,Cotton(lint),2010,Kharif,maharashtra,ahmednagar
Maharashtra,AHMEDNAGAR,Groundnut,2010,Kharif,maharashtra,ahmednagar
Maharashtra,AHMEDNAGAR,Maize,2010,Kharif,maharashtra,ahmednagar
Maharashtra,AHMEDNAGAR,Moong(Green Gram),2010,Kharif,maharashtra,ahmednagar
Maharashtra,AHMEDNAGAR,Niger seed,2010,Kharif,maharashtra,ahmednagar
Maharashtra,AHMEDNAGAR,Ragi,2010,Kharif,maharashtra,ahmednagar
Maharashtra,AHMEDNAGAR,Rice,2010,Kharif,maharashtra,ahmednagar
Maharashtra,AHMEDNAGAR,Sesamum,2010,Kharif,maharashtra,ahmednagar
Maharashtra,AHMEDNAGAR,Soyabean,2010,Kharif,maharashtra,ahmednagar
Maharashtra,AHMEDNAGAR,Sugarcane,2010,Kharif,maharashtra,ahmednagar
Maharashtra,AHMEDNAGAR,Sunflower,2010,Kharif,maharashtra,ahmednagar
Maharashtra,AHMEDNAGAR,Urad,2010,Kharif,maharashtra,ahmednagar
Maharashtra,AHMEDNAGAR,Gram,2010,Rabi,maharashtra,ahmednagar
Maharashtra,AHMEDNAGAR,Jowar,2010,Rabi,maharashtra,ahmednagar
Maharashtra,AHMEDNAGAR,Linseed,2010,Rabi,maharashtra,ahmednagar
Maharashtra,AHMEDNAGAR,Maize,2010,Rabi,maharashtra,ahmednagar
Maharashtra,AHMEDNAGAR,Safflower,2010,Rabi,maharashtra,ahmednagar
Maharashtra,AHMEDNAGAR,Sesamum,2010,Rabi,maharashtra,ahmednagar
Maharashtra,AHMEDNAGAR,Sunflower,2010,Rabi,maharashtra,ahmednagar
Maharashtra,AHMEDNAGAR,Wheat,2010,Rabi,maharashtra,ahmednagar
Maharashtra,AKOLA,Arhar/Tur,2010,Kharif,maharashtra,akola
Maharashtra,AKOLA,Bajra,2010,Kharif,maharashtra,akola
Maharashtra,AKOLA,Castor seed,2010,Kharif,maharashtra,akola
Maharashtra,AKOLA,Cotton(lint),2010,Kharif,maharashtra,akola
Maharashtra,AKOLA,Jowar,2010,Kharif,maharashtra,akola
Maharashtra,AKOLA,Maize,2010,Kharif,maharashtra,akola
Maharashtra,AKOLA,Moong(Green Gram),2010,Kharif,maharashtra,akola
Maharashtra,AKOLA,Sesamum,2010,Kharif,maharashtra,akola
Maharashtra,AKOLA,Soyabean,2010,Kharif,maharashtra,akola
Maharashtra,AKOLA,Sugarcane,2010,Kharif,maharashtra,akola
Maharashtra,AKOLA,Sunflower,2010,Kharif,maharashtra,akola
Maharashtra,AKOLA,Urad,2010,Kharif,maharashtra,akola
Maharashtra,AKOLA,Gram,2010,Rabi,maharashtra,akola
Maharashtra,AKOLA,Jowar,2010,Rabi,maharashtra,akola
Maharashtra,AKOLA,Maize,2010,Rabi,maharashtra,akola
Maharashtra,AKOLA,Safflower,2010,Rabi,maharashtra,akola
Maharashtra,AKOLA,Sunflower,2010,Rabi,maharashtra,akola
Maharashtra,AKOLA,Wheat,2010,Rabi,maharashtra,akola
Maharashtra,AMRAVATI,Arhar/Tur,2010,Kharif,maharashtra,amravati
Maharashtra,AMRAVATI,Bajra,2010,Kharif,maharashtra,amravati
Maharashtra,AMRAVATI,Castor seed,2010,Kharif,maharashtra,amravati
Maharashtra,AMRAVATI,Cotton(lint),2010,Kharif,maharashtra,amravati
Maharashtra,AMRAVATI,Groundnut,2010,Kharif,maharashtra,amravati
Maharashtra,AMRAVATI,Jowar,2010,Kharif,maharashtra,amravati
Maharashtra,AMRAVATI,Maize,2010,Kharif,maharashtra,amravati
Maharashtra,AMRAVATI,Moong(Green Gram),2010,Kharif,maharashtra,amravati
Maharashtra,AMRAVATI,Rice,2010,Kharif,maharashtra,amravati
Maharashtra,AMRAVATI,Sesamum,2010,Kharif,maharashtra,amravati
Maharashtra,AMRAVATI,Soyabean,2010,Kharif,maharashtra,amravati
Maharashtra,AMRAVATI,Sugarcane,2010,Kharif,maharashtra,amravati
Maharashtra,AMRAVATI,Sunflower,2010,Kharif,maharashtra,amravati
Maharashtra,AMRAVATI,Urad,2010,Kharif,maharashtra,amravati
Maharashtra,AMRAVATI,Gram,2010,Rabi,maharashtra,amravati
Maharashtra,AMRAVATI,Jowar,2010,Rabi,maharashtra,amravati
Maharashtra,AMRAVATI,Rapeseed &Mustard,2010,Rabi,maharashtra,amravati
Maharashtra,AMRAVATI,Safflower,2010,Rabi,maharashtra,amravati
Maharashtra,AMRAVATI,Sunflower,2010,Rabi,maharashtra,amravati
Maharashtra,AMRAVATI,Wheat,2010,Rabi,maharashtra,amravati
Maharashtra,AURANGABAD,Arhar/Tur,2010,Kharif,maharashtra,aurangabad
Maharashtra,AURANGABAD,Bajra,2010,Kharif,maharashtra,aurangabad
Maharashtra,AURANGABAD,Castor seed,2010,Kharif,maharashtra,aurangabad
Maharashtra,AURANGABAD,Cotton(lint),2010,Kharif,maharashtra,aurangabad
Maharashtra,AURANGABAD,Groundnut,2010,Kharif,maharashtra,aurangabad
Maharashtra,AURANGABAD,Jowar,2010,Kharif,maharashtra,aurangabad
Maharashtra,AURANGABAD,Maize,2010,Kharif,maharashtra,aurangabad
Maharashtra,AURANGABAD,Moong(Green Gram),2010,Kharif,maharashtra,aurangabad
Maharashtra,AURANGABAD,Sesamum,2010,Kharif,maharashtra,aurangabad
Maharashtra,AURANGABAD,Soyabean,2010,Kharif,maharashtra,aurangabad
Maharashtra,AURANGABAD,Sugarcane,2010,Kharif,maharashtra,aurangabad
Maharashtra,AURANGABAD,Sunflower,2010,Kharif,maharashtra,aurangabad
Maharashtra,AURANGABAD,Urad,2010,Kharif,maharashtra,aurangabad
Maharashtra,AURANGABAD,Gram,2010,Rabi,maharashtra,aurangabad
Maharashtra,AURANGABAD,Jowar,2010,Rabi,maharashtra,aurangabad
Maharashtra,AURANGABAD,Linseed,2010,Rabi,maharashtra,aurangabad
Maharashtra,AURANGABAD,Maize,2010,Rabi,maharashtra,aurangabad
Maharashtra,AURANGABAD,Safflower,2010,Rabi,maharashtra,aurangabad
Maharashtra,AURANGABAD,Sunflower,2010,Rabi,maharashtra,aurangabad
Maharashtra,AURANGABAD,Wheat,2010,Rabi,maharashtra,aurangabad
Maharashtra,BEED,Arhar/Tur,2010,Kharif,maharashtra,beed
Maharashtra,BEED,Bajra,2010,Kharif,maharashtra,beed
Maharashtra,BEED,Castor seed,2010,Kharif,maharashtra,beed
Maharashtra,BEED,Cotton(lint),2010,Kharif,maharashtra,beed
Maharashtra,BEED,Groundnut,2010,Kharif,maharashtra,beed
Maharashtra,BEED,Jowar,2010,Kharif,maharashtra,beed
Maharashtra,BEED,Maize,2010,Kharif,maharashtra,beed
Maharashtra,BEED,Moong(Green Gram),2010,Kharif,maharashtra,beed
Maharashtra,BEED,Niger seed,2010,Kharif,maharashtra,beed
Maharashtra,BEED,Rice,2010,Kharif,maharashtra,beed
Maharashtra,BEED,Sesamum,2010,Kharif,maharashtra,beed
Maharashtra,BEED,Soyabean,2010,Kharif,maharashtra,beed
Maharashtra,BEED,Sugarcane,2010,Kharif,maharashtra,beed
Maharashtra,BEED,Sunflower,2010,Kharif,maharashtra,beed
Maharashtra,BEED,Urad,2010,Kharif,maharashtra,beed
Maharashtra,BEED,Gram,2010,Rabi,maharashtra,beed
Maharashtra,BEED,Jowar,2010,Rabi,maharashtra,beed
Maharashtra,BEED,Linseed,2010,Rabi,maharashtra,beed
Maharashtra,BEED,Maize,2010,Rabi,maharashtra,beed
Maharashtra,BEED,Rapeseed &Mustard,2010,Rabi,maharashtra,beed
Maharashtra,BEED,Safflower,2010,Rabi,maharashtra,beed
Maharashtra,BEED,Sunflower,2010,Rabi,maharashtra,beed
Maharashtra,BEED,Wheat,2010,Rabi,maharashtra,beed
Maharashtra,BHANDARA,Arhar/Tur,2010,Kharif,maharashtra,bhandara
Maharashtra,BHANDARA,Moong(Green Gram),2010,Kharif,maharashtra,bhandara
Maharashtra,BHANDARA,Rice,2010,Kharif,maharashtra,bhandara
Maharashtra,BHANDARA,Sesamum,2010,Kharif,maharashtra,bhandara
Maharashtra,BHANDARA,Soyabean,2010,Kharif,maharashtra,bhandara
Maharashtra,BHANDARA,Sugarcane,2010,Kharif,maharashtra,bhandara
Maharashtra,BHANDARA,Urad,2010,Kharif,maharashtra,bhandara
Maharashtra,BHANDARA,Gram,2010,Rabi,maharashtra,bhandara
Maharashtra,BHANDARA,Linseed,2010,Rabi,maharashtra,bhandara
Maharashtra,BHANDARA,Rapeseed &Mustard,2010,Rabi,maharashtra,bhandara
Maharashtra,BHANDARA,Sesamum,2010,Rabi,maharashtra,bhandara
Maharashtra,BHANDARA,Wheat,2010,Rabi,maharashtra,bhandara
Maharashtra,BULDHANA,Arhar/Tur,2010,Kharif,maharashtra,buldhana
Maharashtra,BULDHANA,Bajra,2010,Kharif,maharashtra,buldhana
Maharashtra,BULDHANA,Castor seed,2010,Kharif,maharashtra,buldhana
Maharashtra,BULDHANA,Cotton(lint),2010,Kharif,maharashtra,buldhana
Maharashtra,BULDHANA,Groundnut,2010,Kharif,maharashtra,buldhana
Maharashtra,BULDHANA,Jowar,2010,Kharif,maharashtra,buldhana
Maharashtra,BULDHANA,Maize,2010,Kharif,maharashtra,buldhana
Maharashtra,BULDHANA,Moong(Green Gram),2010,Kharif,maharashtra,buldhana
Maharashtra,BULDHANA,Sesamum,2010,Kharif,maharashtra,buldhana
Maharashtra,BULDHANA,Soyabean,2010,Kharif,maharashtra,buldhana
Maharashtra,BULDHANA,Sugarcane,2010,Kharif,maharashtra,buldhana
Maharashtra,BULDHANA,Sunflower,2010,Kharif,maharashtra,buldhana
Maharashtra,BULDHANA,Urad,2010,Kharif,maharashtra,buldhana
Maharashtra,BULDHANA,Gram,2010,Rabi,maharashtra,buldhana
Maharashtra,BULDHANA,Jowar,2010,Rabi,maharashtra,buldhana
Maharashtra,BULDHANA,Maize,2010,Rabi,maharashtra,buldhana
Maharashtra,BULDHANA,Safflower,2010,Rabi,maharashtra,buldhana
Maharashtra,BULDHANA,Sunflower,2010,Rabi,maharashtra,buldhana
Maharashtra,BULDHANA,Wheat,2010,Rabi,maharashtra,buldhana
Maharashtra,CHANDRAPUR,Arhar/Tur,2010,Kharif,maharashtra,chandrapur
Maharashtra,CHANDRAPUR,Castor seed,2010,Kharif,maharashtra,chandrapur
Maharashtra,CHANDRAPUR,Cotton(lint),2010,Kharif,maharashtra,chandrapur
Maharashtra,CHANDRAPUR,Jowar,2010,Kharif,maharashtra,chandrapur
Maharashtra,CHANDRAPUR,Moong(Green Gram),2010,Kharif,maharashtra,chandrapur
Maharashtra,CHANDRAPUR,Rice,2010,Kharif,maharashtra,chandrapur
Maharashtra,CHANDRAPUR,Sesamum,2010,Kharif,maharashtra,chandrapur
Maharashtra,CHANDRAPUR,Soyabean,2010,Kharif,maharashtra,chandrapur
Maharashtra,CHANDRAPUR,Urad,2010,Kharif,maharashtra,chandrapur
Maharashtra,CHANDRAPUR,Gram,2010,Rabi,maharashtra,chandrapur
Maharashtra,CHANDRAPUR,Jowar,2010,Rabi,maharashtra,chandrapur
Maharashtra,CHANDRAPUR,Linseed,2010,Rabi,maharashtra,chandrapur
Maharashtra,CHANDRAPUR,Rapeseed &Mustard,2010,Rabi,maharashtra,chandrapur
Maharashtra,CHANDRAPUR,Sesamum,2010,Rabi,maharashtra,chandrapur
Maharashtra,CHANDRAPUR,Wheat,2010,Rabi,maharashtra,chandrapur
Maharashtra,DHULE,Arhar/Tur,2010,Kharif,maharashtra,dhule
Maharashtra,DHULE,Bajra,2010,Kharif,maharashtra,dhule
Maharashtra,DHULE,Castor seed,2010,Kharif,maharashtra,dhule
Maharashtra,DHULE,Cotton(lint),2010,Kharif,maharashtra,dhule
Maharashtra,DHULE,Groundnut,2010,Kharif,maharashtra,dhule
Maharashtra,DHULE,Jowar,2010,Kharif,maharashtra,dhule
Maharashtra,DHULE,Maize,2010,Kharif,maharashtra,dhule
Maharashtra,DHULE,Moong(Green Gram),2010,Kharif,maharashtra,dhule
Maharashtra,DHULE,Ragi,2010,Kharif,maharashtra,dhule
Maharashtra,DHULE,Rice,2010,Kharif,maharashtra,dhule
Maharashtra,DHULE,Sesamum,2010,Kharif,maharashtra,dhule
Maharashtra,DHULE,Soyabean,2010,Kharif,maharashtra,dhule
Maharashtra,DHULE,Sugarcane,2010,Kharif,maharashtra,dhule
Maharashtra,DHULE,Urad,2010,Kharif,maharashtra,dhule
Maharashtra,DHULE,Gram,2010,Rabi,maharashtra,dhule
Maharashtra,DHULE,Jowar,2010,Rabi,maharashtra,dhule
Maharashtra,DHULE,Maize,2010,Rabi,maharashtra,dhule
Maharashtra,DHULE,Rapeseed &Mustard,2010,Rabi,maharashtra,dhule
Maharashtra,DHULE,Wheat,2010,Rabi,maharashtra,dhule
Maharashtra,GADCHIROLI,Arhar/Tur,2010,Kharif,maharashtra,gadchiroli
Maharashtra,GADCHIROLI,Cotton(lint),2010,Kharif,maharashtra,gadchiroli
Maharashtra,GADCHIROLI,Maize,2010,Kharif,maharashtra,gadchiroli
Maharashtra,GADCHIROLI,Moong(Green Gram),2010,Kharif,maharashtra,gadchiroli
Maharashtra,GADCHIROLI,Rice,2010,Kharif,maharashtra,gadchiroli
Maharashtra,GADCHIROLI,Sesamum,2010,Kharif,maharashtra,gadchiroli
Maharashtra,GADCHIROLI,Soyabean,2010,Kharif,maharashtra,gadchiroli
Maharashtra,GADCHIROLI,Urad,2010,Kharif,maharashtra,gadchiroli
Maharashtra,GADCHIROLI,Gram,2010,Rabi,maharashtra,gadchiroli
Maharashtra,GADCHIROLI,Jowar,2010,Rabi,maharashtra,gadchiroli
Maharashtra,GADCHIROLI,Linseed,2010,Rabi,maharashtra,gadchiroli
Maharashtra,GADCHIROLI,Maize,2010,Rabi,maharashtra,gadchiroli
Maharashtra,GADCHIROLI,Rapeseed &Mustard,2010,Rabi,maharashtra,gadchiroli
Maharashtra,GADCHIROLI,Sesamum,2010,Rabi,maharashtra,gadchiroli
Maharashtra,GADCHIROLI,Wheat,2010,Rabi,maharashtra,gadchiroli
Maharashtra,GONDIA,Arhar/Tur,2010,Kharif,maharashtra,gondia
Maharashtra,GONDIA,Maize,2010,Kharif,maharashtra,gondia
Maharashtra,GONDIA,Rice,2010,Kharif,maharashtra,gondia
Maharashtra,GONDIA,Sesamum,2010,Kharif,maharashtra,gondia
Maharashtra,GONDIA,Sugarcane,2010,Kharif,maharashtra,gondia
Maharashtra,GONDIA,Urad,2010,Kharif,maharashtra,gondia
Maharashtra,GONDIA,Gram,2010,Rabi,maharashtra,gondia
Maharashtra,GONDIA,Linseed,2010,Rabi,maharashtra,gondia
Maharashtra,GONDIA,Maize,2010,Rabi,maharashtra,gondia
Maharashtra,GONDIA,Rapeseed &Mustard,2010,Rabi,maharashtra,gondia
Maharashtra,GONDIA,Wheat,2010,Rabi,maharashtra,gondia
Maharashtra,HINGOLI,Arhar/Tur,2010,Kharif,maharashtra,hingoli
Maharashtra,HINGOLI,Bajra,2010,Kharif,maharashtra,hingoli
Maharashtra,HINGOLI,Castor seed,2010,Kharif,maharashtra,hingoli
Maharashtra,HINGOLI,Cotton(lint),2010,Kharif,maharashtra,hingoli
Maharashtra,HINGOLI,Jowar,2010,Kharif,maharashtra,hingoli
Maharashtra,HINGOLI,Maize,2010,Kharif,maharashtra,hingoli
Maharashtra,HINGOLI,Moong(Green Gram),2010,Kharif,maharashtra,hingoli
Maharashtra,HINGOLI,Niger seed,2010,Kharif,maharashtra,hingoli
Maharashtra,HINGOLI,Rice,2010,Kharif,maharashtra,hingoli
Maharashtra,HINGOLI,Sesamum,2010,Kharif,maharashtra,hingoli
Maharashtra,HINGOLI,Soyabean,2010,Kharif,maharashtra,hingoli
Maharashtra,HINGOLI,Sugarcane,2010,Kharif,maharashtra,hingoli
Maharashtra,HINGOLI,Sunflower,2010,Kharif,maharashtra,hingoli
Maharashtra,HINGOLI,Urad,2010,Kharif,maharashtra,hingoli
Maharashtra,HINGOLI,Gram,2010,Rabi,maharashtra,hingoli
Maharashtra,HINGOLI,Jowar,2010,Rabi,maharashtra,hingoli
Maharashtra,HINGOLI,Linseed,2010,Rabi,maharashtra,hingoli
Maharashtra,HINGOLI,Maize,2010,Rabi,maharashtra,hingoli
Maharashtra,HINGOLI,Safflower,2010,Rabi,maharashtra,hingoli
Maharashtra,HINGOLI,Sunflower,2010,Rabi,maharashtra,hingoli
Maharashtra,HINGOLI,Wheat,2010,Rabi,maharashtra,hingoli
Maharashtra,JALGAON,Arhar/Tur,2010,Kharif,maharashtra,jalgaon
Maharashtra,JALGAON,Bajra,2010,Kharif,maharashtra,jalgaon
Maharashtra,JALGAON,Castor seed,2010,Kharif,maharashtra,jalgaon
Maharashtra,JALGAON,Cotton(lint),2010,Kharif,maharashtra,jalgaon
Maharashtra,JALGAON,Groundnut,2010,Kharif,maharashtra,jalgaon
Maharashtra,JALGAON,Jowar,2010,Kharif,maharashtra,jalgaon
Maharashtra,JALGAON,Maize,2010,Kharif,maharashtra,jalgaon
Maharashtra,JALGAON,Moong(Green Gram),2010,Kharif,maharashtra,jalgaon
Maharashtra,JALGAON,Sesamum,2010,Kharif,maharashtra,jalgaon
Maharashtra,JALGAON,Soyabean,2010,Kharif,maharashtra,jalgaon
Maharashtra,JALGAON,Sugarcane,2010,Kharif,maharashtra,jalgaon
Maharashtra,JALGAON,Sunflower,2010,Kharif,maharashtra,jalgaon
Maharashtra,JALGAON,Urad,2010,Kharif,maharashtra,jalgaon
Maharashtra,JALGAON,Gram,2010,Rabi,maharashtra,jalgaon
Maharashtra,JALGAON,Jowar,2010,Rabi,maharashtra,jalgaon
Maharashtra,JALGAON,Maize,2010,Rabi,maharashtra,jalgaon
Maharashtra,JALGAON,Rapeseed &Mustard,2010,Rabi,maharashtra,jalgaon
Maharashtra,JALGAON,Safflower,2010,Rabi,maharashtra,jalgaon
Maharashtra,JALGAON,Sunflower,2010,Rabi,maharashtra,jalgaon
Maharashtra,JALGAON,Wheat,2010,Rabi,maharashtra,jalgaon
Maharashtra,JALNA,Arhar/Tur,2010,Kharif,maharashtra,jalna
Maharashtra,JALNA,Bajra,2010,Kharif,maharashtra,jalna
Maharashtra,JALNA,Castor seed,2010,Kharif,maharashtra,jalna
Maharashtra,JALNA,Cotton(lint),2010,Kharif,maharashtra,jalna
Maharashtra,JALNA,Groundnut,2010,Kharif,maharashtra,jalna
Maharashtra,JALNA,Jowar,2010,Kharif,maharashtra,jalna
Maharashtra,JALNA,Maize,2010,Kharif,maharashtra,jalna
Maharashtra,JALNA,Moong(Green Gram),2010,Kharif,maharashtra,jalna
Maharashtra,JALNA,Niger seed,2010,Kharif,maharashtra,jalna
Maharashtra,JALNA,Sesamum,2010,Kharif,maharashtra,jalna
Maharashtra,JALNA,Soyabean,2010,Kharif,maharashtra,jalna
Maharashtra,JALNA,Sugarcane,2010,Kharif,maharashtra,jalna
Maharashtra,JALNA,Sunflower,2010,Kharif,maharashtra,jalna
Maharashtra,JALNA,Urad,2010,Kharif,maharashtra,jalna
Maharashtra,JALNA,Gram,2010,Rabi,maharashtra,jalna
Maharashtra,JALNA,Jowar,2010,Rabi,maharashtra,jalna
Maharashtra,JALNA,Linseed,2010,Rabi,maharashtra,jalna
Maharashtra,JALNA,Maize,2010,Rabi,maharashtra,jalna
Maharashtra,JALNA,Rapeseed &Mustard,2010,Rabi,maharashtra,jalna
Maharashtra,JALNA,Safflower,2010,Rabi,maharashtra,jalna
Maharashtra,JALNA,Sunflower,2010,Rabi,maharashtra,jalna
Maharashtra,JALNA,Wheat,2010,Rabi,maharashtra,jalna
Maharashtra,KOLHAPUR,Arhar/Tur,2010,Kharif,maharashtra,kolhapur
Maharashtra,KOLHAPUR,Castor seed,2010,Kharif,maharashtra,kolhapur
Maharashtra,KOLHAPUR,Cotton(lint),2010,Kharif,maharashtra,kolhapur
Maharashtra,KOLHAPUR,Groundnut,2010,Kharif,maharashtra,kolhapur
Maharashtra,KOLHAPUR,Jowar,2010,Kharif,maharashtra,kolhapur
Maharashtra,KOLHAPUR,Maize,2010,Kharif,maharashtra,kolhapur
Maharashtra,KOLHAPUR,Moong(Green Gram),2010,Kharif,maharashtra,kolhapur
Maharashtra,KOLHAPUR,Niger seed,2010,Kharif,maharashtra,kolhapur
Maharashtra,KOLHAPUR,Ragi,2010,Kharif,maharashtra,kolhapur
Maharashtra,KOLHAPUR,Rice,2010,Kharif,maharashtra,kolhapur
Maharashtra,KOLHAPUR,Soyabean,2010,Kharif,maharashtra,kolhapur
Maharashtra,KOLHAPUR,Sugarcane,2010,Kharif,maharashtra,kolhapur
Maharashtra,KOLHAPUR,Urad,2010,Kharif,maharashtra,kolhapur
Maharashtra,KOLHAPUR,Gram,2010,Rabi,maharashtra,kolhapur
Maharashtra,KOLHAPUR,Jowar,2010,Rabi,maharashtra,kolhapur
Maharashtra,KOLHAPUR,Maize,2010,Rabi,maharashtra,kolhapur
Maharashtra,KOLHAPUR,Sunflower,2010,Rabi,maharashtra,kolhapur
Maharashtra,KOLHAPUR,Wheat,2010,Rabi,maharashtra,kolhapur
Maharashtra,LATUR,Arhar/Tur,2010,Kharif,maharashtra,latur
Maharashtra,LATUR,Bajra,2010,Kharif,maharashtra,latur
Maharashtra,LATUR,Cotton(lint),2010,Kharif,maharashtra,latur
Maharashtra,LATUR,Groundnut,2010,Kharif,maharashtra,latur
Maharashtra,LATUR,Jowar,2010,Kharif,maharashtra,latur
Maharashtra,LATUR,Maize,2010,Kharif,maharashtra,latur
Maharashtra,LATUR,Moong(Green Gram),2010,Kharif,maharashtra,latur
Maharashtra,LATUR,Niger seed,2010,Kharif,maharashtra,latur
Maharashtra,LATUR,Rice,2010,Kharif,maharashtra,latur
Maharashtra,LATUR,Sesamum,2010,Kharif,maharashtra,latur
Maharashtra,LATUR,Soyabean,2010,Kharif,maharashtra,latur
Maharashtra,LATUR,Sugarcane,2010,Kharif,maharashtra,latur
Maharashtra,LATUR,Sunflower,2010,Kharif,maharashtra,latur
Maharashtra,LATUR,Urad,2010,Kharif,maharashtra,latur
Maharashtra,LATUR,Gram,2010,Rabi,maharashtra,latur
Maharashtra,LATUR,Jowar,2010,Rabi,maharashtra,latur
Maharashtra,LATUR,Linseed,2010,Rabi,maharashtra,latur
Maharashtra,LATUR,Maize,2010,Rabi,maharashtra,latur
Maharashtra,LATUR,Rapeseed &Mustard,2010,Rabi,maharashtra,latur
Maharashtra,LATUR,Safflower,2010,Rabi,maharashtra,latur
Maharashtra,LATUR,Sunflower,2010,Rabi,maharashtra,latur
Maharashtra,LATUR,Wheat,2010,Rabi,maharashtra,latur
Maharashtra,NAGPUR,Arhar/Tur,2010,Kharif,maharashtra,nagpur
Maharashtra,NAGPUR,Castor seed,2010,Kharif,maharashtra,nagpur
Maharashtra,NAGPUR,Cotton(lint),2010,Kharif,maharashtra,nagpur
Maharashtra,NAGPUR,Groundnut,2010,Kharif,maharashtra,nagpur
Maharashtra,NAGPUR,Jowar,2010,Kharif,maharashtra,nagpur
Maharashtra,NAGPUR,Maize,2010,Kharif,maharashtra,nagpur
Maharashtra,NAGPUR,Moong(Green Gram),2010,Kharif,maharashtra,nagpur
Maharashtra,NAGPUR,Rice,2010,Kharif,maharashtra,nagpur
Maharashtra,NAGPUR,Sesamum,2010,Kharif,maharashtra,nagpur
Maharashtra,NAGPUR,Soyabean,2010,Kharif,maharashtra,nagpur
Maharashtra,NAGPUR,Sugarcane,2010,Kharif,maharashtra,nagpur
Maharashtra,NAGPUR,Urad,2010,Kharif,maharashtra,nagpur
Maharashtra,NAGPUR,Gram,2010,Rabi,maharashtra,nagpur
Maharashtra,NAGPUR,Jowar,2010,Rabi,maharashtra,nagpur
Maharashtra,NAGPUR,Linseed,2010,Rabi,maharashtra,nagpur
Maharashtra,NAGPUR,Rapeseed &Mustard,2010,Rabi,maharashtra,nagpur
Maharashtra,NAGPUR,Sesamum,2010,Rabi,maharashtra,nagpur
Maharashtra,NAGPUR,Sunflower,2010,Rabi,maharashtra,nagpur
Maharashtra,NAGPUR,Wheat,2010,Rabi,maharashtra,nagpur
Maharashtra,NANDED,Arhar/Tur,2010,Kharif,maharashtra,nanded
Maharashtra,NANDED,Castor seed,2010,Kharif,maharashtra,nanded
Maharashtra,NANDED,Cotton(lint),2010,Kharif,maharashtra,nanded
Maharashtra,NANDED,Groundnut,2010,Kharif,maharashtra,nanded
Maharashtra,NANDED,Jowar,2010,Kharif,maharashtra,nanded
Maharashtra,NANDED,Maize,2010,Kharif,maharashtra,nanded
Maharashtra,NANDED,Moong(Green Gram),2010,Kharif,maharashtra,nanded
Maharashtra,NANDED,Niger seed,2010,Kharif,maharashtra,nanded
Maharashtra,NANDED,Rice,2010,Kharif,maharashtra,nanded
Maharashtra,NANDED,Sesamum,2010,Kharif,maharashtra,nanded
Maharashtra,NANDED,Soyabean,2010,Kharif,maharashtra,nanded
Maharashtra,NANDED,Sugarcane,2010,Kharif,maharashtra,nanded
Maharashtra,NANDED,Sunflower,2010,Kharif,maharashtra,nanded
Maharashtra,NANDED,Urad,2010,Kharif,maharashtra,nanded
Maharashtra,NANDED,Gram,2010,Rabi,maharashtra,nanded
Maharashtra,NANDED,Jowar,2010,Rabi,maharashtra,nanded
Maharashtra,NANDED,Maize,2010,Rabi,maharashtra,nanded
Maharashtra,NANDED,Rapeseed &Mustard,2010,Rabi,maharashtra,nanded
Maharashtra,NANDED,Safflower,2010,Rabi,maharashtra,nanded
Maharashtra,NANDED,Sesamum,2010,Rabi,maharashtra,nanded
Maharashtra,NANDED,Sunflower,2010,Rabi,maharashtra,nanded
Maharashtra,NANDED,Wheat,2010,Rabi,maharashtra,nanded
Maharashtra,NANDURBAR,Arhar/Tur,2010,Kharif,maharashtra,nandurbar
Maharashtra,NANDURBAR,Bajra,2010,Kharif,maharashtra,nandurbar
Maharashtra,NANDURBAR,Castor seed,2010,Kharif,maharashtra,nandurbar
Maharashtra,NANDURBAR,Cotton(lint),2010,Kharif,maharashtra,nandurbar
Maharashtra,NANDURBAR,Groundnut,2010,Kharif,maharashtra,nandurbar
Maharashtra,NANDURBAR,Jowar,2010,Kharif,maharashtra,nandurbar
Maharashtra,NANDURBAR,Maize,2010,Kharif,maharashtra,nandurbar
Maharashtra,NANDURBAR,Moong(Green Gram),2010,Kharif,maharashtra,nandurbar
Maharashtra,NANDURBAR,Ragi,2010,Kharif,maharashtra,nandurbar
Maharashtra,NANDURBAR,Rice,2010,Kharif,maharashtra,nandurbar
Maharashtra,NANDURBAR,Sesamum,2010,Kharif,maharashtra,nandurbar
Maharashtra,NANDURBAR,Soyabean,2010,Kharif,maharashtra,nandurbar
Maharashtra,NANDURBAR,Sugarcane,2010,Kharif,maharashtra,nandurbar
Maharashtra,NANDURBAR,Sunflower,2010,Kharif,maharashtra,nandurbar
Maharashtra,NANDURBAR,Urad,2010,Kharif,maharashtra,nandurbar
Maharashtra,NANDURBAR,Gram,2010,Rabi,maharashtra,nandurbar
Maharashtra,NANDURBAR,Jowar,2010,Rabi,maharashtra,nandurbar
Maharashtra,NANDURBAR,Maize,2010,Rabi,maharashtra,nandurbar
Maharashtra,NANDURBAR,Rapeseed &Mustard,2010,Rabi,maharashtra,nandurbar
Maharashtra,NANDURBAR,Safflower,2010,Rabi,maharashtra,nandurbar
Maharashtra,NANDURBAR,Sunflower,2010,Rabi,maharashtra,nandurbar
Maharashtra,NANDURBAR,Wheat,2010,Rabi,maharashtra,nandurbar
Maharashtra,NASHIK,Arhar/Tur,2010,Kharif,maharashtra,nashik
Maharashtra,NASHIK,Bajra,2010,Kharif,maharashtra,nashik
Maharashtra,NASHIK,Castor seed,2010,Kharif,maharashtra,nashik
Maharashtra,NASHIK,Cotton(lint),2010,Kharif,maharashtra,nashik
Maharashtra,NASHIK,Groundnut,2010,Kharif,maharashtra,nashik
Maharashtra,NASHIK,Jowar,2010,Kharif,maharashtra,nashik
Maharashtra,NASHIK,Maize,2010,Kharif,maharashtra,nashik
Maharashtra,NASHIK,Moong(Green Gram),2010,Kharif,maharashtra,nashik
Maharashtra,NASHIK,Niger seed,2010,Kharif,maharashtra,nashik
Maharashtra,NASHIK,Ragi,2010,Kharif,maharashtra,nashik
Maharashtra,NASHIK,Rice,2010,Kharif,maharashtra,nashik
Maharashtra,NASHIK,Soyabean,2010,Kharif,maharashtra,nashik
Maharashtra,NASHIK,Sugarcane,2010,Kharif,maharashtra,nashik
Maharashtra,NASHIK,Sunflower,2010,Kharif,maharashtra,nashik
Maharashtra,NASHIK,Urad,2010,Kharif,maharashtra,nashik
Maharashtra,NASHIK,Gram,2010,Rabi,maharashtra,nashik
Maharashtra,NASHIK,Jowar,2010,Rabi,maharashtra,nashik
Maharashtra,NASHIK,Maize,2010,Rabi,maharashtra,nashik
Maharashtra,NASHIK,Rapeseed &Mustard,2010,Rabi,maharashtra,nashik
Maharashtra,NASHIK,Wheat,2010,Rabi,maharashtra,nashik
Maharashtra,OSMANABAD,Arhar/Tur,2010,Kharif,maharashtra,osmanabad
Maharashtra,OSMANABAD,Bajra,2010,Kharif,maharashtra,osmanabad
Maharashtra,OSMANABAD,Castor seed,2010,Kharif,maharashtra,osmanabad
Maharashtra,OSMANABAD,Cotton(lint),2010,Kharif,maharashtra,osmanabad
Maharashtra,OSMANABAD,Groundnut,2010,Kharif,maharashtra,osmanabad
Maharashtra,OSMANABAD,Jowar,2010,Kharif,maharashtra,osmanabad
Maharashtra,OSMANABAD,Maize,2010,Kharif,maharashtra,osmanabad
Maharashtra,OSMANABAD,Moong(Green Gram),2010,Kharif,maharashtra,osmanabad
Maharashtra,OSMANABAD,Niger seed,2010,Kharif,maharashtra,osmanabad
Maharashtra,OSMANABAD,Rice,2010,Kharif,maharashtra,osmanabad
Maharashtra,OSMANABAD,Sesamum,2010,Kharif,maharashtra,osmanabad
Maharashtra,OSMANABAD,Soyabean,2010,Kharif,maharashtra,osmanabad
Maharashtra,OSMANABAD,Sugarcane,2010,Kharif,maharashtra,osmanabad
Maharashtra,OSMANABAD,Sunflower,2010,Kharif,maharashtra,osmanabad
Maharashtra,OSMANABAD,Urad,2010,Kharif,maharashtra,osmanabad
Maharashtra,OSMANABAD,Gram,2010,Rabi,maharashtra,osmanabad
Maharashtra,OSMANABAD,Jowar,2010,Rabi,maharashtra,osmanabad
Maharashtra,OSMANABAD,Linseed,2010,Rabi,maharashtra,osmanabad
Maharashtra,OSMANABAD,Maize,2010,Rabi,maharashtra,osmanabad
Maharashtra,OSMANABAD,Rapeseed &Mustard,2010,Rabi,maharashtra,osmanabad
Maharashtra,OSMANABAD,Safflower,2010,Rabi,maharashtra,osmanabad
Maharashtra,OSMANABAD,Sunflower,2010,Rabi,maharashtra,osmanabad
Maharashtra,OSMANABAD,Wheat,2010,Rabi,maharashtra,osmanabad
Maharashtra,PARBHANI,Arhar/Tur,2010,Kharif,maharashtra,parbhani
Maharashtra,PARBHANI,Bajra,2010,Kharif,maharashtra,parbhani
Maharashtra,PARBHANI,Castor seed,2010,Kharif,maharashtra,parbhani
Maharashtra,PARBHANI,Cotton(lint),2010,Kharif,maharashtra,parbhani
Maharashtra,PARBHANI,Groundnut,2010,Kharif,maharashtra,parbhani
Maharashtra,PARBHANI,Jowar,2010,Kharif,maharashtra,parbhani
Maharashtra,PARBHANI,Maize,2010,Kharif,maharashtra,parbhani
Maharashtra,PARBHANI,Moong(Green Gram),2010,Kharif,maharashtra,parbhani
Maharashtra,PARBHANI,Niger seed,2010,Kharif,maharashtra,parbhani
Maharashtra,PARBHANI,Rice,2010,Kharif,maharashtra,parbhani
Maharashtra,PARBHANI,Sesamum,2010,Kharif,maharashtra,parbhani
Maharashtra,PARBHANI,Soyabean,2010,Kharif,maharashtra,parbhani
Maharashtra,PARBHANI,Sugarcane,2010,Kharif,maharashtra,parbhani
Maharashtra,PARBHANI,Sunflower,2010,Kharif,maharashtra,parbhani
Maharashtra,PARBHANI,Urad,2010,Kharif,maharashtra,parbhani
Maharashtra,PARBHANI,Gram,2010,Rabi,maharashtra,parbhani
Maharashtra,PARBHANI,Jowar,2010,Rabi,maharashtra,parbhani
Maharashtra,PARBHANI,Linseed,2010,Rabi,maharashtra,parbhani
Maharashtra,PARBHANI,Maize,2010,Rabi,maharashtra,parbhani
Maharashtra,PARBHANI,Rapeseed &Mustard,2010,Rabi,maharashtra,parbhani
Maharashtra,PARBHANI,Safflower,2010,Rabi,maharashtra,parbhani
Maharashtra,PARBHANI,Sunflower,2010,Rabi,maharashtra,parbhani
Maharashtra,PARBHANI,Wheat,2010,Rabi,maharashtra,parbhani
Maharashtra,PUNE,Arhar/Tur,2010,Kharif,maharashtra,pune
Maharashtra,PUNE,Bajra,2010,Kharif,maharashtra,pune
Maharashtra,PUNE,Castor seed,2010,Kharif,maharashtra,pune
Maharashtra,PUNE,Groundnut,2010,Kharif,maharashtra,pune
Maharashtra,PUNE,Jowar,2010,Kharif,maharashtra,pune
Maharashtra,PUNE,Maize,2010,Kharif,maharashtra,pune
Maharashtra,PUNE,Moong(Green Gram),2010,Kharif,maharashtra,pune
Maharashtra,PUNE,Niger seed,2010,Kharif,maharashtra,pune
Maharashtra,PUNE,Ragi,2010,Kharif,maharashtra,pune
Maharashtra,PUNE,Rice,2010,Kharif,maharashtra,pune
Maharashtra,PUNE,Sesamum,2010,Kharif,maharashtra,pune
Maharashtra,PUNE,Soyabean,2010,Kharif,maharashtra,pune
Maharashtra,PUNE,Sugarcane,2010,Kharif,maharashtra,pune
Maharashtra,PUNE,Sunflower,2010,Kharif,maharashtra,pune
Maharashtra,PUNE,Urad,2010,Kharif,maharashtra,pune
Maharashtra,PUNE,Gram,2010,Rabi,maharashtra,pune
Maharashtra,PUNE,Jowar,2010,Rabi,maharashtra,pune
Maharashtra,PUNE,Maize,2010,Rabi,maharashtra,pune
Maharashtra,PUNE,Rapeseed &Mustard,2010,Rabi,maharashtra,pune
Maharashtra,PUNE,Safflower,2010,Rabi,maharashtra,pune
Maharashtra,PUNE,Sesamum,2010,Rabi,maharashtra,pune
Maharashtra,PUNE,Sunflower,2010,Rabi,maharashtra,pune
Maharashtra,PUNE,Wheat,2010,Rabi,maharashtra,pune
Maharashtra,RAIGAD,Arhar/Tur,2010,Kharif,maharashtra,raigad
Maharashtra,RAIGAD,Groundnut,2010,Kharif,maharashtra,raigad
Maharashtra,RAIGAD,Moong(Green Gram),2010,Kharif,maharashtra,raigad
Maharashtra,RAIGAD,Niger seed,2010,Kharif,maharashtra,raigad
Maharashtra,RAIGAD,Ragi,2010,Kharif,maharashtra,raigad
Maharashtra,RAIGAD,Rice,2010,Kharif,maharashtra,raigad
Maharashtra,RAIGAD,Sesamum,2010,Kharif,maharashtra,raigad
Maharashtra,RAIGAD,Urad,2010,Kharif,maharashtra,raigad
Maharashtra,RAIGAD,Gram,2010,Rabi,maharashtra,raigad
Maharashtra,RAIGAD,Rapeseed &Mustard,2010,Rabi,maharashtra,raigad
Maharashtra,RATNAGIRI,Arhar/Tur,2010,Kharif,maharashtra,ratnagiri
Maharashtra,RATNAGIRI,Groundnut,2010,Kharif,maharashtra,ratnagiri
Maharashtra,RATNAGIRI,Moong(Green Gram),2010,Kharif,maharashtra,ratnagiri
Maharashtra,RATNAGIRI,Niger seed,2010,Kharif,maharashtra,ratnagiri
Maharashtra,RATNAGIRI,Ragi,2010,Kharif,maharashtra,ratnagiri
Maharashtra,RATNAGIRI,Rice,2010,Kharif,maharashtra,ratnagiri
Maharashtra,RATNAGIRI,Urad,2010,Kharif,maharashtra,ratnagiri
Maharashtra,RATNAGIRI,Maize,2010,Rabi,maharashtra,ratnagiri
Maharashtra,RATNAGIRI,Rapeseed &Mustard,2010,Rabi,maharashtra,ratnagiri
Maharashtra,SANGLI,Arhar/Tur,2010,Kharif,maharashtra,sangli
Maharashtra,SANGLI,Bajra,2010,Kharif,maharashtra,sangli
Maharashtra,SANGLI,Cotton(lint),2010,Kharif,maharashtra,sangli
Maharashtra,SANGLI,Groundnut,2010,Kharif,maharashtra,sangli
Maharashtra,SANGLI,Jowar,2010,Kharif,maharashtra,sangli
Maharashtra,SANGLI,Maize,2010,Kharif,maharashtra,sangli
Maharashtra,SANGLI,Moong(Green Gram),2010,Kharif,maharashtra,sangli
Maharashtra,SANGLI,Niger seed,2010,Kharif,maharashtra,sangli
Maharashtra,SANGLI,Ragi,2010,Kharif,maharashtra,sangli
Maharashtra,SANGLI,Rice,2010,Kharif,maharashtra,sangli
Maharashtra,SANGLI,Soyabean,2010,Kharif,maharashtra,sangli
Maharashtra,SANGLI,Sugarcane,2010,Kharif,maharashtra,sangli
Maharashtra,SANGLI,Sunflower,2010,Kharif,maharashtra,sangli
Maharashtra,SANGLI,Urad,2010,Kharif,maharashtra,sangli
Maharashtra,SANGLI,Gram,2010,Rabi,maharashtra,sangli
Maharashtra,SANGLI,Jowar,2010,Rabi,maharashtra,sangli
Maharashtra,SANGLI,Maize,2010,Rabi,maharashtra,sangli
Maharashtra,SANGLI,Rapeseed &Mustard,2010,Rabi,maharashtra,sangli
Maharashtra,SANGLI,Safflower,2010,Rabi,maharashtra,sangli
Maharashtra,SANGLI,Sesamum,2010,Rabi,maharashtra,sangli
Maharashtra,SANGLI,Sunflower,2010,Rabi,maharashtra,sangli
Maharashtra,SANGLI,Wheat,2010,Rabi,maharashtra,sangli
Maharashtra,SATARA,Arhar/Tur,2010,Kharif,maharashtra,satara
Maharashtra,SATARA,Bajra,2010,Kharif,maharashtra,satara
Maharashtra,SATARA,Cotton(lint),2010,Kharif,maharashtra,satara
Maharashtra,SATARA,Groundnut,2010,Kharif,maharashtra,satara
Maharashtra,SATARA,Jowar,2010,Kharif,maharashtra,satara
Maharashtra,SATARA,Maize,2010,Kharif,maharashtra,satara
Maharashtra,SATARA,Moong(Green Gram),2010,Kharif,maharashtra,satara
Maharashtra,SATARA,Niger seed,2010,Kharif,maharashtra,satara
Maharashtra,SATARA,Ragi,2010,Kharif,maharashtra,satara
Maharashtra,SATARA,Rice,2010,Kharif,maharashtra,satara
Maharashtra,SATARA,Soyabean,2010,Kharif,maharashtra,satara
Maharashtra,SATARA,Sugarcane,2010,Kharif,maharashtra,satara
Maharashtra,SATARA,Sunflower,2010,Kharif,maharashtra,satara
Maharashtra,SATARA,Urad,2010,Kharif,maharashtra,satara
Maharashtra,SATARA,Gram,2010,Rabi,maharashtra,satara
Maharashtra,SATARA,Jowar,2010,Rabi,maharashtra,satara
Maharashtra,SATARA,Linseed,2010,Rabi,maharashtra,satara
Maharashtra,SATARA,Maize,2010,Rabi,maharashtra,satara
Maharashtra,SATARA,Rapeseed &Mustard,2010,Rabi,maharashtra,satara
Maharashtra,SATARA,Safflower,2010,Rabi,maharashtra,satara
Maharashtra,SATARA,Sesamum,2010,Rabi,maharashtra,satara
Maharashtra,SATARA,Sunflower,2010,Rabi,maharashtra,satara
Maharashtra,SATARA,Wheat,2010,Rabi,maharashtra,satara
Maharashtra,SINDHUDURG,Groundnut,2010,Kharif,maharashtra,sindhudurg
Maharashtra,SINDHUDURG,Moong(Green Gram),2010,Kharif,maharashtra,sindhudurg
Maharashtra,SINDHUDURG,Ragi,2010,Kharif,maharashtra,sindhudurg
Maharashtra,SINDHUDURG,Rice,2010,Kharif,maharashtra,sindhudurg
Maharashtra,SINDHUDURG,Urad,2010,Kharif,maharashtra,sindhudurg
Maharashtra,SINDHUDURG,Maize,2010,Rabi,maharashtra,sindhudurg
Maharashtra,SINDHUDURG,Rapeseed &Mustard,2010,Rabi,maharashtra,sindhudurg
Maharashtra,SOLAPUR,Arhar/Tur,2010,Kharif,maharashtra,solapur
Maharashtra,SOLAPUR,Bajra,2010,Kharif,maharashtra,solapur
Maharashtra,SOLAPUR,Castor seed,2010,Kharif,maharashtra,solapur
Maharashtra,SOLAPUR,Cotton(lint),2010,Kharif,maharashtra,solapur
Maharashtra,SOLAPUR,Groundnut,2010,Kharif,maharashtra,solapur
Maharashtra,SOLAPUR,Jowar,2010,Kharif,maharashtra,solapur
Maharashtra,SOLAPUR,Maize,2010,Kharif,maharashtra,solapur
Maharashtra,SOLAPUR,Moong(Green Gram),2010,Kharif,maharashtra,solapur
Maharashtra,SOLAPUR,Rice,2010,Kharif,maharashtra,solapur
Maharashtra,SOLAPUR,Sesamum,2010,Kharif,maharashtra,solapur
Maharashtra,SOLAPUR,Soyabean,2010,Kharif,maharashtra,solapur
Maharashtra,SOLAPUR,Sugarcane,2010,Kharif,maharashtra,solapur
Maharashtra,SOLAPUR,Sunflower,2010,Kharif,maharashtra,solapur
Maharashtra,SOLAPUR,Urad,2010,Kharif,maharashtra,solapur
Maharashtra,SOLAPUR,Gram,2010,Rabi,maharashtra,solapur
Maharashtra,SOLAPUR,Jowar,2010,Rabi,maharashtra,solapur
Maharashtra,SOLAPUR,Linseed,2010,Rabi,maharashtra,solapur
Maharashtra,SOLAPUR,Maize,2010,Rabi,maharashtra,solapur
Maharashtra,SOLAPUR,Safflower,2010,Rabi,maharashtra,solapur
Maharashtra,SOLAPUR,Sesamum,2010,Rabi,maharashtra,solapur
Maharashtra,SOLAPUR,Sunflower,2010,Rabi,maharashtra,solapur
Maharashtra,SOLAPUR,Wheat,2010,Rabi,maharashtra,solapur
Maharashtra,THANE,Arhar/Tur,2010,Kharif,maharashtra,thane
Maharashtra,THANE,Groundnut,2010,Kharif,maharashtra,thane
Maharashtra,THANE,Moong(Green Gram),2010,Kharif,maharashtra,thane
Maharashtra,THANE,Niger seed,2010,Kharif,maharashtra,thane
Maharashtra,THANE,Ragi,2010,Kharif,maharashtra,thane
Maharashtra,THANE,Rice,2010,Kharif,maharashtra,thane
Maharashtra,THANE,Sesamum,2010,Kharif,maharashtra,thane
Maharashtra,THANE,Urad,2010,Kharif,maharashtra,thane
Maharashtra,THANE,Gram,2010,Rabi,maharashtra,thane
Maharashtra,THANE,Maize,2010,Rabi,maharashtra,thane
Maharashtra,THANE,Rapeseed &Mustard,2010,Rabi,maharashtra,thane
Maharashtra,THANE,Wheat,2010,Rabi,maharashtra,thane
Maharashtra,WARDHA,Arhar/Tur,2010,Kharif,maharashtra,wardha
Maharashtra,WARDHA,Cotton(lint),2010,Kharif,maharashtra,wardha
Maharashtra,WARDHA,Groundnut,2010,Kharif,maharashtra,wardha
Maharashtra,WARDHA,Jowar,2010,Kharif,maharashtra,wardha
Maharashtra,WARDHA,Moong(Green Gram),2010,Kharif,maharashtra,wardha
Maharashtra,WARDHA,Soyabean,2010,Kharif,maharashtra,wardha
Maharashtra,WARDHA,Sugarcane,2010,Kharif,maharashtra,wardha
Maharashtra,WARDHA,Urad,2010,Kharif,maharashtra,wardha
Maharashtra,WARDHA,Gram,2010,Rabi,maharashtra,wardha
Maharashtra,WARDHA,Jowar,2010,Rabi,maharashtra,wardha
Maharashtra,WARDHA,Linseed,2010,Rabi,maharashtra,wardha
Maharashtra,WARDHA,Sunflower,2010,Rabi,maharashtra,wardha
Maharashtra,WARDHA,Wheat,2010,Rabi,maharashtra,wardha
Maharashtra,WASHIM,Arhar/Tur,2010,Kharif,maharashtra,washim
Maharashtra,WASHIM,Bajra,2010,Kharif,maharashtra,washim
Maharashtra,WASHIM,Cotton(lint),2010,Kharif,maharashtra,washim
Maharashtra,WASHIM,Jowar,2010,Kharif,maharashtra,washim
Maharashtra,WASHIM,Maize,2010,Kharif,maharashtra,washim
Maharashtra,WASHIM,Moong(Green Gram),2010,Kharif,maharashtra,washim
Maharashtra,WASHIM,Sesamum,2010,Kharif,maharashtra,washim
Maharashtra,WASHIM,Soyabean,2010,Kharif,maharashtra,washim
Maharashtra,WASHIM,Urad,2010,Kharif,maharashtra,washim
Maharashtra,WASHIM,Gram,2010,Rabi,maharashtra,washim
Maharashtra,WASHIM,Jowar,2010,Rabi,maharashtra,washim
Maharashtra,WASHIM,Safflower,2010,Rabi,maharashtra,washim
Maharashtra,WASHIM,Wheat,2010,Rabi,maharashtra,washim
Maharashtra,YAVATMAL,Arhar/Tur,2010,Kharif,maharashtra,yavatmal
Maharashtra,YAVATMAL,Bajra,2010,Kharif,maharashtra,yavatmal
Maharashtra,YAVATMAL,Cotton(lint),2010,Kharif,maharashtra,yavatmal
Maharashtra,YAVATMAL,Jowar,2010,Kharif,maharashtra,yavatmal
Maharashtra,YAVATMAL,Maize,2010,Kharif,maharashtra,yavatmal
Maharashtra,YAVATMAL,Moong(Green Gram),2010,Kharif,maharashtra,yavatmal
Maharashtra,YAVATMAL,Sesamum,2010,Kharif,maharashtra,yavatmal
Maharashtra,YAVATMAL,Soyabean,2010,Kharif,maharashtra,yavatmal
Maharashtra,YAVATMAL,Sugarcane,2010,Kharif,maharashtra,yavatmal
Maharashtra,YAVATMAL,Urad,2010,Kharif,maharashtra,yavatmal
Maharashtra,YAVATMAL,Gram,2010,Rabi,maharashtra,yavatmal
Maharashtra,YAVATMAL,Jowar,2010,Rabi,maharashtra,yavatmal
Maharashtra,YAVATMAL,Safflower,2010,Rabi,maharashtra,yavatmal
Maharashtra,YAVATMAL,Wheat,2010,Rabi,maharashtra,yavatmal
Meghalaya,EAST GARO HILLS,Rice,2010,Autumn,meghalaya,east garo hills
Meghalaya,EAST GARO HILLS,Arhar/Tur,2010,Kharif,meghalaya,east garo hills
Meghalaya,EAST GARO HILLS,Banana,2010,Kharif,meghalaya,east garo hills
Meghalaya,EAST GARO HILLS,Castor seed,2010,Kharif,meghalaya,east garo hills
Meghalaya,EAST GARO HILLS,Cotton(lint),2010,Kharif,meghalaya,east garo hills
Meghalaya,EAST GARO HILLS,Dry ginger,2010,Kharif,meghalaya,east garo hills
Meghalaya,EAST GARO HILLS,Jute,2010,Kharif,meghalaya,east garo hills
Meghalaya,EAST GARO HILLS,Maize,2010,Kharif,meghalaya,east garo hills
Meghalaya,EAST GARO HILLS,Mesta,2010,Kharif,meghalaya,east garo hills
Meghalaya,EAST GARO HILLS,Sesamum,2010,Kharif,meghalaya,east garo hills
Meghalaya,EAST GARO HILLS,Soyabean,2010,Kharif,meghalaya,east garo hills
Meghalaya,EAST GARO HILLS,Sweet potato,2010,Kharif,meghalaya,east garo hills
Meghalaya,EAST GARO HILLS,Tapioca,2010,Kharif,meghalaya,east garo hills
Meghalaya,EAST GARO HILLS,Gram,2010,Rabi,meghalaya,east garo hills
Meghalaya,EAST GARO HILLS,Masoor,2010,Rabi,meghalaya,east garo hills
Meghalaya,EAST GARO HILLS,Other  Rabi pulses,2010,Rabi,meghalaya,east garo hills
Meghalaya,EAST GARO HILLS,Peas & beans (Pulses),2010,Rabi,meghalaya,east garo hills
Meghalaya,EAST GARO HILLS,Rapeseed &Mustard,2010,Rabi,meghalaya,east garo hills
Meghalaya,EAST GARO HILLS,Rice,2010,Rabi,meghalaya,east garo hills
Meghalaya,EAST GARO HILLS,Small millets,2010,Rabi,meghalaya,east garo hills
Meghalaya,EAST GARO HILLS,Tobacco,2010,Rabi,meghalaya,east garo hills
Meghalaya,EAST GARO HILLS,Wheat,2010,Rabi,meghalaya,east garo hills
Meghalaya,EAST GARO HILLS,Arecanut,2010,Whole Year,meghalaya,east garo hills
Meghalaya,EAST GARO HILLS,Black pepper,2010,Whole Year,meghalaya,east garo hills
Meghalaya,EAST GARO HILLS,Cashewnut,2010,Whole Year,meghalaya,east garo hills
Meghalaya,EAST GARO HILLS,Dry chillies,2010,Whole Year,meghalaya,east garo hills
Meghalaya,EAST GARO HILLS,Potato,2010,Whole Year,meghalaya,east garo hills
Meghalaya,EAST GARO HILLS,Sugarcane,2010,Whole Year,meghalaya,east garo hills
Meghalaya,EAST GARO HILLS,Turmeric,2010,Whole Year,meghalaya,east garo hills
Meghalaya,EAST GARO HILLS,Rice,2010,Winter,meghalaya,east garo hills
Meghalaya,EAST JAINTIA HILLS,Rice,2010,Autumn,meghalaya,east jaintia hills
Meghalaya,EAST JAINTIA HILLS,Banana,2010,Kharif,meghalaya,east jaintia hills
Meghalaya,EAST JAINTIA HILLS,Dry ginger,2010,Kharif,meghalaya,east jaintia hills
Meghalaya,EAST JAINTIA HILLS,Maize,2010,Kharif,meghalaya,east jaintia hills
Meghalaya,EAST JAINTIA HILLS,Sesamum,2010,Kharif,meghalaya,east jaintia hills
Meghalaya,EAST JAINTIA HILLS,Soyabean,2010,Kharif,meghalaya,east jaintia hills
Meghalaya,EAST JAINTIA HILLS,Sweet potato,2010,Kharif,meghalaya,east jaintia hills
Meghalaya,EAST JAINTIA HILLS,Tapioca,2010,Kharif,meghalaya,east jaintia hills
Meghalaya,EAST JAINTIA HILLS,Other  Rabi pulses,2010,Rabi,meghalaya,east jaintia hills
Meghalaya,EAST JAINTIA HILLS,Peas & beans (Pulses),2010,Rabi,meghalaya,east jaintia hills
Meghalaya,EAST JAINTIA HILLS,Rapeseed &Mustard,2010,Rabi,meghalaya,east jaintia hills
Meghalaya,EAST JAINTIA HILLS,Rice,2010,Rabi,meghalaya,east jaintia hills
Meghalaya,EAST JAINTIA HILLS,Small millets,2010,Rabi,meghalaya,east jaintia hills
Meghalaya,EAST JAINTIA HILLS,Arecanut,2010,Whole Year,meghalaya,east jaintia hills
Meghalaya,EAST JAINTIA HILLS,Black pepper,2010,Whole Year,meghalaya,east jaintia hills
Meghalaya,EAST JAINTIA HILLS,Dry chillies,2010,Whole Year,meghalaya,east jaintia hills
Meghalaya,EAST JAINTIA HILLS,Potato,2010,Whole Year,meghalaya,east jaintia hills
Meghalaya,EAST JAINTIA HILLS,Sugarcane,2010,Whole Year,meghalaya,east jaintia hills
Meghalaya,EAST JAINTIA HILLS,Turmeric,2010,Whole Year,meghalaya,east jaintia hills
Meghalaya,EAST JAINTIA HILLS,Rice,2010,Winter,meghalaya,east jaintia hills
Meghalaya,EAST KHASI HILLS,Rice,2010,Autumn,meghalaya,east khasi hills
Meghalaya,EAST KHASI HILLS,Banana,2010,Kharif,meghalaya,east khasi hills
Meghalaya,EAST KHASI HILLS,Dry ginger,2010,Kharif,meghalaya,east khasi hills
Meghalaya,EAST KHASI HILLS,Maize,2010,Kharif,meghalaya,east khasi hills
Meghalaya,EAST KHASI HILLS,Sesamum,2010,Kharif,meghalaya,east khasi hills
Meghalaya,EAST KHASI HILLS,Soyabean,2010,Kharif,meghalaya,east khasi hills
Meghalaya,EAST KHASI HILLS,Sweet potato,2010,Kharif,meghalaya,east khasi hills
Meghalaya,EAST KHASI HILLS,Tapioca,2010,Kharif,meghalaya,east khasi hills
Meghalaya,EAST KHASI HILLS,Masoor,2010,Rabi,meghalaya,east khasi hills
Meghalaya,EAST KHASI HILLS,Other  Rabi pulses,2010,Rabi,meghalaya,east khasi hills
Meghalaya,EAST KHASI HILLS,Peas & beans (Pulses),2010,Rabi,meghalaya,east khasi hills
Meghalaya,EAST KHASI HILLS,Rapeseed &Mustard,2010,Rabi,meghalaya,east khasi hills
Meghalaya,EAST KHASI HILLS,Rice,2010,Rabi,meghalaya,east khasi hills
Meghalaya,EAST KHASI HILLS,Small millets,2010,Rabi,meghalaya,east khasi hills
Meghalaya,EAST KHASI HILLS,Arecanut,2010,Whole Year,meghalaya,east khasi hills
Meghalaya,EAST KHASI HILLS,Black pepper,2010,Whole Year,meghalaya,east khasi hills
Meghalaya,EAST KHASI HILLS,Dry chillies,2010,Whole Year,meghalaya,east khasi hills
Meghalaya,EAST KHASI HILLS,Potato,2010,Whole Year,meghalaya,east khasi hills
Meghalaya,EAST KHASI HILLS,Turmeric,2010,Whole Year,meghalaya,east khasi hills
Meghalaya,EAST KHASI HILLS,Rice,2010,Winter,meghalaya,east khasi hills
Meghalaya,RI BHOI,Rice,2010,Autumn,meghalaya,ri bhoi
Meghalaya,RI BHOI,Banana,2010,Kharif,meghalaya,ri bhoi
Meghalaya,RI BHOI,Castor seed,2010,Kharif,meghalaya,ri bhoi
Meghalaya,RI BHOI,Dry ginger,2010,Kharif,meghalaya,ri bhoi
Meghalaya,RI BHOI,Maize,2010,Kharif,meghalaya,ri bhoi
Meghalaya,RI BHOI,Soyabean,2010,Kharif,meghalaya,ri bhoi
Meghalaya,RI BHOI,Sweet potato,2010,Kharif,meghalaya,ri bhoi
Meghalaya,RI BHOI,Tapioca,2010,Kharif,meghalaya,ri bhoi
Meghalaya,RI BHOI,Other  Rabi pulses,2010,Rabi,meghalaya,ri bhoi
Meghalaya,RI BHOI,Peas & beans (Pulses),2010,Rabi,meghalaya,ri bhoi
Meghalaya,RI BHOI,Rapeseed &Mustard,2010,Rabi,meghalaya,ri bhoi
Meghalaya,RI BHOI,Rice,2010,Rabi,meghalaya,ri bhoi
Meghalaya,RI BHOI,Small millets,2010,Rabi,meghalaya,ri bhoi
Meghalaya,RI BHOI,Wheat,2010,Rabi,meghalaya,ri bhoi
Meghalaya,RI BHOI,Arecanut,2010,Whole Year,meghalaya,ri bhoi
Meghalaya,RI BHOI,Black pepper,2010,Whole Year,meghalaya,ri bhoi
Meghalaya,RI BHOI,Dry chillies,2010,Whole Year,meghalaya,ri bhoi
Meghalaya,RI BHOI,Potato,2010,Whole Year,meghalaya,ri bhoi
Meghalaya,RI BHOI,Turmeric,2010,Whole Year,meghalaya,ri bhoi
Meghalaya,RI BHOI,Rice,2010,Winter,meghalaya,ri bhoi
Meghalaya,SOUTH GARO HILLS,Rice,2010,Autumn,meghalaya,south garo hills
Meghalaya,SOUTH GARO HILLS,Arhar/Tur,2010,Kharif,meghalaya,south garo hills
Meghalaya,SOUTH GARO HILLS,Banana,2010,Kharif,meghalaya,south garo hills
Meghalaya,SOUTH GARO HILLS,Cotton(lint),2010,Kharif,meghalaya,south garo hills
Meghalaya,SOUTH GARO HILLS,Dry ginger,2010,Kharif,meghalaya,south garo hills
Meghalaya,SOUTH GARO HILLS,Jute,2010,Kharif,meghalaya,south garo hills
Meghalaya,SOUTH GARO HILLS,Maize,2010,Kharif,meghalaya,south garo hills
Meghalaya,SOUTH GARO HILLS,Mesta,2010,Kharif,meghalaya,south garo hills
Meghalaya,SOUTH GARO HILLS,Sesamum,2010,Kharif,meghalaya,south garo hills
Meghalaya,SOUTH GARO HILLS,Soyabean,2010,Kharif,meghalaya,south garo hills
Meghalaya,SOUTH GARO HILLS,Sweet potato,2010,Kharif,meghalaya,south garo hills
Meghalaya,SOUTH GARO HILLS,Tapioca,2010,Kharif,meghalaya,south garo hills
Meghalaya,SOUTH GARO HILLS,Gram,2010,Rabi,meghalaya,south garo hills
Meghalaya,SOUTH GARO HILLS,Masoor,2010,Rabi,meghalaya,south garo hills
Meghalaya,SOUTH GARO HILLS,Other  Rabi pulses,2010,Rabi,meghalaya,south garo hills
Meghalaya,SOUTH GARO HILLS,Peas & beans (Pulses),2010,Rabi,meghalaya,south garo hills
Meghalaya,SOUTH GARO HILLS,Rapeseed &Mustard,2010,Rabi,meghalaya,south garo hills
Meghalaya,SOUTH GARO HILLS,Rice,2010,Rabi,meghalaya,south garo hills
Meghalaya,SOUTH GARO HILLS,Small millets,2010,Rabi,meghalaya,south garo hills
Meghalaya,SOUTH GARO HILLS,Tobacco,2010,Rabi,meghalaya,south garo hills
Meghalaya,SOUTH GARO HILLS,Arecanut,2010,Whole Year,meghalaya,south garo hills
Meghalaya,SOUTH GARO HILLS,Black pepper,2010,Whole Year,meghalaya,south garo hills
Meghalaya,SOUTH GARO HILLS,Cashewnut,2010,Whole Year,meghalaya,south garo hills
Meghalaya,SOUTH GARO HILLS,Dry chillies,2010,Whole Year,meghalaya,south garo hills
Meghalaya,SOUTH GARO HILLS,Potato,2010,Whole Year,meghalaya,south garo hills
Meghalaya,SOUTH GARO HILLS,Sugarcane,2010,Whole Year,meghalaya,south garo hills
Meghalaya,SOUTH GARO HILLS,Turmeric,2010,Whole Year,meghalaya,south garo hills
Meghalaya,SOUTH GARO HILLS,Rice,2010,Winter,meghalaya,south garo hills
Meghalaya,WEST GARO HILLS,Rice,2010,Autumn,meghalaya,west garo hills
Meghalaya,WEST GARO HILLS,Arhar/Tur,2010,Kharif,meghalaya,west garo hills
Meghalaya,WEST GARO HILLS,Banana,2010,Kharif,meghalaya,west garo hills
Meghalaya,WEST GARO HILLS,Castor seed,2010,Kharif,meghalaya,west garo hills
Meghalaya,WEST GARO HILLS,Cotton(lint),2010,Kharif,meghalaya,west garo hills
Meghalaya,WEST GARO HILLS,Dry ginger,2010,Kharif,meghalaya,west garo hills
Meghalaya,WEST GARO HILLS,Jute,2010,Kharif,meghalaya,west garo hills
Meghalaya,WEST GARO HILLS,Maize,2010,Kharif,meghalaya,west garo hills
Meghalaya,WEST GARO HILLS,Mesta,2010,Kharif,meghalaya,west garo hills
Meghalaya,WEST GARO HILLS,Sesamum,2010,Kharif,meghalaya,west garo hills
Meghalaya,WEST GARO HILLS,Soyabean,2010,Kharif,meghalaya,west garo hills
Meghalaya,WEST GARO HILLS,Sweet potato,2010,Kharif,meghalaya,west garo hills
Meghalaya,WEST GARO HILLS,Tapioca,2010,Kharif,meghalaya,west garo hills
Meghalaya,WEST GARO HILLS,Gram,2010,Rabi,meghalaya,west garo hills
Meghalaya,WEST GARO HILLS,Linseed,2010,Rabi,meghalaya,west garo hills
Meghalaya,WEST GARO HILLS,Masoor,2010,Rabi,meghalaya,west garo hills
Meghalaya,WEST GARO HILLS,Other  Rabi pulses,2010,Rabi,meghalaya,west garo hills
Meghalaya,WEST GARO HILLS,Peas & beans (Pulses),2010,Rabi,meghalaya,west garo hills
Meghalaya,WEST GARO HILLS,Rapeseed &Mustard,2010,Rabi,meghalaya,west garo hills
Meghalaya,WEST GARO HILLS,Rice,2010,Rabi,meghalaya,west garo hills
Meghalaya,WEST GARO HILLS,Small millets,2010,Rabi,meghalaya,west garo hills
Meghalaya,WEST GARO HILLS,Tobacco,2010,Rabi,meghalaya,west garo hills
Meghalaya,WEST GARO HILLS,Wheat,2010,Rabi,meghalaya,west garo hills
Meghalaya,WEST GARO HILLS,Arecanut,2010,Whole Year,meghalaya,west garo hills
Meghalaya,WEST GARO HILLS,Black pepper,2010,Whole Year,meghalaya,west garo hills
Meghalaya,WEST GARO HILLS,Cashewnut,2010,Whole Year,meghalaya,west garo hills
Meghalaya,WEST GARO HILLS,Dry chillies,2010,Whole Year,meghalaya,west garo hills
Meghalaya,WEST GARO HILLS,Potato,2010,Whole Year,meghalaya,west garo hills
Meghalaya,WEST GARO HILLS,Sugarcane,2010,Whole Year,meghalaya,west garo hills
Meghalaya,WEST GARO HILLS,Turmeric,2010,Whole Year,meghalaya,west garo hills
Meghalaya,WEST GARO HILLS,Rice,2010,Winter,meghalaya,west garo hills
Meghalaya,WEST KHASI HILLS,Rice,2010,Autumn,meghalaya,west khasi hills
Meghalaya,WEST KHASI HILLS,Banana,2010,Kharif,meghalaya,west khasi hills
Meghalaya,WEST KHASI HILLS,Dry ginger,2010,Kharif,meghalaya,west khasi hills
Meghalaya,WEST KHASI HILLS,Maize,2010,Kharif,meghalaya,west khasi hills
Meghalaya,WEST KHASI HILLS,Sesamum,2010,Kharif,meghalaya,west khasi hills
Meghalaya,WEST KHASI HILLS,Soyabean,2010,Kharif,meghalaya,west khasi hills
Meghalaya,WEST KHASI HILLS,Sweet potato,2010,Kharif,meghalaya,west khasi hills
Meghalaya,WEST KHASI HILLS,Tapioca,2010,Kharif,meghalaya,west khasi hills
Meghalaya,WEST KHASI HILLS,Other  Rabi pulses,2010,Rabi,meghalaya,west khasi hills
Meghalaya,WEST KHASI HILLS,Peas & beans (Pulses),2010,Rabi,meghalaya,west khasi hills
Meghalaya,WEST KHASI HILLS,Rapeseed &Mustard,2010,Rabi,meghalaya,west khasi hills
Meghalaya,WEST KHASI HILLS,Rice,2010,Rabi,meghalaya,west khasi hills
Meghalaya,WEST KHASI HILLS,Small millets,2010,Rabi,meghalaya,west khasi hills
Meghalaya,WEST KHASI HILLS,Tobacco,2010,Rabi,meghalaya,west khasi hills
Meghalaya,WEST KHASI HILLS,Wheat,2010,Rabi,meghalaya,west khasi hills
Meghalaya,WEST KHASI HILLS,Arecanut,2010,Whole Year,meghalaya,west khasi hills
Meghalaya,WEST KHASI HILLS,Black pepper,2010,Whole Year,meghalaya,west khasi hills
Meghalaya,WEST KHASI HILLS,Dry chillies,2010,Whole Year,meghalaya,west khasi hills
Meghalaya,WEST KHASI HILLS,Potato,2010,Whole Year,meghalaya,west khasi hills
Meghalaya,WEST KHASI HILLS,Sugarcane,2010,Whole Year,meghalaya,west khasi hills
Meghalaya,WEST KHASI HILLS,Turmeric,2010,Whole Year,meghalaya,west khasi hills
Meghalaya,WEST KHASI HILLS,Rice,2010,Winter,meghalaya,west khasi hills
Nagaland,DIMAPUR,Arhar/Tur,2010,Kharif,nagaland,dimapur
Nagaland,DIMAPUR,Bajra,2010,Kharif,nagaland,dimapur
Nagaland,DIMAPUR,Castor seed,2010,Kharif,nagaland,dimapur
Nagaland,DIMAPUR,Groundnut,2010,Kharif,nagaland,dimapur
Nagaland,DIMAPUR,Horse-gram,2010,Kharif,nagaland,dimapur
Nagaland,DIMAPUR,Jute,2010,Kharif,nagaland,dimapur
Nagaland,DIMAPUR,Maize,2010,Kharif,nagaland,dimapur
Nagaland,DIMAPUR,Mesta,2010,Kharif,nagaland,dimapur
Nagaland,DIMAPUR,Moong(Green Gram),2010,Kharif,nagaland,dimapur
Nagaland,DIMAPUR,Potato,2010,Kharif,nagaland,dimapur
Nagaland,DIMAPUR,Ragi,2010,Kharif,nagaland,dimapur
Nagaland,DIMAPUR,Rice,2010,Kharif,nagaland,dimapur
Nagaland,DIMAPUR,Sesamum,2010,Kharif,nagaland,dimapur
Nagaland,DIMAPUR,Soyabean,2010,Kharif,nagaland,dimapur
Nagaland,DIMAPUR,Sugarcane,2010,Kharif,nagaland,dimapur
Nagaland,DIMAPUR,Tapioca,2010,Kharif,nagaland,dimapur
Nagaland,DIMAPUR,Barley,2010,Rabi,nagaland,dimapur
Nagaland,DIMAPUR,Gram,2010,Rabi,nagaland,dimapur
Nagaland,DIMAPUR,Linseed,2010,Rabi,nagaland,dimapur
Nagaland,DIMAPUR,Maize,2010,Rabi,nagaland,dimapur
Nagaland,DIMAPUR,Masoor,2010,Rabi,nagaland,dimapur
Nagaland,DIMAPUR,Potato,2010,Rabi,nagaland,dimapur
Nagaland,DIMAPUR,Rapeseed &Mustard,2010,Rabi,nagaland,dimapur
Nagaland,DIMAPUR,Rice,2010,Rabi,nagaland,dimapur
Nagaland,DIMAPUR,Sunflower,2010,Rabi,nagaland,dimapur
Nagaland,DIMAPUR,Urad,2010,Rabi,nagaland,dimapur
Nagaland,DIMAPUR,Wheat,2010,Rabi,nagaland,dimapur
Nagaland,KIPHIRE,Arhar/Tur,2010,Kharif,nagaland,kiphire
Nagaland,KIPHIRE,Bajra,2010,Kharif,nagaland,kiphire
Nagaland,KIPHIRE,Groundnut,2010,Kharif,nagaland,kiphire
Nagaland,KIPHIRE,Horse-gram,2010,Kharif,nagaland,kiphire
Nagaland,KIPHIRE,Maize,2010,Kharif,nagaland,kiphire
Nagaland,KIPHIRE,Mesta,2010,Kharif,nagaland,kiphire
Nagaland,KIPHIRE,Peas & beans (Pulses),2010,Kharif,nagaland,kiphire
Nagaland,KIPHIRE,Potato,2010,Kharif,nagaland,kiphire
Nagaland,KIPHIRE,Ragi,2010,Kharif,nagaland,kiphire
Nagaland,KIPHIRE,Rice,2010,Kharif,nagaland,kiphire
Nagaland,KIPHIRE,Sesamum,2010,Kharif,nagaland,kiphire
Nagaland,KIPHIRE,Small millets,2010,Kharif,nagaland,kiphire
Nagaland,KIPHIRE,Soyabean,2010,Kharif,nagaland,kiphire
Nagaland,KIPHIRE,Sugarcane,2010,Kharif,nagaland,kiphire
Nagaland,KIPHIRE,Sunflower,2010,Kharif,nagaland,kiphire
Nagaland,KIPHIRE,Tapioca,2010,Kharif,nagaland,kiphire
Nagaland,KIPHIRE,Barley,2010,Rabi,nagaland,kiphire
Nagaland,KIPHIRE,Gram,2010,Rabi,nagaland,kiphire
Nagaland,KIPHIRE,Linseed,2010,Rabi,nagaland,kiphire
Nagaland,KIPHIRE,Maize,2010,Rabi,nagaland,kiphire
Nagaland,KIPHIRE,Rapeseed &Mustard,2010,Rabi,nagaland,kiphire
Nagaland,KIPHIRE,Urad,2010,Rabi,nagaland,kiphire
Nagaland,KOHIMA,Arhar/Tur,2010,Kharif,nagaland,kohima
Nagaland,KOHIMA,Bajra,2010,Kharif,nagaland,kohima
Nagaland,KOHIMA,Castor seed,2010,Kharif,nagaland,kohima
Nagaland,KOHIMA,Groundnut,2010,Kharif,nagaland,kohima
Nagaland,KOHIMA,Horse-gram,2010,Kharif,nagaland,kohima
Nagaland,KOHIMA,Jowar,2010,Kharif,nagaland,kohima
Nagaland,KOHIMA,Jute,2010,Kharif,nagaland,kohima
Nagaland,KOHIMA,Maize,2010,Kharif,nagaland,kohima
Nagaland,KOHIMA,Mesta,2010,Kharif,nagaland,kohima
Nagaland,KOHIMA,Moong(Green Gram),2010,Kharif,nagaland,kohima
Nagaland,KOHIMA,Peas & beans (Pulses),2010,Kharif,nagaland,kohima
Nagaland,KOHIMA,Potato,2010,Kharif,nagaland,kohima
Nagaland,KOHIMA,Rice,2010,Kharif,nagaland,kohima
Nagaland,KOHIMA,Sesamum,2010,Kharif,nagaland,kohima
Nagaland,KOHIMA,Small millets,2010,Kharif,nagaland,kohima
Nagaland,KOHIMA,Soyabean,2010,Kharif,nagaland,kohima
Nagaland,KOHIMA,Sugarcane,2010,Kharif,nagaland,kohima
Nagaland,KOHIMA,Sunflower,2010,Kharif,nagaland,kohima
Nagaland,KOHIMA,Tapioca,2010,Kharif,nagaland,kohima
Nagaland,KOHIMA,Barley,2010,Rabi,nagaland,kohima
Nagaland,KOHIMA,Gram,2010,Rabi,nagaland,kohima
Nagaland,KOHIMA,Linseed,2010,Rabi,nagaland,kohima
Nagaland,KOHIMA,Masoor,2010,Rabi,nagaland,kohima
Nagaland,KOHIMA,Potato,2010,Rabi,nagaland,kohima
Nagaland,KOHIMA,Rapeseed &Mustard,2010,Rabi,nagaland,kohima
Nagaland,KOHIMA,Urad,2010,Rabi,nagaland,kohima
Nagaland,KOHIMA,Wheat,2010,Rabi,nagaland,kohima
Nagaland,LONGLENG,Arhar/Tur,2010,Kharif,nagaland,longleng
Nagaland,LONGLENG,Bajra,2010,Kharif,nagaland,longleng
Nagaland,LONGLENG,Horse-gram,2010,Kharif,nagaland,longleng
Nagaland,LONGLENG,Maize,2010,Kharif,nagaland,longleng
Nagaland,LONGLENG,Mesta,2010,Kharif,nagaland,longleng
Nagaland,LONGLENG,Peas & beans (Pulses),2010,Kharif,nagaland,longleng
Nagaland,LONGLENG,Potato,2010,Kharif,nagaland,longleng
Nagaland,LONGLENG,Ragi,2010,Kharif,nagaland,longleng
Nagaland,LONGLENG,Rice,2010,Kharif,nagaland,longleng
Nagaland,LONGLENG,Sesamum,2010,Kharif,nagaland,longleng
Nagaland,LONGLENG,Small millets,2010,Kharif,nagaland,longleng
Nagaland,LONGLENG,Soyabean,2010,Kharif,nagaland,longleng
Nagaland,LONGLENG,Sugarcane,2010,Kharif,nagaland,longleng
Nagaland,LONGLENG,Sunflower,2010,Kharif,nagaland,longleng
Nagaland,LONGLENG,Tapioca,2010,Kharif,nagaland,longleng
Nagaland,LONGLENG,Barley,2010,Rabi,nagaland,longleng
Nagaland,LONGLENG,Gram,2010,Rabi,nagaland,longleng
Nagaland,LONGLENG,Linseed,2010,Rabi,nagaland,longleng
Nagaland,LONGLENG,Rapeseed &Mustard,2010,Rabi,nagaland,longleng
Nagaland,MOKOKCHUNG,Arhar/Tur,2010,Kharif,nagaland,mokokchung
Nagaland,MOKOKCHUNG,Bajra,2010,Kharif,nagaland,mokokchung
Nagaland,MOKOKCHUNG,Castor seed,2010,Kharif,nagaland,mokokchung
Nagaland,MOKOKCHUNG,Groundnut,2010,Kharif,nagaland,mokokchung
Nagaland,MOKOKCHUNG,Horse-gram,2010,Kharif,nagaland,mokokchung
Nagaland,MOKOKCHUNG,Jute,2010,Kharif,nagaland,mokokchung
Nagaland,MOKOKCHUNG,Maize,2010,Kharif,nagaland,mokokchung
Nagaland,MOKOKCHUNG,Mesta,2010,Kharif,nagaland,mokokchung
Nagaland,MOKOKCHUNG,Moong(Green Gram),2010,Kharif,nagaland,mokokchung
Nagaland,MOKOKCHUNG,Peas & beans (Pulses),2010,Kharif,nagaland,mokokchung
Nagaland,MOKOKCHUNG,Potato,2010,Kharif,nagaland,mokokchung
Nagaland,MOKOKCHUNG,Ragi,2010,Kharif,nagaland,mokokchung
Nagaland,MOKOKCHUNG,Rice,2010,Kharif,nagaland,mokokchung
Nagaland,MOKOKCHUNG,Sesamum,2010,Kharif,nagaland,mokokchung
Nagaland,MOKOKCHUNG,Small millets,2010,Kharif,nagaland,mokokchung
Nagaland,MOKOKCHUNG,Soyabean,2010,Kharif,nagaland,mokokchung
Nagaland,MOKOKCHUNG,Sugarcane,2010,Kharif,nagaland,mokokchung
Nagaland,MOKOKCHUNG,Tapioca,2010,Kharif,nagaland,mokokchung
Nagaland,MOKOKCHUNG,Barley,2010,Rabi,nagaland,mokokchung
Nagaland,MOKOKCHUNG,Gram,2010,Rabi,nagaland,mokokchung
Nagaland,MOKOKCHUNG,Linseed,2010,Rabi,nagaland,mokokchung
Nagaland,MOKOKCHUNG,Maize,2010,Rabi,nagaland,mokokchung
Nagaland,MOKOKCHUNG,Masoor,2010,Rabi,nagaland,mokokchung
Nagaland,MOKOKCHUNG,Potato,2010,Rabi,nagaland,mokokchung
Nagaland,MOKOKCHUNG,Rapeseed &Mustard,2010,Rabi,nagaland,mokokchung
Nagaland,MOKOKCHUNG,Sunflower,2010,Rabi,nagaland,mokokchung
Nagaland,MOKOKCHUNG,Urad,2010,Rabi,nagaland,mokokchung
Nagaland,MOKOKCHUNG,Wheat,2010,Rabi,nagaland,mokokchung
Nagaland,MON,Arhar/Tur,2010,Kharif,nagaland,mon
Nagaland,MON,Bajra,2010,Kharif,nagaland,mon
Nagaland,MON,Castor seed,2010,Kharif,nagaland,mon
Nagaland,MON,Cotton(lint),2010,Kharif,nagaland,mon
Nagaland,MON,Groundnut,2010,Kharif,nagaland,mon
Nagaland,MON,Horse-gram,2010,Kharif,nagaland,mon
Nagaland,MON,Jowar,2010,Kharif,nagaland,mon
Nagaland,MON,Jute,2010,Kharif,nagaland,mon
Nagaland,MON,Maize,2010,Kharif,nagaland,mon
Nagaland,MON,Mesta,2010,Kharif,nagaland,mon
Nagaland,MON,Moong(Green Gram),2010,Kharif,nagaland,mon
Nagaland,MON,Peas & beans (Pulses),2010,Kharif,nagaland,mon
Nagaland,MON,Potato,2010,Kharif,nagaland,mon
Nagaland,MON,Ragi,2010,Kharif,nagaland,mon
Nagaland,MON,Rice,2010,Kharif,nagaland,mon
Nagaland,MON,Sesamum,2010,Kharif,nagaland,mon
Nagaland,MON,Small millets,2010,Kharif,nagaland,mon
Nagaland,MON,Soyabean,2010,Kharif,nagaland,mon
Nagaland,MON,Sugarcane,2010,Kharif,nagaland,mon
Nagaland,MON,Sunflower,2010,Kharif,nagaland,mon
Nagaland,MON,Tapioca,2010,Kharif,nagaland,mon
Nagaland,MON,Barley,2010,Rabi,nagaland,mon
Nagaland,MON,Gram,2010,Rabi,nagaland,mon
Nagaland,MON,Linseed,2010,Rabi,nagaland,mon
Nagaland,MON,Maize,2010,Rabi,nagaland,mon
Nagaland,MON,Masoor,2010,Rabi,nagaland,mon
Nagaland,MON,Potato,2010,Rabi,nagaland,mon
Nagaland,MON,Rapeseed &Mustard,2010,Rabi,nagaland,mon
Nagaland,MON,Rice,2010,Rabi,nagaland,mon
Nagaland,MON,Urad,2010,Rabi,nagaland,mon
Nagaland,MON,Wheat,2010,Rabi,nagaland,mon
Nagaland,PEREN,Arhar/Tur,2010,Kharif,nagaland,peren
Nagaland,PEREN,Bajra,2010,Kharif,nagaland,peren
Nagaland,PEREN,Castor seed,2010,Kharif,nagaland,peren
Nagaland,PEREN,Groundnut,2010,Kharif,nagaland,peren
Nagaland,PEREN,Horse-gram,2010,Kharif,nagaland,peren
Nagaland,PEREN,Maize,2010,Kharif,nagaland,peren
Nagaland,PEREN,Mesta,2010,Kharif,nagaland,peren
Nagaland,PEREN,Moong(Green Gram),2010,Kharif,nagaland,peren
Nagaland,PEREN,Peas & beans (Pulses),2010,Kharif,nagaland,peren
Nagaland,PEREN,Potato,2010,Kharif,nagaland,peren
Nagaland,PEREN,Rice,2010,Kharif,nagaland,peren
Nagaland,PEREN,Sesamum,2010,Kharif,nagaland,peren
Nagaland,PEREN,Soyabean,2010,Kharif,nagaland,peren
Nagaland,PEREN,Sugarcane,2010,Kharif,nagaland,peren
Nagaland,PEREN,Tapioca,2010,Kharif,nagaland,peren
Nagaland,PEREN,Barley,2010,Rabi,nagaland,peren
Nagaland,PEREN,Gram,2010,Rabi,nagaland,peren
Nagaland,PEREN,Linseed,2010,Rabi,nagaland,peren
Nagaland,PEREN,Masoor,2010,Rabi,nagaland,peren
Nagaland,PEREN,Rapeseed &Mustard,2010,Rabi,nagaland,peren
Nagaland,PEREN,Sunflower,2010,Rabi,nagaland,peren
Nagaland,PEREN,Urad,2010,Rabi,nagaland,peren
Nagaland,PEREN,Wheat,2010,Rabi,nagaland,peren
Nagaland,PHEK,Arhar/Tur,2010,Kharif,nagaland,phek
Nagaland,PHEK,Bajra,2010,Kharif,nagaland,phek
Nagaland,PHEK,Castor seed,2010,Kharif,nagaland,phek
Nagaland,PHEK,Cotton(lint),2010,Kharif,nagaland,phek
Nagaland,PHEK,Groundnut,2010,Kharif,nagaland,phek
Nagaland,PHEK,Horse-gram,2010,Kharif,nagaland,phek
Nagaland,PHEK,Jowar,2010,Kharif,nagaland,phek
Nagaland,PHEK,Maize,2010,Kharif,nagaland,phek
Nagaland,PHEK,Mesta,2010,Kharif,nagaland,phek
Nagaland,PHEK,Moong(Green Gram),2010,Kharif,nagaland,phek
Nagaland,PHEK,Peas & beans (Pulses),2010,Kharif,nagaland,phek
Nagaland,PHEK,Potato,2010,Kharif,nagaland,phek
Nagaland,PHEK,Rice,2010,Kharif,nagaland,phek
Nagaland,PHEK,Sesamum,2010,Kharif,nagaland,phek
Nagaland,PHEK,Small millets,2010,Kharif,nagaland,phek
Nagaland,PHEK,Soyabean,2010,Kharif,nagaland,phek
Nagaland,PHEK,Sugarcane,2010,Kharif,nagaland,phek
Nagaland,PHEK,Tapioca,2010,Kharif,nagaland,phek
Nagaland,PHEK,Barley,2010,Rabi,nagaland,phek
Nagaland,PHEK,Gram,2010,Rabi,nagaland,phek
Nagaland,PHEK,Linseed,2010,Rabi,nagaland,phek
Nagaland,PHEK,Maize,2010,Rabi,nagaland,phek
Nagaland,PHEK,Masoor,2010,Rabi,nagaland,phek
Nagaland,PHEK,Potato,2010,Rabi,nagaland,phek
Nagaland,PHEK,Rapeseed &Mustard,2010,Rabi,nagaland,phek
Nagaland,PHEK,Sunflower,2010,Rabi,nagaland,phek
Nagaland,PHEK,Urad,2010,Rabi,nagaland,phek
Nagaland,PHEK,Wheat,2010,Rabi,nagaland,phek
Nagaland,TUENSANG,Arhar/Tur,2010,Kharif,nagaland,tuensang
Nagaland,TUENSANG,Bajra,2010,Kharif,nagaland,tuensang
Nagaland,TUENSANG,Castor seed,2010,Kharif,nagaland,tuensang
Nagaland,TUENSANG,Groundnut,2010,Kharif,nagaland,tuensang
Nagaland,TUENSANG,Horse-gram,2010,Kharif,nagaland,tuensang
Nagaland,TUENSANG,Maize,2010,Kharif,nagaland,tuensang
Nagaland,TUENSANG,Mesta,2010,Kharif,nagaland,tuensang
Nagaland,TUENSANG,Peas & beans (Pulses),2010,Kharif,nagaland,tuensang
Nagaland,TUENSANG,Potato,2010,Kharif,nagaland,tuensang
Nagaland,TUENSANG,Ragi,2010,Kharif,nagaland,tuensang
Nagaland,TUENSANG,Rice,2010,Kharif,nagaland,tuensang
Nagaland,TUENSANG,Sesamum,2010,Kharif,nagaland,tuensang
Nagaland,TUENSANG,Small millets,2010,Kharif,nagaland,tuensang
Nagaland,TUENSANG,Soyabean,2010,Kharif,nagaland,tuensang
Nagaland,TUENSANG,Sugarcane,2010,Kharif,nagaland,tuensang
Nagaland,TUENSANG,Sunflower,2010,Kharif,nagaland,tuensang
Nagaland,TUENSANG,Tapioca,2010,Kharif,nagaland,tuensang
Nagaland,TUENSANG,Barley,2010,Rabi,nagaland,tuensang
Nagaland,TUENSANG,Gram,2010,Rabi,nagaland,tuensang
Nagaland,TUENSANG,Linseed,2010,Rabi,nagaland,tuensang
Nagaland,TUENSANG,Masoor,2010,Rabi,nagaland,tuensang
Nagaland,TUENSANG,Potato,2010,Rabi,nagaland,tuensang
Nagaland,TUENSANG,Rapeseed &Mustard,2010,Rabi,nagaland,tuensang
Nagaland,TUENSANG,Urad,2010,Rabi,nagaland,tuensang
Nagaland,TUENSANG,Wheat,2010,Rabi,nagaland,tuensang
Nagaland,WOKHA,Arhar/Tur,2010,Kharif,nagaland,wokha
Nagaland,WOKHA,Bajra,2010,Kharif,nagaland,wokha
Nagaland,WOKHA,Castor seed,2010,Kharif,nagaland,wokha
Nagaland,WOKHA,Groundnut,2010,Kharif,nagaland,wokha
Nagaland,WOKHA,Horse-gram,2010,Kharif,nagaland,wokha
Nagaland,WOKHA,Jowar,2010,Kharif,nagaland,wokha
Nagaland,WOKHA,Jute,2010,Kharif,nagaland,wokha
Nagaland,WOKHA,Maize,2010,Kharif,nagaland,wokha
Nagaland,WOKHA,Mesta,2010,Kharif,nagaland,wokha
Nagaland,WOKHA,Moong(Green Gram),2010,Kharif,nagaland,wokha
Nagaland,WOKHA,Peas & beans (Pulses),2010,Kharif,nagaland,wokha
Nagaland,WOKHA,Potato,2010,Kharif,nagaland,wokha
Nagaland,WOKHA,Ragi,2010,Kharif,nagaland,wokha
Nagaland,WOKHA,Rice,2010,Kharif,nagaland,wokha
Nagaland,WOKHA,Sesamum,2010,Kharif,nagaland,wokha
Nagaland,WOKHA,Small millets,2010,Kharif,nagaland,wokha
Nagaland,WOKHA,Soyabean,2010,Kharif,nagaland,wokha
Nagaland,WOKHA,Sugarcane,2010,Kharif,nagaland,wokha
Nagaland,WOKHA,Tapioca,2010,Kharif,nagaland,wokha
Nagaland,WOKHA,Barley,2010,Rabi,nagaland,wokha
Nagaland,WOKHA,Gram,2010,Rabi,nagaland,wokha
Nagaland,WOKHA,Linseed,2010,Rabi,nagaland,wokha
Nagaland,WOKHA,Maize,2010,Rabi,nagaland,wokha
Nagaland,WOKHA,Masoor,2010,Rabi,nagaland,wokha
Nagaland,WOKHA,Potato,2010,Rabi,nagaland,wokha
Nagaland,WOKHA,Rapeseed &Mustard,2010,Rabi,nagaland,wokha
Nagaland,WOKHA,Sunflower,2010,Rabi,nagaland,wokha
Nagaland,WOKHA,Urad,2010,Rabi,nagaland,wokha
Nagaland,WOKHA,Wheat,2010,Rabi,nagaland,wokha
Nagaland,ZUNHEBOTO,Arhar/Tur,2010,Kharif,nagaland,zunheboto
Nagaland,ZUNHEBOTO,Bajra,2010,Kharif,nagaland,zunheboto
Nagaland,ZUNHEBOTO,Castor seed,2010,Kharif,nagaland,zunheboto
Nagaland,ZUNHEBOTO,Groundnut,2010,Kharif,nagaland,zunheboto
Nagaland,ZUNHEBOTO,Horse-gram,2010,Kharif,nagaland,zunheboto
Nagaland,ZUNHEBOTO,Jowar,2010,Kharif,nagaland,zunheboto
Nagaland,ZUNHEBOTO,Maize,2010,Kharif,nagaland,zunheboto
Nagaland,ZUNHEBOTO,Mesta,2010,Kharif,nagaland,zunheboto
Nagaland,ZUNHEBOTO,Moong(Green Gram),2010,Kharif,nagaland,zunheboto
Nagaland,ZUNHEBOTO,Peas & beans (Pulses),2010,Kharif,nagaland,zunheboto
Nagaland,ZUNHEBOTO,Potato,2010,Kharif,nagaland,zunheboto
Nagaland,ZUNHEBOTO,Rice,2010,Kharif,nagaland,zunheboto
Nagaland,ZUNHEBOTO,Sesamum,2010,Kharif,nagaland,zunheboto
Nagaland,ZUNHEBOTO,Small millets,2010,Kharif,nagaland,zunheboto
Nagaland,ZUNHEBOTO,Soyabean,2010,Kharif,nagaland,zunheboto
Nagaland,ZUNHEBOTO,Sugarcane,2010,Kharif,nagaland,zunheboto
Nagaland,ZUNHEBOTO,Sunflower,2010,Kharif,nagaland,zunheboto
Nagaland,ZUNHEBOTO,Tapioca,2010,Kharif,nagaland,zunheboto
Nagaland,ZUNHEBOTO,Barley,2010,Rabi,nagaland,zunheboto
Nagaland,ZUNHEBOTO,Gram,2010,Rabi,nagaland,zunheboto
Nagaland,ZUNHEBOTO,Linseed,2010,Rabi,nagaland,zunheboto
Nagaland,ZUNHEBOTO,Masoor,2010,Rabi,nagaland,zunheboto
Nagaland,ZUNHEBOTO,Rapeseed &Mustard,2010,Rabi,nagaland,zunheboto
Nagaland,ZUNHEBOTO,Urad,2010,Rabi,nagaland,zunheboto
Nagaland,ZUNHEBOTO,Wheat,2010,Rabi,nagaland,zunheboto
Odisha,ANUGUL,Groundnut,2010,Autumn,odisha,anugul
Odisha,ANUGUL,Maize,2010,Autumn,odisha,anugul
Odisha,ANUGUL,Moong(Green Gram),2010,Autumn,odisha,anugul
Odisha,ANUGUL,Ragi,2010,Autumn,odisha,anugul
Odisha,ANUGUL,Rice,2010,Autumn,odisha,anugul
Odisha,ANUGUL,Sesamum,2010,Autumn,odisha,anugul
Odisha,ANUGUL,Urad,2010,Autumn,odisha,anugul
Odisha,ANUGUL,Groundnut,2010,Summer,odisha,anugul
Odisha,ANUGUL,Maize,2010,Summer,odisha,anugul
Odisha,ANUGUL,Moong(Green Gram),2010,Summer,odisha,anugul
Odisha,ANUGUL,Sesamum,2010,Summer,odisha,anugul
Odisha,ANUGUL,Urad,2010,Summer,odisha,anugul
Odisha,ANUGUL,Wheat,2010,Summer,odisha,anugul
Odisha,ANUGUL,Groundnut,2010,Winter,odisha,anugul
Odisha,ANUGUL,Horse-gram,2010,Winter,odisha,anugul
Odisha,ANUGUL,Maize,2010,Winter,odisha,anugul
Odisha,ANUGUL,Moong(Green Gram),2010,Winter,odisha,anugul
Odisha,ANUGUL,Potato,2010,Winter,odisha,anugul
Odisha,ANUGUL,Rapeseed &Mustard,2010,Winter,odisha,anugul
Odisha,ANUGUL,Rice,2010,Winter,odisha,anugul
Odisha,ANUGUL,Sesamum,2010,Winter,odisha,anugul
Odisha,ANUGUL,Sugarcane,2010,Winter,odisha,anugul
Odisha,ANUGUL,Urad,2010,Winter,odisha,anugul
Odisha,BALANGIR,Groundnut,2010,Autumn,odisha,balangir
Odisha,BALANGIR,Maize,2010,Autumn,odisha,balangir
Odisha,BALANGIR,Moong(Green Gram),2010,Autumn,odisha,balangir
Odisha,BALANGIR,Ragi,2010,Autumn,odisha,balangir
Odisha,BALANGIR,Rice,2010,Autumn,odisha,balangir
Odisha,BALANGIR,Sesamum,2010,Autumn,odisha,balangir
Odisha,BALANGIR,Urad,2010,Autumn,odisha,balangir
Odisha,BALANGIR,Groundnut,2010,Summer,odisha,balangir
Odisha,BALANGIR,Maize,2010,Summer,odisha,balangir
Odisha,BALANGIR,Moong(Green Gram),2010,Summer,odisha,balangir
Odisha,BALANGIR,Rice,2010,Summer,odisha,balangir
Odisha,BALANGIR,Sesamum,2010,Summer,odisha,balangir
Odisha,BALANGIR,Urad,2010,Summer,odisha,balangir
Odisha,BALANGIR,Wheat,2010,Summer,odisha,balangir
Odisha,BALANGIR,Groundnut,2010,Winter,odisha,balangir
Odisha,BALANGIR,Horse-gram,2010,Winter,odisha,balangir
Odisha,BALANGIR,Maize,2010,Winter,odisha,balangir
Odisha,BALANGIR,Moong(Green Gram),2010,Winter,odisha,balangir
Odisha,BALANGIR,Potato,2010,Winter,odisha,balangir
Odisha,BALANGIR,Ragi,2010,Winter,odisha,balangir
Odisha,BALANGIR,Rapeseed &Mustard,2010,Winter,odisha,balangir
Odisha,BALANGIR,Rice,2010,Winter,odisha,balangir
Odisha,BALANGIR,Sesamum,2010,Winter,odisha,balangir
Odisha,BALANGIR,Sugarcane,2010,Winter,odisha,balangir
Odisha,BALANGIR,Urad,2010,Winter,odisha,balangir
Odisha,BALESHWAR,Jute,2010,Autumn,odisha,baleshwar
Odisha,BALESHWAR,Rice,2010,Autumn,odisha,baleshwar
Odisha,BALESHWAR,Sesamum,2010,Autumn,odisha,baleshwar
Odisha,BALESHWAR,Urad,2010,Autumn,odisha,baleshwar
Odisha,BALESHWAR,Groundnut,2010,Summer,odisha,baleshwar
Odisha,BALESHWAR,Maize,2010,Summer,odisha,baleshwar
Odisha,BALESHWAR,Moong(Green Gram),2010,Summer,odisha,baleshwar
Odisha,BALESHWAR,Rice,2010,Summer,odisha,baleshwar
Odisha,BALESHWAR,Sesamum,2010,Summer,odisha,baleshwar
Odisha,BALESHWAR,Urad,2010,Summer,odisha,baleshwar
Odisha,BALESHWAR,Wheat,2010,Summer,odisha,baleshwar
Odisha,BALESHWAR,Horse-gram,2010,Winter,odisha,baleshwar
Odisha,BALESHWAR,Potato,2010,Winter,odisha,baleshwar
Odisha,BALESHWAR,Rapeseed &Mustard,2010,Winter,odisha,baleshwar
Odisha,BALESHWAR,Rice,2010,Winter,odisha,baleshwar
Odisha,BALESHWAR,Sugarcane,2010,Winter,odisha,baleshwar
Odisha,BALESHWAR,Urad,2010,Winter,odisha,baleshwar
Odisha,BARGARH,Groundnut,2010,Autumn,odisha,bargarh
Odisha,BARGARH,Maize,2010,Autumn,odisha,bargarh
Odisha,BARGARH,Moong(Green Gram),2010,Autumn,odisha,bargarh
Odisha,BARGARH,Rice,2010,Autumn,odisha,bargarh
Odisha,BARGARH,Sesamum,2010,Autumn,odisha,bargarh
Odisha,BARGARH,Urad,2010,Autumn,odisha,bargarh
Odisha,BARGARH,Groundnut,2010,Summer,odisha,bargarh
Odisha,BARGARH,Maize,2010,Summer,odisha,bargarh
Odisha,BARGARH,Moong(Green Gram),2010,Summer,odisha,bargarh
Odisha,BARGARH,Rice,2010,Summer,odisha,bargarh
Odisha,BARGARH,Sesamum,2010,Summer,odisha,bargarh
Odisha,BARGARH,Urad,2010,Summer,odisha,bargarh
Odisha,BARGARH,Wheat,2010,Summer,odisha,bargarh
Odisha,BARGARH,Horse-gram,2010,Winter,odisha,bargarh
Odisha,BARGARH,Moong(Green Gram),2010,Winter,odisha,bargarh
Odisha,BARGARH,Potato,2010,Winter,odisha,bargarh
Odisha,BARGARH,Rapeseed &Mustard,2010,Winter,odisha,bargarh
Odisha,BARGARH,Rice,2010,Winter,odisha,bargarh
Odisha,BARGARH,Sesamum,2010,Winter,odisha,bargarh
Odisha,BARGARH,Sugarcane,2010,Winter,odisha,bargarh
Odisha,BARGARH,Urad,2010,Winter,odisha,bargarh
Odisha,BHADRAK,Jute,2010,Autumn,odisha,bhadrak
Odisha,BHADRAK,Urad,2010,Autumn,odisha,bhadrak
Odisha,BHADRAK,Groundnut,2010,Summer,odisha,bhadrak
Odisha,BHADRAK,Horse-gram,2010,Summer,odisha,bhadrak
Odisha,BHADRAK,Maize,2010,Summer,odisha,bhadrak
Odisha,BHADRAK,Moong(Green Gram),2010,Summer,odisha,bhadrak
Odisha,BHADRAK,Rice,2010,Summer,odisha,bhadrak
Odisha,BHADRAK,Sesamum,2010,Summer,odisha,bhadrak
Odisha,BHADRAK,Urad,2010,Summer,odisha,bhadrak
Odisha,BHADRAK,Wheat,2010,Summer,odisha,bhadrak
Odisha,BHADRAK,Moong(Green Gram),2010,Winter,odisha,bhadrak
Odisha,BHADRAK,Potato,2010,Winter,odisha,bhadrak
Odisha,BHADRAK,Rapeseed &Mustard,2010,Winter,odisha,bhadrak
Odisha,BHADRAK,Rice,2010,Winter,odisha,bhadrak
Odisha,BHADRAK,Sugarcane,2010,Winter,odisha,bhadrak
Odisha,BHADRAK,Urad,2010,Winter,odisha,bhadrak
Odisha,BOUDH,Groundnut,2010,Autumn,odisha,boudh
Odisha,BOUDH,Maize,2010,Autumn,odisha,boudh
Odisha,BOUDH,Moong(Green Gram),2010,Autumn,odisha,boudh
Odisha,BOUDH,Ragi,2010,Autumn,odisha,boudh
Odisha,BOUDH,Rice,2010,Autumn,odisha,boudh
Odisha,BOUDH,Sesamum,2010,Autumn,odisha,boudh
Odisha,BOUDH,Urad,2010,Autumn,odisha,boudh
Odisha,BOUDH,Groundnut,2010,Summer,odisha,boudh
Odisha,BOUDH,Maize,2010,Summer,odisha,boudh
Odisha,BOUDH,Moong(Green Gram),2010,Summer,odisha,boudh
Odisha,BOUDH,Rice,2010,Summer,odisha,boudh
Odisha,BOUDH,Urad,2010,Summer,odisha,boudh
Odisha,BOUDH,Wheat,2010,Summer,odisha,boudh
Odisha,BOUDH,Groundnut,2010,Winter,odisha,boudh
Odisha,BOUDH,Horse-gram,2010,Winter,odisha,boudh
Odisha,BOUDH,Moong(Green Gram),2010,Winter,odisha,boudh
Odisha,BOUDH,Potato,2010,Winter,odisha,boudh
Odisha,BOUDH,Rapeseed &Mustard,2010,Winter,odisha,boudh
Odisha,BOUDH,Rice,2010,Winter,odisha,boudh
Odisha,BOUDH,Sesamum,2010,Winter,odisha,boudh
Odisha,BOUDH,Sugarcane,2010,Winter,odisha,boudh
Odisha,BOUDH,Urad,2010,Winter,odisha,boudh
Odisha,CUTTACK,Groundnut,2010,Autumn,odisha,cuttack
Odisha,CUTTACK,Jute,2010,Autumn,odisha,cuttack
Odisha,CUTTACK,Maize,2010,Autumn,odisha,cuttack
Odisha,CUTTACK,Ragi,2010,Autumn,odisha,cuttack
Odisha,CUTTACK,Rice,2010,Autumn,odisha,cuttack
Odisha,CUTTACK,Urad,2010,Autumn,odisha,cuttack
Odisha,CUTTACK,Groundnut,2010,Summer,odisha,cuttack
Odisha,CUTTACK,Horse-gram,2010,Summer,odisha,cuttack
Odisha,CUTTACK,Maize,2010,Summer,odisha,cuttack
Odisha,CUTTACK,Moong(Green Gram),2010,Summer,odisha,cuttack
Odisha,CUTTACK,Rice,2010,Summer,odisha,cuttack
Odisha,CUTTACK,Sesamum,2010,Summer,odisha,cuttack
Odisha,CUTTACK,Urad,2010,Summer,odisha,cuttack
Odisha,CUTTACK,Wheat,2010,Summer,odisha,cuttack
Odisha,CUTTACK,Groundnut,2010,Winter,odisha,cuttack
Odisha,CUTTACK,Horse-gram,2010,Winter,odisha,cuttack
Odisha,CUTTACK,Maize,2010,Winter,odisha,cuttack
Odisha,CUTTACK,Moong(Green Gram),2010,Winter,odisha,cuttack
Odisha,CUTTACK,Potato,2010,Winter,odisha,cuttack
Odisha,CUTTACK,Rapeseed &Mustard,2010,Winter,odisha,cuttack
Odisha,CUTTACK,Rice,2010,Winter,odisha,cuttack
Odisha,CUTTACK,Sesamum,2010,Winter,odisha,cuttack
Odisha,CUTTACK,Sugarcane,2010,Winter,odisha,cuttack
Odisha,CUTTACK,Urad,2010,Winter,odisha,cuttack
Odisha,DEOGARH,Groundnut,2010,Autumn,odisha,deogarh
Odisha,DEOGARH,Maize,2010,Autumn,odisha,deogarh
Odisha,DEOGARH,Moong(Green Gram),2010,Autumn,odisha,deogarh
Odisha,DEOGARH,Ragi,2010,Autumn,odisha,deogarh
Odisha,DEOGARH,Rice,2010,Autumn,odisha,deogarh
Odisha,DEOGARH,Sesamum,2010,Autumn,odisha,deogarh
Odisha,DEOGARH,Urad,2010,Autumn,odisha,deogarh
Odisha,DEOGARH,Groundnut,2010,Summer,odisha,deogarh
Odisha,DEOGARH,Maize,2010,Summer,odisha,deogarh
Odisha,DEOGARH,Moong(Green Gram),2010,Summer,odisha,deogarh
Odisha,DEOGARH,Sesamum,2010,Summer,odisha,deogarh
Odisha,DEOGARH,Urad,2010,Summer,odisha,deogarh
Odisha,DEOGARH,Wheat,2010,Summer,odisha,deogarh
Odisha,DEOGARH,Horse-gram,2010,Winter,odisha,deogarh
Odisha,DEOGARH,Maize,2010,Winter,odisha,deogarh
Odisha,DEOGARH,Moong(Green Gram),2010,Winter,odisha,deogarh
Odisha,DEOGARH,Potato,2010,Winter,odisha,deogarh
Odisha,DEOGARH,Rapeseed &Mustard,2010,Winter,odisha,deogarh
Odisha,DEOGARH,Rice,2010,Winter,odisha,deogarh
Odisha,DEOGARH,Sesamum,2010,Winter,odisha,deogarh
Odisha,DEOGARH,Sugarcane,2010,Winter,odisha,deogarh
Odisha,DEOGARH,Urad,2010,Winter,odisha,deogarh
Odisha,DHENKANAL,Groundnut,2010,Autumn,odisha,dhenkanal
Odisha,DHENKANAL,Maize,2010,Autumn,odisha,dhenkanal
Odisha,DHENKANAL,Moong(Green Gram),2010,Autumn,odisha,dhenkanal
Odisha,DHENKANAL,Ragi,2010,Autumn,odisha,dhenkanal
Odisha,DHENKANAL,Rice,2010,Autumn,odisha,dhenkanal
Odisha,DHENKANAL,Sesamum,2010,Autumn,odisha,dhenkanal
Odisha,DHENKANAL,Urad,2010,Autumn,odisha,dhenkanal
Odisha,DHENKANAL,Groundnut,2010,Summer,odisha,dhenkanal
Odisha,DHENKANAL,Horse-gram,2010,Summer,odisha,dhenkanal
Odisha,DHENKANAL,Moong(Green Gram),2010,Summer,odisha,dhenkanal
Odisha,DHENKANAL,Sesamum,2010,Summer,odisha,dhenkanal
Odisha,DHENKANAL,Urad,2010,Summer,odisha,dhenkanal
Odisha,DHENKANAL,Wheat,2010,Summer,odisha,dhenkanal
Odisha,DHENKANAL,Horse-gram,2010,Winter,odisha,dhenkanal
Odisha,DHENKANAL,Maize,2010,Winter,odisha,dhenkanal
Odisha,DHENKANAL,Moong(Green Gram),2010,Winter,odisha,dhenkanal
Odisha,DHENKANAL,Potato,2010,Winter,odisha,dhenkanal
Odisha,DHENKANAL,Rapeseed &Mustard,2010,Winter,odisha,dhenkanal
Odisha,DHENKANAL,Rice,2010,Winter,odisha,dhenkanal
Odisha,DHENKANAL,Sesamum,2010,Winter,odisha,dhenkanal
Odisha,DHENKANAL,Sugarcane,2010,Winter,odisha,dhenkanal
Odisha,DHENKANAL,Urad,2010,Winter,odisha,dhenkanal
Odisha,GAJAPATI,Groundnut,2010,Autumn,odisha,gajapati
Odisha,GAJAPATI,Maize,2010,Autumn,odisha,gajapati
Odisha,GAJAPATI,Moong(Green Gram),2010,Autumn,odisha,gajapati
Odisha,GAJAPATI,Ragi,2010,Autumn,odisha,gajapati
Odisha,GAJAPATI,Rice,2010,Autumn,odisha,gajapati
Odisha,GAJAPATI,Sesamum,2010,Autumn,odisha,gajapati
Odisha,GAJAPATI,Urad,2010,Autumn,odisha,gajapati
Odisha,GAJAPATI,Groundnut,2010,Summer,odisha,gajapati
Odisha,GAJAPATI,Maize,2010,Summer,odisha,gajapati
Odisha,GAJAPATI,Moong(Green Gram),2010,Summer,odisha,gajapati
Odisha,GAJAPATI,Ragi,2010,Summer,odisha,gajapati
Odisha,GAJAPATI,Sesamum,2010,Summer,odisha,gajapati
Odisha,GAJAPATI,Urad,2010,Summer,odisha,gajapati
Odisha,GAJAPATI,Groundnut,2010,Winter,odisha,gajapati
Odisha,GAJAPATI,Horse-gram,2010,Winter,odisha,gajapati
Odisha,GAJAPATI,Moong(Green Gram),2010,Winter,odisha,gajapati
Odisha,GAJAPATI,Ragi,2010,Winter,odisha,gajapati
Odisha,GAJAPATI,Rapeseed &Mustard,2010,Winter,odisha,gajapati
Odisha,GAJAPATI,Rice,2010,Winter,odisha,gajapati
Odisha,GAJAPATI,Sesamum,2010,Winter,odisha,gajapati
Odisha,GAJAPATI,Sugarcane,2010,Winter,odisha,gajapati
Odisha,GAJAPATI,Urad,2010,Winter,odisha,gajapati
Odisha,GANJAM,Groundnut,2010,Autumn,odisha,ganjam
Odisha,GANJAM,Maize,2010,Autumn,odisha,ganjam
Odisha,GANJAM,Moong(Green Gram),2010,Autumn,odisha,ganjam
Odisha,GANJAM,Ragi,2010,Autumn,odisha,ganjam
Odisha,GANJAM,Rice,2010,Autumn,odisha,ganjam
Odisha,GANJAM,Sesamum,2010,Autumn,odisha,ganjam
Odisha,GANJAM,Urad,2010,Autumn,odisha,ganjam
Odisha,GANJAM,Groundnut,2010,Summer,odisha,ganjam
Odisha,GANJAM,Horse-gram,2010,Summer,odisha,ganjam
Odisha,GANJAM,Maize,2010,Summer,odisha,ganjam
Odisha,GANJAM,Moong(Green Gram),2010,Summer,odisha,ganjam
Odisha,GANJAM,Ragi,2010,Summer,odisha,ganjam
Odisha,GANJAM,Rice,2010,Summer,odisha,ganjam
Odisha,GANJAM,Sesamum,2010,Summer,odisha,ganjam
Odisha,GANJAM,Urad,2010,Summer,odisha,ganjam
Odisha,GANJAM,Groundnut,2010,Winter,odisha,ganjam
Odisha,GANJAM,Horse-gram,2010,Winter,odisha,ganjam
Odisha,GANJAM,Maize,2010,Winter,odisha,ganjam
Odisha,GANJAM,Moong(Green Gram),2010,Winter,odisha,ganjam
Odisha,GANJAM,Potato,2010,Winter,odisha,ganjam
Odisha,GANJAM,Ragi,2010,Winter,odisha,ganjam
Odisha,GANJAM,Rapeseed &Mustard,2010,Winter,odisha,ganjam
Odisha,GANJAM,Rice,2010,Winter,odisha,ganjam
Odisha,GANJAM,Sesamum,2010,Winter,odisha,ganjam
Odisha,GANJAM,Sugarcane,2010,Winter,odisha,ganjam
Odisha,GANJAM,Urad,2010,Winter,odisha,ganjam
Odisha,JAGATSINGHAPUR,Jute,2010,Autumn,odisha,jagatsinghapur
Odisha,JAGATSINGHAPUR,Rice,2010,Autumn,odisha,jagatsinghapur
Odisha,JAGATSINGHAPUR,Groundnut,2010,Summer,odisha,jagatsinghapur
Odisha,JAGATSINGHAPUR,Horse-gram,2010,Summer,odisha,jagatsinghapur
Odisha,JAGATSINGHAPUR,Moong(Green Gram),2010,Summer,odisha,jagatsinghapur
Odisha,JAGATSINGHAPUR,Rice,2010,Summer,odisha,jagatsinghapur
Odisha,JAGATSINGHAPUR,Sesamum,2010,Summer,odisha,jagatsinghapur
Odisha,JAGATSINGHAPUR,Urad,2010,Summer,odisha,jagatsinghapur
Odisha,JAGATSINGHAPUR,Horse-gram,2010,Winter,odisha,jagatsinghapur
Odisha,JAGATSINGHAPUR,Potato,2010,Winter,odisha,jagatsinghapur
Odisha,JAGATSINGHAPUR,Rapeseed &Mustard,2010,Winter,odisha,jagatsinghapur
Odisha,JAGATSINGHAPUR,Rice,2010,Winter,odisha,jagatsinghapur
Odisha,JAGATSINGHAPUR,Sugarcane,2010,Winter,odisha,jagatsinghapur
Odisha,JAGATSINGHAPUR,Urad,2010,Winter,odisha,jagatsinghapur
Odisha,JAJAPUR,Groundnut,2010,Autumn,odisha,jajapur
Odisha,JAJAPUR,Jute,2010,Autumn,odisha,jajapur
Odisha,JAJAPUR,Maize,2010,Autumn,odisha,jajapur
Odisha,JAJAPUR,Rice,2010,Autumn,odisha,jajapur
Odisha,JAJAPUR,Sesamum,2010,Autumn,odisha,jajapur
Odisha,JAJAPUR,Groundnut,2010,Summer,odisha,jajapur
Odisha,JAJAPUR,Moong(Green Gram),2010,Summer,odisha,jajapur
Odisha,JAJAPUR,Rice,2010,Summer,odisha,jajapur
Odisha,JAJAPUR,Sesamum,2010,Summer,odisha,jajapur
Odisha,JAJAPUR,Urad,2010,Summer,odisha,jajapur
Odisha,JAJAPUR,Wheat,2010,Summer,odisha,jajapur
Odisha,JAJAPUR,Horse-gram,2010,Winter,odisha,jajapur
Odisha,JAJAPUR,Moong(Green Gram),2010,Winter,odisha,jajapur
Odisha,JAJAPUR,Potato,2010,Winter,odisha,jajapur
Odisha,JAJAPUR,Rapeseed &Mustard,2010,Winter,odisha,jajapur
Odisha,JAJAPUR,Rice,2010,Winter,odisha,jajapur
Odisha,JAJAPUR,Sugarcane,2010,Winter,odisha,jajapur
Odisha,JAJAPUR,Urad,2010,Winter,odisha,jajapur
Odisha,JHARSUGUDA,Groundnut,2010,Autumn,odisha,jharsuguda
Odisha,JHARSUGUDA,Maize,2010,Autumn,odisha,jharsuguda
Odisha,JHARSUGUDA,Ragi,2010,Autumn,odisha,jharsuguda
Odisha,JHARSUGUDA,Rice,2010,Autumn,odisha,jharsuguda
Odisha,JHARSUGUDA,Sesamum,2010,Autumn,odisha,jharsuguda
Odisha,JHARSUGUDA,Urad,2010,Autumn,odisha,jharsuguda
Odisha,JHARSUGUDA,Groundnut,2010,Summer,odisha,jharsuguda
Odisha,JHARSUGUDA,Maize,2010,Summer,odisha,jharsuguda
Odisha,JHARSUGUDA,Moong(Green Gram),2010,Summer,odisha,jharsuguda
Odisha,JHARSUGUDA,Rice,2010,Summer,odisha,jharsuguda
Odisha,JHARSUGUDA,Sesamum,2010,Summer,odisha,jharsuguda
Odisha,JHARSUGUDA,Wheat,2010,Summer,odisha,jharsuguda
Odisha,JHARSUGUDA,Horse-gram,2010,Winter,odisha,jharsuguda
Odisha,JHARSUGUDA,Moong(Green Gram),2010,Winter,odisha,jharsuguda
Odisha,JHARSUGUDA,Potato,2010,Winter,odisha,jharsuguda
Odisha,JHARSUGUDA,Rapeseed &Mustard,2010,Winter,odisha,jharsuguda
Odisha,JHARSUGUDA,Rice,2010,Winter,odisha,jharsuguda
Odisha,JHARSUGUDA,Sesamum,2010,Winter,odisha,jharsuguda
Odisha,JHARSUGUDA,Sugarcane,2010,Winter,odisha,jharsuguda
Odisha,JHARSUGUDA,Urad,2010,Winter,odisha,jharsuguda
Odisha,KALAHANDI,Groundnut,2010,Autumn,odisha,kalahandi
Odisha,KALAHANDI,Maize,2010,Autumn,odisha,kalahandi
Odisha,KALAHANDI,Moong(Green Gram),2010,Autumn,odisha,kalahandi
Odisha,KALAHANDI,Ragi,2010,Autumn,odisha,kalahandi
Odisha,KALAHANDI,Rice,2010,Autumn,odisha,kalahandi
Odisha,KALAHANDI,Urad,2010,Autumn,odisha,kalahandi
Odisha,KALAHANDI,Groundnut,2010,Summer,odisha,kalahandi
Odisha,KALAHANDI,Maize,2010,Summer,odisha,kalahandi
Odisha,KALAHANDI,Moong(Green Gram),2010,Summer,odisha,kalahandi
Odisha,KALAHANDI,Rice,2010,Summer,odisha,kalahandi
Odisha,KALAHANDI,Sesamum,2010,Summer,odisha,kalahandi
Odisha,KALAHANDI,Urad,2010,Summer,odisha,kalahandi
Odisha,KALAHANDI,Wheat,2010,Summer,odisha,kalahandi
Odisha,KALAHANDI,Groundnut,2010,Winter,odisha,kalahandi
Odisha,KALAHANDI,Horse-gram,2010,Winter,odisha,kalahandi
Odisha,KALAHANDI,Maize,2010,Winter,odisha,kalahandi
Odisha,KALAHANDI,Moong(Green Gram),2010,Winter,odisha,kalahandi
Odisha,KALAHANDI,Ragi,2010,Winter,odisha,kalahandi
Odisha,KALAHANDI,Rapeseed &Mustard,2010,Winter,odisha,kalahandi
Odisha,KALAHANDI,Rice,2010,Winter,odisha,kalahandi
Odisha,KALAHANDI,Sesamum,2010,Winter,odisha,kalahandi
Odisha,KALAHANDI,Sugarcane,2010,Winter,odisha,kalahandi
Odisha,KALAHANDI,Urad,2010,Winter,odisha,kalahandi
Odisha,KANDHAMAL,Groundnut,2010,Autumn,odisha,kandhamal
Odisha,KANDHAMAL,Maize,2010,Autumn,odisha,kandhamal
Odisha,KANDHAMAL,Moong(Green Gram),2010,Autumn,odisha,kandhamal
Odisha,KANDHAMAL,Ragi,2010,Autumn,odisha,kandhamal
Odisha,KANDHAMAL,Rice,2010,Autumn,odisha,kandhamal
Odisha,KANDHAMAL,Urad,2010,Autumn,odisha,kandhamal
Odisha,KANDHAMAL,Maize,2010,Summer,odisha,kandhamal
Odisha,KANDHAMAL,Rice,2010,Summer,odisha,kandhamal
Odisha,KANDHAMAL,Wheat,2010,Summer,odisha,kandhamal
Odisha,KANDHAMAL,Groundnut,2010,Winter,odisha,kandhamal
Odisha,KANDHAMAL,Horse-gram,2010,Winter,odisha,kandhamal
Odisha,KANDHAMAL,Maize,2010,Winter,odisha,kandhamal
Odisha,KANDHAMAL,Moong(Green Gram),2010,Winter,odisha,kandhamal
Odisha,KANDHAMAL,Potato,2010,Winter,odisha,kandhamal
Odisha,KANDHAMAL,Ragi,2010,Winter,odisha,kandhamal
Odisha,KANDHAMAL,Rapeseed &Mustard,2010,Winter,odisha,kandhamal
Odisha,KANDHAMAL,Rice,2010,Winter,odisha,kandhamal
Odisha,KANDHAMAL,Sesamum,2010,Winter,odisha,kandhamal
Odisha,KANDHAMAL,Urad,2010,Winter,odisha,kandhamal
Odisha,KENDRAPARA,Jute,2010,Autumn,odisha,kendrapara
Odisha,KENDRAPARA,Rice,2010,Autumn,odisha,kendrapara
Odisha,KENDRAPARA,Groundnut,2010,Summer,odisha,kendrapara
Odisha,KENDRAPARA,Moong(Green Gram),2010,Summer,odisha,kendrapara
Odisha,KENDRAPARA,Rice,2010,Summer,odisha,kendrapara
Odisha,KENDRAPARA,Sesamum,2010,Summer,odisha,kendrapara
Odisha,KENDRAPARA,Urad,2010,Summer,odisha,kendrapara
Odisha,KENDRAPARA,Wheat,2010,Summer,odisha,kendrapara
Odisha,KENDRAPARA,Horse-gram,2010,Winter,odisha,kendrapara
Odisha,KENDRAPARA,Potato,2010,Winter,odisha,kendrapara
Odisha,KENDRAPARA,Rapeseed &Mustard,2010,Winter,odisha,kendrapara
Odisha,KENDRAPARA,Rice,2010,Winter,odisha,kendrapara
Odisha,KENDRAPARA,Sugarcane,2010,Winter,odisha,kendrapara
Odisha,KENDRAPARA,Urad,2010,Winter,odisha,kendrapara
Odisha,KENDUJHAR,Groundnut,2010,Autumn,odisha,kendujhar
Odisha,KENDUJHAR,Jute,2010,Autumn,odisha,kendujhar
Odisha,KENDUJHAR,Maize,2010,Autumn,odisha,kendujhar
Odisha,KENDUJHAR,Rice,2010,Autumn,odisha,kendujhar
Odisha,KENDUJHAR,Sesamum,2010,Autumn,odisha,kendujhar
Odisha,KENDUJHAR,Urad,2010,Autumn,odisha,kendujhar
Odisha,KENDUJHAR,Groundnut,2010,Summer,odisha,kendujhar
Odisha,KENDUJHAR,Maize,2010,Summer,odisha,kendujhar
Odisha,KENDUJHAR,Moong(Green Gram),2010,Summer,odisha,kendujhar
Odisha,KENDUJHAR,Rice,2010,Summer,odisha,kendujhar
Odisha,KENDUJHAR,Sesamum,2010,Summer,odisha,kendujhar
Odisha,KENDUJHAR,Urad,2010,Summer,odisha,kendujhar
Odisha,KENDUJHAR,Wheat,2010,Summer,odisha,kendujhar
Odisha,KENDUJHAR,Groundnut,2010,Winter,odisha,kendujhar
Odisha,KENDUJHAR,Horse-gram,2010,Winter,odisha,kendujhar
Odisha,KENDUJHAR,Maize,2010,Winter,odisha,kendujhar
Odisha,KENDUJHAR,Moong(Green Gram),2010,Winter,odisha,kendujhar
Odisha,KENDUJHAR,Potato,2010,Winter,odisha,kendujhar
Odisha,KENDUJHAR,Rapeseed &Mustard,2010,Winter,odisha,kendujhar
Odisha,KENDUJHAR,Rice,2010,Winter,odisha,kendujhar
Odisha,KENDUJHAR,Sesamum,2010,Winter,odisha,kendujhar
Odisha,KENDUJHAR,Sugarcane,2010,Winter,odisha,kendujhar
Odisha,KENDUJHAR,Urad,2010,Winter,odisha,kendujhar
Odisha,KHORDHA,Maize,2010,Autumn,odisha,khordha
Odisha,KHORDHA,Ragi,2010,Autumn,odisha,khordha
Odisha,KHORDHA,Sesamum,2010,Autumn,odisha,khordha
Odisha,KHORDHA,Groundnut,2010,Summer,odisha,khordha
Odisha,KHORDHA,Horse-gram,2010,Summer,odisha,khordha
Odisha,KHORDHA,Maize,2010,Summer,odisha,khordha
Odisha,KHORDHA,Moong(Green Gram),2010,Summer,odisha,khordha
Odisha,KHORDHA,Rice,2010,Summer,odisha,khordha
Odisha,KHORDHA,Sesamum,2010,Summer,odisha,khordha
Odisha,KHORDHA,Urad,2010,Summer,odisha,khordha
Odisha,KHORDHA,Wheat,2010,Summer,odisha,khordha
Odisha,KHORDHA,Horse-gram,2010,Winter,odisha,khordha
Odisha,KHORDHA,Moong(Green Gram),2010,Winter,odisha,khordha
Odisha,KHORDHA,Potato,2010,Winter,odisha,khordha
Odisha,KHORDHA,Rapeseed &Mustard,2010,Winter,odisha,khordha
Odisha,KHORDHA,Rice,2010,Winter,odisha,khordha
Odisha,KHORDHA,Sesamum,2010,Winter,odisha,khordha
Odisha,KHORDHA,Sugarcane,2010,Winter,odisha,khordha
Odisha,KHORDHA,Urad,2010,Winter,odisha,khordha
Odisha,KORAPUT,Groundnut,2010,Autumn,odisha,koraput
Odisha,KORAPUT,Maize,2010,Autumn,odisha,koraput
Odisha,KORAPUT,Ragi,2010,Autumn,odisha,koraput
Odisha,KORAPUT,Rice,2010,Autumn,odisha,koraput
Odisha,KORAPUT,Groundnut,2010,Summer,odisha,koraput
Odisha,KORAPUT,Maize,2010,Summer,odisha,koraput
Odisha,KORAPUT,Moong(Green Gram),2010,Summer,odisha,koraput
Odisha,KORAPUT,Ragi,2010,Summer,odisha,koraput
Odisha,KORAPUT,Rice,2010,Summer,odisha,koraput
Odisha,KORAPUT,Urad,2010,Summer,odisha,koraput
Odisha,KORAPUT,Wheat,2010,Summer,odisha,koraput
Odisha,KORAPUT,Groundnut,2010,Winter,odisha,koraput
Odisha,KORAPUT,Horse-gram,2010,Winter,odisha,koraput
Odisha,KORAPUT,Maize,2010,Winter,odisha,koraput
Odisha,KORAPUT,Moong(Green Gram),2010,Winter,odisha,koraput
Odisha,KORAPUT,Potato,2010,Winter,odisha,koraput
Odisha,KORAPUT,Ragi,2010,Winter,odisha,koraput
Odisha,KORAPUT,Rapeseed &Mustard,2010,Winter,odisha,koraput
Odisha,KORAPUT,Rice,2010,Winter,odisha,koraput
Odisha,KORAPUT,Sesamum,2010,Winter,odisha,koraput
Odisha,KORAPUT,Sugarcane,2010,Winter,odisha,koraput
Odisha,KORAPUT,Urad,2010,Winter,odisha,koraput
Odisha,MALKANGIRI,Maize,2010,Autumn,odisha,malkangiri
Odisha,MALKANGIRI,Ragi,2010,Autumn,odisha,malkangiri
Odisha,MALKANGIRI,Rice,2010,Autumn,odisha,malkangiri
Odisha,MALKANGIRI,Groundnut,2010,Summer,odisha,malkangiri
Odisha,MALKANGIRI,Maize,2010,Summer,odisha,malkangiri
Odisha,MALKANGIRI,Moong(Green Gram),2010,Summer,odisha,malkangiri
Odisha,MALKANGIRI,Rice,2010,Summer,odisha,malkangiri
Odisha,MALKANGIRI,Urad,2010,Summer,odisha,malkangiri
Odisha,MALKANGIRI,Groundnut,2010,Winter,odisha,malkangiri
Odisha,MALKANGIRI,Horse-gram,2010,Winter,odisha,malkangiri
Odisha,MALKANGIRI,Maize,2010,Winter,odisha,malkangiri
Odisha,MALKANGIRI,Moong(Green Gram),2010,Winter,odisha,malkangiri
Odisha,MALKANGIRI,Ragi,2010,Winter,odisha,malkangiri
Odisha,MALKANGIRI,Rice,2010,Winter,odisha,malkangiri
Odisha,MALKANGIRI,Sesamum,2010,Winter,odisha,malkangiri
Odisha,MALKANGIRI,Urad,2010,Winter,odisha,malkangiri
Odisha,MAYURBHANJ,Groundnut,2010,Autumn,odisha,mayurbhanj
Odisha,MAYURBHANJ,Maize,2010,Autumn,odisha,mayurbhanj
Odisha,MAYURBHANJ,Moong(Green Gram),2010,Autumn,odisha,mayurbhanj
Odisha,MAYURBHANJ,Rice,2010,Autumn,odisha,mayurbhanj
Odisha,MAYURBHANJ,Sesamum,2010,Autumn,odisha,mayurbhanj
Odisha,MAYURBHANJ,Urad,2010,Autumn,odisha,mayurbhanj
Odisha,MAYURBHANJ,Groundnut,2010,Summer,odisha,mayurbhanj
Odisha,MAYURBHANJ,Maize,2010,Summer,odisha,mayurbhanj
Odisha,MAYURBHANJ,Moong(Green Gram),2010,Summer,odisha,mayurbhanj
Odisha,MAYURBHANJ,Rice,2010,Summer,odisha,mayurbhanj
Odisha,MAYURBHANJ,Sesamum,2010,Summer,odisha,mayurbhanj
Odisha,MAYURBHANJ,Urad,2010,Summer,odisha,mayurbhanj
Odisha,MAYURBHANJ,Wheat,2010,Summer,odisha,mayurbhanj
Odisha,MAYURBHANJ,Groundnut,2010,Winter,odisha,mayurbhanj
Odisha,MAYURBHANJ,Horse-gram,2010,Winter,odisha,mayurbhanj
Odisha,MAYURBHANJ,Maize,2010,Winter,odisha,mayurbhanj
Odisha,MAYURBHANJ,Moong(Green Gram),2010,Winter,odisha,mayurbhanj
Odisha,MAYURBHANJ,Potato,2010,Winter,odisha,mayurbhanj
Odisha,MAYURBHANJ,Rapeseed &Mustard,2010,Winter,odisha,mayurbhanj
Odisha,MAYURBHANJ,Rice,2010,Winter,odisha,mayurbhanj
Odisha,MAYURBHANJ,Sesamum,2010,Winter,odisha,mayurbhanj
Odisha,MAYURBHANJ,Sugarcane,2010,Winter,odisha,mayurbhanj
Odisha,MAYURBHANJ,Urad,2010,Winter,odisha,mayurbhanj
Odisha,NABARANGPUR,Groundnut,2010,Autumn,odisha,nabarangpur
Odisha,NABARANGPUR,Maize,2010,Autumn,odisha,nabarangpur
Odisha,NABARANGPUR,Ragi,2010,Autumn,odisha,nabarangpur
Odisha,NABARANGPUR,Rice,2010,Autumn,odisha,nabarangpur
Odisha,NABARANGPUR,Groundnut,2010,Summer,odisha,nabarangpur
Odisha,NABARANGPUR,Maize,2010,Summer,odisha,nabarangpur
Odisha,NABARANGPUR,Moong(Green Gram),2010,Summer,odisha,nabarangpur
Odisha,NABARANGPUR,Ragi,2010,Summer,odisha,nabarangpur
Odisha,NABARANGPUR,Rice,2010,Summer,odisha,nabarangpur
Odisha,NABARANGPUR,Wheat,2010,Summer,odisha,nabarangpur
Odisha,NABARANGPUR,Horse-gram,2010,Winter,odisha,nabarangpur
Odisha,NABARANGPUR,Maize,2010,Winter,odisha,nabarangpur
Odisha,NABARANGPUR,Potato,2010,Winter,odisha,nabarangpur
Odisha,NABARANGPUR,Ragi,2010,Winter,odisha,nabarangpur
Odisha,NABARANGPUR,Rapeseed &Mustard,2010,Winter,odisha,nabarangpur
Odisha,NABARANGPUR,Rice,2010,Winter,odisha,nabarangpur
Odisha,NABARANGPUR,Sugarcane,2010,Winter,odisha,nabarangpur
Odisha,NABARANGPUR,Urad,2010,Winter,odisha,nabarangpur
Odisha,NAYAGARH,Groundnut,2010,Autumn,odisha,nayagarh
Odisha,NAYAGARH,Maize,2010,Autumn,odisha,nayagarh
Odisha,NAYAGARH,Ragi,2010,Autumn,odisha,nayagarh
Odisha,NAYAGARH,Rice,2010,Autumn,odisha,nayagarh
Odisha,NAYAGARH,Sesamum,2010,Autumn,odisha,nayagarh
Odisha,NAYAGARH,Urad,2010,Autumn,odisha,nayagarh
Odisha,NAYAGARH,Groundnut,2010,Summer,odisha,nayagarh
Odisha,NAYAGARH,Horse-gram,2010,Summer,odisha,nayagarh
Odisha,NAYAGARH,Maize,2010,Summer,odisha,nayagarh
Odisha,NAYAGARH,Moong(Green Gram),2010,Summer,odisha,nayagarh
Odisha,NAYAGARH,Ragi,2010,Summer,odisha,nayagarh
Odisha,NAYAGARH,Sesamum,2010,Summer,odisha,nayagarh
Odisha,NAYAGARH,Urad,2010,Summer,odisha,nayagarh
Odisha,NAYAGARH,Wheat,2010,Summer,odisha,nayagarh
Odisha,NAYAGARH,Groundnut,2010,Winter,odisha,nayagarh
Odisha,NAYAGARH,Horse-gram,2010,Winter,odisha,nayagarh
Odisha,NAYAGARH,Moong(Green Gram),2010,Winter,odisha,nayagarh
Odisha,NAYAGARH,Potato,2010,Winter,odisha,nayagarh
Odisha,NAYAGARH,Ragi,2010,Winter,odisha,nayagarh
Odisha,NAYAGARH,Rapeseed &Mustard,2010,Winter,odisha,nayagarh
Odisha,NAYAGARH,Rice,2010,Winter,odisha,nayagarh
Odisha,NAYAGARH,Sesamum,2010,Winter,odisha,nayagarh
Odisha,NAYAGARH,Sugarcane,2010,Winter,odisha,nayagarh
Odisha,NAYAGARH,Urad,2010,Winter,odisha,nayagarh
Odisha,NUAPADA,Groundnut,2010,Autumn,odisha,nuapada
Odisha,NUAPADA,Maize,2010,Autumn,odisha,nuapada
Odisha,NUAPADA,Moong(Green Gram),2010,Autumn,odisha,nuapada
Odisha,NUAPADA,Ragi,2010,Autumn,odisha,nuapada
Odisha,NUAPADA,Rice,2010,Autumn,odisha,nuapada
Odisha,NUAPADA,Sesamum,2010,Autumn,odisha,nuapada
Odisha,NUAPADA,Urad,2010,Autumn,odisha,nuapada
Odisha,NUAPADA,Groundnut,2010,Summer,odisha,nuapada
Odisha,NUAPADA,Maize,2010,Summer,odisha,nuapada
Odisha,NUAPADA,Moong(Green Gram),2010,Summer,odisha,nuapada
Odisha,NUAPADA,Rice,2010,Summer,odisha,nuapada
Odisha,NUAPADA,Wheat,2010,Summer,odisha,nuapada
Odisha,NUAPADA,Horse-gram,2010,Winter,odisha,nuapada
Odisha,NUAPADA,Moong(Green Gram),2010,Winter,odisha,nuapada
Odisha,NUAPADA,Potato,2010,Winter,odisha,nuapada
Odisha,NUAPADA,Rapeseed &Mustard,2010,Winter,odisha,nuapada
Odisha,NUAPADA,Rice,2010,Winter,odisha,nuapada
Odisha,NUAPADA,Sesamum,2010,Winter,odisha,nuapada
Odisha,NUAPADA,Sugarcane,2010,Winter,odisha,nuapada
Odisha,NUAPADA,Urad,2010,Winter,odisha,nuapada
Odisha,PURI,Rice,2010,Autumn,odisha,puri
Odisha,PURI,Groundnut,2010,Summer,odisha,puri
Odisha,PURI,Moong(Green Gram),2010,Summer,odisha,puri
Odisha,PURI,Ragi,2010,Summer,odisha,puri
Odisha,PURI,Rice,2010,Summer,odisha,puri
Odisha,PURI,Sesamum,2010,Summer,odisha,puri
Odisha,PURI,Urad,2010,Summer,odisha,puri
Odisha,PURI,Wheat,2010,Summer,odisha,puri
Odisha,PURI,Horse-gram,2010,Winter,odisha,puri
Odisha,PURI,Moong(Green Gram),2010,Winter,odisha,puri
Odisha,PURI,Potato,2010,Winter,odisha,puri
Odisha,PURI,Rapeseed &Mustard,2010,Winter,odisha,puri
Odisha,PURI,Rice,2010,Winter,odisha,puri
Odisha,PURI,Sugarcane,2010,Winter,odisha,puri
Odisha,PURI,Urad,2010,Winter,odisha,puri
Odisha,RAYAGADA,Groundnut,2010,Autumn,odisha,rayagada
Odisha,RAYAGADA,Maize,2010,Autumn,odisha,rayagada
Odisha,RAYAGADA,Moong(Green Gram),2010,Autumn,odisha,rayagada
Odisha,RAYAGADA,Ragi,2010,Autumn,odisha,rayagada
Odisha,RAYAGADA,Rice,2010,Autumn,odisha,rayagada
Odisha,RAYAGADA,Urad,2010,Autumn,odisha,rayagada
Odisha,RAYAGADA,Groundnut,2010,Summer,odisha,rayagada
Odisha,RAYAGADA,Maize,2010,Summer,odisha,rayagada
Odisha,RAYAGADA,Moong(Green Gram),2010,Summer,odisha,rayagada
Odisha,RAYAGADA,Ragi,2010,Summer,odisha,rayagada
Odisha,RAYAGADA,Rice,2010,Summer,odisha,rayagada
Odisha,RAYAGADA,Sesamum,2010,Summer,odisha,rayagada
Odisha,RAYAGADA,Urad,2010,Summer,odisha,rayagada
Odisha,RAYAGADA,Groundnut,2010,Winter,odisha,rayagada
Odisha,RAYAGADA,Horse-gram,2010,Winter,odisha,rayagada
Odisha,RAYAGADA,Maize,2010,Winter,odisha,rayagada
Odisha,RAYAGADA,Moong(Green Gram),2010,Winter,odisha,rayagada
Odisha,RAYAGADA,Potato,2010,Winter,odisha,rayagada
Odisha,RAYAGADA,Ragi,2010,Winter,odisha,rayagada
Odisha,RAYAGADA,Rapeseed &Mustard,2010,Winter,odisha,rayagada
Odisha,RAYAGADA,Rice,2010,Winter,odisha,rayagada
Odisha,RAYAGADA,Sesamum,2010,Winter,odisha,rayagada
Odisha,RAYAGADA,Sugarcane,2010,Winter,odisha,rayagada
Odisha,RAYAGADA,Urad,2010,Winter,odisha,rayagada
Odisha,SAMBALPUR,Groundnut,2010,Autumn,odisha,sambalpur
Odisha,SAMBALPUR,Maize,2010,Autumn,odisha,sambalpur
Odisha,SAMBALPUR,Moong(Green Gram),2010,Autumn,odisha,sambalpur
Odisha,SAMBALPUR,Ragi,2010,Autumn,odisha,sambalpur
Odisha,SAMBALPUR,Rice,2010,Autumn,odisha,sambalpur
Odisha,SAMBALPUR,Urad,2010,Autumn,odisha,sambalpur
Odisha,SAMBALPUR,Groundnut,2010,Summer,odisha,sambalpur
Odisha,SAMBALPUR,Maize,2010,Summer,odisha,sambalpur
Odisha,SAMBALPUR,Moong(Green Gram),2010,Summer,odisha,sambalpur
Odisha,SAMBALPUR,Rice,2010,Summer,odisha,sambalpur
Odisha,SAMBALPUR,Sesamum,2010,Summer,odisha,sambalpur
Odisha,SAMBALPUR,Urad,2010,Summer,odisha,sambalpur
Odisha,SAMBALPUR,Wheat,2010,Summer,odisha,sambalpur
Odisha,SAMBALPUR,Groundnut,2010,Winter,odisha,sambalpur
Odisha,SAMBALPUR,Horse-gram,2010,Winter,odisha,sambalpur
Odisha,SAMBALPUR,Maize,2010,Winter,odisha,sambalpur
Odisha,SAMBALPUR,Moong(Green Gram),2010,Winter,odisha,sambalpur
Odisha,SAMBALPUR,Potato,2010,Winter,odisha,sambalpur
Odisha,SAMBALPUR,Ragi,2010,Winter,odisha,sambalpur
Odisha,SAMBALPUR,Rapeseed &Mustard,2010,Winter,odisha,sambalpur
Odisha,SAMBALPUR,Rice,2010,Winter,odisha,sambalpur
Odisha,SAMBALPUR,Sesamum,2010,Winter,odisha,sambalpur
Odisha,SAMBALPUR,Sugarcane,2010,Winter,odisha,sambalpur
Odisha,SAMBALPUR,Urad,2010,Winter,odisha,sambalpur
Odisha,SONEPUR,Groundnut,2010,Autumn,odisha,sonepur
Odisha,SONEPUR,Maize,2010,Autumn,odisha,sonepur
Odisha,SONEPUR,Moong(Green Gram),2010,Autumn,odisha,sonepur
Odisha,SONEPUR,Rice,2010,Autumn,odisha,sonepur
Odisha,SONEPUR,Sesamum,2010,Autumn,odisha,sonepur
Odisha,SONEPUR,Urad,2010,Autumn,odisha,sonepur
Odisha,SONEPUR,Groundnut,2010,Summer,odisha,sonepur
Odisha,SONEPUR,Maize,2010,Summer,odisha,sonepur
Odisha,SONEPUR,Moong(Green Gram),2010,Summer,odisha,sonepur
Odisha,SONEPUR,Rice,2010,Summer,odisha,sonepur
Odisha,SONEPUR,Sesamum,2010,Summer,odisha,sonepur
Odisha,SONEPUR,Wheat,2010,Summer,odisha,sonepur
Odisha,SONEPUR,Horse-gram,2010,Winter,odisha,sonepur
Odisha,SONEPUR,Moong(Green Gram),2010,Winter,odisha,sonepur
Odisha,SONEPUR,Potato,2010,Winter,odisha,sonepur
Odisha,SONEPUR,Rapeseed &Mustard,2010,Winter,odisha,sonepur
Odisha,SONEPUR,Rice,2010,Winter,odisha,sonepur
Odisha,SONEPUR,Sesamum,2010,Winter,odisha,sonepur
Odisha,SONEPUR,Sugarcane,2010,Winter,odisha,sonepur
Odisha,SONEPUR,Urad,2010,Winter,odisha,sonepur
Odisha,SUNDARGARH,Groundnut,2010,Autumn,odisha,sundargarh
Odisha,SUNDARGARH,Maize,2010,Autumn,odisha,sundargarh
Odisha,SUNDARGARH,Moong(Green Gram),2010,Autumn,odisha,sundargarh
Odisha,SUNDARGARH,Ragi,2010,Autumn,odisha,sundargarh
Odisha,SUNDARGARH,Rice,2010,Autumn,odisha,sundargarh
Odisha,SUNDARGARH,Sesamum,2010,Autumn,odisha,sundargarh
Odisha,SUNDARGARH,Urad,2010,Autumn,odisha,sundargarh
Odisha,SUNDARGARH,Groundnut,2010,Summer,odisha,sundargarh
Odisha,SUNDARGARH,Maize,2010,Summer,odisha,sundargarh
Odisha,SUNDARGARH,Moong(Green Gram),2010,Summer,odisha,sundargarh
Odisha,SUNDARGARH,Sesamum,2010,Summer,odisha,sundargarh
Odisha,SUNDARGARH,Wheat,2010,Summer,odisha,sundargarh
Odisha,SUNDARGARH,Horse-gram,2010,Winter,odisha,sundargarh
Odisha,SUNDARGARH,Moong(Green Gram),2010,Winter,odisha,sundargarh
Odisha,SUNDARGARH,Potato,2010,Winter,odisha,sundargarh
Odisha,SUNDARGARH,Ragi,2010,Winter,odisha,sundargarh
Odisha,SUNDARGARH,Rapeseed &Mustard,2010,Winter,odisha,sundargarh
Odisha,SUNDARGARH,Rice,2010,Winter,odisha,sundargarh
Odisha,SUNDARGARH,Sesamum,2010,Winter,odisha,sundargarh
Odisha,SUNDARGARH,Sugarcane,2010,Winter,odisha,sundargarh
Odisha,SUNDARGARH,Urad,2010,Winter,odisha,sundargarh
Puducherry,KARAIKAL,Banana,2010,Kharif,puducherry,karaikal
Puducherry,KARAIKAL,Cashewnut,2010,Kharif,puducherry,karaikal
Puducherry,KARAIKAL,Mango,2010,Kharif,puducherry,karaikal
Puducherry,KARAIKAL,Ragi,2010,Kharif,puducherry,karaikal
Puducherry,KARAIKAL,Rice,2010,Kharif,puducherry,karaikal
Puducherry,KARAIKAL,Sugarcane,2010,Kharif,puducherry,karaikal
Puducherry,KARAIKAL,Rice,2010,Rabi,puducherry,karaikal
Puducherry,KARAIKAL,Cotton(lint),2010,Summer,puducherry,karaikal
Puducherry,KARAIKAL,Groundnut,2010,Summer,puducherry,karaikal
Puducherry,KARAIKAL,Moong(Green Gram),2010,Summer,puducherry,karaikal
Puducherry,KARAIKAL,Rice,2010,Summer,puducherry,karaikal
Puducherry,KARAIKAL,Sesamum,2010,Summer,puducherry,karaikal
Puducherry,KARAIKAL,Urad,2010,Summer,puducherry,karaikal
Puducherry,KARAIKAL,Coconut,2010,Whole Year,puducherry,karaikal
Puducherry,MAHE,Arecanut,2010,Kharif,puducherry,mahe
Puducherry,MAHE,Banana,2010,Kharif,puducherry,mahe
Puducherry,MAHE,Black pepper,2010,Kharif,puducherry,mahe
Puducherry,MAHE,Cashewnut,2010,Kharif,puducherry,mahe
Puducherry,MAHE,Mango,2010,Kharif,puducherry,mahe
Puducherry,MAHE,Tapioca,2010,Kharif,puducherry,mahe
Puducherry,MAHE,Coconut,2010,Whole Year,puducherry,mahe
Puducherry,PONDICHERRY,Bajra,2010,Kharif,puducherry,pondicherry
Puducherry,PONDICHERRY,Banana,2010,Kharif,puducherry,pondicherry
Puducherry,PONDICHERRY,Cashewnut,2010,Kharif,puducherry,pondicherry
Puducherry,PONDICHERRY,Dry chillies,2010,Kharif,puducherry,pondicherry
Puducherry,PONDICHERRY,Groundnut,2010,Kharif,puducherry,pondicherry
Puducherry,PONDICHERRY,Mango,2010,Kharif,puducherry,pondicherry
Puducherry,PONDICHERRY,Moong(Green Gram),2010,Kharif,puducherry,pondicherry
Puducherry,PONDICHERRY,Other Kharif pulses,2010,Kharif,puducherry,pondicherry
Puducherry,PONDICHERRY,Ragi,2010,Kharif,puducherry,pondicherry
Puducherry,PONDICHERRY,Rice,2010,Kharif,puducherry,pondicherry
Puducherry,PONDICHERRY,Sesamum,2010,Kharif,puducherry,pondicherry
Puducherry,PONDICHERRY,Sugarcane,2010,Kharif,puducherry,pondicherry
Puducherry,PONDICHERRY,Sunflower,2010,Kharif,puducherry,pondicherry
Puducherry,PONDICHERRY,Sweet potato,2010,Kharif,puducherry,pondicherry
Puducherry,PONDICHERRY,Tapioca,2010,Kharif,puducherry,pondicherry
Puducherry,PONDICHERRY,Turmeric,2010,Kharif,puducherry,pondicherry
Puducherry,PONDICHERRY,Urad,2010,Kharif,puducherry,pondicherry
Puducherry,PONDICHERRY,Dry chillies,2010,Rabi,puducherry,pondicherry
Puducherry,PONDICHERRY,Groundnut,2010,Rabi,puducherry,pondicherry
Puducherry,PONDICHERRY,Moong(Green Gram),2010,Rabi,puducherry,pondicherry
Puducherry,PONDICHERRY,Onion,2010,Rabi,puducherry,pondicherry
Puducherry,PONDICHERRY,Other  Rabi pulses,2010,Rabi,puducherry,pondicherry
Puducherry,PONDICHERRY,Ragi,2010,Rabi,puducherry,pondicherry
Puducherry,PONDICHERRY,Rice,2010,Rabi,puducherry,pondicherry
Puducherry,PONDICHERRY,Sesamum,2010,Rabi,puducherry,pondicherry
Puducherry,PONDICHERRY,Tapioca,2010,Rabi,puducherry,pondicherry
Puducherry,PONDICHERRY,Urad,2010,Rabi,puducherry,pondicherry
Puducherry,PONDICHERRY,Bajra,2010,Summer,puducherry,pondicherry
Puducherry,PONDICHERRY,Dry chillies,2010,Summer,puducherry,pondicherry
Puducherry,PONDICHERRY,Groundnut,2010,Summer,puducherry,pondicherry
Puducherry,PONDICHERRY,Moong(Green Gram),2010,Summer,puducherry,pondicherry
Puducherry,PONDICHERRY,Other  Rabi pulses,2010,Summer,puducherry,pondicherry
Puducherry,PONDICHERRY,Ragi,2010,Summer,puducherry,pondicherry
Puducherry,PONDICHERRY,Rice,2010,Summer,puducherry,pondicherry
Puducherry,PONDICHERRY,Sesamum,2010,Summer,puducherry,pondicherry
Puducherry,PONDICHERRY,Urad,2010,Summer,puducherry,pondicherry
Puducherry,PONDICHERRY,Coconut,2010,Whole Year,puducherry,pondicherry
Puducherry,YANAM,Mango,2010,Kharif,puducherry,yanam
Puducherry,YANAM,Rice,2010,Kharif,puducherry,yanam
Puducherry,YANAM,Moong(Green Gram),2010,Rabi,puducherry,yanam
Puducherry,YANAM,Other  Rabi pulses,2010,Rabi,puducherry,yanam
Puducherry,YANAM,Rice,2010,Rabi,puducherry,yanam
Puducherry,YANAM,Moong(Green Gram),2010,Summer,puducherry,yanam
Puducherry,YANAM,Urad,2010,Summer,puducherry,yanam
Puducherry,YANAM,Coconut,2010,Whole Year,puducherry,yanam
Punjab,AMRITSAR,Arhar/Tur,2010,Kharif,punjab,amritsar
Punjab,AMRITSAR,Maize,2010,Kharif,punjab,amritsar
Punjab,AMRITSAR,Moong(Green Gram),2010,Kharif,punjab,amritsar
Punjab,AMRITSAR,Rice,2010,Kharif,punjab,amritsar
Punjab,AMRITSAR,Sesamum,2010,Kharif,punjab,amritsar
Punjab,AMRITSAR,Urad,2010,Kharif,punjab,amritsar
Punjab,AMRITSAR,Peas & beans (Pulses),2010,Rabi,punjab,amritsar
Punjab,AMRITSAR,Rapeseed &Mustard,2010,Rabi,punjab,amritsar
Punjab,AMRITSAR,Wheat,2010,Rabi,punjab,amritsar
Punjab,BARNALA,Arhar/Tur,2010,Kharif,punjab,barnala
Punjab,BARNALA,Cotton(lint),2010,Kharif,punjab,barnala
Punjab,BARNALA,Moong(Green Gram),2010,Kharif,punjab,barnala
Punjab,BARNALA,Rice,2010,Kharif,punjab,barnala
Punjab,BARNALA,Barley,2010,Rabi,punjab,barnala
Punjab,BARNALA,Gram,2010,Rabi,punjab,barnala
Punjab,BARNALA,Rapeseed &Mustard,2010,Rabi,punjab,barnala
Punjab,BARNALA,Wheat,2010,Rabi,punjab,barnala
Punjab,BATHINDA,Cotton(lint),2010,Kharif,punjab,bathinda
Punjab,BATHINDA,Groundnut,2010,Kharif,punjab,bathinda
Punjab,BATHINDA,Moong(Green Gram),2010,Kharif,punjab,bathinda
Punjab,BATHINDA,Rice,2010,Kharif,punjab,bathinda
Punjab,BATHINDA,Barley,2010,Rabi,punjab,bathinda
Punjab,BATHINDA,Gram,2010,Rabi,punjab,bathinda
Punjab,BATHINDA,Rapeseed &Mustard,2010,Rabi,punjab,bathinda
Punjab,BATHINDA,Wheat,2010,Rabi,punjab,bathinda
Punjab,BATHINDA,Guar seed,2010,Whole Year,punjab,bathinda
Punjab,FARIDKOT,Arhar/Tur,2010,Kharif,punjab,faridkot
Punjab,FARIDKOT,Cotton(lint),2010,Kharif,punjab,faridkot
Punjab,FARIDKOT,Groundnut,2010,Kharif,punjab,faridkot
Punjab,FARIDKOT,Moong(Green Gram),2010,Kharif,punjab,faridkot
Punjab,FARIDKOT,Rice,2010,Kharif,punjab,faridkot
Punjab,FARIDKOT,Wheat,2010,Rabi,punjab,faridkot
Punjab,FARIDKOT,Guar seed,2010,Whole Year,punjab,faridkot
Punjab,FATEHGARH SAHIB,Rice,2010,Kharif,punjab,fatehgarh sahib
Punjab,FATEHGARH SAHIB,Wheat,2010,Rabi,punjab,fatehgarh sahib
Punjab,FIROZEPUR,Bajra,2010,Kharif,punjab,firozepur
Punjab,FIROZEPUR,Cotton(lint),2010,Kharif,punjab,firozepur
Punjab,FIROZEPUR,Moong(Green Gram),2010,Kharif,punjab,firozepur
Punjab,FIROZEPUR,Rice,2010,Kharif,punjab,firozepur
Punjab,FIROZEPUR,Sesamum,2010,Kharif,punjab,firozepur
Punjab,FIROZEPUR,Barley,2010,Rabi,punjab,firozepur
Punjab,FIROZEPUR,Gram,2010,Rabi,punjab,firozepur
Punjab,FIROZEPUR,Rapeseed &Mustard,2010,Rabi,punjab,firozepur
Punjab,FIROZEPUR,Wheat,2010,Rabi,punjab,firozepur
Punjab,FIROZEPUR,Guar seed,2010,Whole Year,punjab,firozepur
Punjab,GURDASPUR,Maize,2010,Kharif,punjab,gurdaspur
Punjab,GURDASPUR,Rice,2010,Kharif,punjab,gurdaspur
Punjab,GURDASPUR,Sesamum,2010,Kharif,punjab,gurdaspur
Punjab,GURDASPUR,Urad,2010,Kharif,punjab,gurdaspur
Punjab,GURDASPUR,Gram,2010,Rabi,punjab,gurdaspur
Punjab,GURDASPUR,Masoor,2010,Rabi,punjab,gurdaspur
Punjab,GURDASPUR,Peas & beans (Pulses),2010,Rabi,punjab,gurdaspur
Punjab,GURDASPUR,Rapeseed &Mustard,2010,Rabi,punjab,gurdaspur
Punjab,GURDASPUR,Wheat,2010,Rabi,punjab,gurdaspur
Punjab,HOSHIARPUR,Groundnut,2010,Kharif,punjab,hoshiarpur
Punjab,HOSHIARPUR,Maize,2010,Kharif,punjab,hoshiarpur
Punjab,HOSHIARPUR,Rice,2010,Kharif,punjab,hoshiarpur
Punjab,HOSHIARPUR,Sesamum,2010,Kharif,punjab,hoshiarpur
Punjab,HOSHIARPUR,Urad,2010,Kharif,punjab,hoshiarpur
Punjab,HOSHIARPUR,Gram,2010,Rabi,punjab,hoshiarpur
Punjab,HOSHIARPUR,Masoor,2010,Rabi,punjab,hoshiarpur
Punjab,HOSHIARPUR,Peas & beans (Pulses),2010,Rabi,punjab,hoshiarpur
Punjab,HOSHIARPUR,Rapeseed &Mustard,2010,Rabi,punjab,hoshiarpur
Punjab,HOSHIARPUR,Wheat,2010,Rabi,punjab,hoshiarpur
Punjab,JALANDHAR,Arhar/Tur,2010,Kharif,punjab,jalandhar
Punjab,JALANDHAR,Maize,2010,Kharif,punjab,jalandhar
Punjab,JALANDHAR,Moong(Green Gram),2010,Kharif,punjab,jalandhar
Punjab,JALANDHAR,Rice,2010,Kharif,punjab,jalandhar
Punjab,JALANDHAR,Sesamum,2010,Kharif,punjab,jalandhar
Punjab,JALANDHAR,Peas & beans (Pulses),2010,Rabi,punjab,jalandhar
Punjab,JALANDHAR,Rapeseed &Mustard,2010,Rabi,punjab,jalandhar
Punjab,JALANDHAR,Wheat,2010,Rabi,punjab,jalandhar
Punjab,KAPURTHALA,Maize,2010,Kharif,punjab,kapurthala
Punjab,KAPURTHALA,Rice,2010,Kharif,punjab,kapurthala
Punjab,KAPURTHALA,Peas & beans (Pulses),2010,Rabi,punjab,kapurthala
Punjab,KAPURTHALA,Rapeseed &Mustard,2010,Rabi,punjab,kapurthala
Punjab,KAPURTHALA,Wheat,2010,Rabi,punjab,kapurthala
Punjab,LUDHIANA,Arhar/Tur,2010,Kharif,punjab,ludhiana
Punjab,LUDHIANA,Cotton(lint),2010,Kharif,punjab,ludhiana
Punjab,LUDHIANA,Maize,2010,Kharif,punjab,ludhiana
Punjab,LUDHIANA,Moong(Green Gram),2010,Kharif,punjab,ludhiana
Punjab,LUDHIANA,Rice,2010,Kharif,punjab,ludhiana
Punjab,LUDHIANA,Barley,2010,Rabi,punjab,ludhiana
Punjab,LUDHIANA,Peas & beans (Pulses),2010,Rabi,punjab,ludhiana
Punjab,LUDHIANA,Rapeseed &Mustard,2010,Rabi,punjab,ludhiana
Punjab,LUDHIANA,Wheat,2010,Rabi,punjab,ludhiana
Punjab,MANSA,Bajra,2010,Kharif,punjab,mansa
Punjab,MANSA,Cotton(lint),2010,Kharif,punjab,mansa
Punjab,MANSA,Moong(Green Gram),2010,Kharif,punjab,mansa
Punjab,MANSA,Rice,2010,Kharif,punjab,mansa
Punjab,MANSA,Barley,2010,Rabi,punjab,mansa
Punjab,MANSA,Gram,2010,Rabi,punjab,mansa
Punjab,MANSA,Rapeseed &Mustard,2010,Rabi,punjab,mansa
Punjab,MANSA,Wheat,2010,Rabi,punjab,mansa
Punjab,MANSA,Guar seed,2010,Whole Year,punjab,mansa
Punjab,MOGA,Arhar/Tur,2010,Kharif,punjab,moga
Punjab,MOGA,Cotton(lint),2010,Kharif,punjab,moga
Punjab,MOGA,Moong(Green Gram),2010,Kharif,punjab,moga
Punjab,MOGA,Rice,2010,Kharif,punjab,moga
Punjab,MOGA,Rapeseed &Mustard,2010,Rabi,punjab,moga
Punjab,MOGA,Wheat,2010,Rabi,punjab,moga
Punjab,MUKTSAR,Cotton(lint),2010,Kharif,punjab,muktsar
Punjab,MUKTSAR,Moong(Green Gram),2010,Kharif,punjab,muktsar
Punjab,MUKTSAR,Rice,2010,Kharif,punjab,muktsar
Punjab,MUKTSAR,Sesamum,2010,Kharif,punjab,muktsar
Punjab,MUKTSAR,Barley,2010,Rabi,punjab,muktsar
Punjab,MUKTSAR,Gram,2010,Rabi,punjab,muktsar
Punjab,MUKTSAR,Rapeseed &Mustard,2010,Rabi,punjab,muktsar
Punjab,MUKTSAR,Wheat,2010,Rabi,punjab,muktsar
Punjab,MUKTSAR,Guar seed,2010,Whole Year,punjab,muktsar
Punjab,NAWANSHAHR,Maize,2010,Kharif,punjab,nawanshahr
Punjab,NAWANSHAHR,Rice,2010,Kharif,punjab,nawanshahr
Punjab,NAWANSHAHR,Rapeseed &Mustard,2010,Rabi,punjab,nawanshahr
Punjab,NAWANSHAHR,Wheat,2010,Rabi,punjab,nawanshahr
Punjab,PATIALA,Cotton(lint),2010,Kharif,punjab,patiala
Punjab,PATIALA,Maize,2010,Kharif,punjab,patiala
Punjab,PATIALA,Rice,2010,Kharif,punjab,patiala
Punjab,PATIALA,Barley,2010,Rabi,punjab,patiala
Punjab,PATIALA,Masoor,2010,Rabi,punjab,patiala
Punjab,PATIALA,Peas & beans (Pulses),2010,Rabi,punjab,patiala
Punjab,PATIALA,Rapeseed &Mustard,2010,Rabi,punjab,patiala
Punjab,PATIALA,Wheat,2010,Rabi,punjab,patiala
Punjab,RUPNAGAR,Arhar/Tur,2010,Kharif,punjab,rupnagar
Punjab,RUPNAGAR,Maize,2010,Kharif,punjab,rupnagar
Punjab,RUPNAGAR,Rice,2010,Kharif,punjab,rupnagar
Punjab,RUPNAGAR,Urad,2010,Kharif,punjab,rupnagar
Punjab,RUPNAGAR,Gram,2010,Rabi,punjab,rupnagar
Punjab,RUPNAGAR,Masoor,2010,Rabi,punjab,rupnagar
Punjab,RUPNAGAR,Rapeseed &Mustard,2010,Rabi,punjab,rupnagar
Punjab,RUPNAGAR,Wheat,2010,Rabi,punjab,rupnagar
Punjab,S.A.S NAGAR,Arhar/Tur,2010,Kharif,punjab,sas nagar
Punjab,S.A.S NAGAR,Maize,2010,Kharif,punjab,sas nagar
Punjab,S.A.S NAGAR,Rice,2010,Kharif,punjab,sas nagar
Punjab,S.A.S NAGAR,Urad,2010,Kharif,punjab,sas nagar
Punjab,S.A.S NAGAR,Masoor,2010,Rabi,punjab,sas nagar
Punjab,S.A.S NAGAR,Rapeseed &Mustard,2010,Rabi,punjab,sas nagar
Punjab,S.A.S NAGAR,Wheat,2010,Rabi,punjab,sas nagar
Punjab,SANGRUR,Arhar/Tur,2010,Kharif,punjab,sangrur
Punjab,SANGRUR,Bajra,2010,Kharif,punjab,sangrur
Punjab,SANGRUR,Cotton(lint),2010,Kharif,punjab,sangrur
Punjab,SANGRUR,Moong(Green Gram),2010,Kharif,punjab,sangrur
Punjab,SANGRUR,Rice,2010,Kharif,punjab,sangrur
Punjab,SANGRUR,Barley,2010,Rabi,punjab,sangrur
Punjab,SANGRUR,Peas & beans (Pulses),2010,Rabi,punjab,sangrur
Punjab,SANGRUR,Rapeseed &Mustard,2010,Rabi,punjab,sangrur
Punjab,SANGRUR,Wheat,2010,Rabi,punjab,sangrur
Punjab,TARN TARAN,Arhar/Tur,2010,Kharif,punjab,tarn taran
Punjab,TARN TARAN,Cotton(lint),2010,Kharif,punjab,tarn taran
Punjab,TARN TARAN,Maize,2010,Kharif,punjab,tarn taran
Punjab,TARN TARAN,Moong(Green Gram),2010,Kharif,punjab,tarn taran
Punjab,TARN TARAN,Rice,2010,Kharif,punjab,tarn taran
Punjab,TARN TARAN,Sesamum,2010,Kharif,punjab,tarn taran
Punjab,TARN TARAN,Masoor,2010,Rabi,punjab,tarn taran
Punjab,TARN TARAN,Peas & beans (Pulses),2010,Rabi,punjab,tarn taran
Punjab,TARN TARAN,Wheat,2010,Rabi,punjab,tarn taran
Rajasthan,AJMER,Arhar/Tur,2010,Kharif,rajasthan,ajmer
Rajasthan,AJMER,Bajra,2010,Kharif,rajasthan,ajmer
Rajasthan,AJMER,Castor seed,2010,Kharif,rajasthan,ajmer
Rajasthan,AJMER,Cotton(lint),2010,Kharif,rajasthan,ajmer
Rajasthan,AJMER,Groundnut,2010,Kharif,rajasthan,ajmer
Rajasthan,AJMER,Jowar,2010,Kharif,rajasthan,ajmer
Rajasthan,AJMER,Maize,2010,Kharif,rajasthan,ajmer
Rajasthan,AJMER,Moong(Green Gram),2010,Kharif,rajasthan,ajmer
Rajasthan,AJMER,Moth,2010,Kharif,rajasthan,ajmer
Rajasthan,AJMER,Other Kharif pulses,2010,Kharif,rajasthan,ajmer
Rajasthan,AJMER,Rice,2010,Kharif,rajasthan,ajmer
Rajasthan,AJMER,Sesamum,2010,Kharif,rajasthan,ajmer
Rajasthan,AJMER,Small millets,2010,Kharif,rajasthan,ajmer
Rajasthan,AJMER,Soyabean,2010,Kharif,rajasthan,ajmer
Rajasthan,AJMER,Urad,2010,Kharif,rajasthan,ajmer
Rajasthan,AJMER,Barley,2010,Rabi,rajasthan,ajmer
Rajasthan,AJMER,Gram,2010,Rabi,rajasthan,ajmer
Rajasthan,AJMER,Linseed,2010,Rabi,rajasthan,ajmer
Rajasthan,AJMER,Masoor,2010,Rabi,rajasthan,ajmer
Rajasthan,AJMER,other oilseeds,2010,Rabi,rajasthan,ajmer
Rajasthan,AJMER,Rapeseed &Mustard,2010,Rabi,rajasthan,ajmer
Rajasthan,AJMER,Wheat,2010,Rabi,rajasthan,ajmer
Rajasthan,AJMER,Coriander,2010,Whole Year,rajasthan,ajmer
Rajasthan,AJMER,Dry chillies,2010,Whole Year,rajasthan,ajmer
Rajasthan,AJMER,Garlic,2010,Whole Year,rajasthan,ajmer
Rajasthan,AJMER,Guar seed,2010,Whole Year,rajasthan,ajmer
Rajasthan,AJMER,Onion,2010,Whole Year,rajasthan,ajmer
Rajasthan,AJMER,Potato,2010,Whole Year,rajasthan,ajmer
Rajasthan,AJMER,Sugarcane,2010,Whole Year,rajasthan,ajmer
Rajasthan,AJMER,Sweet potato,2010,Whole Year,rajasthan,ajmer
Rajasthan,ALWAR,Arhar/Tur,2010,Kharif,rajasthan,alwar
Rajasthan,ALWAR,Bajra,2010,Kharif,rajasthan,alwar
Rajasthan,ALWAR,Cotton(lint),2010,Kharif,rajasthan,alwar
Rajasthan,ALWAR,Groundnut,2010,Kharif,rajasthan,alwar
Rajasthan,ALWAR,Jowar,2010,Kharif,rajasthan,alwar
Rajasthan,ALWAR,Maize,2010,Kharif,rajasthan,alwar
Rajasthan,ALWAR,Moong(Green Gram),2010,Kharif,rajasthan,alwar
Rajasthan,ALWAR,Moth,2010,Kharif,rajasthan,alwar
Rajasthan,ALWAR,Other Kharif pulses,2010,Kharif,rajasthan,alwar
Rajasthan,ALWAR,Rice,2010,Kharif,rajasthan,alwar
Rajasthan,ALWAR,Sesamum,2010,Kharif,rajasthan,alwar
Rajasthan,ALWAR,Urad,2010,Kharif,rajasthan,alwar
Rajasthan,ALWAR,Barley,2010,Rabi,rajasthan,alwar
Rajasthan,ALWAR,Gram,2010,Rabi,rajasthan,alwar
Rajasthan,ALWAR,Linseed,2010,Rabi,rajasthan,alwar
Rajasthan,ALWAR,Masoor,2010,Rabi,rajasthan,alwar
Rajasthan,ALWAR,Other  Rabi pulses,2010,Rabi,rajasthan,alwar
Rajasthan,ALWAR,other oilseeds,2010,Rabi,rajasthan,alwar
Rajasthan,ALWAR,Rapeseed &Mustard,2010,Rabi,rajasthan,alwar
Rajasthan,ALWAR,Wheat,2010,Rabi,rajasthan,alwar
Rajasthan,ALWAR,Coriander,2010,Whole Year,rajasthan,alwar
Rajasthan,ALWAR,Dry chillies,2010,Whole Year,rajasthan,alwar
Rajasthan,ALWAR,Garlic,2010,Whole Year,rajasthan,alwar
Rajasthan,ALWAR,Guar seed,2010,Whole Year,rajasthan,alwar
Rajasthan,ALWAR,Onion,2010,Whole Year,rajasthan,alwar
Rajasthan,ALWAR,Potato,2010,Whole Year,rajasthan,alwar
Rajasthan,ALWAR,Sannhamp,2010,Whole Year,rajasthan,alwar
Rajasthan,ALWAR,Sugarcane,2010,Whole Year,rajasthan,alwar
Rajasthan,ALWAR,Sweet potato,2010,Whole Year,rajasthan,alwar
Rajasthan,ALWAR,Tobacco,2010,Whole Year,rajasthan,alwar
Rajasthan,BANSWARA,Arhar/Tur,2010,Kharif,rajasthan,banswara
Rajasthan,BANSWARA,Bajra,2010,Kharif,rajasthan,banswara
Rajasthan,BANSWARA,Castor seed,2010,Kharif,rajasthan,banswara
Rajasthan,BANSWARA,Cotton(lint),2010,Kharif,rajasthan,banswara
Rajasthan,BANSWARA,Groundnut,2010,Kharif,rajasthan,banswara
Rajasthan,BANSWARA,Jowar,2010,Kharif,rajasthan,banswara
Rajasthan,BANSWARA,Maize,2010,Kharif,rajasthan,banswara
Rajasthan,BANSWARA,Moong(Green Gram),2010,Kharif,rajasthan,banswara
Rajasthan,BANSWARA,Other Kharif pulses,2010,Kharif,rajasthan,banswara
Rajasthan,BANSWARA,Rice,2010,Kharif,rajasthan,banswara
Rajasthan,BANSWARA,Sesamum,2010,Kharif,rajasthan,banswara
Rajasthan,BANSWARA,Small millets,2010,Kharif,rajasthan,banswara
Rajasthan,BANSWARA,Soyabean,2010,Kharif,rajasthan,banswara
Rajasthan,BANSWARA,Urad,2010,Kharif,rajasthan,banswara
Rajasthan,BANSWARA,Barley,2010,Rabi,rajasthan,banswara
Rajasthan,BANSWARA,Gram,2010,Rabi,rajasthan,banswara
Rajasthan,BANSWARA,Linseed,2010,Rabi,rajasthan,banswara
Rajasthan,BANSWARA,Masoor,2010,Rabi,rajasthan,banswara
Rajasthan,BANSWARA,Other  Rabi pulses,2010,Rabi,rajasthan,banswara
Rajasthan,BANSWARA,other oilseeds,2010,Rabi,rajasthan,banswara
Rajasthan,BANSWARA,Rapeseed &Mustard,2010,Rabi,rajasthan,banswara
Rajasthan,BANSWARA,Wheat,2010,Rabi,rajasthan,banswara
Rajasthan,BANSWARA,Dry chillies,2010,Whole Year,rajasthan,banswara
Rajasthan,BANSWARA,Garlic,2010,Whole Year,rajasthan,banswara
Rajasthan,BANSWARA,Guar seed,2010,Whole Year,rajasthan,banswara
Rajasthan,BANSWARA,Onion,2010,Whole Year,rajasthan,banswara
Rajasthan,BANSWARA,Sannhamp,2010,Whole Year,rajasthan,banswara
Rajasthan,BANSWARA,Sugarcane,2010,Whole Year,rajasthan,banswara
Rajasthan,BARAN,Arhar/Tur,2010,Kharif,rajasthan,baran
Rajasthan,BARAN,Bajra,2010,Kharif,rajasthan,baran
Rajasthan,BARAN,Cotton(lint),2010,Kharif,rajasthan,baran
Rajasthan,BARAN,Dry ginger,2010,Kharif,rajasthan,baran
Rajasthan,BARAN,Groundnut,2010,Kharif,rajasthan,baran
Rajasthan,BARAN,Jowar,2010,Kharif,rajasthan,baran
Rajasthan,BARAN,Maize,2010,Kharif,rajasthan,baran
Rajasthan,BARAN,Moong(Green Gram),2010,Kharif,rajasthan,baran
Rajasthan,BARAN,Other Kharif pulses,2010,Kharif,rajasthan,baran
Rajasthan,BARAN,Rice,2010,Kharif,rajasthan,baran
Rajasthan,BARAN,Sesamum,2010,Kharif,rajasthan,baran
Rajasthan,BARAN,Soyabean,2010,Kharif,rajasthan,baran
Rajasthan,BARAN,Urad,2010,Kharif,rajasthan,baran
Rajasthan,BARAN,Barley,2010,Rabi,rajasthan,baran
Rajasthan,BARAN,Gram,2010,Rabi,rajasthan,baran
Rajasthan,BARAN,Linseed,2010,Rabi,rajasthan,baran
Rajasthan,BARAN,Masoor,2010,Rabi,rajasthan,baran
Rajasthan,BARAN,Other  Rabi pulses,2010,Rabi,rajasthan,baran
Rajasthan,BARAN,other oilseeds,2010,Rabi,rajasthan,baran
Rajasthan,BARAN,Rapeseed &Mustard,2010,Rabi,rajasthan,baran
Rajasthan,BARAN,Wheat,2010,Rabi,rajasthan,baran
Rajasthan,BARAN,Coriander,2010,Whole Year,rajasthan,baran
Rajasthan,BARAN,Dry chillies,2010,Whole Year,rajasthan,baran
Rajasthan,BARAN,Garlic,2010,Whole Year,rajasthan,baran
Rajasthan,BARAN,Onion,2010,Whole Year,rajasthan,baran
Rajasthan,BARAN,Potato,2010,Whole Year,rajasthan,baran
Rajasthan,BARAN,Sugarcane,2010,Whole Year,rajasthan,baran
Rajasthan,BARAN,Turmeric,2010,Whole Year,rajasthan,baran
Rajasthan,BARMER,Bajra,2010,Kharif,rajasthan,barmer
Rajasthan,BARMER,Castor seed,2010,Kharif,rajasthan,barmer
Rajasthan,BARMER,Cotton(lint),2010,Kharif,rajasthan,barmer
Rajasthan,BARMER,Groundnut,2010,Kharif,rajasthan,barmer
Rajasthan,BARMER,Jowar,2010,Kharif,rajasthan,barmer
Rajasthan,BARMER,Maize,2010,Kharif,rajasthan,barmer
Rajasthan,BARMER,Moong(Green Gram),2010,Kharif,rajasthan,barmer
Rajasthan,BARMER,Moth,2010,Kharif,rajasthan,barmer
Rajasthan,BARMER,Other Kharif pulses,2010,Kharif,rajasthan,barmer
Rajasthan,BARMER,Sesamum,2010,Kharif,rajasthan,barmer
Rajasthan,BARMER,Barley,2010,Rabi,rajasthan,barmer
Rajasthan,BARMER,Gram,2010,Rabi,rajasthan,barmer
Rajasthan,BARMER,Linseed,2010,Rabi,rajasthan,barmer
Rajasthan,BARMER,other oilseeds,2010,Rabi,rajasthan,barmer
Rajasthan,BARMER,Rapeseed &Mustard,2010,Rabi,rajasthan,barmer
Rajasthan,BARMER,Wheat,2010,Rabi,rajasthan,barmer
Rajasthan,BARMER,Dry chillies,2010,Whole Year,rajasthan,barmer
Rajasthan,BARMER,Guar seed,2010,Whole Year,rajasthan,barmer
Rajasthan,BARMER,Onion,2010,Whole Year,rajasthan,barmer
Rajasthan,BARMER,Potato,2010,Whole Year,rajasthan,barmer
Rajasthan,BHARATPUR,Arhar/Tur,2010,Kharif,rajasthan,bharatpur
Rajasthan,BHARATPUR,Bajra,2010,Kharif,rajasthan,bharatpur
Rajasthan,BHARATPUR,Castor seed,2010,Kharif,rajasthan,bharatpur
Rajasthan,BHARATPUR,Cotton(lint),2010,Kharif,rajasthan,bharatpur
Rajasthan,BHARATPUR,Groundnut,2010,Kharif,rajasthan,bharatpur
Rajasthan,BHARATPUR,Jowar,2010,Kharif,rajasthan,bharatpur
Rajasthan,BHARATPUR,Maize,2010,Kharif,rajasthan,bharatpur
Rajasthan,BHARATPUR,Moong(Green Gram),2010,Kharif,rajasthan,bharatpur
Rajasthan,BHARATPUR,Moth,2010,Kharif,rajasthan,bharatpur
Rajasthan,BHARATPUR,Other Kharif pulses,2010,Kharif,rajasthan,bharatpur
Rajasthan,BHARATPUR,Rice,2010,Kharif,rajasthan,bharatpur
Rajasthan,BHARATPUR,Sesamum,2010,Kharif,rajasthan,bharatpur
Rajasthan,BHARATPUR,Urad,2010,Kharif,rajasthan,bharatpur
Rajasthan,BHARATPUR,Barley,2010,Rabi,rajasthan,bharatpur
Rajasthan,BHARATPUR,Gram,2010,Rabi,rajasthan,bharatpur
Rajasthan,BHARATPUR,Linseed,2010,Rabi,rajasthan,bharatpur
Rajasthan,BHARATPUR,Masoor,2010,Rabi,rajasthan,bharatpur
Rajasthan,BHARATPUR,Other  Rabi pulses,2010,Rabi,rajasthan,bharatpur
Rajasthan,BHARATPUR,other oilseeds,2010,Rabi,rajasthan,bharatpur
Rajasthan,BHARATPUR,Rapeseed &Mustard,2010,Rabi,rajasthan,bharatpur
Rajasthan,BHARATPUR,Wheat,2010,Rabi,rajasthan,bharatpur
Rajasthan,BHARATPUR,Coriander,2010,Whole Year,rajasthan,bharatpur
Rajasthan,BHARATPUR,Dry chillies,2010,Whole Year,rajasthan,bharatpur
Rajasthan,BHARATPUR,Guar seed,2010,Whole Year,rajasthan,bharatpur
Rajasthan,BHARATPUR,Onion,2010,Whole Year,rajasthan,bharatpur
Rajasthan,BHARATPUR,Potato,2010,Whole Year,rajasthan,bharatpur
Rajasthan,BHARATPUR,Sannhamp,2010,Whole Year,rajasthan,bharatpur
Rajasthan,BHARATPUR,Sugarcane,2010,Whole Year,rajasthan,bharatpur
Rajasthan,BHARATPUR,Sweet potato,2010,Whole Year,rajasthan,bharatpur
Rajasthan,BHILWARA,Arhar/Tur,2010,Kharif,rajasthan,bhilwara
Rajasthan,BHILWARA,Bajra,2010,Kharif,rajasthan,bhilwara
Rajasthan,BHILWARA,Castor seed,2010,Kharif,rajasthan,bhilwara
Rajasthan,BHILWARA,Cotton(lint),2010,Kharif,rajasthan,bhilwara
Rajasthan,BHILWARA,Groundnut,2010,Kharif,rajasthan,bhilwara
Rajasthan,BHILWARA,Jowar,2010,Kharif,rajasthan,bhilwara
Rajasthan,BHILWARA,Maize,2010,Kharif,rajasthan,bhilwara
Rajasthan,BHILWARA,Moong(Green Gram),2010,Kharif,rajasthan,bhilwara
Rajasthan,BHILWARA,Other Kharif pulses,2010,Kharif,rajasthan,bhilwara
Rajasthan,BHILWARA,Rice,2010,Kharif,rajasthan,bhilwara
Rajasthan,BHILWARA,Sesamum,2010,Kharif,rajasthan,bhilwara
Rajasthan,BHILWARA,Soyabean,2010,Kharif,rajasthan,bhilwara
Rajasthan,BHILWARA,Urad,2010,Kharif,rajasthan,bhilwara
Rajasthan,BHILWARA,Barley,2010,Rabi,rajasthan,bhilwara
Rajasthan,BHILWARA,Gram,2010,Rabi,rajasthan,bhilwara
Rajasthan,BHILWARA,Linseed,2010,Rabi,rajasthan,bhilwara
Rajasthan,BHILWARA,Masoor,2010,Rabi,rajasthan,bhilwara
Rajasthan,BHILWARA,Other  Rabi pulses,2010,Rabi,rajasthan,bhilwara
Rajasthan,BHILWARA,other oilseeds,2010,Rabi,rajasthan,bhilwara
Rajasthan,BHILWARA,Rapeseed &Mustard,2010,Rabi,rajasthan,bhilwara
Rajasthan,BHILWARA,Wheat,2010,Rabi,rajasthan,bhilwara
Rajasthan,BHILWARA,Coriander,2010,Whole Year,rajasthan,bhilwara
Rajasthan,BHILWARA,Dry chillies,2010,Whole Year,rajasthan,bhilwara
Rajasthan,BHILWARA,Garlic,2010,Whole Year,rajasthan,bhilwara
Rajasthan,BHILWARA,Guar seed,2010,Whole Year,rajasthan,bhilwara
Rajasthan,BHILWARA,Onion,2010,Whole Year,rajasthan,bhilwara
Rajasthan,BHILWARA,Potato,2010,Whole Year,rajasthan,bhilwara
Rajasthan,BHILWARA,Sannhamp,2010,Whole Year,rajasthan,bhilwara
Rajasthan,BHILWARA,Sugarcane,2010,Whole Year,rajasthan,bhilwara
Rajasthan,BHILWARA,Tobacco,2010,Whole Year,rajasthan,bhilwara
Rajasthan,BIKANER,Bajra,2010,Kharif,rajasthan,bikaner
Rajasthan,BIKANER,Castor seed,2010,Kharif,rajasthan,bikaner
Rajasthan,BIKANER,Cotton(lint),2010,Kharif,rajasthan,bikaner
Rajasthan,BIKANER,Groundnut,2010,Kharif,rajasthan,bikaner
Rajasthan,BIKANER,Jowar,2010,Kharif,rajasthan,bikaner
Rajasthan,BIKANER,Maize,2010,Kharif,rajasthan,bikaner
Rajasthan,BIKANER,Moong(Green Gram),2010,Kharif,rajasthan,bikaner
Rajasthan,BIKANER,Moth,2010,Kharif,rajasthan,bikaner
Rajasthan,BIKANER,Other Kharif pulses,2010,Kharif,rajasthan,bikaner
Rajasthan,BIKANER,Rice,2010,Kharif,rajasthan,bikaner
Rajasthan,BIKANER,Sesamum,2010,Kharif,rajasthan,bikaner
Rajasthan,BIKANER,Barley,2010,Rabi,rajasthan,bikaner
Rajasthan,BIKANER,Gram,2010,Rabi,rajasthan,bikaner
Rajasthan,BIKANER,Linseed,2010,Rabi,rajasthan,bikaner
Rajasthan,BIKANER,Other  Rabi pulses,2010,Rabi,rajasthan,bikaner
Rajasthan,BIKANER,other oilseeds,2010,Rabi,rajasthan,bikaner
Rajasthan,BIKANER,Rapeseed &Mustard,2010,Rabi,rajasthan,bikaner
Rajasthan,BIKANER,Wheat,2010,Rabi,rajasthan,bikaner
Rajasthan,BIKANER,Coriander,2010,Whole Year,rajasthan,bikaner
Rajasthan,BIKANER,Dry chillies,2010,Whole Year,rajasthan,bikaner
Rajasthan,BIKANER,Guar seed,2010,Whole Year,rajasthan,bikaner
Rajasthan,BIKANER,Potato,2010,Whole Year,rajasthan,bikaner
Rajasthan,BIKANER,Sugarcane,2010,Whole Year,rajasthan,bikaner
Rajasthan,BUNDI,Arhar/Tur,2010,Kharif,rajasthan,bundi
Rajasthan,BUNDI,Bajra,2010,Kharif,rajasthan,bundi
Rajasthan,BUNDI,Cotton(lint),2010,Kharif,rajasthan,bundi
Rajasthan,BUNDI,Groundnut,2010,Kharif,rajasthan,bundi
Rajasthan,BUNDI,Jowar,2010,Kharif,rajasthan,bundi
Rajasthan,BUNDI,Maize,2010,Kharif,rajasthan,bundi
Rajasthan,BUNDI,Moong(Green Gram),2010,Kharif,rajasthan,bundi
Rajasthan,BUNDI,Other Kharif pulses,2010,Kharif,rajasthan,bundi
Rajasthan,BUNDI,Rice,2010,Kharif,rajasthan,bundi
Rajasthan,BUNDI,Sesamum,2010,Kharif,rajasthan,bundi
Rajasthan,BUNDI,Soyabean,2010,Kharif,rajasthan,bundi
Rajasthan,BUNDI,Urad,2010,Kharif,rajasthan,bundi
Rajasthan,BUNDI,Barley,2010,Rabi,rajasthan,bundi
Rajasthan,BUNDI,Gram,2010,Rabi,rajasthan,bundi
Rajasthan,BUNDI,Linseed,2010,Rabi,rajasthan,bundi
Rajasthan,BUNDI,Masoor,2010,Rabi,rajasthan,bundi
Rajasthan,BUNDI,Other  Rabi pulses,2010,Rabi,rajasthan,bundi
Rajasthan,BUNDI,other oilseeds,2010,Rabi,rajasthan,bundi
Rajasthan,BUNDI,Rapeseed &Mustard,2010,Rabi,rajasthan,bundi
Rajasthan,BUNDI,Wheat,2010,Rabi,rajasthan,bundi
Rajasthan,BUNDI,Coriander,2010,Whole Year,rajasthan,bundi
Rajasthan,BUNDI,Dry chillies,2010,Whole Year,rajasthan,bundi
Rajasthan,BUNDI,Garlic,2010,Whole Year,rajasthan,bundi
Rajasthan,BUNDI,Guar seed,2010,Whole Year,rajasthan,bundi
Rajasthan,BUNDI,Potato,2010,Whole Year,rajasthan,bundi
Rajasthan,BUNDI,Sugarcane,2010,Whole Year,rajasthan,bundi
Rajasthan,BUNDI,Sweet potato,2010,Whole Year,rajasthan,bundi
Rajasthan,BUNDI,Turmeric,2010,Whole Year,rajasthan,bundi
Rajasthan,CHITTORGARH,Arhar/Tur,2010,Kharif,rajasthan,chittorgarh
Rajasthan,CHITTORGARH,Bajra,2010,Kharif,rajasthan,chittorgarh
Rajasthan,CHITTORGARH,Castor seed,2010,Kharif,rajasthan,chittorgarh
Rajasthan,CHITTORGARH,Cotton(lint),2010,Kharif,rajasthan,chittorgarh
Rajasthan,CHITTORGARH,Groundnut,2010,Kharif,rajasthan,chittorgarh
Rajasthan,CHITTORGARH,Jowar,2010,Kharif,rajasthan,chittorgarh
Rajasthan,CHITTORGARH,Maize,2010,Kharif,rajasthan,chittorgarh
Rajasthan,CHITTORGARH,Moong(Green Gram),2010,Kharif,rajasthan,chittorgarh
Rajasthan,CHITTORGARH,Other Kharif pulses,2010,Kharif,rajasthan,chittorgarh
Rajasthan,CHITTORGARH,Rice,2010,Kharif,rajasthan,chittorgarh
Rajasthan,CHITTORGARH,Sesamum,2010,Kharif,rajasthan,chittorgarh
Rajasthan,CHITTORGARH,Soyabean,2010,Kharif,rajasthan,chittorgarh
Rajasthan,CHITTORGARH,Urad,2010,Kharif,rajasthan,chittorgarh
Rajasthan,CHITTORGARH,Barley,2010,Rabi,rajasthan,chittorgarh
Rajasthan,CHITTORGARH,Gram,2010,Rabi,rajasthan,chittorgarh
Rajasthan,CHITTORGARH,Linseed,2010,Rabi,rajasthan,chittorgarh
Rajasthan,CHITTORGARH,Masoor,2010,Rabi,rajasthan,chittorgarh
Rajasthan,CHITTORGARH,Other  Rabi pulses,2010,Rabi,rajasthan,chittorgarh
Rajasthan,CHITTORGARH,other oilseeds,2010,Rabi,rajasthan,chittorgarh
Rajasthan,CHITTORGARH,Rapeseed &Mustard,2010,Rabi,rajasthan,chittorgarh
Rajasthan,CHITTORGARH,Wheat,2010,Rabi,rajasthan,chittorgarh
Rajasthan,CHITTORGARH,Coriander,2010,Whole Year,rajasthan,chittorgarh
Rajasthan,CHITTORGARH,Dry chillies,2010,Whole Year,rajasthan,chittorgarh
Rajasthan,CHITTORGARH,Garlic,2010,Whole Year,rajasthan,chittorgarh
Rajasthan,CHITTORGARH,Guar seed,2010,Whole Year,rajasthan,chittorgarh
Rajasthan,CHITTORGARH,Onion,2010,Whole Year,rajasthan,chittorgarh
Rajasthan,CHITTORGARH,Potato,2010,Whole Year,rajasthan,chittorgarh
Rajasthan,CHITTORGARH,Sannhamp,2010,Whole Year,rajasthan,chittorgarh
Rajasthan,CHITTORGARH,Sugarcane,2010,Whole Year,rajasthan,chittorgarh
Rajasthan,CHITTORGARH,Sweet potato,2010,Whole Year,rajasthan,chittorgarh
Rajasthan,CHITTORGARH,Tobacco,2010,Whole Year,rajasthan,chittorgarh
Rajasthan,CHITTORGARH,Turmeric,2010,Whole Year,rajasthan,chittorgarh
Rajasthan,CHURU,Bajra,2010,Kharif,rajasthan,churu
Rajasthan,CHURU,Cotton(lint),2010,Kharif,rajasthan,churu
Rajasthan,CHURU,Groundnut,2010,Kharif,rajasthan,churu
Rajasthan,CHURU,Jowar,2010,Kharif,rajasthan,churu
Rajasthan,CHURU,Moong(Green Gram),2010,Kharif,rajasthan,churu
Rajasthan,CHURU,Moth,2010,Kharif,rajasthan,churu
Rajasthan,CHURU,Other Kharif pulses,2010,Kharif,rajasthan,churu
Rajasthan,CHURU,Sesamum,2010,Kharif,rajasthan,churu
Rajasthan,CHURU,Barley,2010,Rabi,rajasthan,churu
Rajasthan,CHURU,Gram,2010,Rabi,rajasthan,churu
Rajasthan,CHURU,other oilseeds,2010,Rabi,rajasthan,churu
Rajasthan,CHURU,Rapeseed &Mustard,2010,Rabi,rajasthan,churu
Rajasthan,CHURU,Wheat,2010,Rabi,rajasthan,churu
Rajasthan,CHURU,Coriander,2010,Whole Year,rajasthan,churu
Rajasthan,CHURU,Guar seed,2010,Whole Year,rajasthan,churu
Rajasthan,CHURU,Onion,2010,Whole Year,rajasthan,churu
Rajasthan,DAUSA,Arhar/Tur,2010,Kharif,rajasthan,dausa
Rajasthan,DAUSA,Bajra,2010,Kharif,rajasthan,dausa
Rajasthan,DAUSA,Cotton(lint),2010,Kharif,rajasthan,dausa
Rajasthan,DAUSA,Groundnut,2010,Kharif,rajasthan,dausa
Rajasthan,DAUSA,Jowar,2010,Kharif,rajasthan,dausa
Rajasthan,DAUSA,Maize,2010,Kharif,rajasthan,dausa
Rajasthan,DAUSA,Moong(Green Gram),2010,Kharif,rajasthan,dausa
Rajasthan,DAUSA,Moth,2010,Kharif,rajasthan,dausa
Rajasthan,DAUSA,Other Kharif pulses,2010,Kharif,rajasthan,dausa
Rajasthan,DAUSA,Sesamum,2010,Kharif,rajasthan,dausa
Rajasthan,DAUSA,Urad,2010,Kharif,rajasthan,dausa
Rajasthan,DAUSA,Barley,2010,Rabi,rajasthan,dausa
Rajasthan,DAUSA,Gram,2010,Rabi,rajasthan,dausa
Rajasthan,DAUSA,Other  Rabi pulses,2010,Rabi,rajasthan,dausa
Rajasthan,DAUSA,other oilseeds,2010,Rabi,rajasthan,dausa
Rajasthan,DAUSA,Rapeseed &Mustard,2010,Rabi,rajasthan,dausa
Rajasthan,DAUSA,Wheat,2010,Rabi,rajasthan,dausa
Rajasthan,DAUSA,Coriander,2010,Whole Year,rajasthan,dausa
Rajasthan,DAUSA,Dry chillies,2010,Whole Year,rajasthan,dausa
Rajasthan,DAUSA,Guar seed,2010,Whole Year,rajasthan,dausa
Rajasthan,DAUSA,Onion,2010,Whole Year,rajasthan,dausa
Rajasthan,DAUSA,Potato,2010,Whole Year,rajasthan,dausa
Rajasthan,DAUSA,Sannhamp,2010,Whole Year,rajasthan,dausa
Rajasthan,DAUSA,Sugarcane,2010,Whole Year,rajasthan,dausa
Rajasthan,DAUSA,Sweet potato,2010,Whole Year,rajasthan,dausa
Rajasthan,DAUSA,Tobacco,2010,Whole Year,rajasthan,dausa
Rajasthan,DHOLPUR,Arhar/Tur,2010,Kharif,rajasthan,dholpur
Rajasthan,DHOLPUR,Bajra,2010,Kharif,rajasthan,dholpur
Rajasthan,DHOLPUR,Castor seed,2010,Kharif,rajasthan,dholpur
Rajasthan,DHOLPUR,Cotton(lint),2010,Kharif,rajasthan,dholpur
Rajasthan,DHOLPUR,Groundnut,2010,Kharif,rajasthan,dholpur
Rajasthan,DHOLPUR,Jowar,2010,Kharif,rajasthan,dholpur
Rajasthan,DHOLPUR,Maize,2010,Kharif,rajasthan,dholpur
Rajasthan,DHOLPUR,Moong(Green Gram),2010,Kharif,rajasthan,dholpur
Rajasthan,DHOLPUR,Moth,2010,Kharif,rajasthan,dholpur
Rajasthan,DHOLPUR,Other Kharif pulses,2010,Kharif,rajasthan,dholpur
Rajasthan,DHOLPUR,Rice,2010,Kharif,rajasthan,dholpur
Rajasthan,DHOLPUR,Sesamum,2010,Kharif,rajasthan,dholpur
Rajasthan,DHOLPUR,Urad,2010,Kharif,rajasthan,dholpur
Rajasthan,DHOLPUR,Barley,2010,Rabi,rajasthan,dholpur
Rajasthan,DHOLPUR,Gram,2010,Rabi,rajasthan,dholpur
Rajasthan,DHOLPUR,Linseed,2010,Rabi,rajasthan,dholpur
Rajasthan,DHOLPUR,Masoor,2010,Rabi,rajasthan,dholpur
Rajasthan,DHOLPUR,Other  Rabi pulses,2010,Rabi,rajasthan,dholpur
Rajasthan,DHOLPUR,other oilseeds,2010,Rabi,rajasthan,dholpur
Rajasthan,DHOLPUR,Rapeseed &Mustard,2010,Rabi,rajasthan,dholpur
Rajasthan,DHOLPUR,Wheat,2010,Rabi,rajasthan,dholpur
Rajasthan,DHOLPUR,Dry chillies,2010,Whole Year,rajasthan,dholpur
Rajasthan,DHOLPUR,Garlic,2010,Whole Year,rajasthan,dholpur
Rajasthan,DHOLPUR,Guar seed,2010,Whole Year,rajasthan,dholpur
Rajasthan,DHOLPUR,Onion,2010,Whole Year,rajasthan,dholpur
Rajasthan,DHOLPUR,Potato,2010,Whole Year,rajasthan,dholpur
Rajasthan,DHOLPUR,Sannhamp,2010,Whole Year,rajasthan,dholpur
Rajasthan,DHOLPUR,Sugarcane,2010,Whole Year,rajasthan,dholpur
Rajasthan,DHOLPUR,Sweet potato,2010,Whole Year,rajasthan,dholpur
Rajasthan,DUNGARPUR,Arhar/Tur,2010,Kharif,rajasthan,dungarpur
Rajasthan,DUNGARPUR,Bajra,2010,Kharif,rajasthan,dungarpur
Rajasthan,DUNGARPUR,Castor seed,2010,Kharif,rajasthan,dungarpur
Rajasthan,DUNGARPUR,Cotton(lint),2010,Kharif,rajasthan,dungarpur
Rajasthan,DUNGARPUR,Dry ginger,2010,Kharif,rajasthan,dungarpur
Rajasthan,DUNGARPUR,Groundnut,2010,Kharif,rajasthan,dungarpur
Rajasthan,DUNGARPUR,Jowar,2010,Kharif,rajasthan,dungarpur
Rajasthan,DUNGARPUR,Maize,2010,Kharif,rajasthan,dungarpur
Rajasthan,DUNGARPUR,Moong(Green Gram),2010,Kharif,rajasthan,dungarpur
Rajasthan,DUNGARPUR,Other Kharif pulses,2010,Kharif,rajasthan,dungarpur
Rajasthan,DUNGARPUR,Rice,2010,Kharif,rajasthan,dungarpur
Rajasthan,DUNGARPUR,Sesamum,2010,Kharif,rajasthan,dungarpur
Rajasthan,DUNGARPUR,Small millets,2010,Kharif,rajasthan,dungarpur
Rajasthan,DUNGARPUR,Soyabean,2010,Kharif,rajasthan,dungarpur
Rajasthan,DUNGARPUR,Urad,2010,Kharif,rajasthan,dungarpur
Rajasthan,DUNGARPUR,Barley,2010,Rabi,rajasthan,dungarpur
Rajasthan,DUNGARPUR,Gram,2010,Rabi,rajasthan,dungarpur
Rajasthan,DUNGARPUR,Other  Rabi pulses,2010,Rabi,rajasthan,dungarpur
Rajasthan,DUNGARPUR,other oilseeds,2010,Rabi,rajasthan,dungarpur
Rajasthan,DUNGARPUR,Rapeseed &Mustard,2010,Rabi,rajasthan,dungarpur
Rajasthan,DUNGARPUR,Wheat,2010,Rabi,rajasthan,dungarpur
Rajasthan,DUNGARPUR,Coriander,2010,Whole Year,rajasthan,dungarpur
Rajasthan,DUNGARPUR,Dry chillies,2010,Whole Year,rajasthan,dungarpur
Rajasthan,DUNGARPUR,Garlic,2010,Whole Year,rajasthan,dungarpur
Rajasthan,DUNGARPUR,Guar seed,2010,Whole Year,rajasthan,dungarpur
Rajasthan,DUNGARPUR,Onion,2010,Whole Year,rajasthan,dungarpur
Rajasthan,DUNGARPUR,Sannhamp,2010,Whole Year,rajasthan,dungarpur
Rajasthan,DUNGARPUR,Sugarcane,2010,Whole Year,rajasthan,dungarpur
Rajasthan,GANGANAGAR,Arhar/Tur,2010,Kharif,rajasthan,ganganagar
Rajasthan,GANGANAGAR,Bajra,2010,Kharif,rajasthan,ganganagar
Rajasthan,GANGANAGAR,Castor seed,2010,Kharif,rajasthan,ganganagar
Rajasthan,GANGANAGAR,Cotton(lint),2010,Kharif,rajasthan,ganganagar
Rajasthan,GANGANAGAR,Groundnut,2010,Kharif,rajasthan,ganganagar
Rajasthan,GANGANAGAR,Maize,2010,Kharif,rajasthan,ganganagar
Rajasthan,GANGANAGAR,Moong(Green Gram),2010,Kharif,rajasthan,ganganagar
Rajasthan,GANGANAGAR,Moth,2010,Kharif,rajasthan,ganganagar
Rajasthan,GANGANAGAR,Other Kharif pulses,2010,Kharif,rajasthan,ganganagar
Rajasthan,GANGANAGAR,Rice,2010,Kharif,rajasthan,ganganagar
Rajasthan,GANGANAGAR,Sesamum,2010,Kharif,rajasthan,ganganagar
Rajasthan,GANGANAGAR,Urad,2010,Kharif,rajasthan,ganganagar
Rajasthan,GANGANAGAR,Barley,2010,Rabi,rajasthan,ganganagar
Rajasthan,GANGANAGAR,Gram,2010,Rabi,rajasthan,ganganagar
Rajasthan,GANGANAGAR,Masoor,2010,Rabi,rajasthan,ganganagar
Rajasthan,GANGANAGAR,Other  Rabi pulses,2010,Rabi,rajasthan,ganganagar
Rajasthan,GANGANAGAR,other oilseeds,2010,Rabi,rajasthan,ganganagar
Rajasthan,GANGANAGAR,Rapeseed &Mustard,2010,Rabi,rajasthan,ganganagar
Rajasthan,GANGANAGAR,Wheat,2010,Rabi,rajasthan,ganganagar
Rajasthan,GANGANAGAR,Coriander,2010,Whole Year,rajasthan,ganganagar
Rajasthan,GANGANAGAR,Dry chillies,2010,Whole Year,rajasthan,ganganagar
Rajasthan,GANGANAGAR,Garlic,2010,Whole Year,rajasthan,ganganagar
Rajasthan,GANGANAGAR,Guar seed,2010,Whole Year,rajasthan,ganganagar
Rajasthan,GANGANAGAR,Onion,2010,Whole Year,rajasthan,ganganagar
Rajasthan,GANGANAGAR,Potato,2010,Whole Year,rajasthan,ganganagar
Rajasthan,GANGANAGAR,Sannhamp,2010,Whole Year,rajasthan,ganganagar
Rajasthan,GANGANAGAR,Sugarcane,2010,Whole Year,rajasthan,ganganagar
Rajasthan,HANUMANGARH,Arhar/Tur,2010,Kharif,rajasthan,hanumangarh
Rajasthan,HANUMANGARH,Bajra,2010,Kharif,rajasthan,hanumangarh
Rajasthan,HANUMANGARH,Castor seed,2010,Kharif,rajasthan,hanumangarh
Rajasthan,HANUMANGARH,Cotton(lint),2010,Kharif,rajasthan,hanumangarh
Rajasthan,HANUMANGARH,Groundnut,2010,Kharif,rajasthan,hanumangarh
Rajasthan,HANUMANGARH,Maize,2010,Kharif,rajasthan,hanumangarh
Rajasthan,HANUMANGARH,Moong(Green Gram),2010,Kharif,rajasthan,hanumangarh
Rajasthan,HANUMANGARH,Moth,2010,Kharif,rajasthan,hanumangarh
Rajasthan,HANUMANGARH,Rice,2010,Kharif,rajasthan,hanumangarh
Rajasthan,HANUMANGARH,Sesamum,2010,Kharif,rajasthan,hanumangarh
Rajasthan,HANUMANGARH,Urad,2010,Kharif,rajasthan,hanumangarh
Rajasthan,HANUMANGARH,Barley,2010,Rabi,rajasthan,hanumangarh
Rajasthan,HANUMANGARH,Gram,2010,Rabi,rajasthan,hanumangarh
Rajasthan,HANUMANGARH,Other  Rabi pulses,2010,Rabi,rajasthan,hanumangarh
Rajasthan,HANUMANGARH,other oilseeds,2010,Rabi,rajasthan,hanumangarh
Rajasthan,HANUMANGARH,Rapeseed &Mustard,2010,Rabi,rajasthan,hanumangarh
Rajasthan,HANUMANGARH,Wheat,2010,Rabi,rajasthan,hanumangarh
Rajasthan,HANUMANGARH,Dry chillies,2010,Whole Year,rajasthan,hanumangarh
Rajasthan,HANUMANGARH,Garlic,2010,Whole Year,rajasthan,hanumangarh
Rajasthan,HANUMANGARH,Guar seed,2010,Whole Year,rajasthan,hanumangarh
Rajasthan,HANUMANGARH,Onion,2010,Whole Year,rajasthan,hanumangarh
Rajasthan,HANUMANGARH,Potato,2010,Whole Year,rajasthan,hanumangarh
Rajasthan,HANUMANGARH,Sugarcane,2010,Whole Year,rajasthan,hanumangarh
Rajasthan,JAIPUR,Arhar/Tur,2010,Kharif,rajasthan,jaipur
Rajasthan,JAIPUR,Bajra,2010,Kharif,rajasthan,jaipur
Rajasthan,JAIPUR,Castor seed,2010,Kharif,rajasthan,jaipur
Rajasthan,JAIPUR,Cotton(lint),2010,Kharif,rajasthan,jaipur
Rajasthan,JAIPUR,Groundnut,2010,Kharif,rajasthan,jaipur
Rajasthan,JAIPUR,Jowar,2010,Kharif,rajasthan,jaipur
Rajasthan,JAIPUR,Maize,2010,Kharif,rajasthan,jaipur
Rajasthan,JAIPUR,Moong(Green Gram),2010,Kharif,rajasthan,jaipur
Rajasthan,JAIPUR,Moth,2010,Kharif,rajasthan,jaipur
Rajasthan,JAIPUR,Other Kharif pulses,2010,Kharif,rajasthan,jaipur
Rajasthan,JAIPUR,Sesamum,2010,Kharif,rajasthan,jaipur
Rajasthan,JAIPUR,Urad,2010,Kharif,rajasthan,jaipur
Rajasthan,JAIPUR,Barley,2010,Rabi,rajasthan,jaipur
Rajasthan,JAIPUR,Gram,2010,Rabi,rajasthan,jaipur
Rajasthan,JAIPUR,Linseed,2010,Rabi,rajasthan,jaipur
Rajasthan,JAIPUR,Masoor,2010,Rabi,rajasthan,jaipur
Rajasthan,JAIPUR,other oilseeds,2010,Rabi,rajasthan,jaipur
Rajasthan,JAIPUR,Rapeseed &Mustard,2010,Rabi,rajasthan,jaipur
Rajasthan,JAIPUR,Wheat,2010,Rabi,rajasthan,jaipur
Rajasthan,JAIPUR,Coriander,2010,Whole Year,rajasthan,jaipur
Rajasthan,JAIPUR,Dry chillies,2010,Whole Year,rajasthan,jaipur
Rajasthan,JAIPUR,Garlic,2010,Whole Year,rajasthan,jaipur
Rajasthan,JAIPUR,Guar seed,2010,Whole Year,rajasthan,jaipur
Rajasthan,JAIPUR,Onion,2010,Whole Year,rajasthan,jaipur
Rajasthan,JAIPUR,Potato,2010,Whole Year,rajasthan,jaipur
Rajasthan,JAIPUR,Sannhamp,2010,Whole Year,rajasthan,jaipur
Rajasthan,JAIPUR,Sugarcane,2010,Whole Year,rajasthan,jaipur
Rajasthan,JAIPUR,Tobacco,2010,Whole Year,rajasthan,jaipur
Rajasthan,JAISALMER,Bajra,2010,Kharif,rajasthan,jaisalmer
Rajasthan,JAISALMER,Castor seed,2010,Kharif,rajasthan,jaisalmer
Rajasthan,JAISALMER,Cotton(lint),2010,Kharif,rajasthan,jaisalmer
Rajasthan,JAISALMER,Groundnut,2010,Kharif,rajasthan,jaisalmer
Rajasthan,JAISALMER,Jowar,2010,Kharif,rajasthan,jaisalmer
Rajasthan,JAISALMER,Moong(Green Gram),2010,Kharif,rajasthan,jaisalmer
Rajasthan,JAISALMER,Moth,2010,Kharif,rajasthan,jaisalmer
Rajasthan,JAISALMER,Other Kharif pulses,2010,Kharif,rajasthan,jaisalmer
Rajasthan,JAISALMER,Sesamum,2010,Kharif,rajasthan,jaisalmer
Rajasthan,JAISALMER,Barley,2010,Rabi,rajasthan,jaisalmer
Rajasthan,JAISALMER,Gram,2010,Rabi,rajasthan,jaisalmer
Rajasthan,JAISALMER,other oilseeds,2010,Rabi,rajasthan,jaisalmer
Rajasthan,JAISALMER,Rapeseed &Mustard,2010,Rabi,rajasthan,jaisalmer
Rajasthan,JAISALMER,Wheat,2010,Rabi,rajasthan,jaisalmer
Rajasthan,JAISALMER,Coriander,2010,Whole Year,rajasthan,jaisalmer
Rajasthan,JAISALMER,Dry chillies,2010,Whole Year,rajasthan,jaisalmer
Rajasthan,JAISALMER,Guar seed,2010,Whole Year,rajasthan,jaisalmer
Rajasthan,JAISALMER,Onion,2010,Whole Year,rajasthan,jaisalmer
Rajasthan,JAISALMER,Sugarcane,2010,Whole Year,rajasthan,jaisalmer
Rajasthan,JALORE,Bajra,2010,Kharif,rajasthan,jalore
Rajasthan,JALORE,Castor seed,2010,Kharif,rajasthan,jalore
Rajasthan,JALORE,Cotton(lint),2010,Kharif,rajasthan,jalore
Rajasthan,JALORE,Groundnut,2010,Kharif,rajasthan,jalore
Rajasthan,JALORE,Jowar,2010,Kharif,rajasthan,jalore
Rajasthan,JALORE,Maize,2010,Kharif,rajasthan,jalore
Rajasthan,JALORE,Moong(Green Gram),2010,Kharif,rajasthan,jalore
Rajasthan,JALORE,Moth,2010,Kharif,rajasthan,jalore
Rajasthan,JALORE,Other Kharif pulses,2010,Kharif,rajasthan,jalore
Rajasthan,JALORE,Sesamum,2010,Kharif,rajasthan,jalore
Rajasthan,JALORE,Small millets,2010,Kharif,rajasthan,jalore
Rajasthan,JALORE,Barley,2010,Rabi,rajasthan,jalore
Rajasthan,JALORE,Gram,2010,Rabi,rajasthan,jalore
Rajasthan,JALORE,Linseed,2010,Rabi,rajasthan,jalore
Rajasthan,JALORE,Masoor,2010,Rabi,rajasthan,jalore
Rajasthan,JALORE,other oilseeds,2010,Rabi,rajasthan,jalore
Rajasthan,JALORE,Rapeseed &Mustard,2010,Rabi,rajasthan,jalore
Rajasthan,JALORE,Small millets,2010,Rabi,rajasthan,jalore
Rajasthan,JALORE,Wheat,2010,Rabi,rajasthan,jalore
Rajasthan,JALORE,Coriander,2010,Whole Year,rajasthan,jalore
Rajasthan,JALORE,Dry chillies,2010,Whole Year,rajasthan,jalore
Rajasthan,JALORE,Garlic,2010,Whole Year,rajasthan,jalore
Rajasthan,JALORE,Guar seed,2010,Whole Year,rajasthan,jalore
Rajasthan,JALORE,Onion,2010,Whole Year,rajasthan,jalore
Rajasthan,JALORE,Potato,2010,Whole Year,rajasthan,jalore
Rajasthan,JALORE,Sannhamp,2010,Whole Year,rajasthan,jalore
Rajasthan,JALORE,Sweet potato,2010,Whole Year,rajasthan,jalore
Rajasthan,JALORE,Tobacco,2010,Whole Year,rajasthan,jalore
Rajasthan,JHALAWAR,Arhar/Tur,2010,Kharif,rajasthan,jhalawar
Rajasthan,JHALAWAR,Bajra,2010,Kharif,rajasthan,jhalawar
Rajasthan,JHALAWAR,Cotton(lint),2010,Kharif,rajasthan,jhalawar
Rajasthan,JHALAWAR,Groundnut,2010,Kharif,rajasthan,jhalawar
Rajasthan,JHALAWAR,Jowar,2010,Kharif,rajasthan,jhalawar
Rajasthan,JHALAWAR,Maize,2010,Kharif,rajasthan,jhalawar
Rajasthan,JHALAWAR,Moong(Green Gram),2010,Kharif,rajasthan,jhalawar
Rajasthan,JHALAWAR,Other Kharif pulses,2010,Kharif,rajasthan,jhalawar
Rajasthan,JHALAWAR,Rice,2010,Kharif,rajasthan,jhalawar
Rajasthan,JHALAWAR,Sesamum,2010,Kharif,rajasthan,jhalawar
Rajasthan,JHALAWAR,Soyabean,2010,Kharif,rajasthan,jhalawar
Rajasthan,JHALAWAR,Urad,2010,Kharif,rajasthan,jhalawar
Rajasthan,JHALAWAR,Barley,2010,Rabi,rajasthan,jhalawar
Rajasthan,JHALAWAR,Gram,2010,Rabi,rajasthan,jhalawar
Rajasthan,JHALAWAR,Linseed,2010,Rabi,rajasthan,jhalawar
Rajasthan,JHALAWAR,Masoor,2010,Rabi,rajasthan,jhalawar
Rajasthan,JHALAWAR,Other  Rabi pulses,2010,Rabi,rajasthan,jhalawar
Rajasthan,JHALAWAR,other oilseeds,2010,Rabi,rajasthan,jhalawar
Rajasthan,JHALAWAR,Rapeseed &Mustard,2010,Rabi,rajasthan,jhalawar
Rajasthan,JHALAWAR,Wheat,2010,Rabi,rajasthan,jhalawar
Rajasthan,JHALAWAR,Coriander,2010,Whole Year,rajasthan,jhalawar
Rajasthan,JHALAWAR,Dry chillies,2010,Whole Year,rajasthan,jhalawar
Rajasthan,JHALAWAR,Garlic,2010,Whole Year,rajasthan,jhalawar
Rajasthan,JHALAWAR,Onion,2010,Whole Year,rajasthan,jhalawar
Rajasthan,JHALAWAR,Potato,2010,Whole Year,rajasthan,jhalawar
Rajasthan,JHALAWAR,Sugarcane,2010,Whole Year,rajasthan,jhalawar
Rajasthan,JHALAWAR,Sweet potato,2010,Whole Year,rajasthan,jhalawar
Rajasthan,JHUNJHUNU,Bajra,2010,Kharif,rajasthan,jhunjhunu
Rajasthan,JHUNJHUNU,Castor seed,2010,Kharif,rajasthan,jhunjhunu
Rajasthan,JHUNJHUNU,Cotton(lint),2010,Kharif,rajasthan,jhunjhunu
Rajasthan,JHUNJHUNU,Groundnut,2010,Kharif,rajasthan,jhunjhunu
Rajasthan,JHUNJHUNU,Jowar,2010,Kharif,rajasthan,jhunjhunu
Rajasthan,JHUNJHUNU,Maize,2010,Kharif,rajasthan,jhunjhunu
Rajasthan,JHUNJHUNU,Moong(Green Gram),2010,Kharif,rajasthan,jhunjhunu
Rajasthan,JHUNJHUNU,Moth,2010,Kharif,rajasthan,jhunjhunu
Rajasthan,JHUNJHUNU,Other Kharif pulses,2010,Kharif,rajasthan,jhunjhunu
Rajasthan,JHUNJHUNU,Sesamum,2010,Kharif,rajasthan,jhunjhunu
Rajasthan,JHUNJHUNU,Barley,2010,Rabi,rajasthan,jhunjhunu
Rajasthan,JHUNJHUNU,Gram,2010,Rabi,rajasthan,jhunjhunu
Rajasthan,JHUNJHUNU,Masoor,2010,Rabi,rajasthan,jhunjhunu
Rajasthan,JHUNJHUNU,other oilseeds,2010,Rabi,rajasthan,jhunjhunu
Rajasthan,JHUNJHUNU,Rapeseed &Mustard,2010,Rabi,rajasthan,jhunjhunu
Rajasthan,JHUNJHUNU,Wheat,2010,Rabi,rajasthan,jhunjhunu
Rajasthan,JHUNJHUNU,Coriander,2010,Whole Year,rajasthan,jhunjhunu
Rajasthan,JHUNJHUNU,Dry chillies,2010,Whole Year,rajasthan,jhunjhunu
Rajasthan,JHUNJHUNU,Garlic,2010,Whole Year,rajasthan,jhunjhunu
Rajasthan,JHUNJHUNU,Guar seed,2010,Whole Year,rajasthan,jhunjhunu
Rajasthan,JHUNJHUNU,Onion,2010,Whole Year,rajasthan,jhunjhunu
Rajasthan,JHUNJHUNU,Potato,2010,Whole Year,rajasthan,jhunjhunu
Rajasthan,JHUNJHUNU,Sweet potato,2010,Whole Year,rajasthan,jhunjhunu
Rajasthan,JHUNJHUNU,Tobacco,2010,Whole Year,rajasthan,jhunjhunu
Rajasthan,JODHPUR,Arhar/Tur,2010,Kharif,rajasthan,jodhpur
Rajasthan,JODHPUR,Bajra,2010,Kharif,rajasthan,jodhpur
Rajasthan,JODHPUR,Castor seed,2010,Kharif,rajasthan,jodhpur
Rajasthan,JODHPUR,Cotton(lint),2010,Kharif,rajasthan,jodhpur
Rajasthan,JODHPUR,Groundnut,2010,Kharif,rajasthan,jodhpur
Rajasthan,JODHPUR,Jowar,2010,Kharif,rajasthan,jodhpur
Rajasthan,JODHPUR,Maize,2010,Kharif,rajasthan,jodhpur
Rajasthan,JODHPUR,Moong(Green Gram),2010,Kharif,rajasthan,jodhpur
Rajasthan,JODHPUR,Moth,2010,Kharif,rajasthan,jodhpur
Rajasthan,JODHPUR,Other Kharif pulses,2010,Kharif,rajasthan,jodhpur
Rajasthan,JODHPUR,Sesamum,2010,Kharif,rajasthan,jodhpur
Rajasthan,JODHPUR,Barley,2010,Rabi,rajasthan,jodhpur
Rajasthan,JODHPUR,Gram,2010,Rabi,rajasthan,jodhpur
Rajasthan,JODHPUR,Linseed,2010,Rabi,rajasthan,jodhpur
Rajasthan,JODHPUR,other oilseeds,2010,Rabi,rajasthan,jodhpur
Rajasthan,JODHPUR,Rapeseed &Mustard,2010,Rabi,rajasthan,jodhpur
Rajasthan,JODHPUR,Wheat,2010,Rabi,rajasthan,jodhpur
Rajasthan,JODHPUR,Coriander,2010,Whole Year,rajasthan,jodhpur
Rajasthan,JODHPUR,Dry chillies,2010,Whole Year,rajasthan,jodhpur
Rajasthan,JODHPUR,Garlic,2010,Whole Year,rajasthan,jodhpur
Rajasthan,JODHPUR,Guar seed,2010,Whole Year,rajasthan,jodhpur
Rajasthan,JODHPUR,Onion,2010,Whole Year,rajasthan,jodhpur
Rajasthan,JODHPUR,Sweet potato,2010,Whole Year,rajasthan,jodhpur
Rajasthan,JODHPUR,Tobacco,2010,Whole Year,rajasthan,jodhpur
Rajasthan,KARAULI,Arhar/Tur,2010,Kharif,rajasthan,karauli
Rajasthan,KARAULI,Bajra,2010,Kharif,rajasthan,karauli
Rajasthan,KARAULI,Cotton(lint),2010,Kharif,rajasthan,karauli
Rajasthan,KARAULI,Groundnut,2010,Kharif,rajasthan,karauli
Rajasthan,KARAULI,Jowar,2010,Kharif,rajasthan,karauli
Rajasthan,KARAULI,Maize,2010,Kharif,rajasthan,karauli
Rajasthan,KARAULI,Moong(Green Gram),2010,Kharif,rajasthan,karauli
Rajasthan,KARAULI,Moth,2010,Kharif,rajasthan,karauli
Rajasthan,KARAULI,Rice,2010,Kharif,rajasthan,karauli
Rajasthan,KARAULI,Sesamum,2010,Kharif,rajasthan,karauli
Rajasthan,KARAULI,Urad,2010,Kharif,rajasthan,karauli
Rajasthan,KARAULI,Barley,2010,Rabi,rajasthan,karauli
Rajasthan,KARAULI,Gram,2010,Rabi,rajasthan,karauli
Rajasthan,KARAULI,Masoor,2010,Rabi,rajasthan,karauli
Rajasthan,KARAULI,Other  Rabi pulses,2010,Rabi,rajasthan,karauli
Rajasthan,KARAULI,other oilseeds,2010,Rabi,rajasthan,karauli
Rajasthan,KARAULI,Rapeseed &Mustard,2010,Rabi,rajasthan,karauli
Rajasthan,KARAULI,Wheat,2010,Rabi,rajasthan,karauli
Rajasthan,KARAULI,Coriander,2010,Whole Year,rajasthan,karauli
Rajasthan,KARAULI,Dry chillies,2010,Whole Year,rajasthan,karauli
Rajasthan,KARAULI,Guar seed,2010,Whole Year,rajasthan,karauli
Rajasthan,KARAULI,Onion,2010,Whole Year,rajasthan,karauli
Rajasthan,KARAULI,Potato,2010,Whole Year,rajasthan,karauli
Rajasthan,KARAULI,Sannhamp,2010,Whole Year,rajasthan,karauli
Rajasthan,KARAULI,Sugarcane,2010,Whole Year,rajasthan,karauli
Rajasthan,KARAULI,Sweet potato,2010,Whole Year,rajasthan,karauli
Rajasthan,KARAULI,Tobacco,2010,Whole Year,rajasthan,karauli
Rajasthan,KOTA,Arhar/Tur,2010,Kharif,rajasthan,kota
Rajasthan,KOTA,Bajra,2010,Kharif,rajasthan,kota
Rajasthan,KOTA,Cotton(lint),2010,Kharif,rajasthan,kota
Rajasthan,KOTA,Groundnut,2010,Kharif,rajasthan,kota
Rajasthan,KOTA,Jowar,2010,Kharif,rajasthan,kota
Rajasthan,KOTA,Maize,2010,Kharif,rajasthan,kota
Rajasthan,KOTA,Moong(Green Gram),2010,Kharif,rajasthan,kota
Rajasthan,KOTA,Other Kharif pulses,2010,Kharif,rajasthan,kota
Rajasthan,KOTA,Rice,2010,Kharif,rajasthan,kota
Rajasthan,KOTA,Sesamum,2010,Kharif,rajasthan,kota
Rajasthan,KOTA,Soyabean,2010,Kharif,rajasthan,kota
Rajasthan,KOTA,Urad,2010,Kharif,rajasthan,kota
Rajasthan,KOTA,Barley,2010,Rabi,rajasthan,kota
Rajasthan,KOTA,Gram,2010,Rabi,rajasthan,kota
Rajasthan,KOTA,Linseed,2010,Rabi,rajasthan,kota
Rajasthan,KOTA,Masoor,2010,Rabi,rajasthan,kota
Rajasthan,KOTA,Other  Rabi pulses,2010,Rabi,rajasthan,kota
Rajasthan,KOTA,other oilseeds,2010,Rabi,rajasthan,kota
Rajasthan,KOTA,Rapeseed &Mustard,2010,Rabi,rajasthan,kota
Rajasthan,KOTA,Wheat,2010,Rabi,rajasthan,kota
Rajasthan,KOTA,Coriander,2010,Whole Year,rajasthan,kota
Rajasthan,KOTA,Dry chillies,2010,Whole Year,rajasthan,kota
Rajasthan,KOTA,Garlic,2010,Whole Year,rajasthan,kota
Rajasthan,KOTA,Onion,2010,Whole Year,rajasthan,kota
Rajasthan,KOTA,Potato,2010,Whole Year,rajasthan,kota
Rajasthan,KOTA,Sugarcane,2010,Whole Year,rajasthan,kota
Rajasthan,NAGAUR,Bajra,2010,Kharif,rajasthan,nagaur
Rajasthan,NAGAUR,Castor seed,2010,Kharif,rajasthan,nagaur
Rajasthan,NAGAUR,Cotton(lint),2010,Kharif,rajasthan,nagaur
Rajasthan,NAGAUR,Groundnut,2010,Kharif,rajasthan,nagaur
Rajasthan,NAGAUR,Jowar,2010,Kharif,rajasthan,nagaur
Rajasthan,NAGAUR,Maize,2010,Kharif,rajasthan,nagaur
Rajasthan,NAGAUR,Moong(Green Gram),2010,Kharif,rajasthan,nagaur
Rajasthan,NAGAUR,Moth,2010,Kharif,rajasthan,nagaur
Rajasthan,NAGAUR,Other Kharif pulses,2010,Kharif,rajasthan,nagaur
Rajasthan,NAGAUR,Sesamum,2010,Kharif,rajasthan,nagaur
Rajasthan,NAGAUR,Sunflower,2010,Kharif,rajasthan,nagaur
Rajasthan,NAGAUR,Barley,2010,Rabi,rajasthan,nagaur
Rajasthan,NAGAUR,Gram,2010,Rabi,rajasthan,nagaur
Rajasthan,NAGAUR,Linseed,2010,Rabi,rajasthan,nagaur
Rajasthan,NAGAUR,Other  Rabi pulses,2010,Rabi,rajasthan,nagaur
Rajasthan,NAGAUR,other oilseeds,2010,Rabi,rajasthan,nagaur
Rajasthan,NAGAUR,Rapeseed &Mustard,2010,Rabi,rajasthan,nagaur
Rajasthan,NAGAUR,Wheat,2010,Rabi,rajasthan,nagaur
Rajasthan,NAGAUR,Coriander,2010,Whole Year,rajasthan,nagaur
Rajasthan,NAGAUR,Dry chillies,2010,Whole Year,rajasthan,nagaur
Rajasthan,NAGAUR,Garlic,2010,Whole Year,rajasthan,nagaur
Rajasthan,NAGAUR,Guar seed,2010,Whole Year,rajasthan,nagaur
Rajasthan,NAGAUR,Onion,2010,Whole Year,rajasthan,nagaur
Rajasthan,NAGAUR,Sugarcane,2010,Whole Year,rajasthan,nagaur
Rajasthan,NAGAUR,Sweet potato,2010,Whole Year,rajasthan,nagaur
Rajasthan,PALI,Arhar/Tur,2010,Kharif,rajasthan,pali
Rajasthan,PALI,Bajra,2010,Kharif,rajasthan,pali
Rajasthan,PALI,Castor seed,2010,Kharif,rajasthan,pali
Rajasthan,PALI,Cotton(lint),2010,Kharif,rajasthan,pali
Rajasthan,PALI,Groundnut,2010,Kharif,rajasthan,pali
Rajasthan,PALI,Jowar,2010,Kharif,rajasthan,pali
Rajasthan,PALI,Maize,2010,Kharif,rajasthan,pali
Rajasthan,PALI,Moong(Green Gram),2010,Kharif,rajasthan,pali
Rajasthan,PALI,Moth,2010,Kharif,rajasthan,pali
Rajasthan,PALI,Other Kharif pulses,2010,Kharif,rajasthan,pali
Rajasthan,PALI,Sesamum,2010,Kharif,rajasthan,pali
Rajasthan,PALI,Small millets,2010,Kharif,rajasthan,pali
Rajasthan,PALI,Urad,2010,Kharif,rajasthan,pali
Rajasthan,PALI,Barley,2010,Rabi,rajasthan,pali
Rajasthan,PALI,Gram,2010,Rabi,rajasthan,pali
Rajasthan,PALI,Linseed,2010,Rabi,rajasthan,pali
Rajasthan,PALI,Masoor,2010,Rabi,rajasthan,pali
Rajasthan,PALI,other oilseeds,2010,Rabi,rajasthan,pali
Rajasthan,PALI,Rapeseed &Mustard,2010,Rabi,rajasthan,pali
Rajasthan,PALI,Wheat,2010,Rabi,rajasthan,pali
Rajasthan,PALI,Coriander,2010,Whole Year,rajasthan,pali
Rajasthan,PALI,Dry chillies,2010,Whole Year,rajasthan,pali
Rajasthan,PALI,Garlic,2010,Whole Year,rajasthan,pali
Rajasthan,PALI,Guar seed,2010,Whole Year,rajasthan,pali
Rajasthan,PALI,Onion,2010,Whole Year,rajasthan,pali
Rajasthan,PALI,Sannhamp,2010,Whole Year,rajasthan,pali
Rajasthan,PALI,Sweet potato,2010,Whole Year,rajasthan,pali
Rajasthan,PRATAPGARH,Arhar/Tur,2010,Kharif,rajasthan,pratapgarh
Rajasthan,PRATAPGARH,Bajra,2010,Kharif,rajasthan,pratapgarh
Rajasthan,PRATAPGARH,Castor seed,2010,Kharif,rajasthan,pratapgarh
Rajasthan,PRATAPGARH,Cotton(lint),2010,Kharif,rajasthan,pratapgarh
Rajasthan,PRATAPGARH,Groundnut,2010,Kharif,rajasthan,pratapgarh
Rajasthan,PRATAPGARH,Jowar,2010,Kharif,rajasthan,pratapgarh
Rajasthan,PRATAPGARH,Maize,2010,Kharif,rajasthan,pratapgarh
Rajasthan,PRATAPGARH,Moong(Green Gram),2010,Kharif,rajasthan,pratapgarh
Rajasthan,PRATAPGARH,Other Kharif pulses,2010,Kharif,rajasthan,pratapgarh
Rajasthan,PRATAPGARH,Rice,2010,Kharif,rajasthan,pratapgarh
Rajasthan,PRATAPGARH,Sesamum,2010,Kharif,rajasthan,pratapgarh
Rajasthan,PRATAPGARH,Small millets,2010,Kharif,rajasthan,pratapgarh
Rajasthan,PRATAPGARH,Soyabean,2010,Kharif,rajasthan,pratapgarh
Rajasthan,PRATAPGARH,Urad,2010,Kharif,rajasthan,pratapgarh
Rajasthan,PRATAPGARH,Barley,2010,Rabi,rajasthan,pratapgarh
Rajasthan,PRATAPGARH,Gram,2010,Rabi,rajasthan,pratapgarh
Rajasthan,PRATAPGARH,Linseed,2010,Rabi,rajasthan,pratapgarh
Rajasthan,PRATAPGARH,Masoor,2010,Rabi,rajasthan,pratapgarh
Rajasthan,PRATAPGARH,Other  Rabi pulses,2010,Rabi,rajasthan,pratapgarh
Rajasthan,PRATAPGARH,other oilseeds,2010,Rabi,rajasthan,pratapgarh
Rajasthan,PRATAPGARH,Rapeseed &Mustard,2010,Rabi,rajasthan,pratapgarh
Rajasthan,PRATAPGARH,Wheat,2010,Rabi,rajasthan,pratapgarh
Rajasthan,PRATAPGARH,Coriander,2010,Whole Year,rajasthan,pratapgarh
Rajasthan,PRATAPGARH,Dry chillies,2010,Whole Year,rajasthan,pratapgarh
Rajasthan,PRATAPGARH,Garlic,2010,Whole Year,rajasthan,pratapgarh
Rajasthan,PRATAPGARH,Guar seed,2010,Whole Year,rajasthan,pratapgarh
Rajasthan,PRATAPGARH,Onion,2010,Whole Year,rajasthan,pratapgarh
Rajasthan,PRATAPGARH,Sannhamp,2010,Whole Year,rajasthan,pratapgarh
Rajasthan,PRATAPGARH,Sugarcane,2010,Whole Year,rajasthan,pratapgarh
Rajasthan,RAJSAMAND,Bajra,2010,Kharif,rajasthan,rajsamand
Rajasthan,RAJSAMAND,Cotton(lint),2010,Kharif,rajasthan,rajsamand
Rajasthan,RAJSAMAND,Groundnut,2010,Kharif,rajasthan,rajsamand
Rajasthan,RAJSAMAND,Jowar,2010,Kharif,rajasthan,rajsamand
Rajasthan,RAJSAMAND,Maize,2010,Kharif,rajasthan,rajsamand
Rajasthan,RAJSAMAND,Moong(Green Gram),2010,Kharif,rajasthan,rajsamand
Rajasthan,RAJSAMAND,Moth,2010,Kharif,rajasthan,rajsamand
Rajasthan,RAJSAMAND,Other Kharif pulses,2010,Kharif,rajasthan,rajsamand
Rajasthan,RAJSAMAND,Rice,2010,Kharif,rajasthan,rajsamand
Rajasthan,RAJSAMAND,Sesamum,2010,Kharif,rajasthan,rajsamand
Rajasthan,RAJSAMAND,Small millets,2010,Kharif,rajasthan,rajsamand
Rajasthan,RAJSAMAND,Urad,2010,Kharif,rajasthan,rajsamand
Rajasthan,RAJSAMAND,Barley,2010,Rabi,rajasthan,rajsamand
Rajasthan,RAJSAMAND,Gram,2010,Rabi,rajasthan,rajsamand
Rajasthan,RAJSAMAND,Linseed,2010,Rabi,rajasthan,rajsamand
Rajasthan,RAJSAMAND,other oilseeds,2010,Rabi,rajasthan,rajsamand
Rajasthan,RAJSAMAND,Rapeseed &Mustard,2010,Rabi,rajasthan,rajsamand
Rajasthan,RAJSAMAND,Wheat,2010,Rabi,rajasthan,rajsamand
Rajasthan,RAJSAMAND,Coriander,2010,Whole Year,rajasthan,rajsamand
Rajasthan,RAJSAMAND,Dry chillies,2010,Whole Year,rajasthan,rajsamand
Rajasthan,RAJSAMAND,Garlic,2010,Whole Year,rajasthan,rajsamand
Rajasthan,RAJSAMAND,Guar seed,2010,Whole Year,rajasthan,rajsamand
Rajasthan,RAJSAMAND,Onion,2010,Whole Year,rajasthan,rajsamand
Rajasthan,RAJSAMAND,Potato,2010,Whole Year,rajasthan,rajsamand
Rajasthan,RAJSAMAND,Sannhamp,2010,Whole Year,rajasthan,rajsamand
Rajasthan,RAJSAMAND,Sugarcane,2010,Whole Year,rajasthan,rajsamand
Rajasthan,RAJSAMAND,Tobacco,2010,Whole Year,rajasthan,rajsamand
Rajasthan,SAWAI MADHOPUR,Arhar/Tur,2010,Kharif,rajasthan,sawai madhopur
Rajasthan,SAWAI MADHOPUR,Bajra,2010,Kharif,rajasthan,sawai madhopur
Rajasthan,SAWAI MADHOPUR,Groundnut,2010,Kharif,rajasthan,sawai madhopur
Rajasthan,SAWAI MADHOPUR,Jowar,2010,Kharif,rajasthan,sawai madhopur
Rajasthan,SAWAI MADHOPUR,Maize,2010,Kharif,rajasthan,sawai madhopur
Rajasthan,SAWAI MADHOPUR,Moong(Green Gram),2010,Kharif,rajasthan,sawai madhopur
Rajasthan,SAWAI MADHOPUR,Moth,2010,Kharif,rajasthan,sawai madhopur
Rajasthan,SAWAI MADHOPUR,Other Kharif pulses,2010,Kharif,rajasthan,sawai madhopur
Rajasthan,SAWAI MADHOPUR,Rice,2010,Kharif,rajasthan,sawai madhopur
Rajasthan,SAWAI MADHOPUR,Sesamum,2010,Kharif,rajasthan,sawai madhopur
Rajasthan,SAWAI MADHOPUR,Soyabean,2010,Kharif,rajasthan,sawai madhopur
Rajasthan,SAWAI MADHOPUR,Urad,2010,Kharif,rajasthan,sawai madhopur
Rajasthan,SAWAI MADHOPUR,Barley,2010,Rabi,rajasthan,sawai madhopur
Rajasthan,SAWAI MADHOPUR,Gram,2010,Rabi,rajasthan,sawai madhopur
Rajasthan,SAWAI MADHOPUR,Linseed,2010,Rabi,rajasthan,sawai madhopur
Rajasthan,SAWAI MADHOPUR,Masoor,2010,Rabi,rajasthan,sawai madhopur
Rajasthan,SAWAI MADHOPUR,Other  Rabi pulses,2010,Rabi,rajasthan,sawai madhopur
Rajasthan,SAWAI MADHOPUR,other oilseeds,2010,Rabi,rajasthan,sawai madhopur
Rajasthan,SAWAI MADHOPUR,Rapeseed &Mustard,2010,Rabi,rajasthan,sawai madhopur
Rajasthan,SAWAI MADHOPUR,Wheat,2010,Rabi,rajasthan,sawai madhopur
Rajasthan,SAWAI MADHOPUR,Coriander,2010,Whole Year,rajasthan,sawai madhopur
Rajasthan,SAWAI MADHOPUR,Dry chillies,2010,Whole Year,rajasthan,sawai madhopur
Rajasthan,SAWAI MADHOPUR,Garlic,2010,Whole Year,rajasthan,sawai madhopur
Rajasthan,SAWAI MADHOPUR,Guar seed,2010,Whole Year,rajasthan,sawai madhopur
Rajasthan,SAWAI MADHOPUR,Onion,2010,Whole Year,rajasthan,sawai madhopur
Rajasthan,SAWAI MADHOPUR,Potato,2010,Whole Year,rajasthan,sawai madhopur
Rajasthan,SAWAI MADHOPUR,Sannhamp,2010,Whole Year,rajasthan,sawai madhopur
Rajasthan,SAWAI MADHOPUR,Sugarcane,2010,Whole Year,rajasthan,sawai madhopur
Rajasthan,SAWAI MADHOPUR,Sweet potato,2010,Whole Year,rajasthan,sawai madhopur
Rajasthan,SIKAR,Arhar/Tur,2010,Kharif,rajasthan,sikar
Rajasthan,SIKAR,Bajra,2010,Kharif,rajasthan,sikar
Rajasthan,SIKAR,Castor seed,2010,Kharif,rajasthan,sikar
Rajasthan,SIKAR,Cotton(lint),2010,Kharif,rajasthan,sikar
Rajasthan,SIKAR,Groundnut,2010,Kharif,rajasthan,sikar
Rajasthan,SIKAR,Jowar,2010,Kharif,rajasthan,sikar
Rajasthan,SIKAR,Maize,2010,Kharif,rajasthan,sikar
Rajasthan,SIKAR,Moong(Green Gram),2010,Kharif,rajasthan,sikar
Rajasthan,SIKAR,Moth,2010,Kharif,rajasthan,sikar
Rajasthan,SIKAR,Other Kharif pulses,2010,Kharif,rajasthan,sikar
Rajasthan,SIKAR,Sesamum,2010,Kharif,rajasthan,sikar
Rajasthan,SIKAR,Barley,2010,Rabi,rajasthan,sikar
Rajasthan,SIKAR,Gram,2010,Rabi,rajasthan,sikar
Rajasthan,SIKAR,Masoor,2010,Rabi,rajasthan,sikar
Rajasthan,SIKAR,other oilseeds,2010,Rabi,rajasthan,sikar
Rajasthan,SIKAR,Rapeseed &Mustard,2010,Rabi,rajasthan,sikar
Rajasthan,SIKAR,Wheat,2010,Rabi,rajasthan,sikar
Rajasthan,SIKAR,Coriander,2010,Whole Year,rajasthan,sikar
Rajasthan,SIKAR,Dry chillies,2010,Whole Year,rajasthan,sikar
Rajasthan,SIKAR,Garlic,2010,Whole Year,rajasthan,sikar
Rajasthan,SIKAR,Guar seed,2010,Whole Year,rajasthan,sikar
Rajasthan,SIKAR,Onion,2010,Whole Year,rajasthan,sikar
Rajasthan,SIKAR,Potato,2010,Whole Year,rajasthan,sikar
Rajasthan,SIKAR,Sugarcane,2010,Whole Year,rajasthan,sikar
Rajasthan,SIKAR,Sweet potato,2010,Whole Year,rajasthan,sikar
Rajasthan,SIROHI,Arhar/Tur,2010,Kharif,rajasthan,sirohi
Rajasthan,SIROHI,Bajra,2010,Kharif,rajasthan,sirohi
Rajasthan,SIROHI,Castor seed,2010,Kharif,rajasthan,sirohi
Rajasthan,SIROHI,Cotton(lint),2010,Kharif,rajasthan,sirohi
Rajasthan,SIROHI,Groundnut,2010,Kharif,rajasthan,sirohi
Rajasthan,SIROHI,Jowar,2010,Kharif,rajasthan,sirohi
Rajasthan,SIROHI,Maize,2010,Kharif,rajasthan,sirohi
Rajasthan,SIROHI,Moong(Green Gram),2010,Kharif,rajasthan,sirohi
Rajasthan,SIROHI,Moth,2010,Kharif,rajasthan,sirohi
Rajasthan,SIROHI,Other Kharif pulses,2010,Kharif,rajasthan,sirohi
Rajasthan,SIROHI,Sesamum,2010,Kharif,rajasthan,sirohi
Rajasthan,SIROHI,Small millets,2010,Kharif,rajasthan,sirohi
Rajasthan,SIROHI,Soyabean,2010,Kharif,rajasthan,sirohi
Rajasthan,SIROHI,Urad,2010,Kharif,rajasthan,sirohi
Rajasthan,SIROHI,Barley,2010,Rabi,rajasthan,sirohi
Rajasthan,SIROHI,Gram,2010,Rabi,rajasthan,sirohi
Rajasthan,SIROHI,Linseed,2010,Rabi,rajasthan,sirohi
Rajasthan,SIROHI,other oilseeds,2010,Rabi,rajasthan,sirohi
Rajasthan,SIROHI,Rapeseed &Mustard,2010,Rabi,rajasthan,sirohi
Rajasthan,SIROHI,Small millets,2010,Rabi,rajasthan,sirohi
Rajasthan,SIROHI,Wheat,2010,Rabi,rajasthan,sirohi
Rajasthan,SIROHI,Coriander,2010,Whole Year,rajasthan,sirohi
Rajasthan,SIROHI,Dry chillies,2010,Whole Year,rajasthan,sirohi
Rajasthan,SIROHI,Garlic,2010,Whole Year,rajasthan,sirohi
Rajasthan,SIROHI,Guar seed,2010,Whole Year,rajasthan,sirohi
Rajasthan,SIROHI,Onion,2010,Whole Year,rajasthan,sirohi
Rajasthan,SIROHI,Potato,2010,Whole Year,rajasthan,sirohi
Rajasthan,SIROHI,Sannhamp,2010,Whole Year,rajasthan,sirohi
Rajasthan,TONK,Arhar/Tur,2010,Kharif,rajasthan,tonk
Rajasthan,TONK,Bajra,2010,Kharif,rajasthan,tonk
Rajasthan,TONK,Castor seed,2010,Kharif,rajasthan,tonk
Rajasthan,TONK,Cotton(lint),2010,Kharif,rajasthan,tonk
Rajasthan,TONK,Groundnut,2010,Kharif,rajasthan,tonk
Rajasthan,TONK,Jowar,2010,Kharif,rajasthan,tonk
Rajasthan,TONK,Maize,2010,Kharif,rajasthan,tonk
Rajasthan,TONK,Moong(Green Gram),2010,Kharif,rajasthan,tonk
Rajasthan,TONK,Moth,2010,Kharif,rajasthan,tonk
Rajasthan,TONK,Other Kharif pulses,2010,Kharif,rajasthan,tonk
Rajasthan,TONK,Rice,2010,Kharif,rajasthan,tonk
Rajasthan,TONK,Sesamum,2010,Kharif,rajasthan,tonk
Rajasthan,TONK,Soyabean,2010,Kharif,rajasthan,tonk
Rajasthan,TONK,Urad,2010,Kharif,rajasthan,tonk
Rajasthan,TONK,Barley,2010,Rabi,rajasthan,tonk
Rajasthan,TONK,Gram,2010,Rabi,rajasthan,tonk
Rajasthan,TONK,Linseed,2010,Rabi,rajasthan,tonk
Rajasthan,TONK,Masoor,2010,Rabi,rajasthan,tonk
Rajasthan,TONK,Other  Rabi pulses,2010,Rabi,rajasthan,tonk
Rajasthan,TONK,other oilseeds,2010,Rabi,rajasthan,tonk
Rajasthan,TONK,Rapeseed &Mustard,2010,Rabi,rajasthan,tonk
Rajasthan,TONK,Wheat,2010,Rabi,rajasthan,tonk
Rajasthan,TONK,Coriander,2010,Whole Year,rajasthan,tonk
Rajasthan,TONK,Dry chillies,2010,Whole Year,rajasthan,tonk
Rajasthan,TONK,Garlic,2010,Whole Year,rajasthan,tonk
Rajasthan,TONK,Guar seed,2010,Whole Year,rajasthan,tonk
Rajasthan,TONK,Onion,2010,Whole Year,rajasthan,tonk
Rajasthan,TONK,Potato,2010,Whole Year,rajasthan,tonk
Rajasthan,TONK,Sannhamp,2010,Whole Year,rajasthan,tonk
Rajasthan,TONK,Sugarcane,2010,Whole Year,rajasthan,tonk
Rajasthan,TONK,Sweet potato,2010,Whole Year,rajasthan,tonk
Rajasthan,UDAIPUR,Arhar/Tur,2010,Kharif,rajasthan,udaipur
Rajasthan,UDAIPUR,Bajra,2010,Kharif,rajasthan,udaipur
Rajasthan,UDAIPUR,Castor seed,2010,Kharif,rajasthan,udaipur
Rajasthan,UDAIPUR,Cotton(lint),2010,Kharif,rajasthan,udaipur
Rajasthan,UDAIPUR,Dry ginger,2010,Kharif,rajasthan,udaipur
Rajasthan,UDAIPUR,Groundnut,2010,Kharif,rajasthan,udaipur
Rajasthan,UDAIPUR,Jowar,2010,Kharif,rajasthan,udaipur
Rajasthan,UDAIPUR,Maize,2010,Kharif,rajasthan,udaipur
Rajasthan,UDAIPUR,Moong(Green Gram),2010,Kharif,rajasthan,udaipur
Rajasthan,UDAIPUR,Moth,2010,Kharif,rajasthan,udaipur
Rajasthan,UDAIPUR,Other Kharif pulses,2010,Kharif,rajasthan,udaipur
Rajasthan,UDAIPUR,Rice,2010,Kharif,rajasthan,udaipur
Rajasthan,UDAIPUR,Sesamum,2010,Kharif,rajasthan,udaipur
Rajasthan,UDAIPUR,Small millets,2010,Kharif,rajasthan,udaipur
Rajasthan,UDAIPUR,Soyabean,2010,Kharif,rajasthan,udaipur
Rajasthan,UDAIPUR,Urad,2010,Kharif,rajasthan,udaipur
Rajasthan,UDAIPUR,Barley,2010,Rabi,rajasthan,udaipur
Rajasthan,UDAIPUR,Gram,2010,Rabi,rajasthan,udaipur
Rajasthan,UDAIPUR,Other  Rabi pulses,2010,Rabi,rajasthan,udaipur
Rajasthan,UDAIPUR,other oilseeds,2010,Rabi,rajasthan,udaipur
Rajasthan,UDAIPUR,Rapeseed &Mustard,2010,Rabi,rajasthan,udaipur
Rajasthan,UDAIPUR,Small millets,2010,Rabi,rajasthan,udaipur
Rajasthan,UDAIPUR,Wheat,2010,Rabi,rajasthan,udaipur
Rajasthan,UDAIPUR,Coriander,2010,Whole Year,rajasthan,udaipur
Rajasthan,UDAIPUR,Dry chillies,2010,Whole Year,rajasthan,udaipur
Rajasthan,UDAIPUR,Garlic,2010,Whole Year,rajasthan,udaipur
Rajasthan,UDAIPUR,Guar seed,2010,Whole Year,rajasthan,udaipur
Rajasthan,UDAIPUR,Onion,2010,Whole Year,rajasthan,udaipur
Rajasthan,UDAIPUR,Potato,2010,Whole Year,rajasthan,udaipur
Rajasthan,UDAIPUR,Sannhamp,2010,Whole Year,rajasthan,udaipur
Rajasthan,UDAIPUR,Sugarcane,2010,Whole Year,rajasthan,udaipur
Rajasthan,UDAIPUR,Turmeric,2010,Whole Year,rajasthan,udaipur
Sikkim,EAST DISTRICT,Maize,2010,Kharif,sikkim,east district
Sikkim,EAST DISTRICT,Other Kharif pulses,2010,Kharif,sikkim,east district
Sikkim,EAST DISTRICT,Rice,2010,Kharif,sikkim,east district
Sikkim,EAST DISTRICT,Small millets,2010,Kharif,sikkim,east district
Sikkim,EAST DISTRICT,Soyabean,2010,Kharif,sikkim,east district
Sikkim,EAST DISTRICT,Urad,2010,Kharif,sikkim,east district
Sikkim,EAST DISTRICT,Barley,2010,Rabi,sikkim,east district
Sikkim,EAST DISTRICT,Other Cereals & Millets,2010,Rabi,sikkim,east district
Sikkim,EAST DISTRICT,Rapeseed &Mustard,2010,Rabi,sikkim,east district
Sikkim,EAST DISTRICT,Wheat,2010,Rabi,sikkim,east district
Sikkim,NORTH DISTRICT,Maize,2010,Kharif,sikkim,north district
Sikkim,NORTH DISTRICT,Other Kharif pulses,2010,Kharif,sikkim,north district
Sikkim,NORTH DISTRICT,Rice,2010,Kharif,sikkim,north district
Sikkim,NORTH DISTRICT,Small millets,2010,Kharif,sikkim,north district
Sikkim,NORTH DISTRICT,Soyabean,2010,Kharif,sikkim,north district
Sikkim,NORTH DISTRICT,Urad,2010,Kharif,sikkim,north district
Sikkim,NORTH DISTRICT,Barley,2010,Rabi,sikkim,north district
Sikkim,NORTH DISTRICT,Other Cereals & Millets,2010,Rabi,sikkim,north district
Sikkim,NORTH DISTRICT,Rapeseed &Mustard,2010,Rabi,sikkim,north district
Sikkim,NORTH DISTRICT,Wheat,2010,Rabi,sikkim,north district
Sikkim,SOUTH DISTRICT,Maize,2010,Kharif,sikkim,south district
Sikkim,SOUTH DISTRICT,Other Kharif pulses,2010,Kharif,sikkim,south district
Sikkim,SOUTH DISTRICT,Rice,2010,Kharif,sikkim,south district
Sikkim,SOUTH DISTRICT,Small millets,2010,Kharif,sikkim,south district
Sikkim,SOUTH DISTRICT,Soyabean,2010,Kharif,sikkim,south district
Sikkim,SOUTH DISTRICT,Urad,2010,Kharif,sikkim,south district
Sikkim,SOUTH DISTRICT,Barley,2010,Rabi,sikkim,south district
Sikkim,SOUTH DISTRICT,Other Cereals & Millets,2010,Rabi,sikkim,south district
Sikkim,SOUTH DISTRICT,Rapeseed &Mustard,2010,Rabi,sikkim,south district
Sikkim,SOUTH DISTRICT,Wheat,2010,Rabi,sikkim,south district
Sikkim,WEST DISTRICT,Maize,2010,Kharif,sikkim,west district
Sikkim,WEST DISTRICT,Other Kharif pulses,2010,Kharif,sikkim,west district
Sikkim,WEST DISTRICT,Rice,2010,Kharif,sikkim,west district
Sikkim,WEST DISTRICT,Small millets,2010,Kharif,sikkim,west district
Sikkim,WEST DISTRICT,Soyabean,2010,Kharif,sikkim,west district
Sikkim,WEST DISTRICT,Urad,2010,Kharif,sikkim,west district
Sikkim,WEST DISTRICT,Barley,2010,Rabi,sikkim,west district
Sikkim,WEST DISTRICT,Other Cereals & Millets,2010,Rabi,sikkim,west district
Sikkim,WEST DISTRICT,Rapeseed &Mustard,2010,Rabi,sikkim,west district
Sikkim,WEST DISTRICT,Wheat,2010,Rabi,sikkim,west district
Tamil Nadu,ARIYALUR,Arhar/Tur,2010,Kharif,tamil nadu,ariyalur
Tamil Nadu,ARIYALUR,Castor seed,2010,Kharif,tamil nadu,ariyalur
Tamil Nadu,ARIYALUR,Cotton(lint),2010,Kharif,tamil nadu,ariyalur
Tamil Nadu,ARIYALUR,Groundnut,2010,Kharif,tamil nadu,ariyalur
Tamil Nadu,ARIYALUR,Maize,2010,Kharif,tamil nadu,ariyalur
Tamil Nadu,ARIYALUR,Moong(Green Gram),2010,Kharif,tamil nadu,ariyalur
Tamil Nadu,ARIYALUR,Ragi,2010,Kharif,tamil nadu,ariyalur
Tamil Nadu,ARIYALUR,Rice,2010,Kharif,tamil nadu,ariyalur
Tamil Nadu,ARIYALUR,Sunflower,2010,Kharif,tamil nadu,ariyalur
Tamil Nadu,ARIYALUR,Urad,2010,Kharif,tamil nadu,ariyalur
Tamil Nadu,ARIYALUR,Sugarcane,2010,Whole Year,tamil nadu,ariyalur
Tamil Nadu,COIMBATORE,Arhar/Tur,2010,Kharif,tamil nadu,coimbatore
Tamil Nadu,COIMBATORE,Castor seed,2010,Kharif,tamil nadu,coimbatore
Tamil Nadu,COIMBATORE,Cotton(lint),2010,Kharif,tamil nadu,coimbatore
Tamil Nadu,COIMBATORE,Groundnut,2010,Kharif,tamil nadu,coimbatore
Tamil Nadu,COIMBATORE,Horse-gram,2010,Kharif,tamil nadu,coimbatore
Tamil Nadu,COIMBATORE,Maize,2010,Kharif,tamil nadu,coimbatore
Tamil Nadu,COIMBATORE,Moong(Green Gram),2010,Kharif,tamil nadu,coimbatore
Tamil Nadu,COIMBATORE,Ragi,2010,Kharif,tamil nadu,coimbatore
Tamil Nadu,COIMBATORE,Rice,2010,Kharif,tamil nadu,coimbatore
Tamil Nadu,COIMBATORE,Sunflower,2010,Kharif,tamil nadu,coimbatore
Tamil Nadu,COIMBATORE,Urad,2010,Kharif,tamil nadu,coimbatore
Tamil Nadu,COIMBATORE,Gram,2010,Rabi,tamil nadu,coimbatore
Tamil Nadu,COIMBATORE,Sugarcane,2010,Whole Year,tamil nadu,coimbatore
Tamil Nadu,CUDDALORE,Arhar/Tur,2010,Kharif,tamil nadu,cuddalore
Tamil Nadu,CUDDALORE,Castor seed,2010,Kharif,tamil nadu,cuddalore
Tamil Nadu,CUDDALORE,Cotton(lint),2010,Kharif,tamil nadu,cuddalore
Tamil Nadu,CUDDALORE,Groundnut,2010,Kharif,tamil nadu,cuddalore
Tamil Nadu,CUDDALORE,Horse-gram,2010,Kharif,tamil nadu,cuddalore
Tamil Nadu,CUDDALORE,Maize,2010,Kharif,tamil nadu,cuddalore
Tamil Nadu,CUDDALORE,Moong(Green Gram),2010,Kharif,tamil nadu,cuddalore
Tamil Nadu,CUDDALORE,Ragi,2010,Kharif,tamil nadu,cuddalore
Tamil Nadu,CUDDALORE,Rice,2010,Kharif,tamil nadu,cuddalore
Tamil Nadu,CUDDALORE,Sunflower,2010,Kharif,tamil nadu,cuddalore
Tamil Nadu,CUDDALORE,Urad,2010,Kharif,tamil nadu,cuddalore
Tamil Nadu,CUDDALORE,Sugarcane,2010,Whole Year,tamil nadu,cuddalore
Tamil Nadu,DHARMAPURI,Arhar/Tur,2010,Kharif,tamil nadu,dharmapuri
Tamil Nadu,DHARMAPURI,Castor seed,2010,Kharif,tamil nadu,dharmapuri
Tamil Nadu,DHARMAPURI,Cotton(lint),2010,Kharif,tamil nadu,dharmapuri
Tamil Nadu,DHARMAPURI,Groundnut,2010,Kharif,tamil nadu,dharmapuri
Tamil Nadu,DHARMAPURI,Horse-gram,2010,Kharif,tamil nadu,dharmapuri
Tamil Nadu,DHARMAPURI,Maize,2010,Kharif,tamil nadu,dharmapuri
Tamil Nadu,DHARMAPURI,Moong(Green Gram),2010,Kharif,tamil nadu,dharmapuri
Tamil Nadu,DHARMAPURI,Ragi,2010,Kharif,tamil nadu,dharmapuri
Tamil Nadu,DHARMAPURI,Rice,2010,Kharif,tamil nadu,dharmapuri
Tamil Nadu,DHARMAPURI,Sunflower,2010,Kharif,tamil nadu,dharmapuri
Tamil Nadu,DHARMAPURI,Urad,2010,Kharif,tamil nadu,dharmapuri
Tamil Nadu,DHARMAPURI,Gram,2010,Rabi,tamil nadu,dharmapuri
Tamil Nadu,DHARMAPURI,Sugarcane,2010,Whole Year,tamil nadu,dharmapuri
Tamil Nadu,DINDIGUL,Arhar/Tur,2010,Kharif,tamil nadu,dindigul
Tamil Nadu,DINDIGUL,Castor seed,2010,Kharif,tamil nadu,dindigul
Tamil Nadu,DINDIGUL,Cotton(lint),2010,Kharif,tamil nadu,dindigul
Tamil Nadu,DINDIGUL,Groundnut,2010,Kharif,tamil nadu,dindigul
Tamil Nadu,DINDIGUL,Horse-gram,2010,Kharif,tamil nadu,dindigul
Tamil Nadu,DINDIGUL,Maize,2010,Kharif,tamil nadu,dindigul
Tamil Nadu,DINDIGUL,Moong(Green Gram),2010,Kharif,tamil nadu,dindigul
Tamil Nadu,DINDIGUL,Ragi,2010,Kharif,tamil nadu,dindigul
Tamil Nadu,DINDIGUL,Rice,2010,Kharif,tamil nadu,dindigul
Tamil Nadu,DINDIGUL,Sunflower,2010,Kharif,tamil nadu,dindigul
Tamil Nadu,DINDIGUL,Urad,2010,Kharif,tamil nadu,dindigul
Tamil Nadu,DINDIGUL,Gram,2010,Rabi,tamil nadu,dindigul
Tamil Nadu,DINDIGUL,Sugarcane,2010,Whole Year,tamil nadu,dindigul
Tamil Nadu,ERODE,Arhar/Tur,2010,Kharif,tamil nadu,erode
Tamil Nadu,ERODE,Castor seed,2010,Kharif,tamil nadu,erode
Tamil Nadu,ERODE,Cotton(lint),2010,Kharif,tamil nadu,erode
Tamil Nadu,ERODE,Groundnut,2010,Kharif,tamil nadu,erode
Tamil Nadu,ERODE,Horse-gram,2010,Kharif,tamil nadu,erode
Tamil Nadu,ERODE,Maize,2010,Kharif,tamil nadu,erode
Tamil Nadu,ERODE,Moong(Green Gram),2010,Kharif,tamil nadu,erode
Tamil Nadu,ERODE,Ragi,2010,Kharif,tamil nadu,erode
Tamil Nadu,ERODE,Rice,2010,Kharif,tamil nadu,erode
Tamil Nadu,ERODE,Sunflower,2010,Kharif,tamil nadu,erode
Tamil Nadu,ERODE,Urad,2010,Kharif,tamil nadu,erode
Tamil Nadu,ERODE,Sugarcane,2010,Whole Year,tamil nadu,erode
Tamil Nadu,KANCHIPURAM,Arhar/Tur,2010,Kharif,tamil nadu,kanchipuram
Tamil Nadu,KANCHIPURAM,Cotton(lint),2010,Kharif,tamil nadu,kanchipuram
Tamil Nadu,KANCHIPURAM,Groundnut,2010,Kharif,tamil nadu,kanchipuram
Tamil Nadu,KANCHIPURAM,Horse-gram,2010,Kharif,tamil nadu,kanchipuram
Tamil Nadu,KANCHIPURAM,Maize,2010,Kharif,tamil nadu,kanchipuram
Tamil Nadu,KANCHIPURAM,Moong(Green Gram),2010,Kharif,tamil nadu,kanchipuram
Tamil Nadu,KANCHIPURAM,Ragi,2010,Kharif,tamil nadu,kanchipuram
Tamil Nadu,KANCHIPURAM,Rice,2010,Kharif,tamil nadu,kanchipuram
Tamil Nadu,KANCHIPURAM,Sunflower,2010,Kharif,tamil nadu,kanchipuram
Tamil Nadu,KANCHIPURAM,Urad,2010,Kharif,tamil nadu,kanchipuram
Tamil Nadu,KANCHIPURAM,Sugarcane,2010,Whole Year,tamil nadu,kanchipuram
Tamil Nadu,KANNIYAKUMARI,Arhar/Tur,2010,Kharif,tamil nadu,kanniyakumari
Tamil Nadu,KANNIYAKUMARI,Groundnut,2010,Kharif,tamil nadu,kanniyakumari
Tamil Nadu,KANNIYAKUMARI,Rice,2010,Kharif,tamil nadu,kanniyakumari
Tamil Nadu,KANNIYAKUMARI,Urad,2010,Kharif,tamil nadu,kanniyakumari
Tamil Nadu,KANNIYAKUMARI,Sugarcane,2010,Whole Year,tamil nadu,kanniyakumari
Tamil Nadu,KARUR,Arhar/Tur,2010,Kharif,tamil nadu,karur
Tamil Nadu,KARUR,Castor seed,2010,Kharif,tamil nadu,karur
Tamil Nadu,KARUR,Cotton(lint),2010,Kharif,tamil nadu,karur
Tamil Nadu,KARUR,Groundnut,2010,Kharif,tamil nadu,karur
Tamil Nadu,KARUR,Horse-gram,2010,Kharif,tamil nadu,karur
Tamil Nadu,KARUR,Maize,2010,Kharif,tamil nadu,karur
Tamil Nadu,KARUR,Moong(Green Gram),2010,Kharif,tamil nadu,karur
Tamil Nadu,KARUR,Ragi,2010,Kharif,tamil nadu,karur
Tamil Nadu,KARUR,Rice,2010,Kharif,tamil nadu,karur
Tamil Nadu,KARUR,Sunflower,2010,Kharif,tamil nadu,karur
Tamil Nadu,KARUR,Urad,2010,Kharif,tamil nadu,karur
Tamil Nadu,KARUR,Sugarcane,2010,Whole Year,tamil nadu,karur
Tamil Nadu,KRISHNAGIRI,Arhar/Tur,2010,Kharif,tamil nadu,krishnagiri
Tamil Nadu,KRISHNAGIRI,Castor seed,2010,Kharif,tamil nadu,krishnagiri
Tamil Nadu,KRISHNAGIRI,Cotton(lint),2010,Kharif,tamil nadu,krishnagiri
Tamil Nadu,KRISHNAGIRI,Groundnut,2010,Kharif,tamil nadu,krishnagiri
Tamil Nadu,KRISHNAGIRI,Horse-gram,2010,Kharif,tamil nadu,krishnagiri
Tamil Nadu,KRISHNAGIRI,Maize,2010,Kharif,tamil nadu,krishnagiri
Tamil Nadu,KRISHNAGIRI,Moong(Green Gram),2010,Kharif,tamil nadu,krishnagiri
Tamil Nadu,KRISHNAGIRI,Ragi,2010,Kharif,tamil nadu,krishnagiri
Tamil Nadu,KRISHNAGIRI,Rice,2010,Kharif,tamil nadu,krishnagiri
Tamil Nadu,KRISHNAGIRI,Sunflower,2010,Kharif,tamil nadu,krishnagiri
Tamil Nadu,KRISHNAGIRI,Urad,2010,Kharif,tamil nadu,krishnagiri
Tamil Nadu,KRISHNAGIRI,Gram,2010,Rabi,tamil nadu,krishnagiri
Tamil Nadu,KRISHNAGIRI,Sugarcane,2010,Whole Year,tamil nadu,krishnagiri
Tamil Nadu,MADURAI,Arhar/Tur,2010,Kharif,tamil nadu,madurai
Tamil Nadu,MADURAI,Castor seed,2010,Kharif,tamil nadu,madurai
Tamil Nadu,MADURAI,Cotton(lint),2010,Kharif,tamil nadu,madurai
Tamil Nadu,MADURAI,Groundnut,2010,Kharif,tamil nadu,madurai
Tamil Nadu,MADURAI,Horse-gram,2010,Kharif,tamil nadu,madurai
Tamil Nadu,MADURAI,Maize,2010,Kharif,tamil nadu,madurai
Tamil Nadu,MADURAI,Moong(Green Gram),2010,Kharif,tamil nadu,madurai
Tamil Nadu,MADURAI,Ragi,2010,Kharif,tamil nadu,madurai
Tamil Nadu,MADURAI,Rice,2010,Kharif,tamil nadu,madurai
Tamil Nadu,MADURAI,Sunflower,2010,Kharif,tamil nadu,madurai
Tamil Nadu,MADURAI,Urad,2010,Kharif,tamil nadu,madurai
Tamil Nadu,MADURAI,Gram,2010,Rabi,tamil nadu,madurai
Tamil Nadu,MADURAI,Sugarcane,2010,Whole Year,tamil nadu,madurai
Tamil Nadu,NAGAPATTINAM,Cotton(lint),2010,Kharif,tamil nadu,nagapattinam
Tamil Nadu,NAGAPATTINAM,Groundnut,2010,Kharif,tamil nadu,nagapattinam
Tamil Nadu,NAGAPATTINAM,Maize,2010,Kharif,tamil nadu,nagapattinam
Tamil Nadu,NAGAPATTINAM,Moong(Green Gram),2010,Kharif,tamil nadu,nagapattinam
Tamil Nadu,NAGAPATTINAM,Rice,2010,Kharif,tamil nadu,nagapattinam
Tamil Nadu,NAGAPATTINAM,Urad,2010,Kharif,tamil nadu,nagapattinam
Tamil Nadu,NAGAPATTINAM,Sugarcane,2010,Whole Year,tamil nadu,nagapattinam
Tamil Nadu,NAMAKKAL,Arhar/Tur,2010,Kharif,tamil nadu,namakkal
Tamil Nadu,NAMAKKAL,Castor seed,2010,Kharif,tamil nadu,namakkal
Tamil Nadu,NAMAKKAL,Cotton(lint),2010,Kharif,tamil nadu,namakkal
Tamil Nadu,NAMAKKAL,Groundnut,2010,Kharif,tamil nadu,namakkal
Tamil Nadu,NAMAKKAL,Horse-gram,2010,Kharif,tamil nadu,namakkal
Tamil Nadu,NAMAKKAL,Maize,2010,Kharif,tamil nadu,namakkal
Tamil Nadu,NAMAKKAL,Moong(Green Gram),2010,Kharif,tamil nadu,namakkal
Tamil Nadu,NAMAKKAL,Ragi,2010,Kharif,tamil nadu,namakkal
Tamil Nadu,NAMAKKAL,Rice,2010,Kharif,tamil nadu,namakkal
Tamil Nadu,NAMAKKAL,Sunflower,2010,Kharif,tamil nadu,namakkal
Tamil Nadu,NAMAKKAL,Urad,2010,Kharif,tamil nadu,namakkal
Tamil Nadu,NAMAKKAL,Gram,2010,Rabi,tamil nadu,namakkal
Tamil Nadu,NAMAKKAL,Sugarcane,2010,Whole Year,tamil nadu,namakkal
Tamil Nadu,PERAMBALUR,Arhar/Tur,2010,Kharif,tamil nadu,perambalur
Tamil Nadu,PERAMBALUR,Castor seed,2010,Kharif,tamil nadu,perambalur
Tamil Nadu,PERAMBALUR,Cotton(lint),2010,Kharif,tamil nadu,perambalur
Tamil Nadu,PERAMBALUR,Groundnut,2010,Kharif,tamil nadu,perambalur
Tamil Nadu,PERAMBALUR,Horse-gram,2010,Kharif,tamil nadu,perambalur
Tamil Nadu,PERAMBALUR,Maize,2010,Kharif,tamil nadu,perambalur
Tamil Nadu,PERAMBALUR,Moong(Green Gram),2010,Kharif,tamil nadu,perambalur
Tamil Nadu,PERAMBALUR,Ragi,2010,Kharif,tamil nadu,perambalur
Tamil Nadu,PERAMBALUR,Rice,2010,Kharif,tamil nadu,perambalur
Tamil Nadu,PERAMBALUR,Sunflower,2010,Kharif,tamil nadu,perambalur
Tamil Nadu,PERAMBALUR,Urad,2010,Kharif,tamil nadu,perambalur
Tamil Nadu,PERAMBALUR,Gram,2010,Rabi,tamil nadu,perambalur
Tamil Nadu,PERAMBALUR,Sugarcane,2010,Whole Year,tamil nadu,perambalur
Tamil Nadu,PUDUKKOTTAI,Arhar/Tur,2010,Kharif,tamil nadu,pudukkottai
Tamil Nadu,PUDUKKOTTAI,Cotton(lint),2010,Kharif,tamil nadu,pudukkottai
Tamil Nadu,PUDUKKOTTAI,Groundnut,2010,Kharif,tamil nadu,pudukkottai
Tamil Nadu,PUDUKKOTTAI,Horse-gram,2010,Kharif,tamil nadu,pudukkottai
Tamil Nadu,PUDUKKOTTAI,Maize,2010,Kharif,tamil nadu,pudukkottai
Tamil Nadu,PUDUKKOTTAI,Moong(Green Gram),2010,Kharif,tamil nadu,pudukkottai
Tamil Nadu,PUDUKKOTTAI,Ragi,2010,Kharif,tamil nadu,pudukkottai
Tamil Nadu,PUDUKKOTTAI,Rice,2010,Kharif,tamil nadu,pudukkottai
Tamil Nadu,PUDUKKOTTAI,Sunflower,2010,Kharif,tamil nadu,pudukkottai
Tamil Nadu,PUDUKKOTTAI,Urad,2010,Kharif,tamil nadu,pudukkottai
Tamil Nadu,PUDUKKOTTAI,Sugarcane,2010,Whole Year,tamil nadu,pudukkottai
Tamil Nadu,RAMANATHAPURAM,Arhar/Tur,2010,Kharif,tamil nadu,ramanathapuram
Tamil Nadu,RAMANATHAPURAM,Castor seed,2010,Kharif,tamil nadu,ramanathapuram
Tamil Nadu,RAMANATHAPURAM,Cotton(lint),2010,Kharif,tamil nadu,ramanathapuram
Tamil Nadu,RAMANATHAPURAM,Groundnut,2010,Kharif,tamil nadu,ramanathapuram
Tamil Nadu,RAMANATHAPURAM,Maize,2010,Kharif,tamil nadu,ramanathapuram
Tamil Nadu,RAMANATHAPURAM,Moong(Green Gram),2010,Kharif,tamil nadu,ramanathapuram
Tamil Nadu,RAMANATHAPURAM,Ragi,2010,Kharif,tamil nadu,ramanathapuram
Tamil Nadu,RAMANATHAPURAM,Rice,2010,Kharif,tamil nadu,ramanathapuram
Tamil Nadu,RAMANATHAPURAM,Sunflower,2010,Kharif,tamil nadu,ramanathapuram
Tamil Nadu,RAMANATHAPURAM,Urad,2010,Kharif,tamil nadu,ramanathapuram
Tamil Nadu,RAMANATHAPURAM,Gram,2010,Rabi,tamil nadu,ramanathapuram
Tamil Nadu,RAMANATHAPURAM,Sugarcane,2010,Whole Year,tamil nadu,ramanathapuram
Tamil Nadu,SALEM,Arhar/Tur,2010,Kharif,tamil nadu,salem
Tamil Nadu,SALEM,Castor seed,2010,Kharif,tamil nadu,salem
Tamil Nadu,SALEM,Cotton(lint),2010,Kharif,tamil nadu,salem
Tamil Nadu,SALEM,Groundnut,2010,Kharif,tamil nadu,salem
Tamil Nadu,SALEM,Horse-gram,2010,Kharif,tamil nadu,salem
Tamil Nadu,SALEM,Maize,2010,Kharif,tamil nadu,salem
Tamil Nadu,SALEM,Moong(Green Gram),2010,Kharif,tamil nadu,salem
Tamil Nadu,SALEM,Ragi,2010,Kharif,tamil nadu,salem
Tamil Nadu,SALEM,Rice,2010,Kharif,tamil nadu,salem
Tamil Nadu,SALEM,Sunflower,2010,Kharif,tamil nadu,salem
Tamil Nadu,SALEM,Urad,2010,Kharif,tamil nadu,salem
Tamil Nadu,SALEM,Gram,2010,Rabi,tamil nadu,salem
Tamil Nadu,SALEM,Sugarcane,2010,Whole Year,tamil nadu,salem
Tamil Nadu,SIVAGANGA,Arhar/Tur,2010,Kharif,tamil nadu,sivaganga
Tamil Nadu,SIVAGANGA,Castor seed,2010,Kharif,tamil nadu,sivaganga
Tamil Nadu,SIVAGANGA,Cotton(lint),2010,Kharif,tamil nadu,sivaganga
Tamil Nadu,SIVAGANGA,Groundnut,2010,Kharif,tamil nadu,sivaganga
Tamil Nadu,SIVAGANGA,Horse-gram,2010,Kharif,tamil nadu,sivaganga
Tamil Nadu,SIVAGANGA,Maize,2010,Kharif,tamil nadu,sivaganga
Tamil Nadu,SIVAGANGA,Moong(Green Gram),2010,Kharif,tamil nadu,sivaganga
Tamil Nadu,SIVAGANGA,Ragi,2010,Kharif,tamil nadu,sivaganga
Tamil Nadu,SIVAGANGA,Rice,2010,Kharif,tamil nadu,sivaganga
Tamil Nadu,SIVAGANGA,Sunflower,2010,Kharif,tamil nadu,sivaganga
Tamil Nadu,SIVAGANGA,Urad,2010,Kharif,tamil nadu,sivaganga
Tamil Nadu,SIVAGANGA,Gram,2010,Rabi,tamil nadu,sivaganga
Tamil Nadu,SIVAGANGA,Sugarcane,2010,Whole Year,tamil nadu,sivaganga
Tamil Nadu,THANJAVUR,Arhar/Tur,2010,Kharif,tamil nadu,thanjavur
Tamil Nadu,THANJAVUR,Castor seed,2010,Kharif,tamil nadu,thanjavur
Tamil Nadu,THANJAVUR,Cotton(lint),2010,Kharif,tamil nadu,thanjavur
Tamil Nadu,THANJAVUR,Groundnut,2010,Kharif,tamil nadu,thanjavur
Tamil Nadu,THANJAVUR,Horse-gram,2010,Kharif,tamil nadu,thanjavur
Tamil Nadu,THANJAVUR,Maize,2010,Kharif,tamil nadu,thanjavur
Tamil Nadu,THANJAVUR,Moong(Green Gram),2010,Kharif,tamil nadu,thanjavur
Tamil Nadu,THANJAVUR,Ragi,2010,Kharif,tamil nadu,thanjavur
Tamil Nadu,THANJAVUR,Rice,2010,Kharif,tamil nadu,thanjavur
Tamil Nadu,THANJAVUR,Sunflower,2010,Kharif,tamil nadu,thanjavur
Tamil Nadu,THANJAVUR,Urad,2010,Kharif,tamil nadu,thanjavur
Tamil Nadu,THANJAVUR,Gram,2010,Rabi,tamil nadu,thanjavur
Tamil Nadu,THANJAVUR,Sugarcane,2010,Whole Year,tamil nadu,thanjavur
Tamil Nadu,THE NILGIRIS,Cotton(lint),2010,Kharif,tamil nadu,the nilgiris
Tamil Nadu,THE NILGIRIS,Groundnut,2010,Kharif,tamil nadu,the nilgiris
Tamil Nadu,THE NILGIRIS,Moong(Green Gram),2010,Kharif,tamil nadu,the nilgiris
Tamil Nadu,THE NILGIRIS,Rice,2010,Kharif,tamil nadu,the nilgiris
Tamil Nadu,THENI,Arhar/Tur,2010,Kharif,tamil nadu,theni
Tamil Nadu,THENI,Castor seed,2010,Kharif,tamil nadu,theni
Tamil Nadu,THENI,Cotton(lint),2010,Kharif,tamil nadu,theni
Tamil Nadu,THENI,Groundnut,2010,Kharif,tamil nadu,theni
Tamil Nadu,THENI,Horse-gram,2010,Kharif,tamil nadu,theni
Tamil Nadu,THENI,Maize,2010,Kharif,tamil nadu,theni
Tamil Nadu,THENI,Moong(Green Gram),2010,Kharif,tamil nadu,theni
Tamil Nadu,THENI,Ragi,2010,Kharif,tamil nadu,theni
Tamil Nadu,THENI,Rice,2010,Kharif,tamil nadu,theni
Tamil Nadu,THENI,Sunflower,2010,Kharif,tamil nadu,theni
Tamil Nadu,THENI,Urad,2010,Kharif,tamil nadu,theni
Tamil Nadu,THENI,Gram,2010,Rabi,tamil nadu,theni
Tamil Nadu,THENI,Sugarcane,2010,Whole Year,tamil nadu,theni
Tamil Nadu,THIRUVALLUR,Arhar/Tur,2010,Kharif,tamil nadu,thiruvallur
Tamil Nadu,THIRUVALLUR,Castor seed,2010,Kharif,tamil nadu,thiruvallur
Tamil Nadu,THIRUVALLUR,Groundnut,2010,Kharif,tamil nadu,thiruvallur
Tamil Nadu,THIRUVALLUR,Horse-gram,2010,Kharif,tamil nadu,thiruvallur
Tamil Nadu,THIRUVALLUR,Maize,2010,Kharif,tamil nadu,thiruvallur
Tamil Nadu,THIRUVALLUR,Moong(Green Gram),2010,Kharif,tamil nadu,thiruvallur
Tamil Nadu,THIRUVALLUR,Ragi,2010,Kharif,tamil nadu,thiruvallur
Tamil Nadu,THIRUVALLUR,Rice,2010,Kharif,tamil nadu,thiruvallur
Tamil Nadu,THIRUVALLUR,Sunflower,2010,Kharif,tamil nadu,thiruvallur
Tamil Nadu,THIRUVALLUR,Urad,2010,Kharif,tamil nadu,thiruvallur
Tamil Nadu,THIRUVALLUR,Gram,2010,Rabi,tamil nadu,thiruvallur
Tamil Nadu,THIRUVALLUR,Sugarcane,2010,Whole Year,tamil nadu,thiruvallur
Tamil Nadu,THIRUVARUR,Cotton(lint),2010,Kharif,tamil nadu,thiruvarur
Tamil Nadu,THIRUVARUR,Groundnut,2010,Kharif,tamil nadu,thiruvarur
Tamil Nadu,THIRUVARUR,Moong(Green Gram),2010,Kharif,tamil nadu,thiruvarur
Tamil Nadu,THIRUVARUR,Rice,2010,Kharif,tamil nadu,thiruvarur
Tamil Nadu,THIRUVARUR,Urad,2010,Kharif,tamil nadu,thiruvarur
Tamil Nadu,THIRUVARUR,Sugarcane,2010,Whole Year,tamil nadu,thiruvarur
Tamil Nadu,TIRUCHIRAPPALLI,Arhar/Tur,2010,Kharif,tamil nadu,tiruchirappalli
Tamil Nadu,TIRUCHIRAPPALLI,Castor seed,2010,Kharif,tamil nadu,tiruchirappalli
Tamil Nadu,TIRUCHIRAPPALLI,Cotton(lint),2010,Kharif,tamil nadu,tiruchirappalli
Tamil Nadu,TIRUCHIRAPPALLI,Groundnut,2010,Kharif,tamil nadu,tiruchirappalli
Tamil Nadu,TIRUCHIRAPPALLI,Horse-gram,2010,Kharif,tamil nadu,tiruchirappalli
Tamil Nadu,TIRUCHIRAPPALLI,Maize,2010,Kharif,tamil nadu,tiruchirappalli
Tamil Nadu,TIRUCHIRAPPALLI,Moong(Green Gram),2010,Kharif,tamil nadu,tiruchirappalli
Tamil Nadu,TIRUCHIRAPPALLI,Ragi,2010,Kharif,tamil nadu,tiruchirappalli
Tamil Nadu,TIRUCHIRAPPALLI,Rice,2010,Kharif,tamil nadu,tiruchirappalli
Tamil Nadu,TIRUCHIRAPPALLI,Sunflower,2010,Kharif,tamil nadu,tiruchirappalli
Tamil Nadu,TIRUCHIRAPPALLI,Urad,2010,Kharif,tamil nadu,tiruchirappalli
Tamil Nadu,TIRUCHIRAPPALLI,Gram,2010,Rabi,tamil nadu,tiruchirappalli
Tamil Nadu,TIRUCHIRAPPALLI,Sugarcane,2010,Whole Year,tamil nadu,tiruchirappalli
Tamil Nadu,TIRUNELVELI,Arhar/Tur,2010,Kharif,tamil nadu,tirunelveli
Tamil Nadu,TIRUNELVELI,Castor seed,2010,Kharif,tamil nadu,tirunelveli
Tamil Nadu,TIRUNELVELI,Cotton(lint),2010,Kharif,tamil nadu,tirunelveli
Tamil Nadu,TIRUNELVELI,Groundnut,2010,Kharif,tamil nadu,tirunelveli
Tamil Nadu,TIRUNELVELI,Horse-gram,2010,Kharif,tamil nadu,tirunelveli
Tamil Nadu,TIRUNELVELI,Maize,2010,Kharif,tamil nadu,tirunelveli
Tamil Nadu,TIRUNELVELI,Moong(Green Gram),2010,Kharif,tamil nadu,tirunelveli
Tamil Nadu,TIRUNELVELI,Ragi,2010,Kharif,tamil nadu,tirunelveli
Tamil Nadu,TIRUNELVELI,Rice,2010,Kharif,tamil nadu,tirunelveli
Tamil Nadu,TIRUNELVELI,Sunflower,2010,Kharif,tamil nadu,tirunelveli
Tamil Nadu,TIRUNELVELI,Urad,2010,Kharif,tamil nadu,tirunelveli
Tamil Nadu,TIRUNELVELI,Gram,2010,Rabi,tamil nadu,tirunelveli
Tamil Nadu,TIRUNELVELI,Sugarcane,2010,Whole Year,tamil nadu,tirunelveli
Tamil Nadu,TIRUPPUR,Arhar/Tur,2010,Kharif,tamil nadu,tiruppur
Tamil Nadu,TIRUPPUR,Castor seed,2010,Kharif,tamil nadu,tiruppur
Tamil Nadu,TIRUPPUR,Cotton(lint),2010,Kharif,tamil nadu,tiruppur
Tamil Nadu,TIRUPPUR,Groundnut,2010,Kharif,tamil nadu,tiruppur
Tamil Nadu,TIRUPPUR,Horse-gram,2010,Kharif,tamil nadu,tiruppur
Tamil Nadu,TIRUPPUR,Maize,2010,Kharif,tamil nadu,tiruppur
Tamil Nadu,TIRUPPUR,Moong(Green Gram),2010,Kharif,tamil nadu,tiruppur
Tamil Nadu,TIRUPPUR,Rice,2010,Kharif,tamil nadu,tiruppur
Tamil Nadu,TIRUPPUR,Sunflower,2010,Kharif,tamil nadu,tiruppur
Tamil Nadu,TIRUPPUR,Urad,2010,Kharif,tamil nadu,tiruppur
Tamil Nadu,TIRUPPUR,Gram,2010,Rabi,tamil nadu,tiruppur
Tamil Nadu,TIRUPPUR,Sugarcane,2010,Whole Year,tamil nadu,tiruppur
Tamil Nadu,TIRUVANNAMALAI,Arhar/Tur,2010,Kharif,tamil nadu,tiruvannamalai
Tamil Nadu,TIRUVANNAMALAI,Castor seed,2010,Kharif,tamil nadu,tiruvannamalai
Tamil Nadu,TIRUVANNAMALAI,Cotton(lint),2010,Kharif,tamil nadu,tiruvannamalai
Tamil Nadu,TIRUVANNAMALAI,Groundnut,2010,Kharif,tamil nadu,tiruvannamalai
Tamil Nadu,TIRUVANNAMALAI,Horse-gram,2010,Kharif,tamil nadu,tiruvannamalai
Tamil Nadu,TIRUVANNAMALAI,Maize,2010,Kharif,tamil nadu,tiruvannamalai
Tamil Nadu,TIRUVANNAMALAI,Moong(Green Gram),2010,Kharif,tamil nadu,tiruvannamalai
Tamil Nadu,TIRUVANNAMALAI,Ragi,2010,Kharif,tamil nadu,tiruvannamalai
Tamil Nadu,TIRUVANNAMALAI,Rice,2010,Kharif,tamil nadu,tiruvannamalai
Tamil Nadu,TIRUVANNAMALAI,Sunflower,2010,Kharif,tamil nadu,tiruvannamalai
Tamil Nadu,TIRUVANNAMALAI,Urad,2010,Kharif,tamil nadu,tiruvannamalai
Tamil Nadu,TIRUVANNAMALAI,Gram,2010,Rabi,tamil nadu,tiruvannamalai
Tamil Nadu,TIRUVANNAMALAI,Sugarcane,2010,Whole Year,tamil nadu,tiruvannamalai
Tamil Nadu,TUTICORIN,Arhar/Tur,2010,Kharif,tamil nadu,tuticorin
Tamil Nadu,TUTICORIN,Castor seed,2010,Kharif,tamil nadu,tuticorin
Tamil Nadu,TUTICORIN,Cotton(lint),2010,Kharif,tamil nadu,tuticorin
Tamil Nadu,TUTICORIN,Groundnut,2010,Kharif,tamil nadu,tuticorin
Tamil Nadu,TUTICORIN,Maize,2010,Kharif,tamil nadu,tuticorin
Tamil Nadu,TUTICORIN,Moong(Green Gram),2010,Kharif,tamil nadu,tuticorin
Tamil Nadu,TUTICORIN,Ragi,2010,Kharif,tamil nadu,tuticorin
Tamil Nadu,TUTICORIN,Rice,2010,Kharif,tamil nadu,tuticorin
Tamil Nadu,TUTICORIN,Sunflower,2010,Kharif,tamil nadu,tuticorin
Tamil Nadu,TUTICORIN,Urad,2010,Kharif,tamil nadu,tuticorin
Tamil Nadu,TUTICORIN,Gram,2010,Rabi,tamil nadu,tuticorin
Tamil Nadu,TUTICORIN,Sugarcane,2010,Whole Year,tamil nadu,tuticorin
Tamil Nadu,VELLORE,Arhar/Tur,2010,Kharif,tamil nadu,vellore
Tamil Nadu,VELLORE,Castor seed,2010,Kharif,tamil nadu,vellore
Tamil Nadu,VELLORE,Cotton(lint),2010,Kharif,tamil nadu,vellore
Tamil Nadu,VELLORE,Groundnut,2010,Kharif,tamil nadu,vellore
Tamil Nadu,VELLORE,Horse-gram,2010,Kharif,tamil nadu,vellore
Tamil Nadu,VELLORE,Maize,2010,Kharif,tamil nadu,vellore
Tamil Nadu,VELLORE,Moong(Green Gram),2010,Kharif,tamil nadu,vellore
Tamil Nadu,VELLORE,Ragi,2010,Kharif,tamil nadu,vellore
Tamil Nadu,VELLORE,Rice,2010,Kharif,tamil nadu,vellore
Tamil Nadu,VELLORE,Sunflower,2010,Kharif,tamil nadu,vellore
Tamil Nadu,VELLORE,Urad,2010,Kharif,tamil nadu,vellore
Tamil Nadu,VELLORE,Gram,2010,Rabi,tamil nadu,vellore
Tamil Nadu,VELLORE,Sugarcane,2010,Whole Year,tamil nadu,vellore
Tamil Nadu,VILLUPURAM,Arhar/Tur,2010,Kharif,tamil nadu,villupuram
Tamil Nadu,VILLUPURAM,Castor seed,2010,Kharif,tamil nadu,villupuram
Tamil Nadu,VILLUPURAM,Cotton(lint),2010,Kharif,tamil nadu,villupuram
Tamil Nadu,VILLUPURAM,Groundnut,2010,Kharif,tamil nadu,villupuram
Tamil Nadu,VILLUPURAM,Horse-gram,2010,Kharif,tamil nadu,villupuram
Tamil Nadu,VILLUPURAM,Maize,2010,Kharif,tamil nadu,villupuram
Tamil Nadu,VILLUPURAM,Moong(Green Gram),2010,Kharif,tamil nadu,villupuram
Tamil Nadu,VILLUPURAM,Ragi,2010,Kharif,tamil nadu,villupuram
Tamil Nadu,VILLUPURAM,Rice,2010,Kharif,tamil nadu,villupuram
Tamil Nadu,VILLUPURAM,Sunflower,2010,Kharif,tamil nadu,villupuram
Tamil Nadu,VILLUPURAM,Urad,2010,Kharif,tamil nadu,villupuram
Tamil Nadu,VILLUPURAM,Gram,2010,Rabi,tamil nadu,villupuram
Tamil Nadu,VILLUPURAM,Sugarcane,2010,Whole Year,tamil nadu,villupuram
Tamil Nadu,VIRUDHUNAGAR,Arhar/Tur,2010,Kharif,tamil nadu,virudhunagar
Tamil Nadu,VIRUDHUNAGAR,Castor seed,2010,Kharif,tamil nadu,virudhunagar
Tamil Nadu,VIRUDHUNAGAR,Cotton(lint),2010,Kharif,tamil nadu,virudhunagar
Tamil Nadu,VIRUDHUNAGAR,Groundnut,2010,Kharif,tamil nadu,virudhunagar
Tamil Nadu,VIRUDHUNAGAR,Horse-gram,2010,Kharif,tamil nadu,virudhunagar
Tamil Nadu,VIRUDHUNAGAR,Maize,2010,Kharif,tamil nadu,virudhunagar
Tamil Nadu,VIRUDHUNAGAR,Moong(Green Gram),2010,Kharif,tamil nadu,virudhunagar
Tamil Nadu,VIRUDHUNAGAR,Ragi,2010,Kharif,tamil nadu,virudhunagar
Tamil Nadu,VIRUDHUNAGAR,Rice,2010,Kharif,tamil nadu,virudhunagar
Tamil Nadu,VIRUDHUNAGAR,Sunflower,2010,Kharif,tamil nadu,virudhunagar
Tamil Nadu,VIRUDHUNAGAR,Urad,2010,Kharif,tamil nadu,virudhunagar
Tamil Nadu,VIRUDHUNAGAR,Gram,2010,Rabi,tamil nadu,virudhunagar
Tamil Nadu,VIRUDHUNAGAR,Sugarcane,2010,Whole Year,tamil nadu,virudhunagar
Telangana,ADILABAD,Arhar/Tur,2010,Kharif,telangana,adilabad
Telangana,ADILABAD,Castor seed,2010,Kharif,telangana,adilabad
Telangana,ADILABAD,Cotton(lint),2010,Kharif,telangana,adilabad
Telangana,ADILABAD,Dry chillies,2010,Kharif,telangana,adilabad
Telangana,ADILABAD,Groundnut,2010,Kharif,telangana,adilabad
Telangana,ADILABAD,Jowar,2010,Kharif,telangana,adilabad
Telangana,ADILABAD,Maize,2010,Kharif,telangana,adilabad
Telangana,ADILABAD,Moong(Green Gram),2010,Kharif,telangana,adilabad
Telangana,ADILABAD,Other Kharif pulses,2010,Kharif,telangana,adilabad
Telangana,ADILABAD,Rice,2010,Kharif,telangana,adilabad
Telangana,ADILABAD,Sesamum,2010,Kharif,telangana,adilabad
Telangana,ADILABAD,Soyabean,2010,Kharif,telangana,adilabad
Telangana,ADILABAD,Urad,2010,Kharif,telangana,adilabad
Telangana,ADILABAD,Arhar/Tur,2010,Rabi,telangana,adilabad
Telangana,ADILABAD,Bajra,2010,Rabi,telangana,adilabad
Telangana,ADILABAD,Dry chillies,2010,Rabi,telangana,adilabad
Telangana,ADILABAD,Gram,2010,Rabi,telangana,adilabad
Telangana,ADILABAD,Groundnut,2010,Rabi,telangana,adilabad
Telangana,ADILABAD,Horse-gram,2010,Rabi,telangana,adilabad
Telangana,ADILABAD,Jowar,2010,Rabi,telangana,adilabad
Telangana,ADILABAD,Linseed,2010,Rabi,telangana,adilabad
Telangana,ADILABAD,Maize,2010,Rabi,telangana,adilabad
Telangana,ADILABAD,Moong(Green Gram),2010,Rabi,telangana,adilabad
Telangana,ADILABAD,Onion,2010,Rabi,telangana,adilabad
Telangana,ADILABAD,Other  Rabi pulses,2010,Rabi,telangana,adilabad
Telangana,ADILABAD,Rice,2010,Rabi,telangana,adilabad
Telangana,ADILABAD,Safflower,2010,Rabi,telangana,adilabad
Telangana,ADILABAD,Sesamum,2010,Rabi,telangana,adilabad
Telangana,ADILABAD,Urad,2010,Rabi,telangana,adilabad
Telangana,ADILABAD,Wheat,2010,Rabi,telangana,adilabad
Telangana,ADILABAD,Banana,2010,Whole Year,telangana,adilabad
Telangana,ADILABAD,Cashewnut,2010,Whole Year,telangana,adilabad
Telangana,ADILABAD,Coriander,2010,Whole Year,telangana,adilabad
Telangana,ADILABAD,Garlic,2010,Whole Year,telangana,adilabad
Telangana,ADILABAD,Sugarcane,2010,Whole Year,telangana,adilabad
Telangana,ADILABAD,Sunflower,2010,Whole Year,telangana,adilabad
Telangana,ADILABAD,Tobacco,2010,Whole Year,telangana,adilabad
Telangana,ADILABAD,Turmeric,2010,Whole Year,telangana,adilabad
Telangana,KARIMNAGAR,Arhar/Tur,2010,Kharif,telangana,karimnagar
Telangana,KARIMNAGAR,Castor seed,2010,Kharif,telangana,karimnagar
Telangana,KARIMNAGAR,Cotton(lint),2010,Kharif,telangana,karimnagar
Telangana,KARIMNAGAR,Dry chillies,2010,Kharif,telangana,karimnagar
Telangana,KARIMNAGAR,Groundnut,2010,Kharif,telangana,karimnagar
Telangana,KARIMNAGAR,Jowar,2010,Kharif,telangana,karimnagar
Telangana,KARIMNAGAR,Maize,2010,Kharif,telangana,karimnagar
Telangana,KARIMNAGAR,Moong(Green Gram),2010,Kharif,telangana,karimnagar
Telangana,KARIMNAGAR,Other Kharif pulses,2010,Kharif,telangana,karimnagar
Telangana,KARIMNAGAR,Rice,2010,Kharif,telangana,karimnagar
Telangana,KARIMNAGAR,Sesamum,2010,Kharif,telangana,karimnagar
Telangana,KARIMNAGAR,Soyabean,2010,Kharif,telangana,karimnagar
Telangana,KARIMNAGAR,Urad,2010,Kharif,telangana,karimnagar
Telangana,KARIMNAGAR,Arhar/Tur,2010,Rabi,telangana,karimnagar
Telangana,KARIMNAGAR,Bajra,2010,Rabi,telangana,karimnagar
Telangana,KARIMNAGAR,Gram,2010,Rabi,telangana,karimnagar
Telangana,KARIMNAGAR,Groundnut,2010,Rabi,telangana,karimnagar
Telangana,KARIMNAGAR,Horse-gram,2010,Rabi,telangana,karimnagar
Telangana,KARIMNAGAR,Jowar,2010,Rabi,telangana,karimnagar
Telangana,KARIMNAGAR,Maize,2010,Rabi,telangana,karimnagar
Telangana,KARIMNAGAR,Moong(Green Gram),2010,Rabi,telangana,karimnagar
Telangana,KARIMNAGAR,Onion,2010,Rabi,telangana,karimnagar
Telangana,KARIMNAGAR,Rapeseed &Mustard,2010,Rabi,telangana,karimnagar
Telangana,KARIMNAGAR,Rice,2010,Rabi,telangana,karimnagar
Telangana,KARIMNAGAR,Sesamum,2010,Rabi,telangana,karimnagar
Telangana,KARIMNAGAR,Urad,2010,Rabi,telangana,karimnagar
Telangana,KARIMNAGAR,Wheat,2010,Rabi,telangana,karimnagar
Telangana,KARIMNAGAR,Coriander,2010,Whole Year,telangana,karimnagar
Telangana,KARIMNAGAR,Dry ginger,2010,Whole Year,telangana,karimnagar
Telangana,KARIMNAGAR,Garlic,2010,Whole Year,telangana,karimnagar
Telangana,KARIMNAGAR,Ginger,2010,Whole Year,telangana,karimnagar
Telangana,KARIMNAGAR,Sugarcane,2010,Whole Year,telangana,karimnagar
Telangana,KARIMNAGAR,Sunflower,2010,Whole Year,telangana,karimnagar
Telangana,KARIMNAGAR,Tobacco,2010,Whole Year,telangana,karimnagar
Telangana,KARIMNAGAR,Turmeric,2010,Whole Year,telangana,karimnagar
Telangana,KHAMMAM,Arhar/Tur,2010,Kharif,telangana,khammam
Telangana,KHAMMAM,Bajra,2010,Kharif,telangana,khammam
Telangana,KHAMMAM,Cotton(lint),2010,Kharif,telangana,khammam
Telangana,KHAMMAM,Dry chillies,2010,Kharif,telangana,khammam
Telangana,KHAMMAM,Groundnut,2010,Kharif,telangana,khammam
Telangana,KHAMMAM,Jowar,2010,Kharif,telangana,khammam
Telangana,KHAMMAM,Maize,2010,Kharif,telangana,khammam
Telangana,KHAMMAM,Mesta,2010,Kharif,telangana,khammam
Telangana,KHAMMAM,Moong(Green Gram),2010,Kharif,telangana,khammam
Telangana,KHAMMAM,Rice,2010,Kharif,telangana,khammam
Telangana,KHAMMAM,Sesamum,2010,Kharif,telangana,khammam
Telangana,KHAMMAM,Soyabean,2010,Kharif,telangana,khammam
Telangana,KHAMMAM,Urad,2010,Kharif,telangana,khammam
Telangana,KHAMMAM,Arhar/Tur,2010,Rabi,telangana,khammam
Telangana,KHAMMAM,Dry chillies,2010,Rabi,telangana,khammam
Telangana,KHAMMAM,Gram,2010,Rabi,telangana,khammam
Telangana,KHAMMAM,Groundnut,2010,Rabi,telangana,khammam
Telangana,KHAMMAM,Horse-gram,2010,Rabi,telangana,khammam
Telangana,KHAMMAM,Jowar,2010,Rabi,telangana,khammam
Telangana,KHAMMAM,Maize,2010,Rabi,telangana,khammam
Telangana,KHAMMAM,Moong(Green Gram),2010,Rabi,telangana,khammam
Telangana,KHAMMAM,Onion,2010,Rabi,telangana,khammam
Telangana,KHAMMAM,Rice,2010,Rabi,telangana,khammam
Telangana,KHAMMAM,Sesamum,2010,Rabi,telangana,khammam
Telangana,KHAMMAM,Urad,2010,Rabi,telangana,khammam
Telangana,KHAMMAM,Banana,2010,Whole Year,telangana,khammam
Telangana,KHAMMAM,Cashewnut,2010,Whole Year,telangana,khammam
Telangana,KHAMMAM,Sugarcane,2010,Whole Year,telangana,khammam
Telangana,KHAMMAM,Sunflower,2010,Whole Year,telangana,khammam
Telangana,KHAMMAM,Tapioca,2010,Whole Year,telangana,khammam
Telangana,KHAMMAM,Tobacco,2010,Whole Year,telangana,khammam
Telangana,KHAMMAM,Turmeric,2010,Whole Year,telangana,khammam
Telangana,MAHBUBNAGAR,Arhar/Tur,2010,Kharif,telangana,mahbubnagar
Telangana,MAHBUBNAGAR,Bajra,2010,Kharif,telangana,mahbubnagar
Telangana,MAHBUBNAGAR,Castor seed,2010,Kharif,telangana,mahbubnagar
Telangana,MAHBUBNAGAR,Cotton(lint),2010,Kharif,telangana,mahbubnagar
Telangana,MAHBUBNAGAR,Dry chillies,2010,Kharif,telangana,mahbubnagar
Telangana,MAHBUBNAGAR,Groundnut,2010,Kharif,telangana,mahbubnagar
Telangana,MAHBUBNAGAR,Horse-gram,2010,Kharif,telangana,mahbubnagar
Telangana,MAHBUBNAGAR,Jowar,2010,Kharif,telangana,mahbubnagar
Telangana,MAHBUBNAGAR,Maize,2010,Kharif,telangana,mahbubnagar
Telangana,MAHBUBNAGAR,Moong(Green Gram),2010,Kharif,telangana,mahbubnagar
Telangana,MAHBUBNAGAR,Onion,2010,Kharif,telangana,mahbubnagar
Telangana,MAHBUBNAGAR,Ragi,2010,Kharif,telangana,mahbubnagar
Telangana,MAHBUBNAGAR,Rice,2010,Kharif,telangana,mahbubnagar
Telangana,MAHBUBNAGAR,Sesamum,2010,Kharif,telangana,mahbubnagar
Telangana,MAHBUBNAGAR,Small millets,2010,Kharif,telangana,mahbubnagar
Telangana,MAHBUBNAGAR,Soyabean,2010,Kharif,telangana,mahbubnagar
Telangana,MAHBUBNAGAR,Urad,2010,Kharif,telangana,mahbubnagar
Telangana,MAHBUBNAGAR,Arhar/Tur,2010,Rabi,telangana,mahbubnagar
Telangana,MAHBUBNAGAR,Bajra,2010,Rabi,telangana,mahbubnagar
Telangana,MAHBUBNAGAR,Dry chillies,2010,Rabi,telangana,mahbubnagar
Telangana,MAHBUBNAGAR,Gram,2010,Rabi,telangana,mahbubnagar
Telangana,MAHBUBNAGAR,Groundnut,2010,Rabi,telangana,mahbubnagar
Telangana,MAHBUBNAGAR,Horse-gram,2010,Rabi,telangana,mahbubnagar
Telangana,MAHBUBNAGAR,Jowar,2010,Rabi,telangana,mahbubnagar
Telangana,MAHBUBNAGAR,Maize,2010,Rabi,telangana,mahbubnagar
Telangana,MAHBUBNAGAR,Onion,2010,Rabi,telangana,mahbubnagar
Telangana,MAHBUBNAGAR,Ragi,2010,Rabi,telangana,mahbubnagar
Telangana,MAHBUBNAGAR,Rice,2010,Rabi,telangana,mahbubnagar
Telangana,MAHBUBNAGAR,Safflower,2010,Rabi,telangana,mahbubnagar
Telangana,MAHBUBNAGAR,Urad,2010,Rabi,telangana,mahbubnagar
Telangana,MAHBUBNAGAR,Wheat,2010,Rabi,telangana,mahbubnagar
Telangana,MAHBUBNAGAR,Coriander,2010,Whole Year,telangana,mahbubnagar
Telangana,MAHBUBNAGAR,Sugarcane,2010,Whole Year,telangana,mahbubnagar
Telangana,MAHBUBNAGAR,Sunflower,2010,Whole Year,telangana,mahbubnagar
Telangana,MAHBUBNAGAR,Tobacco,2010,Whole Year,telangana,mahbubnagar
Telangana,MAHBUBNAGAR,Turmeric,2010,Whole Year,telangana,mahbubnagar
Telangana,MEDAK,Arhar/Tur,2010,Kharif,telangana,medak
Telangana,MEDAK,Bajra,2010,Kharif,telangana,medak
Telangana,MEDAK,Castor seed,2010,Kharif,telangana,medak
Telangana,MEDAK,Cotton(lint),2010,Kharif,telangana,medak
Telangana,MEDAK,Dry chillies,2010,Kharif,telangana,medak
Telangana,MEDAK,Groundnut,2010,Kharif,telangana,medak
Telangana,MEDAK,Jowar,2010,Kharif,telangana,medak
Telangana,MEDAK,Maize,2010,Kharif,telangana,medak
Telangana,MEDAK,Moong(Green Gram),2010,Kharif,telangana,medak
Telangana,MEDAK,Onion,2010,Kharif,telangana,medak
Telangana,MEDAK,Ragi,2010,Kharif,telangana,medak
Telangana,MEDAK,Rice,2010,Kharif,telangana,medak
Telangana,MEDAK,Sesamum,2010,Kharif,telangana,medak
Telangana,MEDAK,Soyabean,2010,Kharif,telangana,medak
Telangana,MEDAK,Urad,2010,Kharif,telangana,medak
Telangana,MEDAK,Arhar/Tur,2010,Rabi,telangana,medak
Telangana,MEDAK,Dry chillies,2010,Rabi,telangana,medak
Telangana,MEDAK,Gram,2010,Rabi,telangana,medak
Telangana,MEDAK,Groundnut,2010,Rabi,telangana,medak
Telangana,MEDAK,Horse-gram,2010,Rabi,telangana,medak
Telangana,MEDAK,Jowar,2010,Rabi,telangana,medak
Telangana,MEDAK,Linseed,2010,Rabi,telangana,medak
Telangana,MEDAK,Maize,2010,Rabi,telangana,medak
Telangana,MEDAK,Moong(Green Gram),2010,Rabi,telangana,medak
Telangana,MEDAK,Onion,2010,Rabi,telangana,medak
Telangana,MEDAK,Other  Rabi pulses,2010,Rabi,telangana,medak
Telangana,MEDAK,Rapeseed &Mustard,2010,Rabi,telangana,medak
Telangana,MEDAK,Rice,2010,Rabi,telangana,medak
Telangana,MEDAK,Safflower,2010,Rabi,telangana,medak
Telangana,MEDAK,Sesamum,2010,Rabi,telangana,medak
Telangana,MEDAK,Wheat,2010,Rabi,telangana,medak
Telangana,MEDAK,Banana,2010,Whole Year,telangana,medak
Telangana,MEDAK,Coriander,2010,Whole Year,telangana,medak
Telangana,MEDAK,Dry ginger,2010,Whole Year,telangana,medak
Telangana,MEDAK,Garlic,2010,Whole Year,telangana,medak
Telangana,MEDAK,Ginger,2010,Whole Year,telangana,medak
Telangana,MEDAK,Potato,2010,Whole Year,telangana,medak
Telangana,MEDAK,Sugarcane,2010,Whole Year,telangana,medak
Telangana,MEDAK,Sunflower,2010,Whole Year,telangana,medak
Telangana,MEDAK,Tobacco,2010,Whole Year,telangana,medak
Telangana,MEDAK,Turmeric,2010,Whole Year,telangana,medak
Telangana,NALGONDA,Arhar/Tur,2010,Kharif,telangana,nalgonda
Telangana,NALGONDA,Bajra,2010,Kharif,telangana,nalgonda
Telangana,NALGONDA,Castor seed,2010,Kharif,telangana,nalgonda
Telangana,NALGONDA,Cotton(lint),2010,Kharif,telangana,nalgonda
Telangana,NALGONDA,Dry chillies,2010,Kharif,telangana,nalgonda
Telangana,NALGONDA,Groundnut,2010,Kharif,telangana,nalgonda
Telangana,NALGONDA,Jowar,2010,Kharif,telangana,nalgonda
Telangana,NALGONDA,Maize,2010,Kharif,telangana,nalgonda
Telangana,NALGONDA,Moong(Green Gram),2010,Kharif,telangana,nalgonda
Telangana,NALGONDA,Rice,2010,Kharif,telangana,nalgonda
Telangana,NALGONDA,Sesamum,2010,Kharif,telangana,nalgonda
Telangana,NALGONDA,Arhar/Tur,2010,Rabi,telangana,nalgonda
Telangana,NALGONDA,Dry chillies,2010,Rabi,telangana,nalgonda
Telangana,NALGONDA,Gram,2010,Rabi,telangana,nalgonda
Telangana,NALGONDA,Groundnut,2010,Rabi,telangana,nalgonda
Telangana,NALGONDA,Horse-gram,2010,Rabi,telangana,nalgonda
Telangana,NALGONDA,Jowar,2010,Rabi,telangana,nalgonda
Telangana,NALGONDA,Maize,2010,Rabi,telangana,nalgonda
Telangana,NALGONDA,Moong(Green Gram),2010,Rabi,telangana,nalgonda
Telangana,NALGONDA,Onion,2010,Rabi,telangana,nalgonda
Telangana,NALGONDA,Rice,2010,Rabi,telangana,nalgonda
Telangana,NALGONDA,Urad,2010,Rabi,telangana,nalgonda
Telangana,NALGONDA,Coriander,2010,Whole Year,telangana,nalgonda
Telangana,NALGONDA,Sugarcane,2010,Whole Year,telangana,nalgonda
Telangana,NALGONDA,Sunflower,2010,Whole Year,telangana,nalgonda
Telangana,NALGONDA,Tobacco,2010,Whole Year,telangana,nalgonda
Telangana,NALGONDA,Turmeric,2010,Whole Year,telangana,nalgonda
Telangana,NIZAMABAD,Arhar/Tur,2010,Kharif,telangana,nizamabad
Telangana,NIZAMABAD,Bajra,2010,Kharif,telangana,nizamabad
Telangana,NIZAMABAD,Castor seed,2010,Kharif,telangana,nizamabad
Telangana,NIZAMABAD,Cotton(lint),2010,Kharif,telangana,nizamabad
Telangana,NIZAMABAD,Dry chillies,2010,Kharif,telangana,nizamabad
Telangana,NIZAMABAD,Horse-gram,2010,Kharif,telangana,nizamabad
Telangana,NIZAMABAD,Jowar,2010,Kharif,telangana,nizamabad
Telangana,NIZAMABAD,Maize,2010,Kharif,telangana,nizamabad
Telangana,NIZAMABAD,Moong(Green Gram),2010,Kharif,telangana,nizamabad
Telangana,NIZAMABAD,Ragi,2010,Kharif,telangana,nizamabad
Telangana,NIZAMABAD,Rice,2010,Kharif,telangana,nizamabad
Telangana,NIZAMABAD,Soyabean,2010,Kharif,telangana,nizamabad
Telangana,NIZAMABAD,Urad,2010,Kharif,telangana,nizamabad
Telangana,NIZAMABAD,Arhar/Tur,2010,Rabi,telangana,nizamabad
Telangana,NIZAMABAD,Bajra,2010,Rabi,telangana,nizamabad
Telangana,NIZAMABAD,Dry chillies,2010,Rabi,telangana,nizamabad
Telangana,NIZAMABAD,Gram,2010,Rabi,telangana,nizamabad
Telangana,NIZAMABAD,Groundnut,2010,Rabi,telangana,nizamabad
Telangana,NIZAMABAD,Horse-gram,2010,Rabi,telangana,nizamabad
Telangana,NIZAMABAD,Jowar,2010,Rabi,telangana,nizamabad
Telangana,NIZAMABAD,Maize,2010,Rabi,telangana,nizamabad
Telangana,NIZAMABAD,Moong(Green Gram),2010,Rabi,telangana,nizamabad
Telangana,NIZAMABAD,Onion,2010,Rabi,telangana,nizamabad
Telangana,NIZAMABAD,Other  Rabi pulses,2010,Rabi,telangana,nizamabad
Telangana,NIZAMABAD,Rapeseed &Mustard,2010,Rabi,telangana,nizamabad
Telangana,NIZAMABAD,Rice,2010,Rabi,telangana,nizamabad
Telangana,NIZAMABAD,Safflower,2010,Rabi,telangana,nizamabad
Telangana,NIZAMABAD,Sesamum,2010,Rabi,telangana,nizamabad
Telangana,NIZAMABAD,Urad,2010,Rabi,telangana,nizamabad
Telangana,NIZAMABAD,Wheat,2010,Rabi,telangana,nizamabad
Telangana,NIZAMABAD,Banana,2010,Whole Year,telangana,nizamabad
Telangana,NIZAMABAD,Coriander,2010,Whole Year,telangana,nizamabad
Telangana,NIZAMABAD,Dry ginger,2010,Whole Year,telangana,nizamabad
Telangana,NIZAMABAD,Garlic,2010,Whole Year,telangana,nizamabad
Telangana,NIZAMABAD,Ginger,2010,Whole Year,telangana,nizamabad
Telangana,NIZAMABAD,Sugarcane,2010,Whole Year,telangana,nizamabad
Telangana,NIZAMABAD,Sunflower,2010,Whole Year,telangana,nizamabad
Telangana,NIZAMABAD,Tobacco,2010,Whole Year,telangana,nizamabad
Telangana,NIZAMABAD,Turmeric,2010,Whole Year,telangana,nizamabad
Telangana,RANGAREDDI,Arhar/Tur,2010,Kharif,telangana,rangareddi
Telangana,RANGAREDDI,Bajra,2010,Kharif,telangana,rangareddi
Telangana,RANGAREDDI,Castor seed,2010,Kharif,telangana,rangareddi
Telangana,RANGAREDDI,Cotton(lint),2010,Kharif,telangana,rangareddi
Telangana,RANGAREDDI,Dry chillies,2010,Kharif,telangana,rangareddi
Telangana,RANGAREDDI,Groundnut,2010,Kharif,telangana,rangareddi
Telangana,RANGAREDDI,Horse-gram,2010,Kharif,telangana,rangareddi
Telangana,RANGAREDDI,Jowar,2010,Kharif,telangana,rangareddi
Telangana,RANGAREDDI,Maize,2010,Kharif,telangana,rangareddi
Telangana,RANGAREDDI,Mesta,2010,Kharif,telangana,rangareddi
Telangana,RANGAREDDI,Moong(Green Gram),2010,Kharif,telangana,rangareddi
Telangana,RANGAREDDI,Niger seed,2010,Kharif,telangana,rangareddi
Telangana,RANGAREDDI,Onion,2010,Kharif,telangana,rangareddi
Telangana,RANGAREDDI,Ragi,2010,Kharif,telangana,rangareddi
Telangana,RANGAREDDI,Rice,2010,Kharif,telangana,rangareddi
Telangana,RANGAREDDI,Sesamum,2010,Kharif,telangana,rangareddi
Telangana,RANGAREDDI,Small millets,2010,Kharif,telangana,rangareddi
Telangana,RANGAREDDI,Soyabean,2010,Kharif,telangana,rangareddi
Telangana,RANGAREDDI,Urad,2010,Kharif,telangana,rangareddi
Telangana,RANGAREDDI,Arhar/Tur,2010,Rabi,telangana,rangareddi
Telangana,RANGAREDDI,Dry chillies,2010,Rabi,telangana,rangareddi
Telangana,RANGAREDDI,Gram,2010,Rabi,telangana,rangareddi
Telangana,RANGAREDDI,Groundnut,2010,Rabi,telangana,rangareddi
Telangana,RANGAREDDI,Horse-gram,2010,Rabi,telangana,rangareddi
Telangana,RANGAREDDI,Jowar,2010,Rabi,telangana,rangareddi
Telangana,RANGAREDDI,Maize,2010,Rabi,telangana,rangareddi
Telangana,RANGAREDDI,Onion,2010,Rabi,telangana,rangareddi
Telangana,RANGAREDDI,Ragi,2010,Rabi,telangana,rangareddi
Telangana,RANGAREDDI,Rice,2010,Rabi,telangana,rangareddi
Telangana,RANGAREDDI,Safflower,2010,Rabi,telangana,rangareddi
Telangana,RANGAREDDI,Sesamum,2010,Rabi,telangana,rangareddi
Telangana,RANGAREDDI,Urad,2010,Rabi,telangana,rangareddi
Telangana,RANGAREDDI,Wheat,2010,Rabi,telangana,rangareddi
Telangana,RANGAREDDI,Banana,2010,Whole Year,telangana,rangareddi
Telangana,RANGAREDDI,Coriander,2010,Whole Year,telangana,rangareddi
Telangana,RANGAREDDI,Dry ginger,2010,Whole Year,telangana,rangareddi
Telangana,RANGAREDDI,Ginger,2010,Whole Year,telangana,rangareddi
Telangana,RANGAREDDI,Potato,2010,Whole Year,telangana,rangareddi
Telangana,RANGAREDDI,Sugarcane,2010,Whole Year,telangana,rangareddi
Telangana,RANGAREDDI,Sunflower,2010,Whole Year,telangana,rangareddi
Telangana,RANGAREDDI,Sweet potato,2010,Whole Year,telangana,rangareddi
Telangana,RANGAREDDI,Turmeric,2010,Whole Year,telangana,rangareddi
Telangana,WARANGAL,Arhar/Tur,2010,Kharif,telangana,warangal
Telangana,WARANGAL,Bajra,2010,Kharif,telangana,warangal
Telangana,WARANGAL,Castor seed,2010,Kharif,telangana,warangal
Telangana,WARANGAL,Cotton(lint),2010,Kharif,telangana,warangal
Telangana,WARANGAL,Dry chillies,2010,Kharif,telangana,warangal
Telangana,WARANGAL,Groundnut,2010,Kharif,telangana,warangal
Telangana,WARANGAL,Jowar,2010,Kharif,telangana,warangal
Telangana,WARANGAL,Maize,2010,Kharif,telangana,warangal
Telangana,WARANGAL,Moong(Green Gram),2010,Kharif,telangana,warangal
Telangana,WARANGAL,Onion,2010,Kharif,telangana,warangal
Telangana,WARANGAL,Rice,2010,Kharif,telangana,warangal
Telangana,WARANGAL,Sesamum,2010,Kharif,telangana,warangal
Telangana,WARANGAL,Soyabean,2010,Kharif,telangana,warangal
Telangana,WARANGAL,Urad,2010,Kharif,telangana,warangal
Telangana,WARANGAL,Arhar/Tur,2010,Rabi,telangana,warangal
Telangana,WARANGAL,Dry chillies,2010,Rabi,telangana,warangal
Telangana,WARANGAL,Gram,2010,Rabi,telangana,warangal
Telangana,WARANGAL,Groundnut,2010,Rabi,telangana,warangal
Telangana,WARANGAL,Horse-gram,2010,Rabi,telangana,warangal
Telangana,WARANGAL,Jowar,2010,Rabi,telangana,warangal
Telangana,WARANGAL,Maize,2010,Rabi,telangana,warangal
Telangana,WARANGAL,Moong(Green Gram),2010,Rabi,telangana,warangal
Telangana,WARANGAL,Onion,2010,Rabi,telangana,warangal
Telangana,WARANGAL,Rice,2010,Rabi,telangana,warangal
Telangana,WARANGAL,Sesamum,2010,Rabi,telangana,warangal
Telangana,WARANGAL,Urad,2010,Rabi,telangana,warangal
Telangana,WARANGAL,Wheat,2010,Rabi,telangana,warangal
Telangana,WARANGAL,Banana,2010,Whole Year,telangana,warangal
Telangana,WARANGAL,Coriander,2010,Whole Year,telangana,warangal
Telangana,WARANGAL,Sunflower,2010,Whole Year,telangana,warangal
Telangana,WARANGAL,Sweet potato,2010,Whole Year,telangana,warangal
Telangana,WARANGAL,Tobacco,2010,Whole Year,telangana,warangal
Telangana,WARANGAL,Turmeric,2010,Whole Year,telangana,warangal
Tripura,DHALAI,Arhar/Tur,2010,Kharif,tripura,dhalai
Tripura,DHALAI,Cotton(lint),2010,Kharif,tripura,dhalai
Tripura,DHALAI,Groundnut,2010,Kharif,tripura,dhalai
Tripura,DHALAI,Jute,2010,Kharif,tripura,dhalai
Tripura,DHALAI,Maize,2010,Kharif,tripura,dhalai
Tripura,DHALAI,Mesta,2010,Kharif,tripura,dhalai
Tripura,DHALAI,Moong(Green Gram),2010,Kharif,tripura,dhalai
Tripura,DHALAI,Other Kharif pulses,2010,Kharif,tripura,dhalai
Tripura,DHALAI,Rice,2010,Kharif,tripura,dhalai
Tripura,DHALAI,Sesamum,2010,Kharif,tripura,dhalai
Tripura,DHALAI,Urad,2010,Kharif,tripura,dhalai
Tripura,DHALAI,Gram,2010,Rabi,tripura,dhalai
Tripura,DHALAI,Groundnut,2010,Rabi,tripura,dhalai
Tripura,DHALAI,Masoor,2010,Rabi,tripura,dhalai
Tripura,DHALAI,Moong(Green Gram),2010,Rabi,tripura,dhalai
Tripura,DHALAI,Other  Rabi pulses,2010,Rabi,tripura,dhalai
Tripura,DHALAI,Peas & beans (Pulses),2010,Rabi,tripura,dhalai
Tripura,DHALAI,Rapeseed &Mustard,2010,Rabi,tripura,dhalai
Tripura,DHALAI,Urad,2010,Rabi,tripura,dhalai
Tripura,DHALAI,Wheat,2010,Rabi,tripura,dhalai
Tripura,DHALAI,Sugarcane,2010,Whole Year,tripura,dhalai
Tripura,NORTH TRIPURA,Arhar/Tur,2010,Kharif,tripura,north tripura
Tripura,NORTH TRIPURA,Cotton(lint),2010,Kharif,tripura,north tripura
Tripura,NORTH TRIPURA,Groundnut,2010,Kharif,tripura,north tripura
Tripura,NORTH TRIPURA,Jute,2010,Kharif,tripura,north tripura
Tripura,NORTH TRIPURA,Maize,2010,Kharif,tripura,north tripura
Tripura,NORTH TRIPURA,Mesta,2010,Kharif,tripura,north tripura
Tripura,NORTH TRIPURA,Moong(Green Gram),2010,Kharif,tripura,north tripura
Tripura,NORTH TRIPURA,Other Kharif pulses,2010,Kharif,tripura,north tripura
Tripura,NORTH TRIPURA,Rice,2010,Kharif,tripura,north tripura
Tripura,NORTH TRIPURA,Sesamum,2010,Kharif,tripura,north tripura
Tripura,NORTH TRIPURA,Urad,2010,Kharif,tripura,north tripura
Tripura,NORTH TRIPURA,Gram,2010,Rabi,tripura,north tripura
Tripura,NORTH TRIPURA,Groundnut,2010,Rabi,tripura,north tripura
Tripura,NORTH TRIPURA,Masoor,2010,Rabi,tripura,north tripura
Tripura,NORTH TRIPURA,Moong(Green Gram),2010,Rabi,tripura,north tripura
Tripura,NORTH TRIPURA,Other  Rabi pulses,2010,Rabi,tripura,north tripura
Tripura,NORTH TRIPURA,Peas & beans (Pulses),2010,Rabi,tripura,north tripura
Tripura,NORTH TRIPURA,Rapeseed &Mustard,2010,Rabi,tripura,north tripura
Tripura,NORTH TRIPURA,Urad,2010,Rabi,tripura,north tripura
Tripura,NORTH TRIPURA,Wheat,2010,Rabi,tripura,north tripura
Tripura,NORTH TRIPURA,Sugarcane,2010,Whole Year,tripura,north tripura
Tripura,SOUTH TRIPURA,Arhar/Tur,2010,Kharif,tripura,south tripura
Tripura,SOUTH TRIPURA,Cotton(lint),2010,Kharif,tripura,south tripura
Tripura,SOUTH TRIPURA,Groundnut,2010,Kharif,tripura,south tripura
Tripura,SOUTH TRIPURA,Jute,2010,Kharif,tripura,south tripura
Tripura,SOUTH TRIPURA,Maize,2010,Kharif,tripura,south tripura
Tripura,SOUTH TRIPURA,Mesta,2010,Kharif,tripura,south tripura
Tripura,SOUTH TRIPURA,Moong(Green Gram),2010,Kharif,tripura,south tripura
Tripura,SOUTH TRIPURA,Other Kharif pulses,2010,Kharif,tripura,south tripura
Tripura,SOUTH TRIPURA,Rice,2010,Kharif,tripura,south tripura
Tripura,SOUTH TRIPURA,Sesamum,2010,Kharif,tripura,south tripura
Tripura,SOUTH TRIPURA,Urad,2010,Kharif,tripura,south tripura
Tripura,SOUTH TRIPURA,Gram,2010,Rabi,tripura,south tripura
Tripura,SOUTH TRIPURA,Groundnut,2010,Rabi,tripura,south tripura
Tripura,SOUTH TRIPURA,Masoor,2010,Rabi,tripura,south tripura
Tripura,SOUTH TRIPURA,Moong(Green Gram),2010,Rabi,tripura,south tripura
Tripura,SOUTH TRIPURA,Other  Rabi pulses,2010,Rabi,tripura,south tripura
Tripura,SOUTH TRIPURA,Peas & beans (Pulses),2010,Rabi,tripura,south tripura
Tripura,SOUTH TRIPURA,Rapeseed &Mustard,2010,Rabi,tripura,south tripura
Tripura,SOUTH TRIPURA,Urad,2010,Rabi,tripura,south tripura
Tripura,SOUTH TRIPURA,Wheat,2010,Rabi,tripura,south tripura
Tripura,SOUTH TRIPURA,Sugarcane,2010,Whole Year,tripura,south tripura
Tripura,WEST TRIPURA,Arhar/Tur,2010,Kharif,tripura,west tripura
Tripura,WEST TRIPURA,Cotton(lint),2010,Kharif,tripura,west tripura
Tripura,WEST TRIPURA,Groundnut,2010,Kharif,tripura,west tripura
Tripura,WEST TRIPURA,Jute,2010,Kharif,tripura,west tripura
Tripura,WEST TRIPURA,Maize,2010,Kharif,tripura,west tripura
Tripura,WEST TRIPURA,Mesta,2010,Kharif,tripura,west tripura
Tripura,WEST TRIPURA,Moong(Green Gram),2010,Kharif,tripura,west tripura
Tripura,WEST TRIPURA,Other Kharif pulses,2010,Kharif,tripura,west tripura
Tripura,WEST TRIPURA,Rice,2010,Kharif,tripura,west tripura
Tripura,WEST TRIPURA,Sesamum,2010,Kharif,tripura,west tripura
Tripura,WEST TRIPURA,Urad,2010,Kharif,tripura,west tripura
Tripura,WEST TRIPURA,Gram,2010,Rabi,tripura,west tripura
Tripura,WEST TRIPURA,Groundnut,2010,Rabi,tripura,west tripura
Tripura,WEST TRIPURA,Masoor,2010,Rabi,tripura,west tripura
Tripura,WEST TRIPURA,Moong(Green Gram),2010,Rabi,tripura,west tripura
Tripura,WEST TRIPURA,Other  Rabi pulses,2010,Rabi,tripura,west tripura
Tripura,WEST TRIPURA,Peas & beans (Pulses),2010,Rabi,tripura,west tripura
Tripura,WEST TRIPURA,Rapeseed &Mustard,2010,Rabi,tripura,west tripura
Tripura,WEST TRIPURA,Urad,2010,Rabi,tripura,west tripura
Tripura,WEST TRIPURA,Wheat,2010,Rabi,tripura,west tripura
Tripura,WEST TRIPURA,Sugarcane,2010,Whole Year,tripura,west tripura
Uttar Pradesh,AGRA,Arhar/Tur,2010,Kharif,uttar pradesh,agra
Uttar Pradesh,AGRA,Bajra,2010,Kharif,uttar pradesh,agra
Uttar Pradesh,AGRA,Cotton(lint),2010,Kharif,uttar pradesh,agra
Uttar Pradesh,AGRA,Dry chillies,2010,Kharif,uttar pradesh,agra
Uttar Pradesh,AGRA,Groundnut,2010,Kharif,uttar pradesh,agra
Uttar Pradesh,AGRA,Guar seed,2010,Kharif,uttar pradesh,agra
Uttar Pradesh,AGRA,Jowar,2010,Kharif,uttar pradesh,agra
Uttar Pradesh,AGRA,Maize,2010,Kharif,uttar pradesh,agra
Uttar Pradesh,AGRA,Moong(Green Gram),2010,Kharif,uttar pradesh,agra
Uttar Pradesh,AGRA,Rice,2010,Kharif,uttar pradesh,agra
Uttar Pradesh,AGRA,Sesamum,2010,Kharif,uttar pradesh,agra
Uttar Pradesh,AGRA,Sugarcane,2010,Kharif,uttar pradesh,agra
Uttar Pradesh,AGRA,Sweet potato,2010,Kharif,uttar pradesh,agra
Uttar Pradesh,AGRA,Urad,2010,Kharif,uttar pradesh,agra
Uttar Pradesh,AGRA,Barley,2010,Rabi,uttar pradesh,agra
Uttar Pradesh,AGRA,Gram,2010,Rabi,uttar pradesh,agra
Uttar Pradesh,AGRA,Masoor,2010,Rabi,uttar pradesh,agra
Uttar Pradesh,AGRA,Onion,2010,Rabi,uttar pradesh,agra
Uttar Pradesh,AGRA,Peas & beans (Pulses),2010,Rabi,uttar pradesh,agra
Uttar Pradesh,AGRA,Potato,2010,Rabi,uttar pradesh,agra
Uttar Pradesh,AGRA,Rapeseed &Mustard,2010,Rabi,uttar pradesh,agra
Uttar Pradesh,AGRA,Wheat,2010,Rabi,uttar pradesh,agra
Uttar Pradesh,AGRA,Maize,2010,Summer,uttar pradesh,agra
Uttar Pradesh,AGRA,Moong(Green Gram),2010,Summer,uttar pradesh,agra
Uttar Pradesh,AGRA,Urad,2010,Summer,uttar pradesh,agra
Uttar Pradesh,ALIGARH,Arhar/Tur,2010,Kharif,uttar pradesh,aligarh
Uttar Pradesh,ALIGARH,Bajra,2010,Kharif,uttar pradesh,aligarh
Uttar Pradesh,ALIGARH,Cotton(lint),2010,Kharif,uttar pradesh,aligarh
Uttar Pradesh,ALIGARH,Dry chillies,2010,Kharif,uttar pradesh,aligarh
Uttar Pradesh,ALIGARH,Groundnut,2010,Kharif,uttar pradesh,aligarh
Uttar Pradesh,ALIGARH,Guar seed,2010,Kharif,uttar pradesh,aligarh
Uttar Pradesh,ALIGARH,Maize,2010,Kharif,uttar pradesh,aligarh
Uttar Pradesh,ALIGARH,Moong(Green Gram),2010,Kharif,uttar pradesh,aligarh
Uttar Pradesh,ALIGARH,Rice,2010,Kharif,uttar pradesh,aligarh
Uttar Pradesh,ALIGARH,Sesamum,2010,Kharif,uttar pradesh,aligarh
Uttar Pradesh,ALIGARH,Sugarcane,2010,Kharif,uttar pradesh,aligarh
Uttar Pradesh,ALIGARH,Sweet potato,2010,Kharif,uttar pradesh,aligarh
Uttar Pradesh,ALIGARH,Urad,2010,Kharif,uttar pradesh,aligarh
Uttar Pradesh,ALIGARH,Barley,2010,Rabi,uttar pradesh,aligarh
Uttar Pradesh,ALIGARH,Gram,2010,Rabi,uttar pradesh,aligarh
Uttar Pradesh,ALIGARH,Masoor,2010,Rabi,uttar pradesh,aligarh
Uttar Pradesh,ALIGARH,Onion,2010,Rabi,uttar pradesh,aligarh
Uttar Pradesh,ALIGARH,Peas & beans (Pulses),2010,Rabi,uttar pradesh,aligarh
Uttar Pradesh,ALIGARH,Potato,2010,Rabi,uttar pradesh,aligarh
Uttar Pradesh,ALIGARH,Rapeseed &Mustard,2010,Rabi,uttar pradesh,aligarh
Uttar Pradesh,ALIGARH,Turmeric,2010,Rabi,uttar pradesh,aligarh
Uttar Pradesh,ALIGARH,Wheat,2010,Rabi,uttar pradesh,aligarh
Uttar Pradesh,ALIGARH,Maize,2010,Summer,uttar pradesh,aligarh
Uttar Pradesh,ALIGARH,Moong(Green Gram),2010,Summer,uttar pradesh,aligarh
Uttar Pradesh,ALIGARH,Sunflower,2010,Summer,uttar pradesh,aligarh
Uttar Pradesh,ALIGARH,Urad,2010,Summer,uttar pradesh,aligarh
Uttar Pradesh,ALLAHABAD,Arhar/Tur,2010,Kharif,uttar pradesh,allahabad
Uttar Pradesh,ALLAHABAD,Bajra,2010,Kharif,uttar pradesh,allahabad
Uttar Pradesh,ALLAHABAD,Dry chillies,2010,Kharif,uttar pradesh,allahabad
Uttar Pradesh,ALLAHABAD,Guar seed,2010,Kharif,uttar pradesh,allahabad
Uttar Pradesh,ALLAHABAD,Jowar,2010,Kharif,uttar pradesh,allahabad
Uttar Pradesh,ALLAHABAD,Maize,2010,Kharif,uttar pradesh,allahabad
Uttar Pradesh,ALLAHABAD,Moong(Green Gram),2010,Kharif,uttar pradesh,allahabad
Uttar Pradesh,ALLAHABAD,Rice,2010,Kharif,uttar pradesh,allahabad
Uttar Pradesh,ALLAHABAD,Sannhamp,2010,Kharif,uttar pradesh,allahabad
Uttar Pradesh,ALLAHABAD,Sesamum,2010,Kharif,uttar pradesh,allahabad
Uttar Pradesh,ALLAHABAD,Small millets,2010,Kharif,uttar pradesh,allahabad
Uttar Pradesh,ALLAHABAD,Sugarcane,2010,Kharif,uttar pradesh,allahabad
Uttar Pradesh,ALLAHABAD,Sweet potato,2010,Kharif,uttar pradesh,allahabad
Uttar Pradesh,ALLAHABAD,Urad,2010,Kharif,uttar pradesh,allahabad
Uttar Pradesh,ALLAHABAD,Barley,2010,Rabi,uttar pradesh,allahabad
Uttar Pradesh,ALLAHABAD,Gram,2010,Rabi,uttar pradesh,allahabad
Uttar Pradesh,ALLAHABAD,Linseed,2010,Rabi,uttar pradesh,allahabad
Uttar Pradesh,ALLAHABAD,Maize,2010,Rabi,uttar pradesh,allahabad
Uttar Pradesh,ALLAHABAD,Masoor,2010,Rabi,uttar pradesh,allahabad
Uttar Pradesh,ALLAHABAD,Onion,2010,Rabi,uttar pradesh,allahabad
Uttar Pradesh,ALLAHABAD,Peas & beans (Pulses),2010,Rabi,uttar pradesh,allahabad
Uttar Pradesh,ALLAHABAD,Potato,2010,Rabi,uttar pradesh,allahabad
Uttar Pradesh,ALLAHABAD,Rapeseed &Mustard,2010,Rabi,uttar pradesh,allahabad
Uttar Pradesh,ALLAHABAD,Wheat,2010,Rabi,uttar pradesh,allahabad
Uttar Pradesh,ALLAHABAD,Moong(Green Gram),2010,Summer,uttar pradesh,allahabad
Uttar Pradesh,ALLAHABAD,Urad,2010,Summer,uttar pradesh,allahabad
Uttar Pradesh,AMBEDKAR NAGAR,Arhar/Tur,2010,Kharif,uttar pradesh,ambedkar nagar
Uttar Pradesh,AMBEDKAR NAGAR,Bajra,2010,Kharif,uttar pradesh,ambedkar nagar
Uttar Pradesh,AMBEDKAR NAGAR,Dry chillies,2010,Kharif,uttar pradesh,ambedkar nagar
Uttar Pradesh,AMBEDKAR NAGAR,Dry ginger,2010,Kharif,uttar pradesh,ambedkar nagar
Uttar Pradesh,AMBEDKAR NAGAR,Guar seed,2010,Kharif,uttar pradesh,ambedkar nagar
Uttar Pradesh,AMBEDKAR NAGAR,Jowar,2010,Kharif,uttar pradesh,ambedkar nagar
Uttar Pradesh,AMBEDKAR NAGAR,Maize,2010,Kharif,uttar pradesh,ambedkar nagar
Uttar Pradesh,AMBEDKAR NAGAR,Moong(Green Gram),2010,Kharif,uttar pradesh,ambedkar nagar
Uttar Pradesh,AMBEDKAR NAGAR,Rice,2010,Kharif,uttar pradesh,ambedkar nagar
Uttar Pradesh,AMBEDKAR NAGAR,Sesamum,2010,Kharif,uttar pradesh,ambedkar nagar
Uttar Pradesh,AMBEDKAR NAGAR,Sugarcane,2010,Kharif,uttar pradesh,ambedkar nagar
Uttar Pradesh,AMBEDKAR NAGAR,Sweet potato,2010,Kharif,uttar pradesh,ambedkar nagar
Uttar Pradesh,AMBEDKAR NAGAR,Urad,2010,Kharif,uttar pradesh,ambedkar nagar
Uttar Pradesh,AMBEDKAR NAGAR,Barley,2010,Rabi,uttar pradesh,ambedkar nagar
Uttar Pradesh,AMBEDKAR NAGAR,Gram,2010,Rabi,uttar pradesh,ambedkar nagar
Uttar Pradesh,AMBEDKAR NAGAR,Maize,2010,Rabi,uttar pradesh,ambedkar nagar
Uttar Pradesh,AMBEDKAR NAGAR,Masoor,2010,Rabi,uttar pradesh,ambedkar nagar
Uttar Pradesh,AMBEDKAR NAGAR,Onion,2010,Rabi,uttar pradesh,ambedkar nagar
Uttar Pradesh,AMBEDKAR NAGAR,Peas & beans (Pulses),2010,Rabi,uttar pradesh,ambedkar nagar
Uttar Pradesh,AMBEDKAR NAGAR,Potato,2010,Rabi,uttar pradesh,ambedkar nagar
Uttar Pradesh,AMBEDKAR NAGAR,Rapeseed &Mustard,2010,Rabi,uttar pradesh,ambedkar nagar
Uttar Pradesh,AMBEDKAR NAGAR,Tobacco,2010,Rabi,uttar pradesh,ambedkar nagar
Uttar Pradesh,AMBEDKAR NAGAR,Wheat,2010,Rabi,uttar pradesh,ambedkar nagar
Uttar Pradesh,AMBEDKAR NAGAR,Maize,2010,Summer,uttar pradesh,ambedkar nagar
Uttar Pradesh,AMBEDKAR NAGAR,Moong(Green Gram),2010,Summer,uttar pradesh,ambedkar nagar
Uttar Pradesh,AMBEDKAR NAGAR,Urad,2010,Summer,uttar pradesh,ambedkar nagar
Uttar Pradesh,AMETHI,Bajra,2010,Kharif,uttar pradesh,amethi
Uttar Pradesh,AMETHI,Jowar,2010,Kharif,uttar pradesh,amethi
Uttar Pradesh,AMETHI,Maize,2010,Kharif,uttar pradesh,amethi
Uttar Pradesh,AMETHI,Moong(Green Gram),2010,Kharif,uttar pradesh,amethi
Uttar Pradesh,AMETHI,Rice,2010,Kharif,uttar pradesh,amethi
Uttar Pradesh,AMETHI,Sesamum,2010,Kharif,uttar pradesh,amethi
Uttar Pradesh,AMETHI,Urad,2010,Kharif,uttar pradesh,amethi
Uttar Pradesh,AMETHI,Barley,2010,Rabi,uttar pradesh,amethi
Uttar Pradesh,AMETHI,Gram,2010,Rabi,uttar pradesh,amethi
Uttar Pradesh,AMETHI,Masoor,2010,Rabi,uttar pradesh,amethi
Uttar Pradesh,AMETHI,Peas & beans (Pulses),2010,Rabi,uttar pradesh,amethi
Uttar Pradesh,AMETHI,Potato,2010,Rabi,uttar pradesh,amethi
Uttar Pradesh,AMETHI,Rapeseed &Mustard,2010,Rabi,uttar pradesh,amethi
Uttar Pradesh,AMETHI,Wheat,2010,Rabi,uttar pradesh,amethi
Uttar Pradesh,AMROHA,Arhar/Tur,2010,Kharif,uttar pradesh,amroha
Uttar Pradesh,AMROHA,Bajra,2010,Kharif,uttar pradesh,amroha
Uttar Pradesh,AMROHA,Dry chillies,2010,Kharif,uttar pradesh,amroha
Uttar Pradesh,AMROHA,Groundnut,2010,Kharif,uttar pradesh,amroha
Uttar Pradesh,AMROHA,Maize,2010,Kharif,uttar pradesh,amroha
Uttar Pradesh,AMROHA,Moong(Green Gram),2010,Kharif,uttar pradesh,amroha
Uttar Pradesh,AMROHA,Rice,2010,Kharif,uttar pradesh,amroha
Uttar Pradesh,AMROHA,Sesamum,2010,Kharif,uttar pradesh,amroha
Uttar Pradesh,AMROHA,Sugarcane,2010,Kharif,uttar pradesh,amroha
Uttar Pradesh,AMROHA,Sweet potato,2010,Kharif,uttar pradesh,amroha
Uttar Pradesh,AMROHA,Urad,2010,Kharif,uttar pradesh,amroha
Uttar Pradesh,AMROHA,Barley,2010,Rabi,uttar pradesh,amroha
Uttar Pradesh,AMROHA,Masoor,2010,Rabi,uttar pradesh,amroha
Uttar Pradesh,AMROHA,Onion,2010,Rabi,uttar pradesh,amroha
Uttar Pradesh,AMROHA,Peas & beans (Pulses),2010,Rabi,uttar pradesh,amroha
Uttar Pradesh,AMROHA,Potato,2010,Rabi,uttar pradesh,amroha
Uttar Pradesh,AMROHA,Rapeseed &Mustard,2010,Rabi,uttar pradesh,amroha
Uttar Pradesh,AMROHA,Wheat,2010,Rabi,uttar pradesh,amroha
Uttar Pradesh,AMROHA,Maize,2010,Summer,uttar pradesh,amroha
Uttar Pradesh,AMROHA,Urad,2010,Summer,uttar pradesh,amroha
Uttar Pradesh,AURAIYA,Arhar/Tur,2010,Kharif,uttar pradesh,auraiya
Uttar Pradesh,AURAIYA,Bajra,2010,Kharif,uttar pradesh,auraiya
Uttar Pradesh,AURAIYA,Dry chillies,2010,Kharif,uttar pradesh,auraiya
Uttar Pradesh,AURAIYA,Groundnut,2010,Kharif,uttar pradesh,auraiya
Uttar Pradesh,AURAIYA,Guar seed,2010,Kharif,uttar pradesh,auraiya
Uttar Pradesh,AURAIYA,Jowar,2010,Kharif,uttar pradesh,auraiya
Uttar Pradesh,AURAIYA,Maize,2010,Kharif,uttar pradesh,auraiya
Uttar Pradesh,AURAIYA,Moong(Green Gram),2010,Kharif,uttar pradesh,auraiya
Uttar Pradesh,AURAIYA,Rice,2010,Kharif,uttar pradesh,auraiya
Uttar Pradesh,AURAIYA,Sesamum,2010,Kharif,uttar pradesh,auraiya
Uttar Pradesh,AURAIYA,Sugarcane,2010,Kharif,uttar pradesh,auraiya
Uttar Pradesh,AURAIYA,Sweet potato,2010,Kharif,uttar pradesh,auraiya
Uttar Pradesh,AURAIYA,Urad,2010,Kharif,uttar pradesh,auraiya
Uttar Pradesh,AURAIYA,Barley,2010,Rabi,uttar pradesh,auraiya
Uttar Pradesh,AURAIYA,Gram,2010,Rabi,uttar pradesh,auraiya
Uttar Pradesh,AURAIYA,Linseed,2010,Rabi,uttar pradesh,auraiya
Uttar Pradesh,AURAIYA,Masoor,2010,Rabi,uttar pradesh,auraiya
Uttar Pradesh,AURAIYA,Onion,2010,Rabi,uttar pradesh,auraiya
Uttar Pradesh,AURAIYA,Peas & beans (Pulses),2010,Rabi,uttar pradesh,auraiya
Uttar Pradesh,AURAIYA,Potato,2010,Rabi,uttar pradesh,auraiya
Uttar Pradesh,AURAIYA,Rapeseed &Mustard,2010,Rabi,uttar pradesh,auraiya
Uttar Pradesh,AURAIYA,Tobacco,2010,Rabi,uttar pradesh,auraiya
Uttar Pradesh,AURAIYA,Wheat,2010,Rabi,uttar pradesh,auraiya
Uttar Pradesh,AURAIYA,Maize,2010,Summer,uttar pradesh,auraiya
Uttar Pradesh,AURAIYA,Moong(Green Gram),2010,Summer,uttar pradesh,auraiya
Uttar Pradesh,AURAIYA,Sunflower,2010,Summer,uttar pradesh,auraiya
Uttar Pradesh,AURAIYA,Urad,2010,Summer,uttar pradesh,auraiya
Uttar Pradesh,AZAMGARH,Arhar/Tur,2010,Kharif,uttar pradesh,azamgarh
Uttar Pradesh,AZAMGARH,Bajra,2010,Kharif,uttar pradesh,azamgarh
Uttar Pradesh,AZAMGARH,Dry chillies,2010,Kharif,uttar pradesh,azamgarh
Uttar Pradesh,AZAMGARH,Dry ginger,2010,Kharif,uttar pradesh,azamgarh
Uttar Pradesh,AZAMGARH,Groundnut,2010,Kharif,uttar pradesh,azamgarh
Uttar Pradesh,AZAMGARH,Guar seed,2010,Kharif,uttar pradesh,azamgarh
Uttar Pradesh,AZAMGARH,Jowar,2010,Kharif,uttar pradesh,azamgarh
Uttar Pradesh,AZAMGARH,Maize,2010,Kharif,uttar pradesh,azamgarh
Uttar Pradesh,AZAMGARH,Moong(Green Gram),2010,Kharif,uttar pradesh,azamgarh
Uttar Pradesh,AZAMGARH,Rice,2010,Kharif,uttar pradesh,azamgarh
Uttar Pradesh,AZAMGARH,Sannhamp,2010,Kharif,uttar pradesh,azamgarh
Uttar Pradesh,AZAMGARH,Sesamum,2010,Kharif,uttar pradesh,azamgarh
Uttar Pradesh,AZAMGARH,Small millets,2010,Kharif,uttar pradesh,azamgarh
Uttar Pradesh,AZAMGARH,Sugarcane,2010,Kharif,uttar pradesh,azamgarh
Uttar Pradesh,AZAMGARH,Urad,2010,Kharif,uttar pradesh,azamgarh
Uttar Pradesh,AZAMGARH,Barley,2010,Rabi,uttar pradesh,azamgarh
Uttar Pradesh,AZAMGARH,Gram,2010,Rabi,uttar pradesh,azamgarh
Uttar Pradesh,AZAMGARH,Maize,2010,Rabi,uttar pradesh,azamgarh
Uttar Pradesh,AZAMGARH,Masoor,2010,Rabi,uttar pradesh,azamgarh
Uttar Pradesh,AZAMGARH,Onion,2010,Rabi,uttar pradesh,azamgarh
Uttar Pradesh,AZAMGARH,Peas & beans (Pulses),2010,Rabi,uttar pradesh,azamgarh
Uttar Pradesh,AZAMGARH,Potato,2010,Rabi,uttar pradesh,azamgarh
Uttar Pradesh,AZAMGARH,Rapeseed &Mustard,2010,Rabi,uttar pradesh,azamgarh
Uttar Pradesh,AZAMGARH,Tobacco,2010,Rabi,uttar pradesh,azamgarh
Uttar Pradesh,AZAMGARH,Wheat,2010,Rabi,uttar pradesh,azamgarh
Uttar Pradesh,AZAMGARH,Maize,2010,Summer,uttar pradesh,azamgarh
Uttar Pradesh,AZAMGARH,Moong(Green Gram),2010,Summer,uttar pradesh,azamgarh
Uttar Pradesh,AZAMGARH,Rice,2010,Summer,uttar pradesh,azamgarh
Uttar Pradesh,AZAMGARH,Sunflower,2010,Summer,uttar pradesh,azamgarh
Uttar Pradesh,AZAMGARH,Urad,2010,Summer,uttar pradesh,azamgarh
Uttar Pradesh,BAGHPAT,Arhar/Tur,2010,Kharif,uttar pradesh,baghpat
Uttar Pradesh,BAGHPAT,Bajra,2010,Kharif,uttar pradesh,baghpat
Uttar Pradesh,BAGHPAT,Cotton(lint),2010,Kharif,uttar pradesh,baghpat
Uttar Pradesh,BAGHPAT,Dry chillies,2010,Kharif,uttar pradesh,baghpat
Uttar Pradesh,BAGHPAT,Dry ginger,2010,Kharif,uttar pradesh,baghpat
Uttar Pradesh,BAGHPAT,Moong(Green Gram),2010,Kharif,uttar pradesh,baghpat
Uttar Pradesh,BAGHPAT,Rice,2010,Kharif,uttar pradesh,baghpat
Uttar Pradesh,BAGHPAT,Sugarcane,2010,Kharif,uttar pradesh,baghpat
Uttar Pradesh,BAGHPAT,Urad,2010,Kharif,uttar pradesh,baghpat
Uttar Pradesh,BAGHPAT,Barley,2010,Rabi,uttar pradesh,baghpat
Uttar Pradesh,BAGHPAT,Masoor,2010,Rabi,uttar pradesh,baghpat
Uttar Pradesh,BAGHPAT,Onion,2010,Rabi,uttar pradesh,baghpat
Uttar Pradesh,BAGHPAT,Peas & beans (Pulses),2010,Rabi,uttar pradesh,baghpat
Uttar Pradesh,BAGHPAT,Potato,2010,Rabi,uttar pradesh,baghpat
Uttar Pradesh,BAGHPAT,Rapeseed &Mustard,2010,Rabi,uttar pradesh,baghpat
Uttar Pradesh,BAGHPAT,Wheat,2010,Rabi,uttar pradesh,baghpat
Uttar Pradesh,BAGHPAT,Moong(Green Gram),2010,Summer,uttar pradesh,baghpat
Uttar Pradesh,BAGHPAT,Urad,2010,Summer,uttar pradesh,baghpat
Uttar Pradesh,BAHRAICH,Arhar/Tur,2010,Kharif,uttar pradesh,bahraich
Uttar Pradesh,BAHRAICH,Dry chillies,2010,Kharif,uttar pradesh,bahraich
Uttar Pradesh,BAHRAICH,Dry ginger,2010,Kharif,uttar pradesh,bahraich
Uttar Pradesh,BAHRAICH,Groundnut,2010,Kharif,uttar pradesh,bahraich
Uttar Pradesh,BAHRAICH,Guar seed,2010,Kharif,uttar pradesh,bahraich
Uttar Pradesh,BAHRAICH,Jowar,2010,Kharif,uttar pradesh,bahraich
Uttar Pradesh,BAHRAICH,Maize,2010,Kharif,uttar pradesh,bahraich
Uttar Pradesh,BAHRAICH,Rice,2010,Kharif,uttar pradesh,bahraich
Uttar Pradesh,BAHRAICH,Sannhamp,2010,Kharif,uttar pradesh,bahraich
Uttar Pradesh,BAHRAICH,Sesamum,2010,Kharif,uttar pradesh,bahraich
Uttar Pradesh,BAHRAICH,Small millets,2010,Kharif,uttar pradesh,bahraich
Uttar Pradesh,BAHRAICH,Soyabean,2010,Kharif,uttar pradesh,bahraich
Uttar Pradesh,BAHRAICH,Sugarcane,2010,Kharif,uttar pradesh,bahraich
Uttar Pradesh,BAHRAICH,Sweet potato,2010,Kharif,uttar pradesh,bahraich
Uttar Pradesh,BAHRAICH,Urad,2010,Kharif,uttar pradesh,bahraich
Uttar Pradesh,BAHRAICH,Barley,2010,Rabi,uttar pradesh,bahraich
Uttar Pradesh,BAHRAICH,Gram,2010,Rabi,uttar pradesh,bahraich
Uttar Pradesh,BAHRAICH,Maize,2010,Rabi,uttar pradesh,bahraich
Uttar Pradesh,BAHRAICH,Masoor,2010,Rabi,uttar pradesh,bahraich
Uttar Pradesh,BAHRAICH,Onion,2010,Rabi,uttar pradesh,bahraich
Uttar Pradesh,BAHRAICH,Peas & beans (Pulses),2010,Rabi,uttar pradesh,bahraich
Uttar Pradesh,BAHRAICH,Potato,2010,Rabi,uttar pradesh,bahraich
Uttar Pradesh,BAHRAICH,Rapeseed &Mustard,2010,Rabi,uttar pradesh,bahraich
Uttar Pradesh,BAHRAICH,Turmeric,2010,Rabi,uttar pradesh,bahraich
Uttar Pradesh,BAHRAICH,Wheat,2010,Rabi,uttar pradesh,bahraich
Uttar Pradesh,BAHRAICH,Maize,2010,Summer,uttar pradesh,bahraich
Uttar Pradesh,BAHRAICH,Moong(Green Gram),2010,Summer,uttar pradesh,bahraich
Uttar Pradesh,BAHRAICH,Sunflower,2010,Summer,uttar pradesh,bahraich
Uttar Pradesh,BAHRAICH,Urad,2010,Summer,uttar pradesh,bahraich
Uttar Pradesh,BALLIA,Arhar/Tur,2010,Kharif,uttar pradesh,ballia
Uttar Pradesh,BALLIA,Bajra,2010,Kharif,uttar pradesh,ballia
Uttar Pradesh,BALLIA,Dry chillies,2010,Kharif,uttar pradesh,ballia
Uttar Pradesh,BALLIA,Groundnut,2010,Kharif,uttar pradesh,ballia
Uttar Pradesh,BALLIA,Guar seed,2010,Kharif,uttar pradesh,ballia
Uttar Pradesh,BALLIA,Jowar,2010,Kharif,uttar pradesh,ballia
Uttar Pradesh,BALLIA,Maize,2010,Kharif,uttar pradesh,ballia
Uttar Pradesh,BALLIA,Rice,2010,Kharif,uttar pradesh,ballia
Uttar Pradesh,BALLIA,Small millets,2010,Kharif,uttar pradesh,ballia
Uttar Pradesh,BALLIA,Sugarcane,2010,Kharif,uttar pradesh,ballia
Uttar Pradesh,BALLIA,Sweet potato,2010,Kharif,uttar pradesh,ballia
Uttar Pradesh,BALLIA,Urad,2010,Kharif,uttar pradesh,ballia
Uttar Pradesh,BALLIA,Barley,2010,Rabi,uttar pradesh,ballia
Uttar Pradesh,BALLIA,Gram,2010,Rabi,uttar pradesh,ballia
Uttar Pradesh,BALLIA,Maize,2010,Rabi,uttar pradesh,ballia
Uttar Pradesh,BALLIA,Masoor,2010,Rabi,uttar pradesh,ballia
Uttar Pradesh,BALLIA,Onion,2010,Rabi,uttar pradesh,ballia
Uttar Pradesh,BALLIA,Peas & beans (Pulses),2010,Rabi,uttar pradesh,ballia
Uttar Pradesh,BALLIA,Potato,2010,Rabi,uttar pradesh,ballia
Uttar Pradesh,BALLIA,Rapeseed &Mustard,2010,Rabi,uttar pradesh,ballia
Uttar Pradesh,BALLIA,Wheat,2010,Rabi,uttar pradesh,ballia
Uttar Pradesh,BALLIA,Maize,2010,Summer,uttar pradesh,ballia
Uttar Pradesh,BALLIA,Moong(Green Gram),2010,Summer,uttar pradesh,ballia
Uttar Pradesh,BALLIA,Sunflower,2010,Summer,uttar pradesh,ballia
Uttar Pradesh,BALLIA,Urad,2010,Summer,uttar pradesh,ballia
Uttar Pradesh,BALRAMPUR,Arhar/Tur,2010,Kharif,uttar pradesh,balrampur
Uttar Pradesh,BALRAMPUR,Bajra,2010,Kharif,uttar pradesh,balrampur
Uttar Pradesh,BALRAMPUR,Dry chillies,2010,Kharif,uttar pradesh,balrampur
Uttar Pradesh,BALRAMPUR,Groundnut,2010,Kharif,uttar pradesh,balrampur
Uttar Pradesh,BALRAMPUR,Guar seed,2010,Kharif,uttar pradesh,balrampur
Uttar Pradesh,BALRAMPUR,Maize,2010,Kharif,uttar pradesh,balrampur
Uttar Pradesh,BALRAMPUR,Moong(Green Gram),2010,Kharif,uttar pradesh,balrampur
Uttar Pradesh,BALRAMPUR,Rice,2010,Kharif,uttar pradesh,balrampur
Uttar Pradesh,BALRAMPUR,Sesamum,2010,Kharif,uttar pradesh,balrampur
Uttar Pradesh,BALRAMPUR,Sugarcane,2010,Kharif,uttar pradesh,balrampur
Uttar Pradesh,BALRAMPUR,Urad,2010,Kharif,uttar pradesh,balrampur
Uttar Pradesh,BALRAMPUR,Barley,2010,Rabi,uttar pradesh,balrampur
Uttar Pradesh,BALRAMPUR,Gram,2010,Rabi,uttar pradesh,balrampur
Uttar Pradesh,BALRAMPUR,Linseed,2010,Rabi,uttar pradesh,balrampur
Uttar Pradesh,BALRAMPUR,Masoor,2010,Rabi,uttar pradesh,balrampur
Uttar Pradesh,BALRAMPUR,Onion,2010,Rabi,uttar pradesh,balrampur
Uttar Pradesh,BALRAMPUR,Peas & beans (Pulses),2010,Rabi,uttar pradesh,balrampur
Uttar Pradesh,BALRAMPUR,Potato,2010,Rabi,uttar pradesh,balrampur
Uttar Pradesh,BALRAMPUR,Rapeseed &Mustard,2010,Rabi,uttar pradesh,balrampur
Uttar Pradesh,BALRAMPUR,Wheat,2010,Rabi,uttar pradesh,balrampur
Uttar Pradesh,BALRAMPUR,Maize,2010,Summer,uttar pradesh,balrampur
Uttar Pradesh,BALRAMPUR,Urad,2010,Summer,uttar pradesh,balrampur
Uttar Pradesh,BANDA,Arhar/Tur,2010,Kharif,uttar pradesh,banda
Uttar Pradesh,BANDA,Bajra,2010,Kharif,uttar pradesh,banda
Uttar Pradesh,BANDA,Dry chillies,2010,Kharif,uttar pradesh,banda
Uttar Pradesh,BANDA,Groundnut,2010,Kharif,uttar pradesh,banda
Uttar Pradesh,BANDA,Guar seed,2010,Kharif,uttar pradesh,banda
Uttar Pradesh,BANDA,Jowar,2010,Kharif,uttar pradesh,banda
Uttar Pradesh,BANDA,Maize,2010,Kharif,uttar pradesh,banda
Uttar Pradesh,BANDA,Moong(Green Gram),2010,Kharif,uttar pradesh,banda
Uttar Pradesh,BANDA,Rice,2010,Kharif,uttar pradesh,banda
Uttar Pradesh,BANDA,Sannhamp,2010,Kharif,uttar pradesh,banda
Uttar Pradesh,BANDA,Sesamum,2010,Kharif,uttar pradesh,banda
Uttar Pradesh,BANDA,Small millets,2010,Kharif,uttar pradesh,banda
Uttar Pradesh,BANDA,Soyabean,2010,Kharif,uttar pradesh,banda
Uttar Pradesh,BANDA,Sugarcane,2010,Kharif,uttar pradesh,banda
Uttar Pradesh,BANDA,Sweet potato,2010,Kharif,uttar pradesh,banda
Uttar Pradesh,BANDA,Urad,2010,Kharif,uttar pradesh,banda
Uttar Pradesh,BANDA,Barley,2010,Rabi,uttar pradesh,banda
Uttar Pradesh,BANDA,Gram,2010,Rabi,uttar pradesh,banda
Uttar Pradesh,BANDA,Linseed,2010,Rabi,uttar pradesh,banda
Uttar Pradesh,BANDA,Masoor,2010,Rabi,uttar pradesh,banda
Uttar Pradesh,BANDA,Onion,2010,Rabi,uttar pradesh,banda
Uttar Pradesh,BANDA,Peas & beans (Pulses),2010,Rabi,uttar pradesh,banda
Uttar Pradesh,BANDA,Potato,2010,Rabi,uttar pradesh,banda
Uttar Pradesh,BANDA,Rapeseed &Mustard,2010,Rabi,uttar pradesh,banda
Uttar Pradesh,BANDA,Wheat,2010,Rabi,uttar pradesh,banda
Uttar Pradesh,BANDA,Moong(Green Gram),2010,Summer,uttar pradesh,banda
Uttar Pradesh,BANDA,Urad,2010,Summer,uttar pradesh,banda
Uttar Pradesh,BARABANKI,Arhar/Tur,2010,Kharif,uttar pradesh,barabanki
Uttar Pradesh,BARABANKI,Bajra,2010,Kharif,uttar pradesh,barabanki
Uttar Pradesh,BARABANKI,Dry chillies,2010,Kharif,uttar pradesh,barabanki
Uttar Pradesh,BARABANKI,Groundnut,2010,Kharif,uttar pradesh,barabanki
Uttar Pradesh,BARABANKI,Guar seed,2010,Kharif,uttar pradesh,barabanki
Uttar Pradesh,BARABANKI,Jowar,2010,Kharif,uttar pradesh,barabanki
Uttar Pradesh,BARABANKI,Maize,2010,Kharif,uttar pradesh,barabanki
Uttar Pradesh,BARABANKI,Rice,2010,Kharif,uttar pradesh,barabanki
Uttar Pradesh,BARABANKI,Sesamum,2010,Kharif,uttar pradesh,barabanki
Uttar Pradesh,BARABANKI,Small millets,2010,Kharif,uttar pradesh,barabanki
Uttar Pradesh,BARABANKI,Sugarcane,2010,Kharif,uttar pradesh,barabanki
Uttar Pradesh,BARABANKI,Sweet potato,2010,Kharif,uttar pradesh,barabanki
Uttar Pradesh,BARABANKI,Urad,2010,Kharif,uttar pradesh,barabanki
Uttar Pradesh,BARABANKI,Barley,2010,Rabi,uttar pradesh,barabanki
Uttar Pradesh,BARABANKI,Gram,2010,Rabi,uttar pradesh,barabanki
Uttar Pradesh,BARABANKI,Linseed,2010,Rabi,uttar pradesh,barabanki
Uttar Pradesh,BARABANKI,Maize,2010,Rabi,uttar pradesh,barabanki
Uttar Pradesh,BARABANKI,Masoor,2010,Rabi,uttar pradesh,barabanki
Uttar Pradesh,BARABANKI,Onion,2010,Rabi,uttar pradesh,barabanki
Uttar Pradesh,BARABANKI,Peas & beans (Pulses),2010,Rabi,uttar pradesh,barabanki
Uttar Pradesh,BARABANKI,Potato,2010,Rabi,uttar pradesh,barabanki
Uttar Pradesh,BARABANKI,Rapeseed &Mustard,2010,Rabi,uttar pradesh,barabanki
Uttar Pradesh,BARABANKI,Tobacco,2010,Rabi,uttar pradesh,barabanki
Uttar Pradesh,BARABANKI,Wheat,2010,Rabi,uttar pradesh,barabanki
Uttar Pradesh,BARABANKI,Maize,2010,Summer,uttar pradesh,barabanki
Uttar Pradesh,BARABANKI,Moong(Green Gram),2010,Summer,uttar pradesh,barabanki
Uttar Pradesh,BARABANKI,Sunflower,2010,Summer,uttar pradesh,barabanki
Uttar Pradesh,BARABANKI,Urad,2010,Summer,uttar pradesh,barabanki
Uttar Pradesh,BAREILLY,Arhar/Tur,2010,Kharif,uttar pradesh,bareilly
Uttar Pradesh,BAREILLY,Bajra,2010,Kharif,uttar pradesh,bareilly
Uttar Pradesh,BAREILLY,Dry chillies,2010,Kharif,uttar pradesh,bareilly
Uttar Pradesh,BAREILLY,Groundnut,2010,Kharif,uttar pradesh,bareilly
Uttar Pradesh,BAREILLY,Guar seed,2010,Kharif,uttar pradesh,bareilly
Uttar Pradesh,BAREILLY,Jowar,2010,Kharif,uttar pradesh,bareilly
Uttar Pradesh,BAREILLY,Maize,2010,Kharif,uttar pradesh,bareilly
Uttar Pradesh,BAREILLY,Rice,2010,Kharif,uttar pradesh,bareilly
Uttar Pradesh,BAREILLY,Sesamum,2010,Kharif,uttar pradesh,bareilly
Uttar Pradesh,BAREILLY,Sugarcane,2010,Kharif,uttar pradesh,bareilly
Uttar Pradesh,BAREILLY,Sweet potato,2010,Kharif,uttar pradesh,bareilly
Uttar Pradesh,BAREILLY,Urad,2010,Kharif,uttar pradesh,bareilly
Uttar Pradesh,BAREILLY,Barley,2010,Rabi,uttar pradesh,bareilly
Uttar Pradesh,BAREILLY,Gram,2010,Rabi,uttar pradesh,bareilly
Uttar Pradesh,BAREILLY,Masoor,2010,Rabi,uttar pradesh,bareilly
Uttar Pradesh,BAREILLY,Onion,2010,Rabi,uttar pradesh,bareilly
Uttar Pradesh,BAREILLY,Peas & beans (Pulses),2010,Rabi,uttar pradesh,bareilly
Uttar Pradesh,BAREILLY,Potato,2010,Rabi,uttar pradesh,bareilly
Uttar Pradesh,BAREILLY,Rapeseed &Mustard,2010,Rabi,uttar pradesh,bareilly
Uttar Pradesh,BAREILLY,Turmeric,2010,Rabi,uttar pradesh,bareilly
Uttar Pradesh,BAREILLY,Wheat,2010,Rabi,uttar pradesh,bareilly
Uttar Pradesh,BAREILLY,Maize,2010,Summer,uttar pradesh,bareilly
Uttar Pradesh,BAREILLY,Rice,2010,Summer,uttar pradesh,bareilly
Uttar Pradesh,BAREILLY,Sunflower,2010,Summer,uttar pradesh,bareilly
Uttar Pradesh,BAREILLY,Urad,2010,Summer,uttar pradesh,bareilly
Uttar Pradesh,BASTI,Arhar/Tur,2010,Kharif,uttar pradesh,basti
Uttar Pradesh,BASTI,Groundnut,2010,Kharif,uttar pradesh,basti
Uttar Pradesh,BASTI,Guar seed,2010,Kharif,uttar pradesh,basti
Uttar Pradesh,BASTI,Maize,2010,Kharif,uttar pradesh,basti
Uttar Pradesh,BASTI,Rice,2010,Kharif,uttar pradesh,basti
Uttar Pradesh,BASTI,Sesamum,2010,Kharif,uttar pradesh,basti
Uttar Pradesh,BASTI,Sugarcane,2010,Kharif,uttar pradesh,basti
Uttar Pradesh,BASTI,Sweet potato,2010,Kharif,uttar pradesh,basti
Uttar Pradesh,BASTI,Urad,2010,Kharif,uttar pradesh,basti
Uttar Pradesh,BASTI,Barley,2010,Rabi,uttar pradesh,basti
Uttar Pradesh,BASTI,Gram,2010,Rabi,uttar pradesh,basti
Uttar Pradesh,BASTI,Linseed,2010,Rabi,uttar pradesh,basti
Uttar Pradesh,BASTI,Maize,2010,Rabi,uttar pradesh,basti
Uttar Pradesh,BASTI,Masoor,2010,Rabi,uttar pradesh,basti
Uttar Pradesh,BASTI,Onion,2010,Rabi,uttar pradesh,basti
Uttar Pradesh,BASTI,Peas & beans (Pulses),2010,Rabi,uttar pradesh,basti
Uttar Pradesh,BASTI,Potato,2010,Rabi,uttar pradesh,basti
Uttar Pradesh,BASTI,Rapeseed &Mustard,2010,Rabi,uttar pradesh,basti
Uttar Pradesh,BASTI,Tobacco,2010,Rabi,uttar pradesh,basti
Uttar Pradesh,BASTI,Wheat,2010,Rabi,uttar pradesh,basti
Uttar Pradesh,BASTI,Maize,2010,Summer,uttar pradesh,basti
Uttar Pradesh,BASTI,Moong(Green Gram),2010,Summer,uttar pradesh,basti
Uttar Pradesh,BASTI,Sunflower,2010,Summer,uttar pradesh,basti
Uttar Pradesh,BASTI,Urad,2010,Summer,uttar pradesh,basti
Uttar Pradesh,BIJNOR,Arhar/Tur,2010,Kharif,uttar pradesh,bijnor
Uttar Pradesh,BIJNOR,Dry chillies,2010,Kharif,uttar pradesh,bijnor
Uttar Pradesh,BIJNOR,Groundnut,2010,Kharif,uttar pradesh,bijnor
Uttar Pradesh,BIJNOR,Guar seed,2010,Kharif,uttar pradesh,bijnor
Uttar Pradesh,BIJNOR,Maize,2010,Kharif,uttar pradesh,bijnor
Uttar Pradesh,BIJNOR,Moong(Green Gram),2010,Kharif,uttar pradesh,bijnor
Uttar Pradesh,BIJNOR,Rice,2010,Kharif,uttar pradesh,bijnor
Uttar Pradesh,BIJNOR,Sesamum,2010,Kharif,uttar pradesh,bijnor
Uttar Pradesh,BIJNOR,Sugarcane,2010,Kharif,uttar pradesh,bijnor
Uttar Pradesh,BIJNOR,Sweet potato,2010,Kharif,uttar pradesh,bijnor
Uttar Pradesh,BIJNOR,Urad,2010,Kharif,uttar pradesh,bijnor
Uttar Pradesh,BIJNOR,Barley,2010,Rabi,uttar pradesh,bijnor
Uttar Pradesh,BIJNOR,Gram,2010,Rabi,uttar pradesh,bijnor
Uttar Pradesh,BIJNOR,Masoor,2010,Rabi,uttar pradesh,bijnor
Uttar Pradesh,BIJNOR,Onion,2010,Rabi,uttar pradesh,bijnor
Uttar Pradesh,BIJNOR,Peas & beans (Pulses),2010,Rabi,uttar pradesh,bijnor
Uttar Pradesh,BIJNOR,Potato,2010,Rabi,uttar pradesh,bijnor
Uttar Pradesh,BIJNOR,Rapeseed &Mustard,2010,Rabi,uttar pradesh,bijnor
Uttar Pradesh,BIJNOR,Turmeric,2010,Rabi,uttar pradesh,bijnor
Uttar Pradesh,BIJNOR,Wheat,2010,Rabi,uttar pradesh,bijnor
Uttar Pradesh,BIJNOR,Maize,2010,Summer,uttar pradesh,bijnor
Uttar Pradesh,BIJNOR,Moong(Green Gram),2010,Summer,uttar pradesh,bijnor
Uttar Pradesh,BIJNOR,Rice,2010,Summer,uttar pradesh,bijnor
Uttar Pradesh,BIJNOR,Urad,2010,Summer,uttar pradesh,bijnor
Uttar Pradesh,BUDAUN,Arhar/Tur,2010,Kharif,uttar pradesh,budaun
Uttar Pradesh,BUDAUN,Bajra,2010,Kharif,uttar pradesh,budaun
Uttar Pradesh,BUDAUN,Dry chillies,2010,Kharif,uttar pradesh,budaun
Uttar Pradesh,BUDAUN,Groundnut,2010,Kharif,uttar pradesh,budaun
Uttar Pradesh,BUDAUN,Guar seed,2010,Kharif,uttar pradesh,budaun
Uttar Pradesh,BUDAUN,Jowar,2010,Kharif,uttar pradesh,budaun
Uttar Pradesh,BUDAUN,Maize,2010,Kharif,uttar pradesh,budaun
Uttar Pradesh,BUDAUN,Moong(Green Gram),2010,Kharif,uttar pradesh,budaun
Uttar Pradesh,BUDAUN,Rice,2010,Kharif,uttar pradesh,budaun
Uttar Pradesh,BUDAUN,Sannhamp,2010,Kharif,uttar pradesh,budaun
Uttar Pradesh,BUDAUN,Sesamum,2010,Kharif,uttar pradesh,budaun
Uttar Pradesh,BUDAUN,Sugarcane,2010,Kharif,uttar pradesh,budaun
Uttar Pradesh,BUDAUN,Sweet potato,2010,Kharif,uttar pradesh,budaun
Uttar Pradesh,BUDAUN,Urad,2010,Kharif,uttar pradesh,budaun
Uttar Pradesh,BUDAUN,Barley,2010,Rabi,uttar pradesh,budaun
Uttar Pradesh,BUDAUN,Gram,2010,Rabi,uttar pradesh,budaun
Uttar Pradesh,BUDAUN,Masoor,2010,Rabi,uttar pradesh,budaun
Uttar Pradesh,BUDAUN,Onion,2010,Rabi,uttar pradesh,budaun
Uttar Pradesh,BUDAUN,Peas & beans (Pulses),2010,Rabi,uttar pradesh,budaun
Uttar Pradesh,BUDAUN,Potato,2010,Rabi,uttar pradesh,budaun
Uttar Pradesh,BUDAUN,Rapeseed &Mustard,2010,Rabi,uttar pradesh,budaun
Uttar Pradesh,BUDAUN,Tobacco,2010,Rabi,uttar pradesh,budaun
Uttar Pradesh,BUDAUN,Turmeric,2010,Rabi,uttar pradesh,budaun
Uttar Pradesh,BUDAUN,Wheat,2010,Rabi,uttar pradesh,budaun
Uttar Pradesh,BUDAUN,Maize,2010,Summer,uttar pradesh,budaun
Uttar Pradesh,BUDAUN,Moong(Green Gram),2010,Summer,uttar pradesh,budaun
Uttar Pradesh,BUDAUN,Rice,2010,Summer,uttar pradesh,budaun
Uttar Pradesh,BUDAUN,Sunflower,2010,Summer,uttar pradesh,budaun
Uttar Pradesh,BUDAUN,Urad,2010,Summer,uttar pradesh,budaun
Uttar Pradesh,BULANDSHAHR,Arhar/Tur,2010,Kharif,uttar pradesh,bulandshahr
Uttar Pradesh,BULANDSHAHR,Bajra,2010,Kharif,uttar pradesh,bulandshahr
Uttar Pradesh,BULANDSHAHR,Cotton(lint),2010,Kharif,uttar pradesh,bulandshahr
Uttar Pradesh,BULANDSHAHR,Dry chillies,2010,Kharif,uttar pradesh,bulandshahr
Uttar Pradesh,BULANDSHAHR,Guar seed,2010,Kharif,uttar pradesh,bulandshahr
Uttar Pradesh,BULANDSHAHR,Jowar,2010,Kharif,uttar pradesh,bulandshahr
Uttar Pradesh,BULANDSHAHR,Maize,2010,Kharif,uttar pradesh,bulandshahr
Uttar Pradesh,BULANDSHAHR,Moong(Green Gram),2010,Kharif,uttar pradesh,bulandshahr
Uttar Pradesh,BULANDSHAHR,Rice,2010,Kharif,uttar pradesh,bulandshahr
Uttar Pradesh,BULANDSHAHR,Sesamum,2010,Kharif,uttar pradesh,bulandshahr
Uttar Pradesh,BULANDSHAHR,Sugarcane,2010,Kharif,uttar pradesh,bulandshahr
Uttar Pradesh,BULANDSHAHR,Sweet potato,2010,Kharif,uttar pradesh,bulandshahr
Uttar Pradesh,BULANDSHAHR,Urad,2010,Kharif,uttar pradesh,bulandshahr
Uttar Pradesh,BULANDSHAHR,Barley,2010,Rabi,uttar pradesh,bulandshahr
Uttar Pradesh,BULANDSHAHR,Gram,2010,Rabi,uttar pradesh,bulandshahr
Uttar Pradesh,BULANDSHAHR,Masoor,2010,Rabi,uttar pradesh,bulandshahr
Uttar Pradesh,BULANDSHAHR,Onion,2010,Rabi,uttar pradesh,bulandshahr
Uttar Pradesh,BULANDSHAHR,Peas & beans (Pulses),2010,Rabi,uttar pradesh,bulandshahr
Uttar Pradesh,BULANDSHAHR,Potato,2010,Rabi,uttar pradesh,bulandshahr
Uttar Pradesh,BULANDSHAHR,Rapeseed &Mustard,2010,Rabi,uttar pradesh,bulandshahr
Uttar Pradesh,BULANDSHAHR,Turmeric,2010,Rabi,uttar pradesh,bulandshahr
Uttar Pradesh,BULANDSHAHR,Wheat,2010,Rabi,uttar pradesh,bulandshahr
Uttar Pradesh,BULANDSHAHR,Maize,2010,Summer,uttar pradesh,bulandshahr
Uttar Pradesh,BULANDSHAHR,Moong(Green Gram),2010,Summer,uttar pradesh,bulandshahr
Uttar Pradesh,BULANDSHAHR,Rice,2010,Summer,uttar pradesh,bulandshahr
Uttar Pradesh,BULANDSHAHR,Sunflower,2010,Summer,uttar pradesh,bulandshahr
Uttar Pradesh,BULANDSHAHR,Urad,2010,Summer,uttar pradesh,bulandshahr
Uttar Pradesh,CHANDAULI,Arhar/Tur,2010,Kharif,uttar pradesh,chandauli
Uttar Pradesh,CHANDAULI,Bajra,2010,Kharif,uttar pradesh,chandauli
Uttar Pradesh,CHANDAULI,Dry chillies,2010,Kharif,uttar pradesh,chandauli
Uttar Pradesh,CHANDAULI,Guar seed,2010,Kharif,uttar pradesh,chandauli
Uttar Pradesh,CHANDAULI,Jowar,2010,Kharif,uttar pradesh,chandauli
Uttar Pradesh,CHANDAULI,Maize,2010,Kharif,uttar pradesh,chandauli
Uttar Pradesh,CHANDAULI,Moong(Green Gram),2010,Kharif,uttar pradesh,chandauli
Uttar Pradesh,CHANDAULI,Rice,2010,Kharif,uttar pradesh,chandauli
Uttar Pradesh,CHANDAULI,Sesamum,2010,Kharif,uttar pradesh,chandauli
Uttar Pradesh,CHANDAULI,Sugarcane,2010,Kharif,uttar pradesh,chandauli
Uttar Pradesh,CHANDAULI,Sweet potato,2010,Kharif,uttar pradesh,chandauli
Uttar Pradesh,CHANDAULI,Urad,2010,Kharif,uttar pradesh,chandauli
Uttar Pradesh,CHANDAULI,Barley,2010,Rabi,uttar pradesh,chandauli
Uttar Pradesh,CHANDAULI,Gram,2010,Rabi,uttar pradesh,chandauli
Uttar Pradesh,CHANDAULI,Linseed,2010,Rabi,uttar pradesh,chandauli
Uttar Pradesh,CHANDAULI,Maize,2010,Rabi,uttar pradesh,chandauli
Uttar Pradesh,CHANDAULI,Masoor,2010,Rabi,uttar pradesh,chandauli
Uttar Pradesh,CHANDAULI,Onion,2010,Rabi,uttar pradesh,chandauli
Uttar Pradesh,CHANDAULI,Peas & beans (Pulses),2010,Rabi,uttar pradesh,chandauli
Uttar Pradesh,CHANDAULI,Potato,2010,Rabi,uttar pradesh,chandauli
Uttar Pradesh,CHANDAULI,Rapeseed &Mustard,2010,Rabi,uttar pradesh,chandauli
Uttar Pradesh,CHANDAULI,Wheat,2010,Rabi,uttar pradesh,chandauli
Uttar Pradesh,CHANDAULI,Moong(Green Gram),2010,Summer,uttar pradesh,chandauli
Uttar Pradesh,CHANDAULI,Urad,2010,Summer,uttar pradesh,chandauli
Uttar Pradesh,CHITRAKOOT,Arhar/Tur,2010,Kharif,uttar pradesh,chitrakoot
Uttar Pradesh,CHITRAKOOT,Bajra,2010,Kharif,uttar pradesh,chitrakoot
Uttar Pradesh,CHITRAKOOT,Dry chillies,2010,Kharif,uttar pradesh,chitrakoot
Uttar Pradesh,CHITRAKOOT,Groundnut,2010,Kharif,uttar pradesh,chitrakoot
Uttar Pradesh,CHITRAKOOT,Guar seed,2010,Kharif,uttar pradesh,chitrakoot
Uttar Pradesh,CHITRAKOOT,Jowar,2010,Kharif,uttar pradesh,chitrakoot
Uttar Pradesh,CHITRAKOOT,Maize,2010,Kharif,uttar pradesh,chitrakoot
Uttar Pradesh,CHITRAKOOT,Moong(Green Gram),2010,Kharif,uttar pradesh,chitrakoot
Uttar Pradesh,CHITRAKOOT,Rice,2010,Kharif,uttar pradesh,chitrakoot
Uttar Pradesh,CHITRAKOOT,Sannhamp,2010,Kharif,uttar pradesh,chitrakoot
Uttar Pradesh,CHITRAKOOT,Sesamum,2010,Kharif,uttar pradesh,chitrakoot
Uttar Pradesh,CHITRAKOOT,Small millets,2010,Kharif,uttar pradesh,chitrakoot
Uttar Pradesh,CHITRAKOOT,Soyabean,2010,Kharif,uttar pradesh,chitrakoot
Uttar Pradesh,CHITRAKOOT,Sugarcane,2010,Kharif,uttar pradesh,chitrakoot
Uttar Pradesh,CHITRAKOOT,Sweet potato,2010,Kharif,uttar pradesh,chitrakoot
Uttar Pradesh,CHITRAKOOT,Urad,2010,Kharif,uttar pradesh,chitrakoot
Uttar Pradesh,CHITRAKOOT,Barley,2010,Rabi,uttar pradesh,chitrakoot
Uttar Pradesh,CHITRAKOOT,Gram,2010,Rabi,uttar pradesh,chitrakoot
Uttar Pradesh,CHITRAKOOT,Linseed,2010,Rabi,uttar pradesh,chitrakoot
Uttar Pradesh,CHITRAKOOT,Masoor,2010,Rabi,uttar pradesh,chitrakoot
Uttar Pradesh,CHITRAKOOT,Onion,2010,Rabi,uttar pradesh,chitrakoot
Uttar Pradesh,CHITRAKOOT,Peas & beans (Pulses),2010,Rabi,uttar pradesh,chitrakoot
Uttar Pradesh,CHITRAKOOT,Potato,2010,Rabi,uttar pradesh,chitrakoot
Uttar Pradesh,CHITRAKOOT,Rapeseed &Mustard,2010,Rabi,uttar pradesh,chitrakoot
Uttar Pradesh,CHITRAKOOT,Wheat,2010,Rabi,uttar pradesh,chitrakoot
Uttar Pradesh,DEORIA,Arhar/Tur,2010,Kharif,uttar pradesh,deoria
Uttar Pradesh,DEORIA,Bajra,2010,Kharif,uttar pradesh,deoria
Uttar Pradesh,DEORIA,Dry chillies,2010,Kharif,uttar pradesh,deoria
Uttar Pradesh,DEORIA,Dry ginger,2010,Kharif,uttar pradesh,deoria
Uttar Pradesh,DEORIA,Groundnut,2010,Kharif,uttar pradesh,deoria
Uttar Pradesh,DEORIA,Guar seed,2010,Kharif,uttar pradesh,deoria
Uttar Pradesh,DEORIA,Jowar,2010,Kharif,uttar pradesh,deoria
Uttar Pradesh,DEORIA,Maize,2010,Kharif,uttar pradesh,deoria
Uttar Pradesh,DEORIA,Rice,2010,Kharif,uttar pradesh,deoria
Uttar Pradesh,DEORIA,Sesamum,2010,Kharif,uttar pradesh,deoria
Uttar Pradesh,DEORIA,Sugarcane,2010,Kharif,uttar pradesh,deoria
Uttar Pradesh,DEORIA,Sweet potato,2010,Kharif,uttar pradesh,deoria
Uttar Pradesh,DEORIA,Urad,2010,Kharif,uttar pradesh,deoria
Uttar Pradesh,DEORIA,Barley,2010,Rabi,uttar pradesh,deoria
Uttar Pradesh,DEORIA,Gram,2010,Rabi,uttar pradesh,deoria
Uttar Pradesh,DEORIA,Maize,2010,Rabi,uttar pradesh,deoria
Uttar Pradesh,DEORIA,Masoor,2010,Rabi,uttar pradesh,deoria
Uttar Pradesh,DEORIA,Onion,2010,Rabi,uttar pradesh,deoria
Uttar Pradesh,DEORIA,Peas & beans (Pulses),2010,Rabi,uttar pradesh,deoria
Uttar Pradesh,DEORIA,Potato,2010,Rabi,uttar pradesh,deoria
Uttar Pradesh,DEORIA,Rapeseed &Mustard,2010,Rabi,uttar pradesh,deoria
Uttar Pradesh,DEORIA,Turmeric,2010,Rabi,uttar pradesh,deoria
Uttar Pradesh,DEORIA,Wheat,2010,Rabi,uttar pradesh,deoria
Uttar Pradesh,DEORIA,Maize,2010,Summer,uttar pradesh,deoria
Uttar Pradesh,DEORIA,Moong(Green Gram),2010,Summer,uttar pradesh,deoria
Uttar Pradesh,DEORIA,Rice,2010,Summer,uttar pradesh,deoria
Uttar Pradesh,DEORIA,Urad,2010,Summer,uttar pradesh,deoria
Uttar Pradesh,ETAH,Arhar/Tur,2010,Kharif,uttar pradesh,etah
Uttar Pradesh,ETAH,Bajra,2010,Kharif,uttar pradesh,etah
Uttar Pradesh,ETAH,Cotton(lint),2010,Kharif,uttar pradesh,etah
Uttar Pradesh,ETAH,Dry chillies,2010,Kharif,uttar pradesh,etah
Uttar Pradesh,ETAH,Groundnut,2010,Kharif,uttar pradesh,etah
Uttar Pradesh,ETAH,Guar seed,2010,Kharif,uttar pradesh,etah
Uttar Pradesh,ETAH,Maize,2010,Kharif,uttar pradesh,etah
Uttar Pradesh,ETAH,Moong(Green Gram),2010,Kharif,uttar pradesh,etah
Uttar Pradesh,ETAH,Rice,2010,Kharif,uttar pradesh,etah
Uttar Pradesh,ETAH,Sannhamp,2010,Kharif,uttar pradesh,etah
Uttar Pradesh,ETAH,Sesamum,2010,Kharif,uttar pradesh,etah
Uttar Pradesh,ETAH,Sugarcane,2010,Kharif,uttar pradesh,etah
Uttar Pradesh,ETAH,Sweet potato,2010,Kharif,uttar pradesh,etah
Uttar Pradesh,ETAH,Urad,2010,Kharif,uttar pradesh,etah
Uttar Pradesh,ETAH,Barley,2010,Rabi,uttar pradesh,etah
Uttar Pradesh,ETAH,Gram,2010,Rabi,uttar pradesh,etah
Uttar Pradesh,ETAH,Masoor,2010,Rabi,uttar pradesh,etah
Uttar Pradesh,ETAH,Onion,2010,Rabi,uttar pradesh,etah
Uttar Pradesh,ETAH,Potato,2010,Rabi,uttar pradesh,etah
Uttar Pradesh,ETAH,Rapeseed &Mustard,2010,Rabi,uttar pradesh,etah
Uttar Pradesh,ETAH,Tobacco,2010,Rabi,uttar pradesh,etah
Uttar Pradesh,ETAH,Wheat,2010,Rabi,uttar pradesh,etah
Uttar Pradesh,ETAH,Maize,2010,Summer,uttar pradesh,etah
Uttar Pradesh,ETAH,Moong(Green Gram),2010,Summer,uttar pradesh,etah
Uttar Pradesh,ETAH,Sunflower,2010,Summer,uttar pradesh,etah
Uttar Pradesh,ETAH,Urad,2010,Summer,uttar pradesh,etah
Uttar Pradesh,ETAWAH,Arhar/Tur,2010,Kharif,uttar pradesh,etawah
Uttar Pradesh,ETAWAH,Bajra,2010,Kharif,uttar pradesh,etawah
Uttar Pradesh,ETAWAH,Dry chillies,2010,Kharif,uttar pradesh,etawah
Uttar Pradesh,ETAWAH,Groundnut,2010,Kharif,uttar pradesh,etawah
Uttar Pradesh,ETAWAH,Guar seed,2010,Kharif,uttar pradesh,etawah
Uttar Pradesh,ETAWAH,Jowar,2010,Kharif,uttar pradesh,etawah
Uttar Pradesh,ETAWAH,Maize,2010,Kharif,uttar pradesh,etawah
Uttar Pradesh,ETAWAH,Moong(Green Gram),2010,Kharif,uttar pradesh,etawah
Uttar Pradesh,ETAWAH,Rice,2010,Kharif,uttar pradesh,etawah
Uttar Pradesh,ETAWAH,Sesamum,2010,Kharif,uttar pradesh,etawah
Uttar Pradesh,ETAWAH,Sugarcane,2010,Kharif,uttar pradesh,etawah
Uttar Pradesh,ETAWAH,Sweet potato,2010,Kharif,uttar pradesh,etawah
Uttar Pradesh,ETAWAH,Urad,2010,Kharif,uttar pradesh,etawah
Uttar Pradesh,ETAWAH,Barley,2010,Rabi,uttar pradesh,etawah
Uttar Pradesh,ETAWAH,Gram,2010,Rabi,uttar pradesh,etawah
Uttar Pradesh,ETAWAH,Masoor,2010,Rabi,uttar pradesh,etawah
Uttar Pradesh,ETAWAH,Onion,2010,Rabi,uttar pradesh,etawah
Uttar Pradesh,ETAWAH,Peas & beans (Pulses),2010,Rabi,uttar pradesh,etawah
Uttar Pradesh,ETAWAH,Potato,2010,Rabi,uttar pradesh,etawah
Uttar Pradesh,ETAWAH,Rapeseed &Mustard,2010,Rabi,uttar pradesh,etawah
Uttar Pradesh,ETAWAH,Wheat,2010,Rabi,uttar pradesh,etawah
Uttar Pradesh,ETAWAH,Maize,2010,Summer,uttar pradesh,etawah
Uttar Pradesh,ETAWAH,Moong(Green Gram),2010,Summer,uttar pradesh,etawah
Uttar Pradesh,ETAWAH,Sunflower,2010,Summer,uttar pradesh,etawah
Uttar Pradesh,ETAWAH,Urad,2010,Summer,uttar pradesh,etawah
Uttar Pradesh,FAIZABAD,Arhar/Tur,2010,Kharif,uttar pradesh,faizabad
Uttar Pradesh,FAIZABAD,Dry chillies,2010,Kharif,uttar pradesh,faizabad
Uttar Pradesh,FAIZABAD,Guar seed,2010,Kharif,uttar pradesh,faizabad
Uttar Pradesh,FAIZABAD,Jowar,2010,Kharif,uttar pradesh,faizabad
Uttar Pradesh,FAIZABAD,Maize,2010,Kharif,uttar pradesh,faizabad
Uttar Pradesh,FAIZABAD,Rice,2010,Kharif,uttar pradesh,faizabad
Uttar Pradesh,FAIZABAD,Sesamum,2010,Kharif,uttar pradesh,faizabad
Uttar Pradesh,FAIZABAD,Small millets,2010,Kharif,uttar pradesh,faizabad
Uttar Pradesh,FAIZABAD,Sugarcane,2010,Kharif,uttar pradesh,faizabad
Uttar Pradesh,FAIZABAD,Sweet potato,2010,Kharif,uttar pradesh,faizabad
Uttar Pradesh,FAIZABAD,Urad,2010,Kharif,uttar pradesh,faizabad
Uttar Pradesh,FAIZABAD,Barley,2010,Rabi,uttar pradesh,faizabad
Uttar Pradesh,FAIZABAD,Gram,2010,Rabi,uttar pradesh,faizabad
Uttar Pradesh,FAIZABAD,Linseed,2010,Rabi,uttar pradesh,faizabad
Uttar Pradesh,FAIZABAD,Maize,2010,Rabi,uttar pradesh,faizabad
Uttar Pradesh,FAIZABAD,Masoor,2010,Rabi,uttar pradesh,faizabad
Uttar Pradesh,FAIZABAD,Onion,2010,Rabi,uttar pradesh,faizabad
Uttar Pradesh,FAIZABAD,Peas & beans (Pulses),2010,Rabi,uttar pradesh,faizabad
Uttar Pradesh,FAIZABAD,Potato,2010,Rabi,uttar pradesh,faizabad
Uttar Pradesh,FAIZABAD,Rapeseed &Mustard,2010,Rabi,uttar pradesh,faizabad
Uttar Pradesh,FAIZABAD,Wheat,2010,Rabi,uttar pradesh,faizabad
Uttar Pradesh,FAIZABAD,Maize,2010,Summer,uttar pradesh,faizabad
Uttar Pradesh,FAIZABAD,Moong(Green Gram),2010,Summer,uttar pradesh,faizabad
Uttar Pradesh,FAIZABAD,Urad,2010,Summer,uttar pradesh,faizabad
Uttar Pradesh,FARRUKHABAD,Arhar/Tur,2010,Kharif,uttar pradesh,farrukhabad
Uttar Pradesh,FARRUKHABAD,Bajra,2010,Kharif,uttar pradesh,farrukhabad
Uttar Pradesh,FARRUKHABAD,Dry chillies,2010,Kharif,uttar pradesh,farrukhabad
Uttar Pradesh,FARRUKHABAD,Groundnut,2010,Kharif,uttar pradesh,farrukhabad
Uttar Pradesh,FARRUKHABAD,Guar seed,2010,Kharif,uttar pradesh,farrukhabad
Uttar Pradesh,FARRUKHABAD,Jowar,2010,Kharif,uttar pradesh,farrukhabad
Uttar Pradesh,FARRUKHABAD,Maize,2010,Kharif,uttar pradesh,farrukhabad
Uttar Pradesh,FARRUKHABAD,Moong(Green Gram),2010,Kharif,uttar pradesh,farrukhabad
Uttar Pradesh,FARRUKHABAD,Rice,2010,Kharif,uttar pradesh,farrukhabad
Uttar Pradesh,FARRUKHABAD,Sesamum,2010,Kharif,uttar pradesh,farrukhabad
Uttar Pradesh,FARRUKHABAD,Sugarcane,2010,Kharif,uttar pradesh,farrukhabad
Uttar Pradesh,FARRUKHABAD,Sweet potato,2010,Kharif,uttar pradesh,farrukhabad
Uttar Pradesh,FARRUKHABAD,Urad,2010,Kharif,uttar pradesh,farrukhabad
Uttar Pradesh,FARRUKHABAD,Barley,2010,Rabi,uttar pradesh,farrukhabad
Uttar Pradesh,FARRUKHABAD,Gram,2010,Rabi,uttar pradesh,farrukhabad
Uttar Pradesh,FARRUKHABAD,Masoor,2010,Rabi,uttar pradesh,farrukhabad
Uttar Pradesh,FARRUKHABAD,Onion,2010,Rabi,uttar pradesh,farrukhabad
Uttar Pradesh,FARRUKHABAD,Peas & beans (Pulses),2010,Rabi,uttar pradesh,farrukhabad
Uttar Pradesh,FARRUKHABAD,Potato,2010,Rabi,uttar pradesh,farrukhabad
Uttar Pradesh,FARRUKHABAD,Rapeseed &Mustard,2010,Rabi,uttar pradesh,farrukhabad
Uttar Pradesh,FARRUKHABAD,Tobacco,2010,Rabi,uttar pradesh,farrukhabad
Uttar Pradesh,FARRUKHABAD,Wheat,2010,Rabi,uttar pradesh,farrukhabad
Uttar Pradesh,FARRUKHABAD,Maize,2010,Summer,uttar pradesh,farrukhabad
Uttar Pradesh,FARRUKHABAD,Moong(Green Gram),2010,Summer,uttar pradesh,farrukhabad
Uttar Pradesh,FARRUKHABAD,Sunflower,2010,Summer,uttar pradesh,farrukhabad
Uttar Pradesh,FARRUKHABAD,Urad,2010,Summer,uttar pradesh,farrukhabad
Uttar Pradesh,FATEHPUR,Arhar/Tur,2010,Kharif,uttar pradesh,fatehpur
Uttar Pradesh,FATEHPUR,Bajra,2010,Kharif,uttar pradesh,fatehpur
Uttar Pradesh,FATEHPUR,Dry chillies,2010,Kharif,uttar pradesh,fatehpur
Uttar Pradesh,FATEHPUR,Groundnut,2010,Kharif,uttar pradesh,fatehpur
Uttar Pradesh,FATEHPUR,Guar seed,2010,Kharif,uttar pradesh,fatehpur
Uttar Pradesh,FATEHPUR,Jowar,2010,Kharif,uttar pradesh,fatehpur
Uttar Pradesh,FATEHPUR,Maize,2010,Kharif,uttar pradesh,fatehpur
Uttar Pradesh,FATEHPUR,Moong(Green Gram),2010,Kharif,uttar pradesh,fatehpur
Uttar Pradesh,FATEHPUR,Rice,2010,Kharif,uttar pradesh,fatehpur
Uttar Pradesh,FATEHPUR,Sannhamp,2010,Kharif,uttar pradesh,fatehpur
Uttar Pradesh,FATEHPUR,Sesamum,2010,Kharif,uttar pradesh,fatehpur
Uttar Pradesh,FATEHPUR,Soyabean,2010,Kharif,uttar pradesh,fatehpur
Uttar Pradesh,FATEHPUR,Sugarcane,2010,Kharif,uttar pradesh,fatehpur
Uttar Pradesh,FATEHPUR,Sweet potato,2010,Kharif,uttar pradesh,fatehpur
Uttar Pradesh,FATEHPUR,Urad,2010,Kharif,uttar pradesh,fatehpur
Uttar Pradesh,FATEHPUR,Barley,2010,Rabi,uttar pradesh,fatehpur
Uttar Pradesh,FATEHPUR,Gram,2010,Rabi,uttar pradesh,fatehpur
Uttar Pradesh,FATEHPUR,Linseed,2010,Rabi,uttar pradesh,fatehpur
Uttar Pradesh,FATEHPUR,Maize,2010,Rabi,uttar pradesh,fatehpur
Uttar Pradesh,FATEHPUR,Masoor,2010,Rabi,uttar pradesh,fatehpur
Uttar Pradesh,FATEHPUR,Onion,2010,Rabi,uttar pradesh,fatehpur
Uttar Pradesh,FATEHPUR,Peas & beans (Pulses),2010,Rabi,uttar pradesh,fatehpur
Uttar Pradesh,FATEHPUR,Potato,2010,Rabi,uttar pradesh,fatehpur
Uttar Pradesh,FATEHPUR,Rapeseed &Mustard,2010,Rabi,uttar pradesh,fatehpur
Uttar Pradesh,FATEHPUR,Turmeric,2010,Rabi,uttar pradesh,fatehpur
Uttar Pradesh,FATEHPUR,Wheat,2010,Rabi,uttar pradesh,fatehpur
Uttar Pradesh,FATEHPUR,Moong(Green Gram),2010,Summer,uttar pradesh,fatehpur
Uttar Pradesh,FATEHPUR,Urad,2010,Summer,uttar pradesh,fatehpur
Uttar Pradesh,FIROZABAD,Arhar/Tur,2010,Kharif,uttar pradesh,firozabad
Uttar Pradesh,FIROZABAD,Bajra,2010,Kharif,uttar pradesh,firozabad
Uttar Pradesh,FIROZABAD,Cotton(lint),2010,Kharif,uttar pradesh,firozabad
Uttar Pradesh,FIROZABAD,Dry chillies,2010,Kharif,uttar pradesh,firozabad
Uttar Pradesh,FIROZABAD,Groundnut,2010,Kharif,uttar pradesh,firozabad
Uttar Pradesh,FIROZABAD,Guar seed,2010,Kharif,uttar pradesh,firozabad
Uttar Pradesh,FIROZABAD,Jowar,2010,Kharif,uttar pradesh,firozabad
Uttar Pradesh,FIROZABAD,Maize,2010,Kharif,uttar pradesh,firozabad
Uttar Pradesh,FIROZABAD,Moong(Green Gram),2010,Kharif,uttar pradesh,firozabad
Uttar Pradesh,FIROZABAD,Rice,2010,Kharif,uttar pradesh,firozabad
Uttar Pradesh,FIROZABAD,Sesamum,2010,Kharif,uttar pradesh,firozabad
Uttar Pradesh,FIROZABAD,Sugarcane,2010,Kharif,uttar pradesh,firozabad
Uttar Pradesh,FIROZABAD,Sweet potato,2010,Kharif,uttar pradesh,firozabad
Uttar Pradesh,FIROZABAD,Urad,2010,Kharif,uttar pradesh,firozabad
Uttar Pradesh,FIROZABAD,Barley,2010,Rabi,uttar pradesh,firozabad
Uttar Pradesh,FIROZABAD,Gram,2010,Rabi,uttar pradesh,firozabad
Uttar Pradesh,FIROZABAD,Masoor,2010,Rabi,uttar pradesh,firozabad
Uttar Pradesh,FIROZABAD,Onion,2010,Rabi,uttar pradesh,firozabad
Uttar Pradesh,FIROZABAD,Peas & beans (Pulses),2010,Rabi,uttar pradesh,firozabad
Uttar Pradesh,FIROZABAD,Potato,2010,Rabi,uttar pradesh,firozabad
Uttar Pradesh,FIROZABAD,Rapeseed &Mustard,2010,Rabi,uttar pradesh,firozabad
Uttar Pradesh,FIROZABAD,Wheat,2010,Rabi,uttar pradesh,firozabad
Uttar Pradesh,FIROZABAD,Maize,2010,Summer,uttar pradesh,firozabad
Uttar Pradesh,FIROZABAD,Moong(Green Gram),2010,Summer,uttar pradesh,firozabad
Uttar Pradesh,FIROZABAD,Sunflower,2010,Summer,uttar pradesh,firozabad
Uttar Pradesh,FIROZABAD,Urad,2010,Summer,uttar pradesh,firozabad
Uttar Pradesh,GAUTAM BUDDHA NAGAR,Arhar/Tur,2010,Kharif,uttar pradesh,gautam buddha nagar
Uttar Pradesh,GAUTAM BUDDHA NAGAR,Bajra,2010,Kharif,uttar pradesh,gautam buddha nagar
Uttar Pradesh,GAUTAM BUDDHA NAGAR,Guar seed,2010,Kharif,uttar pradesh,gautam buddha nagar
Uttar Pradesh,GAUTAM BUDDHA NAGAR,Jowar,2010,Kharif,uttar pradesh,gautam buddha nagar
Uttar Pradesh,GAUTAM BUDDHA NAGAR,Maize,2010,Kharif,uttar pradesh,gautam buddha nagar
Uttar Pradesh,GAUTAM BUDDHA NAGAR,Rice,2010,Kharif,uttar pradesh,gautam buddha nagar
Uttar Pradesh,GAUTAM BUDDHA NAGAR,Sesamum,2010,Kharif,uttar pradesh,gautam buddha nagar
Uttar Pradesh,GAUTAM BUDDHA NAGAR,Sugarcane,2010,Kharif,uttar pradesh,gautam buddha nagar
Uttar Pradesh,GAUTAM BUDDHA NAGAR,Sweet potato,2010,Kharif,uttar pradesh,gautam buddha nagar
Uttar Pradesh,GAUTAM BUDDHA NAGAR,Urad,2010,Kharif,uttar pradesh,gautam buddha nagar
Uttar Pradesh,GAUTAM BUDDHA NAGAR,Barley,2010,Rabi,uttar pradesh,gautam buddha nagar
Uttar Pradesh,GAUTAM BUDDHA NAGAR,Gram,2010,Rabi,uttar pradesh,gautam buddha nagar
Uttar Pradesh,GAUTAM BUDDHA NAGAR,Masoor,2010,Rabi,uttar pradesh,gautam buddha nagar
Uttar Pradesh,GAUTAM BUDDHA NAGAR,Onion,2010,Rabi,uttar pradesh,gautam buddha nagar
Uttar Pradesh,GAUTAM BUDDHA NAGAR,Peas & beans (Pulses),2010,Rabi,uttar pradesh,gautam buddha nagar
Uttar Pradesh,GAUTAM BUDDHA NAGAR,Potato,2010,Rabi,uttar pradesh,gautam buddha nagar
Uttar Pradesh,GAUTAM BUDDHA NAGAR,Rapeseed &Mustard,2010,Rabi,uttar pradesh,gautam buddha nagar
Uttar Pradesh,GAUTAM BUDDHA NAGAR,Wheat,2010,Rabi,uttar pradesh,gautam buddha nagar
Uttar Pradesh,GAUTAM BUDDHA NAGAR,Moong(Green Gram),2010,Summer,uttar pradesh,gautam buddha nagar
Uttar Pradesh,GAUTAM BUDDHA NAGAR,Urad,2010,Summer,uttar pradesh,gautam buddha nagar
Uttar Pradesh,GHAZIABAD,Arhar/Tur,2010,Kharif,uttar pradesh,ghaziabad
Uttar Pradesh,GHAZIABAD,Bajra,2010,Kharif,uttar pradesh,ghaziabad
Uttar Pradesh,GHAZIABAD,Dry chillies,2010,Kharif,uttar pradesh,ghaziabad
Uttar Pradesh,GHAZIABAD,Jowar,2010,Kharif,uttar pradesh,ghaziabad
Uttar Pradesh,GHAZIABAD,Maize,2010,Kharif,uttar pradesh,ghaziabad
Uttar Pradesh,GHAZIABAD,Moong(Green Gram),2010,Kharif,uttar pradesh,ghaziabad
Uttar Pradesh,GHAZIABAD,Rice,2010,Kharif,uttar pradesh,ghaziabad
Uttar Pradesh,GHAZIABAD,Sugarcane,2010,Kharif,uttar pradesh,ghaziabad
Uttar Pradesh,GHAZIABAD,Sweet potato,2010,Kharif,uttar pradesh,ghaziabad
Uttar Pradesh,GHAZIABAD,Urad,2010,Kharif,uttar pradesh,ghaziabad
Uttar Pradesh,GHAZIABAD,Barley,2010,Rabi,uttar pradesh,ghaziabad
Uttar Pradesh,GHAZIABAD,Gram,2010,Rabi,uttar pradesh,ghaziabad
Uttar Pradesh,GHAZIABAD,Masoor,2010,Rabi,uttar pradesh,ghaziabad
Uttar Pradesh,GHAZIABAD,Onion,2010,Rabi,uttar pradesh,ghaziabad
Uttar Pradesh,GHAZIABAD,Potato,2010,Rabi,uttar pradesh,ghaziabad
Uttar Pradesh,GHAZIABAD,Rapeseed &Mustard,2010,Rabi,uttar pradesh,ghaziabad
Uttar Pradesh,GHAZIABAD,Wheat,2010,Rabi,uttar pradesh,ghaziabad
Uttar Pradesh,GHAZIABAD,Maize,2010,Summer,uttar pradesh,ghaziabad
Uttar Pradesh,GHAZIABAD,Moong(Green Gram),2010,Summer,uttar pradesh,ghaziabad
Uttar Pradesh,GHAZIABAD,Sunflower,2010,Summer,uttar pradesh,ghaziabad
Uttar Pradesh,GHAZIABAD,Urad,2010,Summer,uttar pradesh,ghaziabad
Uttar Pradesh,GHAZIPUR,Arhar/Tur,2010,Kharif,uttar pradesh,ghazipur
Uttar Pradesh,GHAZIPUR,Bajra,2010,Kharif,uttar pradesh,ghazipur
Uttar Pradesh,GHAZIPUR,Dry chillies,2010,Kharif,uttar pradesh,ghazipur
Uttar Pradesh,GHAZIPUR,Dry ginger,2010,Kharif,uttar pradesh,ghazipur
Uttar Pradesh,GHAZIPUR,Groundnut,2010,Kharif,uttar pradesh,ghazipur
Uttar Pradesh,GHAZIPUR,Guar seed,2010,Kharif,uttar pradesh,ghazipur
Uttar Pradesh,GHAZIPUR,Jowar,2010,Kharif,uttar pradesh,ghazipur
Uttar Pradesh,GHAZIPUR,Maize,2010,Kharif,uttar pradesh,ghazipur
Uttar Pradesh,GHAZIPUR,Moong(Green Gram),2010,Kharif,uttar pradesh,ghazipur
Uttar Pradesh,GHAZIPUR,Rice,2010,Kharif,uttar pradesh,ghazipur
Uttar Pradesh,GHAZIPUR,Sannhamp,2010,Kharif,uttar pradesh,ghazipur
Uttar Pradesh,GHAZIPUR,Sesamum,2010,Kharif,uttar pradesh,ghazipur
Uttar Pradesh,GHAZIPUR,Sugarcane,2010,Kharif,uttar pradesh,ghazipur
Uttar Pradesh,GHAZIPUR,Urad,2010,Kharif,uttar pradesh,ghazipur
Uttar Pradesh,GHAZIPUR,Barley,2010,Rabi,uttar pradesh,ghazipur
Uttar Pradesh,GHAZIPUR,Gram,2010,Rabi,uttar pradesh,ghazipur
Uttar Pradesh,GHAZIPUR,Maize,2010,Rabi,uttar pradesh,ghazipur
Uttar Pradesh,GHAZIPUR,Masoor,2010,Rabi,uttar pradesh,ghazipur
Uttar Pradesh,GHAZIPUR,Onion,2010,Rabi,uttar pradesh,ghazipur
Uttar Pradesh,GHAZIPUR,Peas & beans (Pulses),2010,Rabi,uttar pradesh,ghazipur
Uttar Pradesh,GHAZIPUR,Potato,2010,Rabi,uttar pradesh,ghazipur
Uttar Pradesh,GHAZIPUR,Rapeseed &Mustard,2010,Rabi,uttar pradesh,ghazipur
Uttar Pradesh,GHAZIPUR,Turmeric,2010,Rabi,uttar pradesh,ghazipur
Uttar Pradesh,GHAZIPUR,Wheat,2010,Rabi,uttar pradesh,ghazipur
Uttar Pradesh,GHAZIPUR,Maize,2010,Summer,uttar pradesh,ghazipur
Uttar Pradesh,GHAZIPUR,Moong(Green Gram),2010,Summer,uttar pradesh,ghazipur
Uttar Pradesh,GHAZIPUR,Sunflower,2010,Summer,uttar pradesh,ghazipur
Uttar Pradesh,GHAZIPUR,Urad,2010,Summer,uttar pradesh,ghazipur
Uttar Pradesh,GONDA,Arhar/Tur,2010,Kharif,uttar pradesh,gonda
Uttar Pradesh,GONDA,Dry chillies,2010,Kharif,uttar pradesh,gonda
Uttar Pradesh,GONDA,Dry ginger,2010,Kharif,uttar pradesh,gonda
Uttar Pradesh,GONDA,Groundnut,2010,Kharif,uttar pradesh,gonda
Uttar Pradesh,GONDA,Guar seed,2010,Kharif,uttar pradesh,gonda
Uttar Pradesh,GONDA,Jowar,2010,Kharif,uttar pradesh,gonda
Uttar Pradesh,GONDA,Maize,2010,Kharif,uttar pradesh,gonda
Uttar Pradesh,GONDA,Rice,2010,Kharif,uttar pradesh,gonda
Uttar Pradesh,GONDA,Sesamum,2010,Kharif,uttar pradesh,gonda
Uttar Pradesh,GONDA,Sugarcane,2010,Kharif,uttar pradesh,gonda
Uttar Pradesh,GONDA,Urad,2010,Kharif,uttar pradesh,gonda
Uttar Pradesh,GONDA,Barley,2010,Rabi,uttar pradesh,gonda
Uttar Pradesh,GONDA,Gram,2010,Rabi,uttar pradesh,gonda
Uttar Pradesh,GONDA,Linseed,2010,Rabi,uttar pradesh,gonda
Uttar Pradesh,GONDA,Maize,2010,Rabi,uttar pradesh,gonda
Uttar Pradesh,GONDA,Masoor,2010,Rabi,uttar pradesh,gonda
Uttar Pradesh,GONDA,Onion,2010,Rabi,uttar pradesh,gonda
Uttar Pradesh,GONDA,Peas & beans (Pulses),2010,Rabi,uttar pradesh,gonda
Uttar Pradesh,GONDA,Potato,2010,Rabi,uttar pradesh,gonda
Uttar Pradesh,GONDA,Rapeseed &Mustard,2010,Rabi,uttar pradesh,gonda
Uttar Pradesh,GONDA,Tobacco,2010,Rabi,uttar pradesh,gonda
Uttar Pradesh,GONDA,Wheat,2010,Rabi,uttar pradesh,gonda
Uttar Pradesh,GONDA,Maize,2010,Summer,uttar pradesh,gonda
Uttar Pradesh,GONDA,Moong(Green Gram),2010,Summer,uttar pradesh,gonda
Uttar Pradesh,GONDA,Urad,2010,Summer,uttar pradesh,gonda
Uttar Pradesh,GORAKHPUR,Arhar/Tur,2010,Kharif,uttar pradesh,gorakhpur
Uttar Pradesh,GORAKHPUR,Bajra,2010,Kharif,uttar pradesh,gorakhpur
Uttar Pradesh,GORAKHPUR,Dry chillies,2010,Kharif,uttar pradesh,gorakhpur
Uttar Pradesh,GORAKHPUR,Dry ginger,2010,Kharif,uttar pradesh,gorakhpur
Uttar Pradesh,GORAKHPUR,Groundnut,2010,Kharif,uttar pradesh,gorakhpur
Uttar Pradesh,GORAKHPUR,Guar seed,2010,Kharif,uttar pradesh,gorakhpur
Uttar Pradesh,GORAKHPUR,Jowar,2010,Kharif,uttar pradesh,gorakhpur
Uttar Pradesh,GORAKHPUR,Maize,2010,Kharif,uttar pradesh,gorakhpur
Uttar Pradesh,GORAKHPUR,Rice,2010,Kharif,uttar pradesh,gorakhpur
Uttar Pradesh,GORAKHPUR,Sesamum,2010,Kharif,uttar pradesh,gorakhpur
Uttar Pradesh,GORAKHPUR,Sugarcane,2010,Kharif,uttar pradesh,gorakhpur
Uttar Pradesh,GORAKHPUR,Sweet potato,2010,Kharif,uttar pradesh,gorakhpur
Uttar Pradesh,GORAKHPUR,Urad,2010,Kharif,uttar pradesh,gorakhpur
Uttar Pradesh,GORAKHPUR,Barley,2010,Rabi,uttar pradesh,gorakhpur
Uttar Pradesh,GORAKHPUR,Gram,2010,Rabi,uttar pradesh,gorakhpur
Uttar Pradesh,GORAKHPUR,Linseed,2010,Rabi,uttar pradesh,gorakhpur
Uttar Pradesh,GORAKHPUR,Maize,2010,Rabi,uttar pradesh,gorakhpur
Uttar Pradesh,GORAKHPUR,Masoor,2010,Rabi,uttar pradesh,gorakhpur
Uttar Pradesh,GORAKHPUR,Onion,2010,Rabi,uttar pradesh,gorakhpur
Uttar Pradesh,GORAKHPUR,Peas & beans (Pulses),2010,Rabi,uttar pradesh,gorakhpur
Uttar Pradesh,GORAKHPUR,Potato,2010,Rabi,uttar pradesh,gorakhpur
Uttar Pradesh,GORAKHPUR,Rapeseed &Mustard,2010,Rabi,uttar pradesh,gorakhpur
Uttar Pradesh,GORAKHPUR,Turmeric,2010,Rabi,uttar pradesh,gorakhpur
Uttar Pradesh,GORAKHPUR,Wheat,2010,Rabi,uttar pradesh,gorakhpur
Uttar Pradesh,GORAKHPUR,Maize,2010,Summer,uttar pradesh,gorakhpur
Uttar Pradesh,GORAKHPUR,Moong(Green Gram),2010,Summer,uttar pradesh,gorakhpur
Uttar Pradesh,GORAKHPUR,Rice,2010,Summer,uttar pradesh,gorakhpur
Uttar Pradesh,GORAKHPUR,Urad,2010,Summer,uttar pradesh,gorakhpur
Uttar Pradesh,HAMIRPUR,Arhar/Tur,2010,Kharif,uttar pradesh,hamirpur
Uttar Pradesh,HAMIRPUR,Bajra,2010,Kharif,uttar pradesh,hamirpur
Uttar Pradesh,HAMIRPUR,Dry chillies,2010,Kharif,uttar pradesh,hamirpur
Uttar Pradesh,HAMIRPUR,Groundnut,2010,Kharif,uttar pradesh,hamirpur
Uttar Pradesh,HAMIRPUR,Guar seed,2010,Kharif,uttar pradesh,hamirpur
Uttar Pradesh,HAMIRPUR,Jowar,2010,Kharif,uttar pradesh,hamirpur
Uttar Pradesh,HAMIRPUR,Maize,2010,Kharif,uttar pradesh,hamirpur
Uttar Pradesh,HAMIRPUR,Moong(Green Gram),2010,Kharif,uttar pradesh,hamirpur
Uttar Pradesh,HAMIRPUR,Rice,2010,Kharif,uttar pradesh,hamirpur
Uttar Pradesh,HAMIRPUR,Sannhamp,2010,Kharif,uttar pradesh,hamirpur
Uttar Pradesh,HAMIRPUR,Sesamum,2010,Kharif,uttar pradesh,hamirpur
Uttar Pradesh,HAMIRPUR,Small millets,2010,Kharif,uttar pradesh,hamirpur
Uttar Pradesh,HAMIRPUR,Soyabean,2010,Kharif,uttar pradesh,hamirpur
Uttar Pradesh,HAMIRPUR,Sugarcane,2010,Kharif,uttar pradesh,hamirpur
Uttar Pradesh,HAMIRPUR,Sweet potato,2010,Kharif,uttar pradesh,hamirpur
Uttar Pradesh,HAMIRPUR,Urad,2010,Kharif,uttar pradesh,hamirpur
Uttar Pradesh,HAMIRPUR,Barley,2010,Rabi,uttar pradesh,hamirpur
Uttar Pradesh,HAMIRPUR,Gram,2010,Rabi,uttar pradesh,hamirpur
Uttar Pradesh,HAMIRPUR,Linseed,2010,Rabi,uttar pradesh,hamirpur
Uttar Pradesh,HAMIRPUR,Masoor,2010,Rabi,uttar pradesh,hamirpur
Uttar Pradesh,HAMIRPUR,Onion,2010,Rabi,uttar pradesh,hamirpur
Uttar Pradesh,HAMIRPUR,Peas & beans (Pulses),2010,Rabi,uttar pradesh,hamirpur
Uttar Pradesh,HAMIRPUR,Potato,2010,Rabi,uttar pradesh,hamirpur
Uttar Pradesh,HAMIRPUR,Rapeseed &Mustard,2010,Rabi,uttar pradesh,hamirpur
Uttar Pradesh,HAMIRPUR,Tobacco,2010,Rabi,uttar pradesh,hamirpur
Uttar Pradesh,HAMIRPUR,Wheat,2010,Rabi,uttar pradesh,hamirpur
Uttar Pradesh,HAMIRPUR,Moong(Green Gram),2010,Summer,uttar pradesh,hamirpur
Uttar Pradesh,HARDOI,Arhar/Tur,2010,Kharif,uttar pradesh,hardoi
Uttar Pradesh,HARDOI,Bajra,2010,Kharif,uttar pradesh,hardoi
Uttar Pradesh,HARDOI,Dry chillies,2010,Kharif,uttar pradesh,hardoi
Uttar Pradesh,HARDOI,Dry ginger,2010,Kharif,uttar pradesh,hardoi
Uttar Pradesh,HARDOI,Groundnut,2010,Kharif,uttar pradesh,hardoi
Uttar Pradesh,HARDOI,Guar seed,2010,Kharif,uttar pradesh,hardoi
Uttar Pradesh,HARDOI,Jowar,2010,Kharif,uttar pradesh,hardoi
Uttar Pradesh,HARDOI,Maize,2010,Kharif,uttar pradesh,hardoi
Uttar Pradesh,HARDOI,Moong(Green Gram),2010,Kharif,uttar pradesh,hardoi
Uttar Pradesh,HARDOI,Rice,2010,Kharif,uttar pradesh,hardoi
Uttar Pradesh,HARDOI,Sesamum,2010,Kharif,uttar pradesh,hardoi
Uttar Pradesh,HARDOI,Sugarcane,2010,Kharif,uttar pradesh,hardoi
Uttar Pradesh,HARDOI,Sweet potato,2010,Kharif,uttar pradesh,hardoi
Uttar Pradesh,HARDOI,Urad,2010,Kharif,uttar pradesh,hardoi
Uttar Pradesh,HARDOI,Barley,2010,Rabi,uttar pradesh,hardoi
Uttar Pradesh,HARDOI,Gram,2010,Rabi,uttar pradesh,hardoi
Uttar Pradesh,HARDOI,Linseed,2010,Rabi,uttar pradesh,hardoi
Uttar Pradesh,HARDOI,Masoor,2010,Rabi,uttar pradesh,hardoi
Uttar Pradesh,HARDOI,Onion,2010,Rabi,uttar pradesh,hardoi
Uttar Pradesh,HARDOI,Peas & beans (Pulses),2010,Rabi,uttar pradesh,hardoi
Uttar Pradesh,HARDOI,Potato,2010,Rabi,uttar pradesh,hardoi
Uttar Pradesh,HARDOI,Rapeseed &Mustard,2010,Rabi,uttar pradesh,hardoi
Uttar Pradesh,HARDOI,Tobacco,2010,Rabi,uttar pradesh,hardoi
Uttar Pradesh,HARDOI,Wheat,2010,Rabi,uttar pradesh,hardoi
Uttar Pradesh,HARDOI,Maize,2010,Summer,uttar pradesh,hardoi
Uttar Pradesh,HARDOI,Moong(Green Gram),2010,Summer,uttar pradesh,hardoi
Uttar Pradesh,HARDOI,Rice,2010,Summer,uttar pradesh,hardoi
Uttar Pradesh,HARDOI,Sunflower,2010,Summer,uttar pradesh,hardoi
Uttar Pradesh,HARDOI,Urad,2010,Summer,uttar pradesh,hardoi
Uttar Pradesh,HATHRAS,Arhar/Tur,2010,Kharif,uttar pradesh,hathras
Uttar Pradesh,HATHRAS,Bajra,2010,Kharif,uttar pradesh,hathras
Uttar Pradesh,HATHRAS,Cotton(lint),2010,Kharif,uttar pradesh,hathras
Uttar Pradesh,HATHRAS,Dry chillies,2010,Kharif,uttar pradesh,hathras
Uttar Pradesh,HATHRAS,Groundnut,2010,Kharif,uttar pradesh,hathras
Uttar Pradesh,HATHRAS,Guar seed,2010,Kharif,uttar pradesh,hathras
Uttar Pradesh,HATHRAS,Jowar,2010,Kharif,uttar pradesh,hathras
Uttar Pradesh,HATHRAS,Maize,2010,Kharif,uttar pradesh,hathras
Uttar Pradesh,HATHRAS,Moong(Green Gram),2010,Kharif,uttar pradesh,hathras
Uttar Pradesh,HATHRAS,Rice,2010,Kharif,uttar pradesh,hathras
Uttar Pradesh,HATHRAS,Sesamum,2010,Kharif,uttar pradesh,hathras
Uttar Pradesh,HATHRAS,Sugarcane,2010,Kharif,uttar pradesh,hathras
Uttar Pradesh,HATHRAS,Sweet potato,2010,Kharif,uttar pradesh,hathras
Uttar Pradesh,HATHRAS,Urad,2010,Kharif,uttar pradesh,hathras
Uttar Pradesh,HATHRAS,Barley,2010,Rabi,uttar pradesh,hathras
Uttar Pradesh,HATHRAS,Gram,2010,Rabi,uttar pradesh,hathras
Uttar Pradesh,HATHRAS,Masoor,2010,Rabi,uttar pradesh,hathras
Uttar Pradesh,HATHRAS,Onion,2010,Rabi,uttar pradesh,hathras
Uttar Pradesh,HATHRAS,Peas & beans (Pulses),2010,Rabi,uttar pradesh,hathras
Uttar Pradesh,HATHRAS,Potato,2010,Rabi,uttar pradesh,hathras
Uttar Pradesh,HATHRAS,Rapeseed &Mustard,2010,Rabi,uttar pradesh,hathras
Uttar Pradesh,HATHRAS,Wheat,2010,Rabi,uttar pradesh,hathras
Uttar Pradesh,HATHRAS,Maize,2010,Summer,uttar pradesh,hathras
Uttar Pradesh,HATHRAS,Moong(Green Gram),2010,Summer,uttar pradesh,hathras
Uttar Pradesh,HATHRAS,Sunflower,2010,Summer,uttar pradesh,hathras
Uttar Pradesh,HATHRAS,Urad,2010,Summer,uttar pradesh,hathras
Uttar Pradesh,JALAUN,Arhar/Tur,2010,Kharif,uttar pradesh,jalaun
Uttar Pradesh,JALAUN,Bajra,2010,Kharif,uttar pradesh,jalaun
Uttar Pradesh,JALAUN,Dry chillies,2010,Kharif,uttar pradesh,jalaun
Uttar Pradesh,JALAUN,Groundnut,2010,Kharif,uttar pradesh,jalaun
Uttar Pradesh,JALAUN,Guar seed,2010,Kharif,uttar pradesh,jalaun
Uttar Pradesh,JALAUN,Jowar,2010,Kharif,uttar pradesh,jalaun
Uttar Pradesh,JALAUN,Maize,2010,Kharif,uttar pradesh,jalaun
Uttar Pradesh,JALAUN,Moong(Green Gram),2010,Kharif,uttar pradesh,jalaun
Uttar Pradesh,JALAUN,Rice,2010,Kharif,uttar pradesh,jalaun
Uttar Pradesh,JALAUN,Sannhamp,2010,Kharif,uttar pradesh,jalaun
Uttar Pradesh,JALAUN,Sesamum,2010,Kharif,uttar pradesh,jalaun
Uttar Pradesh,JALAUN,Soyabean,2010,Kharif,uttar pradesh,jalaun
Uttar Pradesh,JALAUN,Sugarcane,2010,Kharif,uttar pradesh,jalaun
Uttar Pradesh,JALAUN,Sweet potato,2010,Kharif,uttar pradesh,jalaun
Uttar Pradesh,JALAUN,Urad,2010,Kharif,uttar pradesh,jalaun
Uttar Pradesh,JALAUN,Barley,2010,Rabi,uttar pradesh,jalaun
Uttar Pradesh,JALAUN,Gram,2010,Rabi,uttar pradesh,jalaun
Uttar Pradesh,JALAUN,Linseed,2010,Rabi,uttar pradesh,jalaun
Uttar Pradesh,JALAUN,Maize,2010,Rabi,uttar pradesh,jalaun
Uttar Pradesh,JALAUN,Masoor,2010,Rabi,uttar pradesh,jalaun
Uttar Pradesh,JALAUN,Onion,2010,Rabi,uttar pradesh,jalaun
Uttar Pradesh,JALAUN,Peas & beans (Pulses),2010,Rabi,uttar pradesh,jalaun
Uttar Pradesh,JALAUN,Potato,2010,Rabi,uttar pradesh,jalaun
Uttar Pradesh,JALAUN,Rapeseed &Mustard,2010,Rabi,uttar pradesh,jalaun
Uttar Pradesh,JALAUN,Wheat,2010,Rabi,uttar pradesh,jalaun
Uttar Pradesh,JALAUN,Moong(Green Gram),2010,Summer,uttar pradesh,jalaun
Uttar Pradesh,JAUNPUR,Arhar/Tur,2010,Kharif,uttar pradesh,jaunpur
Uttar Pradesh,JAUNPUR,Bajra,2010,Kharif,uttar pradesh,jaunpur
Uttar Pradesh,JAUNPUR,Dry chillies,2010,Kharif,uttar pradesh,jaunpur
Uttar Pradesh,JAUNPUR,Guar seed,2010,Kharif,uttar pradesh,jaunpur
Uttar Pradesh,JAUNPUR,Jowar,2010,Kharif,uttar pradesh,jaunpur
Uttar Pradesh,JAUNPUR,Maize,2010,Kharif,uttar pradesh,jaunpur
Uttar Pradesh,JAUNPUR,Moong(Green Gram),2010,Kharif,uttar pradesh,jaunpur
Uttar Pradesh,JAUNPUR,Rice,2010,Kharif,uttar pradesh,jaunpur
Uttar Pradesh,JAUNPUR,Sannhamp,2010,Kharif,uttar pradesh,jaunpur
Uttar Pradesh,JAUNPUR,Sesamum,2010,Kharif,uttar pradesh,jaunpur
Uttar Pradesh,JAUNPUR,Sugarcane,2010,Kharif,uttar pradesh,jaunpur
Uttar Pradesh,JAUNPUR,Sweet potato,2010,Kharif,uttar pradesh,jaunpur
Uttar Pradesh,JAUNPUR,Urad,2010,Kharif,uttar pradesh,jaunpur
Uttar Pradesh,JAUNPUR,Barley,2010,Rabi,uttar pradesh,jaunpur
Uttar Pradesh,JAUNPUR,Gram,2010,Rabi,uttar pradesh,jaunpur
Uttar Pradesh,JAUNPUR,Linseed,2010,Rabi,uttar pradesh,jaunpur
Uttar Pradesh,JAUNPUR,Masoor,2010,Rabi,uttar pradesh,jaunpur
Uttar Pradesh,JAUNPUR,Onion,2010,Rabi,uttar pradesh,jaunpur
Uttar Pradesh,JAUNPUR,Peas & beans (Pulses),2010,Rabi,uttar pradesh,jaunpur
Uttar Pradesh,JAUNPUR,Potato,2010,Rabi,uttar pradesh,jaunpur
Uttar Pradesh,JAUNPUR,Rapeseed &Mustard,2010,Rabi,uttar pradesh,jaunpur
Uttar Pradesh,JAUNPUR,Tobacco,2010,Rabi,uttar pradesh,jaunpur
Uttar Pradesh,JAUNPUR,Wheat,2010,Rabi,uttar pradesh,jaunpur
Uttar Pradesh,JAUNPUR,Maize,2010,Summer,uttar pradesh,jaunpur
Uttar Pradesh,JAUNPUR,Moong(Green Gram),2010,Summer,uttar pradesh,jaunpur
Uttar Pradesh,JAUNPUR,Sunflower,2010,Summer,uttar pradesh,jaunpur
Uttar Pradesh,JAUNPUR,Urad,2010,Summer,uttar pradesh,jaunpur
Uttar Pradesh,JHANSI,Arhar/Tur,2010,Kharif,uttar pradesh,jhansi
Uttar Pradesh,JHANSI,Bajra,2010,Kharif,uttar pradesh,jhansi
Uttar Pradesh,JHANSI,Dry chillies,2010,Kharif,uttar pradesh,jhansi
Uttar Pradesh,JHANSI,Dry ginger,2010,Kharif,uttar pradesh,jhansi
Uttar Pradesh,JHANSI,Groundnut,2010,Kharif,uttar pradesh,jhansi
Uttar Pradesh,JHANSI,Guar seed,2010,Kharif,uttar pradesh,jhansi
Uttar Pradesh,JHANSI,Jowar,2010,Kharif,uttar pradesh,jhansi
Uttar Pradesh,JHANSI,Maize,2010,Kharif,uttar pradesh,jhansi
Uttar Pradesh,JHANSI,Moong(Green Gram),2010,Kharif,uttar pradesh,jhansi
Uttar Pradesh,JHANSI,Rice,2010,Kharif,uttar pradesh,jhansi
Uttar Pradesh,JHANSI,Sannhamp,2010,Kharif,uttar pradesh,jhansi
Uttar Pradesh,JHANSI,Sesamum,2010,Kharif,uttar pradesh,jhansi
Uttar Pradesh,JHANSI,Small millets,2010,Kharif,uttar pradesh,jhansi
Uttar Pradesh,JHANSI,Soyabean,2010,Kharif,uttar pradesh,jhansi
Uttar Pradesh,JHANSI,Sugarcane,2010,Kharif,uttar pradesh,jhansi
Uttar Pradesh,JHANSI,Sweet potato,2010,Kharif,uttar pradesh,jhansi
Uttar Pradesh,JHANSI,Urad,2010,Kharif,uttar pradesh,jhansi
Uttar Pradesh,JHANSI,Barley,2010,Rabi,uttar pradesh,jhansi
Uttar Pradesh,JHANSI,Gram,2010,Rabi,uttar pradesh,jhansi
Uttar Pradesh,JHANSI,Linseed,2010,Rabi,uttar pradesh,jhansi
Uttar Pradesh,JHANSI,Masoor,2010,Rabi,uttar pradesh,jhansi
Uttar Pradesh,JHANSI,Onion,2010,Rabi,uttar pradesh,jhansi
Uttar Pradesh,JHANSI,Peas & beans (Pulses),2010,Rabi,uttar pradesh,jhansi
Uttar Pradesh,JHANSI,Potato,2010,Rabi,uttar pradesh,jhansi
Uttar Pradesh,JHANSI,Rapeseed &Mustard,2010,Rabi,uttar pradesh,jhansi
Uttar Pradesh,JHANSI,Turmeric,2010,Rabi,uttar pradesh,jhansi
Uttar Pradesh,JHANSI,Wheat,2010,Rabi,uttar pradesh,jhansi
Uttar Pradesh,JHANSI,Moong(Green Gram),2010,Summer,uttar pradesh,jhansi
Uttar Pradesh,JHANSI,Sunflower,2010,Summer,uttar pradesh,jhansi
Uttar Pradesh,JHANSI,Urad,2010,Summer,uttar pradesh,jhansi
Uttar Pradesh,KANNAUJ,Arhar/Tur,2010,Kharif,uttar pradesh,kannauj
Uttar Pradesh,KANNAUJ,Bajra,2010,Kharif,uttar pradesh,kannauj
Uttar Pradesh,KANNAUJ,Dry chillies,2010,Kharif,uttar pradesh,kannauj
Uttar Pradesh,KANNAUJ,Groundnut,2010,Kharif,uttar pradesh,kannauj
Uttar Pradesh,KANNAUJ,Guar seed,2010,Kharif,uttar pradesh,kannauj
Uttar Pradesh,KANNAUJ,Jowar,2010,Kharif,uttar pradesh,kannauj
Uttar Pradesh,KANNAUJ,Maize,2010,Kharif,uttar pradesh,kannauj
Uttar Pradesh,KANNAUJ,Moong(Green Gram),2010,Kharif,uttar pradesh,kannauj
Uttar Pradesh,KANNAUJ,Rice,2010,Kharif,uttar pradesh,kannauj
Uttar Pradesh,KANNAUJ,Sannhamp,2010,Kharif,uttar pradesh,kannauj
Uttar Pradesh,KANNAUJ,Sesamum,2010,Kharif,uttar pradesh,kannauj
Uttar Pradesh,KANNAUJ,Sugarcane,2010,Kharif,uttar pradesh,kannauj
Uttar Pradesh,KANNAUJ,Sweet potato,2010,Kharif,uttar pradesh,kannauj
Uttar Pradesh,KANNAUJ,Urad,2010,Kharif,uttar pradesh,kannauj
Uttar Pradesh,KANNAUJ,Barley,2010,Rabi,uttar pradesh,kannauj
Uttar Pradesh,KANNAUJ,Gram,2010,Rabi,uttar pradesh,kannauj
Uttar Pradesh,KANNAUJ,Masoor,2010,Rabi,uttar pradesh,kannauj
Uttar Pradesh,KANNAUJ,Onion,2010,Rabi,uttar pradesh,kannauj
Uttar Pradesh,KANNAUJ,Peas & beans (Pulses),2010,Rabi,uttar pradesh,kannauj
Uttar Pradesh,KANNAUJ,Potato,2010,Rabi,uttar pradesh,kannauj
Uttar Pradesh,KANNAUJ,Rapeseed &Mustard,2010,Rabi,uttar pradesh,kannauj
Uttar Pradesh,KANNAUJ,Tobacco,2010,Rabi,uttar pradesh,kannauj
Uttar Pradesh,KANNAUJ,Wheat,2010,Rabi,uttar pradesh,kannauj
Uttar Pradesh,KANNAUJ,Maize,2010,Summer,uttar pradesh,kannauj
Uttar Pradesh,KANNAUJ,Moong(Green Gram),2010,Summer,uttar pradesh,kannauj
Uttar Pradesh,KANNAUJ,Sunflower,2010,Summer,uttar pradesh,kannauj
Uttar Pradesh,KANNAUJ,Urad,2010,Summer,uttar pradesh,kannauj
Uttar Pradesh,KANPUR DEHAT,Arhar/Tur,2010,Kharif,uttar pradesh,kanpur dehat
Uttar Pradesh,KANPUR DEHAT,Bajra,2010,Kharif,uttar pradesh,kanpur dehat
Uttar Pradesh,KANPUR DEHAT,Dry chillies,2010,Kharif,uttar pradesh,kanpur dehat
Uttar Pradesh,KANPUR DEHAT,Groundnut,2010,Kharif,uttar pradesh,kanpur dehat
Uttar Pradesh,KANPUR DEHAT,Guar seed,2010,Kharif,uttar pradesh,kanpur dehat
Uttar Pradesh,KANPUR DEHAT,Jowar,2010,Kharif,uttar pradesh,kanpur dehat
Uttar Pradesh,KANPUR DEHAT,Maize,2010,Kharif,uttar pradesh,kanpur dehat
Uttar Pradesh,KANPUR DEHAT,Moong(Green Gram),2010,Kharif,uttar pradesh,kanpur dehat
Uttar Pradesh,KANPUR DEHAT,Rice,2010,Kharif,uttar pradesh,kanpur dehat
Uttar Pradesh,KANPUR DEHAT,Sannhamp,2010,Kharif,uttar pradesh,kanpur dehat
Uttar Pradesh,KANPUR DEHAT,Sesamum,2010,Kharif,uttar pradesh,kanpur dehat
Uttar Pradesh,KANPUR DEHAT,Soyabean,2010,Kharif,uttar pradesh,kanpur dehat
Uttar Pradesh,KANPUR DEHAT,Sugarcane,2010,Kharif,uttar pradesh,kanpur dehat
Uttar Pradesh,KANPUR DEHAT,Sweet potato,2010,Kharif,uttar pradesh,kanpur dehat
Uttar Pradesh,KANPUR DEHAT,Urad,2010,Kharif,uttar pradesh,kanpur dehat
Uttar Pradesh,KANPUR DEHAT,Barley,2010,Rabi,uttar pradesh,kanpur dehat
Uttar Pradesh,KANPUR DEHAT,Gram,2010,Rabi,uttar pradesh,kanpur dehat
Uttar Pradesh,KANPUR DEHAT,Linseed,2010,Rabi,uttar pradesh,kanpur dehat
Uttar Pradesh,KANPUR DEHAT,Maize,2010,Rabi,uttar pradesh,kanpur dehat
Uttar Pradesh,KANPUR DEHAT,Masoor,2010,Rabi,uttar pradesh,kanpur dehat
Uttar Pradesh,KANPUR DEHAT,Onion,2010,Rabi,uttar pradesh,kanpur dehat
Uttar Pradesh,KANPUR DEHAT,Peas & beans (Pulses),2010,Rabi,uttar pradesh,kanpur dehat
Uttar Pradesh,KANPUR DEHAT,Potato,2010,Rabi,uttar pradesh,kanpur dehat
Uttar Pradesh,KANPUR DEHAT,Rapeseed &Mustard,2010,Rabi,uttar pradesh,kanpur dehat
Uttar Pradesh,KANPUR DEHAT,Wheat,2010,Rabi,uttar pradesh,kanpur dehat
Uttar Pradesh,KANPUR DEHAT,Maize,2010,Summer,uttar pradesh,kanpur dehat
Uttar Pradesh,KANPUR DEHAT,Moong(Green Gram),2010,Summer,uttar pradesh,kanpur dehat
Uttar Pradesh,KANPUR DEHAT,Urad,2010,Summer,uttar pradesh,kanpur dehat
Uttar Pradesh,KANPUR NAGAR,Arhar/Tur,2010,Kharif,uttar pradesh,kanpur nagar
Uttar Pradesh,KANPUR NAGAR,Bajra,2010,Kharif,uttar pradesh,kanpur nagar
Uttar Pradesh,KANPUR NAGAR,Dry chillies,2010,Kharif,uttar pradesh,kanpur nagar
Uttar Pradesh,KANPUR NAGAR,Groundnut,2010,Kharif,uttar pradesh,kanpur nagar
Uttar Pradesh,KANPUR NAGAR,Guar seed,2010,Kharif,uttar pradesh,kanpur nagar
Uttar Pradesh,KANPUR NAGAR,Jowar,2010,Kharif,uttar pradesh,kanpur nagar
Uttar Pradesh,KANPUR NAGAR,Maize,2010,Kharif,uttar pradesh,kanpur nagar
Uttar Pradesh,KANPUR NAGAR,Moong(Green Gram),2010,Kharif,uttar pradesh,kanpur nagar
Uttar Pradesh,KANPUR NAGAR,Rice,2010,Kharif,uttar pradesh,kanpur nagar
Uttar Pradesh,KANPUR NAGAR,Sannhamp,2010,Kharif,uttar pradesh,kanpur nagar
Uttar Pradesh,KANPUR NAGAR,Sesamum,2010,Kharif,uttar pradesh,kanpur nagar
Uttar Pradesh,KANPUR NAGAR,Soyabean,2010,Kharif,uttar pradesh,kanpur nagar
Uttar Pradesh,KANPUR NAGAR,Sugarcane,2010,Kharif,uttar pradesh,kanpur nagar
Uttar Pradesh,KANPUR NAGAR,Sweet potato,2010,Kharif,uttar pradesh,kanpur nagar
Uttar Pradesh,KANPUR NAGAR,Urad,2010,Kharif,uttar pradesh,kanpur nagar
Uttar Pradesh,KANPUR NAGAR,Barley,2010,Rabi,uttar pradesh,kanpur nagar
Uttar Pradesh,KANPUR NAGAR,Gram,2010,Rabi,uttar pradesh,kanpur nagar
Uttar Pradesh,KANPUR NAGAR,Masoor,2010,Rabi,uttar pradesh,kanpur nagar
Uttar Pradesh,KANPUR NAGAR,Onion,2010,Rabi,uttar pradesh,kanpur nagar
Uttar Pradesh,KANPUR NAGAR,Peas & beans (Pulses),2010,Rabi,uttar pradesh,kanpur nagar
Uttar Pradesh,KANPUR NAGAR,Potato,2010,Rabi,uttar pradesh,kanpur nagar
Uttar Pradesh,KANPUR NAGAR,Rapeseed &Mustard,2010,Rabi,uttar pradesh,kanpur nagar
Uttar Pradesh,KANPUR NAGAR,Tobacco,2010,Rabi,uttar pradesh,kanpur nagar
Uttar Pradesh,KANPUR NAGAR,Turmeric,2010,Rabi,uttar pradesh,kanpur nagar
Uttar Pradesh,KANPUR NAGAR,Wheat,2010,Rabi,uttar pradesh,kanpur nagar
Uttar Pradesh,KANPUR NAGAR,Maize,2010,Summer,uttar pradesh,kanpur nagar
Uttar Pradesh,KANPUR NAGAR,Moong(Green Gram),2010,Summer,uttar pradesh,kanpur nagar
Uttar Pradesh,KANPUR NAGAR,Sunflower,2010,Summer,uttar pradesh,kanpur nagar
Uttar Pradesh,KANPUR NAGAR,Urad,2010,Summer,uttar pradesh,kanpur nagar
Uttar Pradesh,KASGANJ,Arhar/Tur,2010,Kharif,uttar pradesh,kasganj
Uttar Pradesh,KASGANJ,Bajra,2010,Kharif,uttar pradesh,kasganj
Uttar Pradesh,KASGANJ,Dry chillies,2010,Kharif,uttar pradesh,kasganj
Uttar Pradesh,KASGANJ,Groundnut,2010,Kharif,uttar pradesh,kasganj
Uttar Pradesh,KASGANJ,Jowar,2010,Kharif,uttar pradesh,kasganj
Uttar Pradesh,KASGANJ,Maize,2010,Kharif,uttar pradesh,kasganj
Uttar Pradesh,KASGANJ,Moong(Green Gram),2010,Kharif,uttar pradesh,kasganj
Uttar Pradesh,KASGANJ,Rice,2010,Kharif,uttar pradesh,kasganj
Uttar Pradesh,KASGANJ,Sannhamp,2010,Kharif,uttar pradesh,kasganj
Uttar Pradesh,KASGANJ,Sesamum,2010,Kharif,uttar pradesh,kasganj
Uttar Pradesh,KASGANJ,Sugarcane,2010,Kharif,uttar pradesh,kasganj
Uttar Pradesh,KASGANJ,Sweet potato,2010,Kharif,uttar pradesh,kasganj
Uttar Pradesh,KASGANJ,Urad,2010,Kharif,uttar pradesh,kasganj
Uttar Pradesh,KASGANJ,Barley,2010,Rabi,uttar pradesh,kasganj
Uttar Pradesh,KASGANJ,Gram,2010,Rabi,uttar pradesh,kasganj
Uttar Pradesh,KASGANJ,Masoor,2010,Rabi,uttar pradesh,kasganj
Uttar Pradesh,KASGANJ,Onion,2010,Rabi,uttar pradesh,kasganj
Uttar Pradesh,KASGANJ,Peas & beans (Pulses),2010,Rabi,uttar pradesh,kasganj
Uttar Pradesh,KASGANJ,Potato,2010,Rabi,uttar pradesh,kasganj
Uttar Pradesh,KASGANJ,Rapeseed &Mustard,2010,Rabi,uttar pradesh,kasganj
Uttar Pradesh,KASGANJ,Tobacco,2010,Rabi,uttar pradesh,kasganj
Uttar Pradesh,KASGANJ,Turmeric,2010,Rabi,uttar pradesh,kasganj
Uttar Pradesh,KASGANJ,Wheat,2010,Rabi,uttar pradesh,kasganj
Uttar Pradesh,KASGANJ,Maize,2010,Summer,uttar pradesh,kasganj
Uttar Pradesh,KASGANJ,Moong(Green Gram),2010,Summer,uttar pradesh,kasganj
Uttar Pradesh,KASGANJ,Sunflower,2010,Summer,uttar pradesh,kasganj
Uttar Pradesh,KASGANJ,Urad,2010,Summer,uttar pradesh,kasganj
Uttar Pradesh,KAUSHAMBI,Arhar/Tur,2010,Kharif,uttar pradesh,kaushambi
Uttar Pradesh,KAUSHAMBI,Bajra,2010,Kharif,uttar pradesh,kaushambi
Uttar Pradesh,KAUSHAMBI,Dry chillies,2010,Kharif,uttar pradesh,kaushambi
Uttar Pradesh,KAUSHAMBI,Groundnut,2010,Kharif,uttar pradesh,kaushambi
Uttar Pradesh,KAUSHAMBI,Guar seed,2010,Kharif,uttar pradesh,kaushambi
Uttar Pradesh,KAUSHAMBI,Jowar,2010,Kharif,uttar pradesh,kaushambi
Uttar Pradesh,KAUSHAMBI,Maize,2010,Kharif,uttar pradesh,kaushambi
Uttar Pradesh,KAUSHAMBI,Moong(Green Gram),2010,Kharif,uttar pradesh,kaushambi
Uttar Pradesh,KAUSHAMBI,Rice,2010,Kharif,uttar pradesh,kaushambi
Uttar Pradesh,KAUSHAMBI,Sannhamp,2010,Kharif,uttar pradesh,kaushambi
Uttar Pradesh,KAUSHAMBI,Sesamum,2010,Kharif,uttar pradesh,kaushambi
Uttar Pradesh,KAUSHAMBI,Small millets,2010,Kharif,uttar pradesh,kaushambi
Uttar Pradesh,KAUSHAMBI,Sugarcane,2010,Kharif,uttar pradesh,kaushambi
Uttar Pradesh,KAUSHAMBI,Sweet potato,2010,Kharif,uttar pradesh,kaushambi
Uttar Pradesh,KAUSHAMBI,Urad,2010,Kharif,uttar pradesh,kaushambi
Uttar Pradesh,KAUSHAMBI,Barley,2010,Rabi,uttar pradesh,kaushambi
Uttar Pradesh,KAUSHAMBI,Gram,2010,Rabi,uttar pradesh,kaushambi
Uttar Pradesh,KAUSHAMBI,Linseed,2010,Rabi,uttar pradesh,kaushambi
Uttar Pradesh,KAUSHAMBI,Masoor,2010,Rabi,uttar pradesh,kaushambi
Uttar Pradesh,KAUSHAMBI,Onion,2010,Rabi,uttar pradesh,kaushambi
Uttar Pradesh,KAUSHAMBI,Peas & beans (Pulses),2010,Rabi,uttar pradesh,kaushambi
Uttar Pradesh,KAUSHAMBI,Potato,2010,Rabi,uttar pradesh,kaushambi
Uttar Pradesh,KAUSHAMBI,Rapeseed &Mustard,2010,Rabi,uttar pradesh,kaushambi
Uttar Pradesh,KAUSHAMBI,Turmeric,2010,Rabi,uttar pradesh,kaushambi
Uttar Pradesh,KAUSHAMBI,Wheat,2010,Rabi,uttar pradesh,kaushambi
Uttar Pradesh,KAUSHAMBI,Maize,2010,Summer,uttar pradesh,kaushambi
Uttar Pradesh,KAUSHAMBI,Moong(Green Gram),2010,Summer,uttar pradesh,kaushambi
Uttar Pradesh,KAUSHAMBI,Sunflower,2010,Summer,uttar pradesh,kaushambi
Uttar Pradesh,KAUSHAMBI,Urad,2010,Summer,uttar pradesh,kaushambi
Uttar Pradesh,KHERI,Arhar/Tur,2010,Kharif,uttar pradesh,kheri
Uttar Pradesh,KHERI,Bajra,2010,Kharif,uttar pradesh,kheri
Uttar Pradesh,KHERI,Dry chillies,2010,Kharif,uttar pradesh,kheri
Uttar Pradesh,KHERI,Dry ginger,2010,Kharif,uttar pradesh,kheri
Uttar Pradesh,KHERI,Groundnut,2010,Kharif,uttar pradesh,kheri
Uttar Pradesh,KHERI,Guar seed,2010,Kharif,uttar pradesh,kheri
Uttar Pradesh,KHERI,Jowar,2010,Kharif,uttar pradesh,kheri
Uttar Pradesh,KHERI,Maize,2010,Kharif,uttar pradesh,kheri
Uttar Pradesh,KHERI,Moong(Green Gram),2010,Kharif,uttar pradesh,kheri
Uttar Pradesh,KHERI,Rice,2010,Kharif,uttar pradesh,kheri
Uttar Pradesh,KHERI,Sesamum,2010,Kharif,uttar pradesh,kheri
Uttar Pradesh,KHERI,Small millets,2010,Kharif,uttar pradesh,kheri
Uttar Pradesh,KHERI,Sugarcane,2010,Kharif,uttar pradesh,kheri
Uttar Pradesh,KHERI,Sweet potato,2010,Kharif,uttar pradesh,kheri
Uttar Pradesh,KHERI,Urad,2010,Kharif,uttar pradesh,kheri
Uttar Pradesh,KHERI,Barley,2010,Rabi,uttar pradesh,kheri
Uttar Pradesh,KHERI,Gram,2010,Rabi,uttar pradesh,kheri
Uttar Pradesh,KHERI,Linseed,2010,Rabi,uttar pradesh,kheri
Uttar Pradesh,KHERI,Maize,2010,Rabi,uttar pradesh,kheri
Uttar Pradesh,KHERI,Masoor,2010,Rabi,uttar pradesh,kheri
Uttar Pradesh,KHERI,Onion,2010,Rabi,uttar pradesh,kheri
Uttar Pradesh,KHERI,Peas & beans (Pulses),2010,Rabi,uttar pradesh,kheri
Uttar Pradesh,KHERI,Potato,2010,Rabi,uttar pradesh,kheri
Uttar Pradesh,KHERI,Rapeseed &Mustard,2010,Rabi,uttar pradesh,kheri
Uttar Pradesh,KHERI,Turmeric,2010,Rabi,uttar pradesh,kheri
Uttar Pradesh,KHERI,Wheat,2010,Rabi,uttar pradesh,kheri
Uttar Pradesh,KHERI,Maize,2010,Summer,uttar pradesh,kheri
Uttar Pradesh,KHERI,Moong(Green Gram),2010,Summer,uttar pradesh,kheri
Uttar Pradesh,KHERI,Rice,2010,Summer,uttar pradesh,kheri
Uttar Pradesh,KHERI,Urad,2010,Summer,uttar pradesh,kheri
Uttar Pradesh,KUSHI NAGAR,Arhar/Tur,2010,Kharif,uttar pradesh,kushi nagar
Uttar Pradesh,KUSHI NAGAR,Bajra,2010,Kharif,uttar pradesh,kushi nagar
Uttar Pradesh,KUSHI NAGAR,Cotton(lint),2010,Kharif,uttar pradesh,kushi nagar
Uttar Pradesh,KUSHI NAGAR,Dry chillies,2010,Kharif,uttar pradesh,kushi nagar
Uttar Pradesh,KUSHI NAGAR,Dry ginger,2010,Kharif,uttar pradesh,kushi nagar
Uttar Pradesh,KUSHI NAGAR,Groundnut,2010,Kharif,uttar pradesh,kushi nagar
Uttar Pradesh,KUSHI NAGAR,Guar seed,2010,Kharif,uttar pradesh,kushi nagar
Uttar Pradesh,KUSHI NAGAR,Jowar,2010,Kharif,uttar pradesh,kushi nagar
Uttar Pradesh,KUSHI NAGAR,Maize,2010,Kharif,uttar pradesh,kushi nagar
Uttar Pradesh,KUSHI NAGAR,Rice,2010,Kharif,uttar pradesh,kushi nagar
Uttar Pradesh,KUSHI NAGAR,Sannhamp,2010,Kharif,uttar pradesh,kushi nagar
Uttar Pradesh,KUSHI NAGAR,Sesamum,2010,Kharif,uttar pradesh,kushi nagar
Uttar Pradesh,KUSHI NAGAR,Small millets,2010,Kharif,uttar pradesh,kushi nagar
Uttar Pradesh,KUSHI NAGAR,Sugarcane,2010,Kharif,uttar pradesh,kushi nagar
Uttar Pradesh,KUSHI NAGAR,Sweet potato,2010,Kharif,uttar pradesh,kushi nagar
Uttar Pradesh,KUSHI NAGAR,Urad,2010,Kharif,uttar pradesh,kushi nagar
Uttar Pradesh,KUSHI NAGAR,Barley,2010,Rabi,uttar pradesh,kushi nagar
Uttar Pradesh,KUSHI NAGAR,Gram,2010,Rabi,uttar pradesh,kushi nagar
Uttar Pradesh,KUSHI NAGAR,Maize,2010,Rabi,uttar pradesh,kushi nagar
Uttar Pradesh,KUSHI NAGAR,Masoor,2010,Rabi,uttar pradesh,kushi nagar
Uttar Pradesh,KUSHI NAGAR,Onion,2010,Rabi,uttar pradesh,kushi nagar
Uttar Pradesh,KUSHI NAGAR,Peas & beans (Pulses),2010,Rabi,uttar pradesh,kushi nagar
Uttar Pradesh,KUSHI NAGAR,Potato,2010,Rabi,uttar pradesh,kushi nagar
Uttar Pradesh,KUSHI NAGAR,Rapeseed &Mustard,2010,Rabi,uttar pradesh,kushi nagar
Uttar Pradesh,KUSHI NAGAR,Turmeric,2010,Rabi,uttar pradesh,kushi nagar
Uttar Pradesh,KUSHI NAGAR,Wheat,2010,Rabi,uttar pradesh,kushi nagar
Uttar Pradesh,KUSHI NAGAR,Maize,2010,Summer,uttar pradesh,kushi nagar
Uttar Pradesh,KUSHI NAGAR,Moong(Green Gram),2010,Summer,uttar pradesh,kushi nagar
Uttar Pradesh,KUSHI NAGAR,Sunflower,2010,Summer,uttar pradesh,kushi nagar
Uttar Pradesh,KUSHI NAGAR,Urad,2010,Summer,uttar pradesh,kushi nagar
Uttar Pradesh,LALITPUR,Arhar/Tur,2010,Kharif,uttar pradesh,lalitpur
Uttar Pradesh,LALITPUR,Dry chillies,2010,Kharif,uttar pradesh,lalitpur
Uttar Pradesh,LALITPUR,Dry ginger,2010,Kharif,uttar pradesh,lalitpur
Uttar Pradesh,LALITPUR,Groundnut,2010,Kharif,uttar pradesh,lalitpur
Uttar Pradesh,LALITPUR,Jowar,2010,Kharif,uttar pradesh,lalitpur
Uttar Pradesh,LALITPUR,Maize,2010,Kharif,uttar pradesh,lalitpur
Uttar Pradesh,LALITPUR,Moong(Green Gram),2010,Kharif,uttar pradesh,lalitpur
Uttar Pradesh,LALITPUR,Rice,2010,Kharif,uttar pradesh,lalitpur
Uttar Pradesh,LALITPUR,Sannhamp,2010,Kharif,uttar pradesh,lalitpur
Uttar Pradesh,LALITPUR,Sesamum,2010,Kharif,uttar pradesh,lalitpur
Uttar Pradesh,LALITPUR,Small millets,2010,Kharif,uttar pradesh,lalitpur
Uttar Pradesh,LALITPUR,Soyabean,2010,Kharif,uttar pradesh,lalitpur
Uttar Pradesh,LALITPUR,Sugarcane,2010,Kharif,uttar pradesh,lalitpur
Uttar Pradesh,LALITPUR,Sweet potato,2010,Kharif,uttar pradesh,lalitpur
Uttar Pradesh,LALITPUR,Urad,2010,Kharif,uttar pradesh,lalitpur
Uttar Pradesh,LALITPUR,Barley,2010,Rabi,uttar pradesh,lalitpur
Uttar Pradesh,LALITPUR,Gram,2010,Rabi,uttar pradesh,lalitpur
Uttar Pradesh,LALITPUR,Linseed,2010,Rabi,uttar pradesh,lalitpur
Uttar Pradesh,LALITPUR,Masoor,2010,Rabi,uttar pradesh,lalitpur
Uttar Pradesh,LALITPUR,Onion,2010,Rabi,uttar pradesh,lalitpur
Uttar Pradesh,LALITPUR,Peas & beans (Pulses),2010,Rabi,uttar pradesh,lalitpur
Uttar Pradesh,LALITPUR,Potato,2010,Rabi,uttar pradesh,lalitpur
Uttar Pradesh,LALITPUR,Rapeseed &Mustard,2010,Rabi,uttar pradesh,lalitpur
Uttar Pradesh,LALITPUR,Turmeric,2010,Rabi,uttar pradesh,lalitpur
Uttar Pradesh,LALITPUR,Wheat,2010,Rabi,uttar pradesh,lalitpur
Uttar Pradesh,LALITPUR,Moong(Green Gram),2010,Summer,uttar pradesh,lalitpur
Uttar Pradesh,LALITPUR,Urad,2010,Summer,uttar pradesh,lalitpur
Uttar Pradesh,LUCKNOW,Arhar/Tur,2010,Kharif,uttar pradesh,lucknow
Uttar Pradesh,LUCKNOW,Bajra,2010,Kharif,uttar pradesh,lucknow
Uttar Pradesh,LUCKNOW,Dry chillies,2010,Kharif,uttar pradesh,lucknow
Uttar Pradesh,LUCKNOW,Groundnut,2010,Kharif,uttar pradesh,lucknow
Uttar Pradesh,LUCKNOW,Guar seed,2010,Kharif,uttar pradesh,lucknow
Uttar Pradesh,LUCKNOW,Jowar,2010,Kharif,uttar pradesh,lucknow
Uttar Pradesh,LUCKNOW,Maize,2010,Kharif,uttar pradesh,lucknow
Uttar Pradesh,LUCKNOW,Moong(Green Gram),2010,Kharif,uttar pradesh,lucknow
Uttar Pradesh,LUCKNOW,Rice,2010,Kharif,uttar pradesh,lucknow
Uttar Pradesh,LUCKNOW,Sesamum,2010,Kharif,uttar pradesh,lucknow
Uttar Pradesh,LUCKNOW,Small millets,2010,Kharif,uttar pradesh,lucknow
Uttar Pradesh,LUCKNOW,Sugarcane,2010,Kharif,uttar pradesh,lucknow
Uttar Pradesh,LUCKNOW,Sweet potato,2010,Kharif,uttar pradesh,lucknow
Uttar Pradesh,LUCKNOW,Urad,2010,Kharif,uttar pradesh,lucknow
Uttar Pradesh,LUCKNOW,Barley,2010,Rabi,uttar pradesh,lucknow
Uttar Pradesh,LUCKNOW,Gram,2010,Rabi,uttar pradesh,lucknow
Uttar Pradesh,LUCKNOW,Linseed,2010,Rabi,uttar pradesh,lucknow
Uttar Pradesh,LUCKNOW,Maize,2010,Rabi,uttar pradesh,lucknow
Uttar Pradesh,LUCKNOW,Masoor,2010,Rabi,uttar pradesh,lucknow
Uttar Pradesh,LUCKNOW,Onion,2010,Rabi,uttar pradesh,lucknow
Uttar Pradesh,LUCKNOW,Peas & beans (Pulses),2010,Rabi,uttar pradesh,lucknow
Uttar Pradesh,LUCKNOW,Potato,2010,Rabi,uttar pradesh,lucknow
Uttar Pradesh,LUCKNOW,Rapeseed &Mustard,2010,Rabi,uttar pradesh,lucknow
Uttar Pradesh,LUCKNOW,Turmeric,2010,Rabi,uttar pradesh,lucknow
Uttar Pradesh,LUCKNOW,Wheat,2010,Rabi,uttar pradesh,lucknow
Uttar Pradesh,LUCKNOW,Maize,2010,Summer,uttar pradesh,lucknow
Uttar Pradesh,LUCKNOW,Moong(Green Gram),2010,Summer,uttar pradesh,lucknow
Uttar Pradesh,LUCKNOW,Urad,2010,Summer,uttar pradesh,lucknow
Uttar Pradesh,MAHARAJGANJ,Arhar/Tur,2010,Kharif,uttar pradesh,maharajganj
Uttar Pradesh,MAHARAJGANJ,Dry chillies,2010,Kharif,uttar pradesh,maharajganj
Uttar Pradesh,MAHARAJGANJ,Dry ginger,2010,Kharif,uttar pradesh,maharajganj
Uttar Pradesh,MAHARAJGANJ,Groundnut,2010,Kharif,uttar pradesh,maharajganj
Uttar Pradesh,MAHARAJGANJ,Guar seed,2010,Kharif,uttar pradesh,maharajganj
Uttar Pradesh,MAHARAJGANJ,Maize,2010,Kharif,uttar pradesh,maharajganj
Uttar Pradesh,MAHARAJGANJ,Rice,2010,Kharif,uttar pradesh,maharajganj
Uttar Pradesh,MAHARAJGANJ,Sesamum,2010,Kharif,uttar pradesh,maharajganj
Uttar Pradesh,MAHARAJGANJ,Small millets,2010,Kharif,uttar pradesh,maharajganj
Uttar Pradesh,MAHARAJGANJ,Sugarcane,2010,Kharif,uttar pradesh,maharajganj
Uttar Pradesh,MAHARAJGANJ,Sweet potato,2010,Kharif,uttar pradesh,maharajganj
Uttar Pradesh,MAHARAJGANJ,Urad,2010,Kharif,uttar pradesh,maharajganj
Uttar Pradesh,MAHARAJGANJ,Barley,2010,Rabi,uttar pradesh,maharajganj
Uttar Pradesh,MAHARAJGANJ,Gram,2010,Rabi,uttar pradesh,maharajganj
Uttar Pradesh,MAHARAJGANJ,Linseed,2010,Rabi,uttar pradesh,maharajganj
Uttar Pradesh,MAHARAJGANJ,Masoor,2010,Rabi,uttar pradesh,maharajganj
Uttar Pradesh,MAHARAJGANJ,Onion,2010,Rabi,uttar pradesh,maharajganj
Uttar Pradesh,MAHARAJGANJ,Peas & beans (Pulses),2010,Rabi,uttar pradesh,maharajganj
Uttar Pradesh,MAHARAJGANJ,Potato,2010,Rabi,uttar pradesh,maharajganj
Uttar Pradesh,MAHARAJGANJ,Rapeseed &Mustard,2010,Rabi,uttar pradesh,maharajganj
Uttar Pradesh,MAHARAJGANJ,Turmeric,2010,Rabi,uttar pradesh,maharajganj
Uttar Pradesh,MAHARAJGANJ,Wheat,2010,Rabi,uttar pradesh,maharajganj
Uttar Pradesh,MAHARAJGANJ,Maize,2010,Summer,uttar pradesh,maharajganj
Uttar Pradesh,MAHARAJGANJ,Moong(Green Gram),2010,Summer,uttar pradesh,maharajganj
Uttar Pradesh,MAHARAJGANJ,Rice,2010,Summer,uttar pradesh,maharajganj
Uttar Pradesh,MAHARAJGANJ,Sunflower,2010,Summer,uttar pradesh,maharajganj
Uttar Pradesh,MAHARAJGANJ,Urad,2010,Summer,uttar pradesh,maharajganj
Uttar Pradesh,MAHOBA,Arhar/Tur,2010,Kharif,uttar pradesh,mahoba
Uttar Pradesh,MAHOBA,Bajra,2010,Kharif,uttar pradesh,mahoba
Uttar Pradesh,MAHOBA,Dry chillies,2010,Kharif,uttar pradesh,mahoba
Uttar Pradesh,MAHOBA,Groundnut,2010,Kharif,uttar pradesh,mahoba
Uttar Pradesh,MAHOBA,Jowar,2010,Kharif,uttar pradesh,mahoba
Uttar Pradesh,MAHOBA,Maize,2010,Kharif,uttar pradesh,mahoba
Uttar Pradesh,MAHOBA,Moong(Green Gram),2010,Kharif,uttar pradesh,mahoba
Uttar Pradesh,MAHOBA,Rice,2010,Kharif,uttar pradesh,mahoba
Uttar Pradesh,MAHOBA,Sannhamp,2010,Kharif,uttar pradesh,mahoba
Uttar Pradesh,MAHOBA,Sesamum,2010,Kharif,uttar pradesh,mahoba
Uttar Pradesh,MAHOBA,Small millets,2010,Kharif,uttar pradesh,mahoba
Uttar Pradesh,MAHOBA,Soyabean,2010,Kharif,uttar pradesh,mahoba
Uttar Pradesh,MAHOBA,Sugarcane,2010,Kharif,uttar pradesh,mahoba
Uttar Pradesh,MAHOBA,Sweet potato,2010,Kharif,uttar pradesh,mahoba
Uttar Pradesh,MAHOBA,Urad,2010,Kharif,uttar pradesh,mahoba
Uttar Pradesh,MAHOBA,Barley,2010,Rabi,uttar pradesh,mahoba
Uttar Pradesh,MAHOBA,Gram,2010,Rabi,uttar pradesh,mahoba
Uttar Pradesh,MAHOBA,Linseed,2010,Rabi,uttar pradesh,mahoba
Uttar Pradesh,MAHOBA,Masoor,2010,Rabi,uttar pradesh,mahoba
Uttar Pradesh,MAHOBA,Onion,2010,Rabi,uttar pradesh,mahoba
Uttar Pradesh,MAHOBA,Peas & beans (Pulses),2010,Rabi,uttar pradesh,mahoba
Uttar Pradesh,MAHOBA,Potato,2010,Rabi,uttar pradesh,mahoba
Uttar Pradesh,MAHOBA,Rapeseed &Mustard,2010,Rabi,uttar pradesh,mahoba
Uttar Pradesh,MAHOBA,Tobacco,2010,Rabi,uttar pradesh,mahoba
Uttar Pradesh,MAHOBA,Wheat,2010,Rabi,uttar pradesh,mahoba
Uttar Pradesh,MAINPURI,Arhar/Tur,2010,Kharif,uttar pradesh,mainpuri
Uttar Pradesh,MAINPURI,Bajra,2010,Kharif,uttar pradesh,mainpuri
Uttar Pradesh,MAINPURI,Dry chillies,2010,Kharif,uttar pradesh,mainpuri
Uttar Pradesh,MAINPURI,Groundnut,2010,Kharif,uttar pradesh,mainpuri
Uttar Pradesh,MAINPURI,Guar seed,2010,Kharif,uttar pradesh,mainpuri
Uttar Pradesh,MAINPURI,Jowar,2010,Kharif,uttar pradesh,mainpuri
Uttar Pradesh,MAINPURI,Maize,2010,Kharif,uttar pradesh,mainpuri
Uttar Pradesh,MAINPURI,Moong(Green Gram),2010,Kharif,uttar pradesh,mainpuri
Uttar Pradesh,MAINPURI,Rice,2010,Kharif,uttar pradesh,mainpuri
Uttar Pradesh,MAINPURI,Sesamum,2010,Kharif,uttar pradesh,mainpuri
Uttar Pradesh,MAINPURI,Sugarcane,2010,Kharif,uttar pradesh,mainpuri
Uttar Pradesh,MAINPURI,Sweet potato,2010,Kharif,uttar pradesh,mainpuri
Uttar Pradesh,MAINPURI,Urad,2010,Kharif,uttar pradesh,mainpuri
Uttar Pradesh,MAINPURI,Barley,2010,Rabi,uttar pradesh,mainpuri
Uttar Pradesh,MAINPURI,Gram,2010,Rabi,uttar pradesh,mainpuri
Uttar Pradesh,MAINPURI,Masoor,2010,Rabi,uttar pradesh,mainpuri
Uttar Pradesh,MAINPURI,Onion,2010,Rabi,uttar pradesh,mainpuri
Uttar Pradesh,MAINPURI,Peas & beans (Pulses),2010,Rabi,uttar pradesh,mainpuri
Uttar Pradesh,MAINPURI,Potato,2010,Rabi,uttar pradesh,mainpuri
Uttar Pradesh,MAINPURI,Rapeseed &Mustard,2010,Rabi,uttar pradesh,mainpuri
Uttar Pradesh,MAINPURI,Wheat,2010,Rabi,uttar pradesh,mainpuri
Uttar Pradesh,MAINPURI,Maize,2010,Summer,uttar pradesh,mainpuri
Uttar Pradesh,MAINPURI,Moong(Green Gram),2010,Summer,uttar pradesh,mainpuri
Uttar Pradesh,MAINPURI,Sunflower,2010,Summer,uttar pradesh,mainpuri
Uttar Pradesh,MAINPURI,Urad,2010,Summer,uttar pradesh,mainpuri
Uttar Pradesh,MATHURA,Arhar/Tur,2010,Kharif,uttar pradesh,mathura
Uttar Pradesh,MATHURA,Bajra,2010,Kharif,uttar pradesh,mathura
Uttar Pradesh,MATHURA,Cotton(lint),2010,Kharif,uttar pradesh,mathura
Uttar Pradesh,MATHURA,Dry chillies,2010,Kharif,uttar pradesh,mathura
Uttar Pradesh,MATHURA,Guar seed,2010,Kharif,uttar pradesh,mathura
Uttar Pradesh,MATHURA,Jowar,2010,Kharif,uttar pradesh,mathura
Uttar Pradesh,MATHURA,Maize,2010,Kharif,uttar pradesh,mathura
Uttar Pradesh,MATHURA,Moong(Green Gram),2010,Kharif,uttar pradesh,mathura
Uttar Pradesh,MATHURA,Rice,2010,Kharif,uttar pradesh,mathura
Uttar Pradesh,MATHURA,Sannhamp,2010,Kharif,uttar pradesh,mathura
Uttar Pradesh,MATHURA,Sesamum,2010,Kharif,uttar pradesh,mathura
Uttar Pradesh,MATHURA,Sugarcane,2010,Kharif,uttar pradesh,mathura
Uttar Pradesh,MATHURA,Sweet potato,2010,Kharif,uttar pradesh,mathura
Uttar Pradesh,MATHURA,Urad,2010,Kharif,uttar pradesh,mathura
Uttar Pradesh,MATHURA,Barley,2010,Rabi,uttar pradesh,mathura
Uttar Pradesh,MATHURA,Gram,2010,Rabi,uttar pradesh,mathura
Uttar Pradesh,MATHURA,Masoor,2010,Rabi,uttar pradesh,mathura
Uttar Pradesh,MATHURA,Onion,2010,Rabi,uttar pradesh,mathura
Uttar Pradesh,MATHURA,Potato,2010,Rabi,uttar pradesh,mathura
Uttar Pradesh,MATHURA,Rapeseed &Mustard,2010,Rabi,uttar pradesh,mathura
Uttar Pradesh,MATHURA,Wheat,2010,Rabi,uttar pradesh,mathura
Uttar Pradesh,MATHURA,Moong(Green Gram),2010,Summer,uttar pradesh,mathura
Uttar Pradesh,MAU,Arhar/Tur,2010,Kharif,uttar pradesh,mau
Uttar Pradesh,MAU,Bajra,2010,Kharif,uttar pradesh,mau
Uttar Pradesh,MAU,Dry chillies,2010,Kharif,uttar pradesh,mau
Uttar Pradesh,MAU,Dry ginger,2010,Kharif,uttar pradesh,mau
Uttar Pradesh,MAU,Groundnut,2010,Kharif,uttar pradesh,mau
Uttar Pradesh,MAU,Jowar,2010,Kharif,uttar pradesh,mau
Uttar Pradesh,MAU,Maize,2010,Kharif,uttar pradesh,mau
Uttar Pradesh,MAU,Rice,2010,Kharif,uttar pradesh,mau
Uttar Pradesh,MAU,Sesamum,2010,Kharif,uttar pradesh,mau
Uttar Pradesh,MAU,Small millets,2010,Kharif,uttar pradesh,mau
Uttar Pradesh,MAU,Sugarcane,2010,Kharif,uttar pradesh,mau
Uttar Pradesh,MAU,Sweet potato,2010,Kharif,uttar pradesh,mau
Uttar Pradesh,MAU,Urad,2010,Kharif,uttar pradesh,mau
Uttar Pradesh,MAU,Barley,2010,Rabi,uttar pradesh,mau
Uttar Pradesh,MAU,Gram,2010,Rabi,uttar pradesh,mau
Uttar Pradesh,MAU,Masoor,2010,Rabi,uttar pradesh,mau
Uttar Pradesh,MAU,Onion,2010,Rabi,uttar pradesh,mau
Uttar Pradesh,MAU,Peas & beans (Pulses),2010,Rabi,uttar pradesh,mau
Uttar Pradesh,MAU,Potato,2010,Rabi,uttar pradesh,mau
Uttar Pradesh,MAU,Rapeseed &Mustard,2010,Rabi,uttar pradesh,mau
Uttar Pradesh,MAU,Wheat,2010,Rabi,uttar pradesh,mau
Uttar Pradesh,MAU,Maize,2010,Summer,uttar pradesh,mau
Uttar Pradesh,MAU,Moong(Green Gram),2010,Summer,uttar pradesh,mau
Uttar Pradesh,MAU,Sunflower,2010,Summer,uttar pradesh,mau
Uttar Pradesh,MAU,Urad,2010,Summer,uttar pradesh,mau
Uttar Pradesh,MEERUT,Arhar/Tur,2010,Kharif,uttar pradesh,meerut
Uttar Pradesh,MEERUT,Bajra,2010,Kharif,uttar pradesh,meerut
Uttar Pradesh,MEERUT,Cotton(lint),2010,Kharif,uttar pradesh,meerut
Uttar Pradesh,MEERUT,Dry chillies,2010,Kharif,uttar pradesh,meerut
Uttar Pradesh,MEERUT,Maize,2010,Kharif,uttar pradesh,meerut
Uttar Pradesh,MEERUT,Moong(Green Gram),2010,Kharif,uttar pradesh,meerut
Uttar Pradesh,MEERUT,Rice,2010,Kharif,uttar pradesh,meerut
Uttar Pradesh,MEERUT,Sugarcane,2010,Kharif,uttar pradesh,meerut
Uttar Pradesh,MEERUT,Sweet potato,2010,Kharif,uttar pradesh,meerut
Uttar Pradesh,MEERUT,Urad,2010,Kharif,uttar pradesh,meerut
Uttar Pradesh,MEERUT,Barley,2010,Rabi,uttar pradesh,meerut
Uttar Pradesh,MEERUT,Gram,2010,Rabi,uttar pradesh,meerut
Uttar Pradesh,MEERUT,Masoor,2010,Rabi,uttar pradesh,meerut
Uttar Pradesh,MEERUT,Onion,2010,Rabi,uttar pradesh,meerut
Uttar Pradesh,MEERUT,Peas & beans (Pulses),2010,Rabi,uttar pradesh,meerut
Uttar Pradesh,MEERUT,Potato,2010,Rabi,uttar pradesh,meerut
Uttar Pradesh,MEERUT,Rapeseed &Mustard,2010,Rabi,uttar pradesh,meerut
Uttar Pradesh,MEERUT,Turmeric,2010,Rabi,uttar pradesh,meerut
Uttar Pradesh,MEERUT,Wheat,2010,Rabi,uttar pradesh,meerut
Uttar Pradesh,MEERUT,Maize,2010,Summer,uttar pradesh,meerut
Uttar Pradesh,MEERUT,Moong(Green Gram),2010,Summer,uttar pradesh,meerut
Uttar Pradesh,MEERUT,Urad,2010,Summer,uttar pradesh,meerut
Uttar Pradesh,MIRZAPUR,Arhar/Tur,2010,Kharif,uttar pradesh,mirzapur
Uttar Pradesh,MIRZAPUR,Bajra,2010,Kharif,uttar pradesh,mirzapur
Uttar Pradesh,MIRZAPUR,Dry chillies,2010,Kharif,uttar pradesh,mirzapur
Uttar Pradesh,MIRZAPUR,Groundnut,2010,Kharif,uttar pradesh,mirzapur
Uttar Pradesh,MIRZAPUR,Guar seed,2010,Kharif,uttar pradesh,mirzapur
Uttar Pradesh,MIRZAPUR,Jowar,2010,Kharif,uttar pradesh,mirzapur
Uttar Pradesh,MIRZAPUR,Maize,2010,Kharif,uttar pradesh,mirzapur
Uttar Pradesh,MIRZAPUR,Moong(Green Gram),2010,Kharif,uttar pradesh,mirzapur
Uttar Pradesh,MIRZAPUR,Rice,2010,Kharif,uttar pradesh,mirzapur
Uttar Pradesh,MIRZAPUR,Sannhamp,2010,Kharif,uttar pradesh,mirzapur
Uttar Pradesh,MIRZAPUR,Sesamum,2010,Kharif,uttar pradesh,mirzapur
Uttar Pradesh,MIRZAPUR,Small millets,2010,Kharif,uttar pradesh,mirzapur
Uttar Pradesh,MIRZAPUR,Sugarcane,2010,Kharif,uttar pradesh,mirzapur
Uttar Pradesh,MIRZAPUR,Urad,2010,Kharif,uttar pradesh,mirzapur
Uttar Pradesh,MIRZAPUR,Barley,2010,Rabi,uttar pradesh,mirzapur
Uttar Pradesh,MIRZAPUR,Gram,2010,Rabi,uttar pradesh,mirzapur
Uttar Pradesh,MIRZAPUR,Linseed,2010,Rabi,uttar pradesh,mirzapur
Uttar Pradesh,MIRZAPUR,Maize,2010,Rabi,uttar pradesh,mirzapur
Uttar Pradesh,MIRZAPUR,Masoor,2010,Rabi,uttar pradesh,mirzapur
Uttar Pradesh,MIRZAPUR,Onion,2010,Rabi,uttar pradesh,mirzapur
Uttar Pradesh,MIRZAPUR,Peas & beans (Pulses),2010,Rabi,uttar pradesh,mirzapur
Uttar Pradesh,MIRZAPUR,Potato,2010,Rabi,uttar pradesh,mirzapur
Uttar Pradesh,MIRZAPUR,Rapeseed &Mustard,2010,Rabi,uttar pradesh,mirzapur
Uttar Pradesh,MIRZAPUR,Wheat,2010,Rabi,uttar pradesh,mirzapur
Uttar Pradesh,MIRZAPUR,Moong(Green Gram),2010,Summer,uttar pradesh,mirzapur
Uttar Pradesh,MIRZAPUR,Urad,2010,Summer,uttar pradesh,mirzapur
Uttar Pradesh,MORADABAD,Arhar/Tur,2010,Kharif,uttar pradesh,moradabad
Uttar Pradesh,MORADABAD,Bajra,2010,Kharif,uttar pradesh,moradabad
Uttar Pradesh,MORADABAD,Dry chillies,2010,Kharif,uttar pradesh,moradabad
Uttar Pradesh,MORADABAD,Guar seed,2010,Kharif,uttar pradesh,moradabad
Uttar Pradesh,MORADABAD,Jowar,2010,Kharif,uttar pradesh,moradabad
Uttar Pradesh,MORADABAD,Maize,2010,Kharif,uttar pradesh,moradabad
Uttar Pradesh,MORADABAD,Moong(Green Gram),2010,Kharif,uttar pradesh,moradabad
Uttar Pradesh,MORADABAD,Rice,2010,Kharif,uttar pradesh,moradabad
Uttar Pradesh,MORADABAD,Sesamum,2010,Kharif,uttar pradesh,moradabad
Uttar Pradesh,MORADABAD,Sugarcane,2010,Kharif,uttar pradesh,moradabad
Uttar Pradesh,MORADABAD,Sweet potato,2010,Kharif,uttar pradesh,moradabad
Uttar Pradesh,MORADABAD,Urad,2010,Kharif,uttar pradesh,moradabad
Uttar Pradesh,MORADABAD,Barley,2010,Rabi,uttar pradesh,moradabad
Uttar Pradesh,MORADABAD,Gram,2010,Rabi,uttar pradesh,moradabad
Uttar Pradesh,MORADABAD,Masoor,2010,Rabi,uttar pradesh,moradabad
Uttar Pradesh,MORADABAD,Onion,2010,Rabi,uttar pradesh,moradabad
Uttar Pradesh,MORADABAD,Peas & beans (Pulses),2010,Rabi,uttar pradesh,moradabad
Uttar Pradesh,MORADABAD,Potato,2010,Rabi,uttar pradesh,moradabad
Uttar Pradesh,MORADABAD,Rapeseed &Mustard,2010,Rabi,uttar pradesh,moradabad
Uttar Pradesh,MORADABAD,Wheat,2010,Rabi,uttar pradesh,moradabad
Uttar Pradesh,MORADABAD,Maize,2010,Summer,uttar pradesh,moradabad
Uttar Pradesh,MORADABAD,Rice,2010,Summer,uttar pradesh,moradabad
Uttar Pradesh,MORADABAD,Urad,2010,Summer,uttar pradesh,moradabad
Uttar Pradesh,MUZAFFARNAGAR,Arhar/Tur,2010,Kharif,uttar pradesh,muzaffarnagar
Uttar Pradesh,MUZAFFARNAGAR,Cotton(lint),2010,Kharif,uttar pradesh,muzaffarnagar
Uttar Pradesh,MUZAFFARNAGAR,Dry chillies,2010,Kharif,uttar pradesh,muzaffarnagar
Uttar Pradesh,MUZAFFARNAGAR,Groundnut,2010,Kharif,uttar pradesh,muzaffarnagar
Uttar Pradesh,MUZAFFARNAGAR,Maize,2010,Kharif,uttar pradesh,muzaffarnagar
Uttar Pradesh,MUZAFFARNAGAR,Moong(Green Gram),2010,Kharif,uttar pradesh,muzaffarnagar
Uttar Pradesh,MUZAFFARNAGAR,Rice,2010,Kharif,uttar pradesh,muzaffarnagar
Uttar Pradesh,MUZAFFARNAGAR,Sesamum,2010,Kharif,uttar pradesh,muzaffarnagar
Uttar Pradesh,MUZAFFARNAGAR,Sugarcane,2010,Kharif,uttar pradesh,muzaffarnagar
Uttar Pradesh,MUZAFFARNAGAR,Sweet potato,2010,Kharif,uttar pradesh,muzaffarnagar
Uttar Pradesh,MUZAFFARNAGAR,Urad,2010,Kharif,uttar pradesh,muzaffarnagar
Uttar Pradesh,MUZAFFARNAGAR,Barley,2010,Rabi,uttar pradesh,muzaffarnagar
Uttar Pradesh,MUZAFFARNAGAR,Gram,2010,Rabi,uttar pradesh,muzaffarnagar
Uttar Pradesh,MUZAFFARNAGAR,Masoor,2010,Rabi,uttar pradesh,muzaffarnagar
Uttar Pradesh,MUZAFFARNAGAR,Onion,2010,Rabi,uttar pradesh,muzaffarnagar
Uttar Pradesh,MUZAFFARNAGAR,Peas & beans (Pulses),2010,Rabi,uttar pradesh,muzaffarnagar
Uttar Pradesh,MUZAFFARNAGAR,Potato,2010,Rabi,uttar pradesh,muzaffarnagar
Uttar Pradesh,MUZAFFARNAGAR,Rapeseed &Mustard,2010,Rabi,uttar pradesh,muzaffarnagar
Uttar Pradesh,MUZAFFARNAGAR,Wheat,2010,Rabi,uttar pradesh,muzaffarnagar
Uttar Pradesh,MUZAFFARNAGAR,Maize,2010,Summer,uttar pradesh,muzaffarnagar
Uttar Pradesh,MUZAFFARNAGAR,Moong(Green Gram),2010,Summer,uttar pradesh,muzaffarnagar
Uttar Pradesh,MUZAFFARNAGAR,Rice,2010,Summer,uttar pradesh,muzaffarnagar
Uttar Pradesh,MUZAFFARNAGAR,Urad,2010,Summer,uttar pradesh,muzaffarnagar
Uttar Pradesh,PILIBHIT,Arhar/Tur,2010,Kharif,uttar pradesh,pilibhit
Uttar Pradesh,PILIBHIT,Dry chillies,2010,Kharif,uttar pradesh,pilibhit
Uttar Pradesh,PILIBHIT,Dry ginger,2010,Kharif,uttar pradesh,pilibhit
Uttar Pradesh,PILIBHIT,Groundnut,2010,Kharif,uttar pradesh,pilibhit
Uttar Pradesh,PILIBHIT,Guar seed,2010,Kharif,uttar pradesh,pilibhit
Uttar Pradesh,PILIBHIT,Jowar,2010,Kharif,uttar pradesh,pilibhit
Uttar Pradesh,PILIBHIT,Maize,2010,Kharif,uttar pradesh,pilibhit
Uttar Pradesh,PILIBHIT,Rice,2010,Kharif,uttar pradesh,pilibhit
Uttar Pradesh,PILIBHIT,Sesamum,2010,Kharif,uttar pradesh,pilibhit
Uttar Pradesh,PILIBHIT,Soyabean,2010,Kharif,uttar pradesh,pilibhit
Uttar Pradesh,PILIBHIT,Sugarcane,2010,Kharif,uttar pradesh,pilibhit
Uttar Pradesh,PILIBHIT,Urad,2010,Kharif,uttar pradesh,pilibhit
Uttar Pradesh,PILIBHIT,Barley,2010,Rabi,uttar pradesh,pilibhit
Uttar Pradesh,PILIBHIT,Gram,2010,Rabi,uttar pradesh,pilibhit
Uttar Pradesh,PILIBHIT,Masoor,2010,Rabi,uttar pradesh,pilibhit
Uttar Pradesh,PILIBHIT,Onion,2010,Rabi,uttar pradesh,pilibhit
Uttar Pradesh,PILIBHIT,Peas & beans (Pulses),2010,Rabi,uttar pradesh,pilibhit
Uttar Pradesh,PILIBHIT,Potato,2010,Rabi,uttar pradesh,pilibhit
Uttar Pradesh,PILIBHIT,Rapeseed &Mustard,2010,Rabi,uttar pradesh,pilibhit
Uttar Pradesh,PILIBHIT,Turmeric,2010,Rabi,uttar pradesh,pilibhit
Uttar Pradesh,PILIBHIT,Wheat,2010,Rabi,uttar pradesh,pilibhit
Uttar Pradesh,PILIBHIT,Maize,2010,Summer,uttar pradesh,pilibhit
Uttar Pradesh,PILIBHIT,Moong(Green Gram),2010,Summer,uttar pradesh,pilibhit
Uttar Pradesh,PILIBHIT,Rice,2010,Summer,uttar pradesh,pilibhit
Uttar Pradesh,PILIBHIT,Sunflower,2010,Summer,uttar pradesh,pilibhit
Uttar Pradesh,PILIBHIT,Urad,2010,Summer,uttar pradesh,pilibhit
Uttar Pradesh,PRATAPGARH,Arhar/Tur,2010,Kharif,uttar pradesh,pratapgarh
Uttar Pradesh,PRATAPGARH,Bajra,2010,Kharif,uttar pradesh,pratapgarh
Uttar Pradesh,PRATAPGARH,Dry chillies,2010,Kharif,uttar pradesh,pratapgarh
Uttar Pradesh,PRATAPGARH,Guar seed,2010,Kharif,uttar pradesh,pratapgarh
Uttar Pradesh,PRATAPGARH,Jowar,2010,Kharif,uttar pradesh,pratapgarh
Uttar Pradesh,PRATAPGARH,Maize,2010,Kharif,uttar pradesh,pratapgarh
Uttar Pradesh,PRATAPGARH,Moong(Green Gram),2010,Kharif,uttar pradesh,pratapgarh
Uttar Pradesh,PRATAPGARH,Rice,2010,Kharif,uttar pradesh,pratapgarh
Uttar Pradesh,PRATAPGARH,Sannhamp,2010,Kharif,uttar pradesh,pratapgarh
Uttar Pradesh,PRATAPGARH,Sesamum,2010,Kharif,uttar pradesh,pratapgarh
Uttar Pradesh,PRATAPGARH,Sugarcane,2010,Kharif,uttar pradesh,pratapgarh
Uttar Pradesh,PRATAPGARH,Sweet potato,2010,Kharif,uttar pradesh,pratapgarh
Uttar Pradesh,PRATAPGARH,Urad,2010,Kharif,uttar pradesh,pratapgarh
Uttar Pradesh,PRATAPGARH,Barley,2010,Rabi,uttar pradesh,pratapgarh
Uttar Pradesh,PRATAPGARH,Gram,2010,Rabi,uttar pradesh,pratapgarh
Uttar Pradesh,PRATAPGARH,Linseed,2010,Rabi,uttar pradesh,pratapgarh
Uttar Pradesh,PRATAPGARH,Masoor,2010,Rabi,uttar pradesh,pratapgarh
Uttar Pradesh,PRATAPGARH,Onion,2010,Rabi,uttar pradesh,pratapgarh
Uttar Pradesh,PRATAPGARH,Peas & beans (Pulses),2010,Rabi,uttar pradesh,pratapgarh
Uttar Pradesh,PRATAPGARH,Potato,2010,Rabi,uttar pradesh,pratapgarh
Uttar Pradesh,PRATAPGARH,Rapeseed &Mustard,2010,Rabi,uttar pradesh,pratapgarh
Uttar Pradesh,PRATAPGARH,Wheat,2010,Rabi,uttar pradesh,pratapgarh
Uttar Pradesh,PRATAPGARH,Maize,2010,Summer,uttar pradesh,pratapgarh
Uttar Pradesh,PRATAPGARH,Moong(Green Gram),2010,Summer,uttar pradesh,pratapgarh
Uttar Pradesh,PRATAPGARH,Urad,2010,Summer,uttar pradesh,pratapgarh
Uttar Pradesh,RAE BARELI,Arhar/Tur,2010,Kharif,uttar pradesh,rae bareli
Uttar Pradesh,RAE BARELI,Bajra,2010,Kharif,uttar pradesh,rae bareli
Uttar Pradesh,RAE BARELI,Dry chillies,2010,Kharif,uttar pradesh,rae bareli
Uttar Pradesh,RAE BARELI,Groundnut,2010,Kharif,uttar pradesh,rae bareli
Uttar Pradesh,RAE BARELI,Guar seed,2010,Kharif,uttar pradesh,rae bareli
Uttar Pradesh,RAE BARELI,Jowar,2010,Kharif,uttar pradesh,rae bareli
Uttar Pradesh,RAE BARELI,Maize,2010,Kharif,uttar pradesh,rae bareli
Uttar Pradesh,RAE BARELI,Moong(Green Gram),2010,Kharif,uttar pradesh,rae bareli
Uttar Pradesh,RAE BARELI,Rice,2010,Kharif,uttar pradesh,rae bareli
Uttar Pradesh,RAE BARELI,Sannhamp,2010,Kharif,uttar pradesh,rae bareli
Uttar Pradesh,RAE BARELI,Sesamum,2010,Kharif,uttar pradesh,rae bareli
Uttar Pradesh,RAE BARELI,Sugarcane,2010,Kharif,uttar pradesh,rae bareli
Uttar Pradesh,RAE BARELI,Sweet potato,2010,Kharif,uttar pradesh,rae bareli
Uttar Pradesh,RAE BARELI,Urad,2010,Kharif,uttar pradesh,rae bareli
Uttar Pradesh,RAE BARELI,Barley,2010,Rabi,uttar pradesh,rae bareli
Uttar Pradesh,RAE BARELI,Gram,2010,Rabi,uttar pradesh,rae bareli
Uttar Pradesh,RAE BARELI,Linseed,2010,Rabi,uttar pradesh,rae bareli
Uttar Pradesh,RAE BARELI,Maize,2010,Rabi,uttar pradesh,rae bareli
Uttar Pradesh,RAE BARELI,Masoor,2010,Rabi,uttar pradesh,rae bareli
Uttar Pradesh,RAE BARELI,Onion,2010,Rabi,uttar pradesh,rae bareli
Uttar Pradesh,RAE BARELI,Peas & beans (Pulses),2010,Rabi,uttar pradesh,rae bareli
Uttar Pradesh,RAE BARELI,Potato,2010,Rabi,uttar pradesh,rae bareli
Uttar Pradesh,RAE BARELI,Rapeseed &Mustard,2010,Rabi,uttar pradesh,rae bareli
Uttar Pradesh,RAE BARELI,Tobacco,2010,Rabi,uttar pradesh,rae bareli
Uttar Pradesh,RAE BARELI,Turmeric,2010,Rabi,uttar pradesh,rae bareli
Uttar Pradesh,RAE BARELI,Wheat,2010,Rabi,uttar pradesh,rae bareli
Uttar Pradesh,RAE BARELI,Maize,2010,Summer,uttar pradesh,rae bareli
Uttar Pradesh,RAE BARELI,Moong(Green Gram),2010,Summer,uttar pradesh,rae bareli
Uttar Pradesh,RAE BARELI,Rice,2010,Summer,uttar pradesh,rae bareli
Uttar Pradesh,RAE BARELI,Sunflower,2010,Summer,uttar pradesh,rae bareli
Uttar Pradesh,RAE BARELI,Urad,2010,Summer,uttar pradesh,rae bareli
Uttar Pradesh,RAMPUR,Arhar/Tur,2010,Kharif,uttar pradesh,rampur
Uttar Pradesh,RAMPUR,Bajra,2010,Kharif,uttar pradesh,rampur
Uttar Pradesh,RAMPUR,Dry chillies,2010,Kharif,uttar pradesh,rampur
Uttar Pradesh,RAMPUR,Groundnut,2010,Kharif,uttar pradesh,rampur
Uttar Pradesh,RAMPUR,Jowar,2010,Kharif,uttar pradesh,rampur
Uttar Pradesh,RAMPUR,Maize,2010,Kharif,uttar pradesh,rampur
Uttar Pradesh,RAMPUR,Moong(Green Gram),2010,Kharif,uttar pradesh,rampur
Uttar Pradesh,RAMPUR,Rice,2010,Kharif,uttar pradesh,rampur
Uttar Pradesh,RAMPUR,Sesamum,2010,Kharif,uttar pradesh,rampur
Uttar Pradesh,RAMPUR,Sugarcane,2010,Kharif,uttar pradesh,rampur
Uttar Pradesh,RAMPUR,Sweet potato,2010,Kharif,uttar pradesh,rampur
Uttar Pradesh,RAMPUR,Urad,2010,Kharif,uttar pradesh,rampur
Uttar Pradesh,RAMPUR,Barley,2010,Rabi,uttar pradesh,rampur
Uttar Pradesh,RAMPUR,Masoor,2010,Rabi,uttar pradesh,rampur
Uttar Pradesh,RAMPUR,Onion,2010,Rabi,uttar pradesh,rampur
Uttar Pradesh,RAMPUR,Peas & beans (Pulses),2010,Rabi,uttar pradesh,rampur
Uttar Pradesh,RAMPUR,Potato,2010,Rabi,uttar pradesh,rampur
Uttar Pradesh,RAMPUR,Rapeseed &Mustard,2010,Rabi,uttar pradesh,rampur
Uttar Pradesh,RAMPUR,Wheat,2010,Rabi,uttar pradesh,rampur
Uttar Pradesh,RAMPUR,Maize,2010,Summer,uttar pradesh,rampur
Uttar Pradesh,RAMPUR,Moong(Green Gram),2010,Summer,uttar pradesh,rampur
Uttar Pradesh,RAMPUR,Rice,2010,Summer,uttar pradesh,rampur
Uttar Pradesh,RAMPUR,Sunflower,2010,Summer,uttar pradesh,rampur
Uttar Pradesh,SAHARANPUR,Arhar/Tur,2010,Kharif,uttar pradesh,saharanpur
Uttar Pradesh,SAHARANPUR,Cotton(lint),2010,Kharif,uttar pradesh,saharanpur
Uttar Pradesh,SAHARANPUR,Dry chillies,2010,Kharif,uttar pradesh,saharanpur
Uttar Pradesh,SAHARANPUR,Dry ginger,2010,Kharif,uttar pradesh,saharanpur
Uttar Pradesh,SAHARANPUR,Groundnut,2010,Kharif,uttar pradesh,saharanpur
Uttar Pradesh,SAHARANPUR,Guar seed,2010,Kharif,uttar pradesh,saharanpur
Uttar Pradesh,SAHARANPUR,Maize,2010,Kharif,uttar pradesh,saharanpur
Uttar Pradesh,SAHARANPUR,Rice,2010,Kharif,uttar pradesh,saharanpur
Uttar Pradesh,SAHARANPUR,Sesamum,2010,Kharif,uttar pradesh,saharanpur
Uttar Pradesh,SAHARANPUR,Sugarcane,2010,Kharif,uttar pradesh,saharanpur
Uttar Pradesh,SAHARANPUR,Sweet potato,2010,Kharif,uttar pradesh,saharanpur
Uttar Pradesh,SAHARANPUR,Urad,2010,Kharif,uttar pradesh,saharanpur
Uttar Pradesh,SAHARANPUR,Barley,2010,Rabi,uttar pradesh,saharanpur
Uttar Pradesh,SAHARANPUR,Gram,2010,Rabi,uttar pradesh,saharanpur
Uttar Pradesh,SAHARANPUR,Masoor,2010,Rabi,uttar pradesh,saharanpur
Uttar Pradesh,SAHARANPUR,Onion,2010,Rabi,uttar pradesh,saharanpur
Uttar Pradesh,SAHARANPUR,Peas & beans (Pulses),2010,Rabi,uttar pradesh,saharanpur
Uttar Pradesh,SAHARANPUR,Potato,2010,Rabi,uttar pradesh,saharanpur
Uttar Pradesh,SAHARANPUR,Rapeseed &Mustard,2010,Rabi,uttar pradesh,saharanpur
Uttar Pradesh,SAHARANPUR,Tobacco,2010,Rabi,uttar pradesh,saharanpur
Uttar Pradesh,SAHARANPUR,Turmeric,2010,Rabi,uttar pradesh,saharanpur
Uttar Pradesh,SAHARANPUR,Wheat,2010,Rabi,uttar pradesh,saharanpur
Uttar Pradesh,SAHARANPUR,Maize,2010,Summer,uttar pradesh,saharanpur
Uttar Pradesh,SAHARANPUR,Moong(Green Gram),2010,Summer,uttar pradesh,saharanpur
Uttar Pradesh,SAHARANPUR,Urad,2010,Summer,uttar pradesh,saharanpur
Uttar Pradesh,SANT KABEER NAGAR,Arhar/Tur,2010,Kharif,uttar pradesh,sant kabeer nagar
Uttar Pradesh,SANT KABEER NAGAR,Bajra,2010,Kharif,uttar pradesh,sant kabeer nagar
Uttar Pradesh,SANT KABEER NAGAR,Dry chillies,2010,Kharif,uttar pradesh,sant kabeer nagar
Uttar Pradesh,SANT KABEER NAGAR,Groundnut,2010,Kharif,uttar pradesh,sant kabeer nagar
Uttar Pradesh,SANT KABEER NAGAR,Guar seed,2010,Kharif,uttar pradesh,sant kabeer nagar
Uttar Pradesh,SANT KABEER NAGAR,Maize,2010,Kharif,uttar pradesh,sant kabeer nagar
Uttar Pradesh,SANT KABEER NAGAR,Rice,2010,Kharif,uttar pradesh,sant kabeer nagar
Uttar Pradesh,SANT KABEER NAGAR,Sesamum,2010,Kharif,uttar pradesh,sant kabeer nagar
Uttar Pradesh,SANT KABEER NAGAR,Sugarcane,2010,Kharif,uttar pradesh,sant kabeer nagar
Uttar Pradesh,SANT KABEER NAGAR,Sweet potato,2010,Kharif,uttar pradesh,sant kabeer nagar
Uttar Pradesh,SANT KABEER NAGAR,Urad,2010,Kharif,uttar pradesh,sant kabeer nagar
Uttar Pradesh,SANT KABEER NAGAR,Barley,2010,Rabi,uttar pradesh,sant kabeer nagar
Uttar Pradesh,SANT KABEER NAGAR,Gram,2010,Rabi,uttar pradesh,sant kabeer nagar
Uttar Pradesh,SANT KABEER NAGAR,Maize,2010,Rabi,uttar pradesh,sant kabeer nagar
Uttar Pradesh,SANT KABEER NAGAR,Masoor,2010,Rabi,uttar pradesh,sant kabeer nagar
Uttar Pradesh,SANT KABEER NAGAR,Onion,2010,Rabi,uttar pradesh,sant kabeer nagar
Uttar Pradesh,SANT KABEER NAGAR,Peas & beans (Pulses),2010,Rabi,uttar pradesh,sant kabeer nagar
Uttar Pradesh,SANT KABEER NAGAR,Potato,2010,Rabi,uttar pradesh,sant kabeer nagar
Uttar Pradesh,SANT KABEER NAGAR,Rapeseed &Mustard,2010,Rabi,uttar pradesh,sant kabeer nagar
Uttar Pradesh,SANT KABEER NAGAR,Turmeric,2010,Rabi,uttar pradesh,sant kabeer nagar
Uttar Pradesh,SANT KABEER NAGAR,Wheat,2010,Rabi,uttar pradesh,sant kabeer nagar
Uttar Pradesh,SANT KABEER NAGAR,Maize,2010,Summer,uttar pradesh,sant kabeer nagar
Uttar Pradesh,SANT RAVIDAS NAGAR,Arhar/Tur,2010,Kharif,uttar pradesh,sant ravidas nagar
Uttar Pradesh,SANT RAVIDAS NAGAR,Bajra,2010,Kharif,uttar pradesh,sant ravidas nagar
Uttar Pradesh,SANT RAVIDAS NAGAR,Dry chillies,2010,Kharif,uttar pradesh,sant ravidas nagar
Uttar Pradesh,SANT RAVIDAS NAGAR,Dry ginger,2010,Kharif,uttar pradesh,sant ravidas nagar
Uttar Pradesh,SANT RAVIDAS NAGAR,Guar seed,2010,Kharif,uttar pradesh,sant ravidas nagar
Uttar Pradesh,SANT RAVIDAS NAGAR,Jowar,2010,Kharif,uttar pradesh,sant ravidas nagar
Uttar Pradesh,SANT RAVIDAS NAGAR,Maize,2010,Kharif,uttar pradesh,sant ravidas nagar
Uttar Pradesh,SANT RAVIDAS NAGAR,Moong(Green Gram),2010,Kharif,uttar pradesh,sant ravidas nagar
Uttar Pradesh,SANT RAVIDAS NAGAR,Rice,2010,Kharif,uttar pradesh,sant ravidas nagar
Uttar Pradesh,SANT RAVIDAS NAGAR,Sannhamp,2010,Kharif,uttar pradesh,sant ravidas nagar
Uttar Pradesh,SANT RAVIDAS NAGAR,Sesamum,2010,Kharif,uttar pradesh,sant ravidas nagar
Uttar Pradesh,SANT RAVIDAS NAGAR,Sugarcane,2010,Kharif,uttar pradesh,sant ravidas nagar
Uttar Pradesh,SANT RAVIDAS NAGAR,Sweet potato,2010,Kharif,uttar pradesh,sant ravidas nagar
Uttar Pradesh,SANT RAVIDAS NAGAR,Urad,2010,Kharif,uttar pradesh,sant ravidas nagar
Uttar Pradesh,SANT RAVIDAS NAGAR,Barley,2010,Rabi,uttar pradesh,sant ravidas nagar
Uttar Pradesh,SANT RAVIDAS NAGAR,Gram,2010,Rabi,uttar pradesh,sant ravidas nagar
Uttar Pradesh,SANT RAVIDAS NAGAR,Linseed,2010,Rabi,uttar pradesh,sant ravidas nagar
Uttar Pradesh,SANT RAVIDAS NAGAR,Masoor,2010,Rabi,uttar pradesh,sant ravidas nagar
Uttar Pradesh,SANT RAVIDAS NAGAR,Onion,2010,Rabi,uttar pradesh,sant ravidas nagar
Uttar Pradesh,SANT RAVIDAS NAGAR,Peas & beans (Pulses),2010,Rabi,uttar pradesh,sant ravidas nagar
Uttar Pradesh,SANT RAVIDAS NAGAR,Potato,2010,Rabi,uttar pradesh,sant ravidas nagar
Uttar Pradesh,SANT RAVIDAS NAGAR,Rapeseed &Mustard,2010,Rabi,uttar pradesh,sant ravidas nagar
Uttar Pradesh,SANT RAVIDAS NAGAR,Wheat,2010,Rabi,uttar pradesh,sant ravidas nagar
Uttar Pradesh,SANT RAVIDAS NAGAR,Moong(Green Gram),2010,Summer,uttar pradesh,sant ravidas nagar
Uttar Pradesh,SANT RAVIDAS NAGAR,Sunflower,2010,Summer,uttar pradesh,sant ravidas nagar
Uttar Pradesh,SANT RAVIDAS NAGAR,Urad,2010,Summer,uttar pradesh,sant ravidas nagar
Uttar Pradesh,SHAHJAHANPUR,Arhar/Tur,2010,Kharif,uttar pradesh,shahjahanpur
Uttar Pradesh,SHAHJAHANPUR,Bajra,2010,Kharif,uttar pradesh,shahjahanpur
Uttar Pradesh,SHAHJAHANPUR,Dry chillies,2010,Kharif,uttar pradesh,shahjahanpur
Uttar Pradesh,SHAHJAHANPUR,Groundnut,2010,Kharif,uttar pradesh,shahjahanpur
Uttar Pradesh,SHAHJAHANPUR,Guar seed,2010,Kharif,uttar pradesh,shahjahanpur
Uttar Pradesh,SHAHJAHANPUR,Jowar,2010,Kharif,uttar pradesh,shahjahanpur
Uttar Pradesh,SHAHJAHANPUR,Moong(Green Gram),2010,Kharif,uttar pradesh,shahjahanpur
Uttar Pradesh,SHAHJAHANPUR,Rice,2010,Kharif,uttar pradesh,shahjahanpur
Uttar Pradesh,SHAHJAHANPUR,Sesamum,2010,Kharif,uttar pradesh,shahjahanpur
Uttar Pradesh,SHAHJAHANPUR,Soyabean,2010,Kharif,uttar pradesh,shahjahanpur
Uttar Pradesh,SHAHJAHANPUR,Sugarcane,2010,Kharif,uttar pradesh,shahjahanpur
Uttar Pradesh,SHAHJAHANPUR,Sweet potato,2010,Kharif,uttar pradesh,shahjahanpur
Uttar Pradesh,SHAHJAHANPUR,Urad,2010,Kharif,uttar pradesh,shahjahanpur
Uttar Pradesh,SHAHJAHANPUR,Barley,2010,Rabi,uttar pradesh,shahjahanpur
Uttar Pradesh,SHAHJAHANPUR,Gram,2010,Rabi,uttar pradesh,shahjahanpur
Uttar Pradesh,SHAHJAHANPUR,Linseed,2010,Rabi,uttar pradesh,shahjahanpur
Uttar Pradesh,SHAHJAHANPUR,Masoor,2010,Rabi,uttar pradesh,shahjahanpur
Uttar Pradesh,SHAHJAHANPUR,Onion,2010,Rabi,uttar pradesh,shahjahanpur
Uttar Pradesh,SHAHJAHANPUR,Peas & beans (Pulses),2010,Rabi,uttar pradesh,shahjahanpur
Uttar Pradesh,SHAHJAHANPUR,Potato,2010,Rabi,uttar pradesh,shahjahanpur
Uttar Pradesh,SHAHJAHANPUR,Rapeseed &Mustard,2010,Rabi,uttar pradesh,shahjahanpur
Uttar Pradesh,SHAHJAHANPUR,Tobacco,2010,Rabi,uttar pradesh,shahjahanpur
Uttar Pradesh,SHAHJAHANPUR,Turmeric,2010,Rabi,uttar pradesh,shahjahanpur
Uttar Pradesh,SHAHJAHANPUR,Wheat,2010,Rabi,uttar pradesh,shahjahanpur
Uttar Pradesh,SHAHJAHANPUR,Maize,2010,Summer,uttar pradesh,shahjahanpur
Uttar Pradesh,SHAHJAHANPUR,Moong(Green Gram),2010,Summer,uttar pradesh,shahjahanpur
Uttar Pradesh,SHAHJAHANPUR,Rice,2010,Summer,uttar pradesh,shahjahanpur
Uttar Pradesh,SHAHJAHANPUR,Sunflower,2010,Summer,uttar pradesh,shahjahanpur
Uttar Pradesh,SHAHJAHANPUR,Urad,2010,Summer,uttar pradesh,shahjahanpur
Uttar Pradesh,SHRAVASTI,Arhar/Tur,2010,Kharif,uttar pradesh,shravasti
Uttar Pradesh,SHRAVASTI,Dry chillies,2010,Kharif,uttar pradesh,shravasti
Uttar Pradesh,SHRAVASTI,Groundnut,2010,Kharif,uttar pradesh,shravasti
Uttar Pradesh,SHRAVASTI,Guar seed,2010,Kharif,uttar pradesh,shravasti
Uttar Pradesh,SHRAVASTI,Jowar,2010,Kharif,uttar pradesh,shravasti
Uttar Pradesh,SHRAVASTI,Maize,2010,Kharif,uttar pradesh,shravasti
Uttar Pradesh,SHRAVASTI,Rice,2010,Kharif,uttar pradesh,shravasti
Uttar Pradesh,SHRAVASTI,Sesamum,2010,Kharif,uttar pradesh,shravasti
Uttar Pradesh,SHRAVASTI,Small millets,2010,Kharif,uttar pradesh,shravasti
Uttar Pradesh,SHRAVASTI,Sugarcane,2010,Kharif,uttar pradesh,shravasti
Uttar Pradesh,SHRAVASTI,Sweet potato,2010,Kharif,uttar pradesh,shravasti
Uttar Pradesh,SHRAVASTI,Urad,2010,Kharif,uttar pradesh,shravasti
Uttar Pradesh,SHRAVASTI,Barley,2010,Rabi,uttar pradesh,shravasti
Uttar Pradesh,SHRAVASTI,Gram,2010,Rabi,uttar pradesh,shravasti
Uttar Pradesh,SHRAVASTI,Linseed,2010,Rabi,uttar pradesh,shravasti
Uttar Pradesh,SHRAVASTI,Masoor,2010,Rabi,uttar pradesh,shravasti
Uttar Pradesh,SHRAVASTI,Onion,2010,Rabi,uttar pradesh,shravasti
Uttar Pradesh,SHRAVASTI,Peas & beans (Pulses),2010,Rabi,uttar pradesh,shravasti
Uttar Pradesh,SHRAVASTI,Potato,2010,Rabi,uttar pradesh,shravasti
Uttar Pradesh,SHRAVASTI,Rapeseed &Mustard,2010,Rabi,uttar pradesh,shravasti
Uttar Pradesh,SHRAVASTI,Wheat,2010,Rabi,uttar pradesh,shravasti
Uttar Pradesh,SHRAVASTI,Maize,2010,Summer,uttar pradesh,shravasti
Uttar Pradesh,SHRAVASTI,Moong(Green Gram),2010,Summer,uttar pradesh,shravasti
Uttar Pradesh,SHRAVASTI,Urad,2010,Summer,uttar pradesh,shravasti
Uttar Pradesh,SIDDHARTH NAGAR,Arhar/Tur,2010,Kharif,uttar pradesh,siddharth nagar
Uttar Pradesh,SIDDHARTH NAGAR,Groundnut,2010,Kharif,uttar pradesh,siddharth nagar
Uttar Pradesh,SIDDHARTH NAGAR,Guar seed,2010,Kharif,uttar pradesh,siddharth nagar
Uttar Pradesh,SIDDHARTH NAGAR,Maize,2010,Kharif,uttar pradesh,siddharth nagar
Uttar Pradesh,SIDDHARTH NAGAR,Rice,2010,Kharif,uttar pradesh,siddharth nagar
Uttar Pradesh,SIDDHARTH NAGAR,Sugarcane,2010,Kharif,uttar pradesh,siddharth nagar
Uttar Pradesh,SIDDHARTH NAGAR,Sweet potato,2010,Kharif,uttar pradesh,siddharth nagar
Uttar Pradesh,SIDDHARTH NAGAR,Urad,2010,Kharif,uttar pradesh,siddharth nagar
Uttar Pradesh,SIDDHARTH NAGAR,Barley,2010,Rabi,uttar pradesh,siddharth nagar
Uttar Pradesh,SIDDHARTH NAGAR,Gram,2010,Rabi,uttar pradesh,siddharth nagar
Uttar Pradesh,SIDDHARTH NAGAR,Linseed,2010,Rabi,uttar pradesh,siddharth nagar
Uttar Pradesh,SIDDHARTH NAGAR,Masoor,2010,Rabi,uttar pradesh,siddharth nagar
Uttar Pradesh,SIDDHARTH NAGAR,Onion,2010,Rabi,uttar pradesh,siddharth nagar
Uttar Pradesh,SIDDHARTH NAGAR,Peas & beans (Pulses),2010,Rabi,uttar pradesh,siddharth nagar
Uttar Pradesh,SIDDHARTH NAGAR,Potato,2010,Rabi,uttar pradesh,siddharth nagar
Uttar Pradesh,SIDDHARTH NAGAR,Rapeseed &Mustard,2010,Rabi,uttar pradesh,siddharth nagar
Uttar Pradesh,SIDDHARTH NAGAR,Wheat,2010,Rabi,uttar pradesh,siddharth nagar
Uttar Pradesh,SIDDHARTH NAGAR,Maize,2010,Summer,uttar pradesh,siddharth nagar
Uttar Pradesh,SITAPUR,Arhar/Tur,2010,Kharif,uttar pradesh,sitapur
Uttar Pradesh,SITAPUR,Bajra,2010,Kharif,uttar pradesh,sitapur
Uttar Pradesh,SITAPUR,Dry chillies,2010,Kharif,uttar pradesh,sitapur
Uttar Pradesh,SITAPUR,Groundnut,2010,Kharif,uttar pradesh,sitapur
Uttar Pradesh,SITAPUR,Guar seed,2010,Kharif,uttar pradesh,sitapur
Uttar Pradesh,SITAPUR,Jowar,2010,Kharif,uttar pradesh,sitapur
Uttar Pradesh,SITAPUR,Maize,2010,Kharif,uttar pradesh,sitapur
Uttar Pradesh,SITAPUR,Moong(Green Gram),2010,Kharif,uttar pradesh,sitapur
Uttar Pradesh,SITAPUR,Rice,2010,Kharif,uttar pradesh,sitapur
Uttar Pradesh,SITAPUR,Sannhamp,2010,Kharif,uttar pradesh,sitapur
Uttar Pradesh,SITAPUR,Sesamum,2010,Kharif,uttar pradesh,sitapur
Uttar Pradesh,SITAPUR,Small millets,2010,Kharif,uttar pradesh,sitapur
Uttar Pradesh,SITAPUR,Sugarcane,2010,Kharif,uttar pradesh,sitapur
Uttar Pradesh,SITAPUR,Sweet potato,2010,Kharif,uttar pradesh,sitapur
Uttar Pradesh,SITAPUR,Urad,2010,Kharif,uttar pradesh,sitapur
Uttar Pradesh,SITAPUR,Barley,2010,Rabi,uttar pradesh,sitapur
Uttar Pradesh,SITAPUR,Gram,2010,Rabi,uttar pradesh,sitapur
Uttar Pradesh,SITAPUR,Maize,2010,Rabi,uttar pradesh,sitapur
Uttar Pradesh,SITAPUR,Masoor,2010,Rabi,uttar pradesh,sitapur
Uttar Pradesh,SITAPUR,Onion,2010,Rabi,uttar pradesh,sitapur
Uttar Pradesh,SITAPUR,Peas & beans (Pulses),2010,Rabi,uttar pradesh,sitapur
Uttar Pradesh,SITAPUR,Potato,2010,Rabi,uttar pradesh,sitapur
Uttar Pradesh,SITAPUR,Rapeseed &Mustard,2010,Rabi,uttar pradesh,sitapur
Uttar Pradesh,SITAPUR,Tobacco,2010,Rabi,uttar pradesh,sitapur
Uttar Pradesh,SITAPUR,Turmeric,2010,Rabi,uttar pradesh,sitapur
Uttar Pradesh,SITAPUR,Wheat,2010,Rabi,uttar pradesh,sitapur
Uttar Pradesh,SITAPUR,Maize,2010,Summer,uttar pradesh,sitapur
Uttar Pradesh,SITAPUR,Moong(Green Gram),2010,Summer,uttar pradesh,sitapur
Uttar Pradesh,SITAPUR,Rice,2010,Summer,uttar pradesh,sitapur
Uttar Pradesh,SITAPUR,Urad,2010,Summer,uttar pradesh,sitapur
Uttar Pradesh,SONBHADRA,Arhar/Tur,2010,Kharif,uttar pradesh,sonbhadra
Uttar Pradesh,SONBHADRA,Bajra,2010,Kharif,uttar pradesh,sonbhadra
Uttar Pradesh,SONBHADRA,Dry chillies,2010,Kharif,uttar pradesh,sonbhadra
Uttar Pradesh,SONBHADRA,Groundnut,2010,Kharif,uttar pradesh,sonbhadra
Uttar Pradesh,SONBHADRA,Guar seed,2010,Kharif,uttar pradesh,sonbhadra
Uttar Pradesh,SONBHADRA,Jowar,2010,Kharif,uttar pradesh,sonbhadra
Uttar Pradesh,SONBHADRA,Maize,2010,Kharif,uttar pradesh,sonbhadra
Uttar Pradesh,SONBHADRA,Moong(Green Gram),2010,Kharif,uttar pradesh,sonbhadra
Uttar Pradesh,SONBHADRA,Rice,2010,Kharif,uttar pradesh,sonbhadra
Uttar Pradesh,SONBHADRA,Sannhamp,2010,Kharif,uttar pradesh,sonbhadra
Uttar Pradesh,SONBHADRA,Sesamum,2010,Kharif,uttar pradesh,sonbhadra
Uttar Pradesh,SONBHADRA,Small millets,2010,Kharif,uttar pradesh,sonbhadra
Uttar Pradesh,SONBHADRA,Sugarcane,2010,Kharif,uttar pradesh,sonbhadra
Uttar Pradesh,SONBHADRA,Urad,2010,Kharif,uttar pradesh,sonbhadra
Uttar Pradesh,SONBHADRA,Barley,2010,Rabi,uttar pradesh,sonbhadra
Uttar Pradesh,SONBHADRA,Gram,2010,Rabi,uttar pradesh,sonbhadra
Uttar Pradesh,SONBHADRA,Linseed,2010,Rabi,uttar pradesh,sonbhadra
Uttar Pradesh,SONBHADRA,Masoor,2010,Rabi,uttar pradesh,sonbhadra
Uttar Pradesh,SONBHADRA,Onion,2010,Rabi,uttar pradesh,sonbhadra
Uttar Pradesh,SONBHADRA,Peas & beans (Pulses),2010,Rabi,uttar pradesh,sonbhadra
Uttar Pradesh,SONBHADRA,Potato,2010,Rabi,uttar pradesh,sonbhadra
Uttar Pradesh,SONBHADRA,Rapeseed &Mustard,2010,Rabi,uttar pradesh,sonbhadra
Uttar Pradesh,SONBHADRA,Turmeric,2010,Rabi,uttar pradesh,sonbhadra
Uttar Pradesh,SONBHADRA,Wheat,2010,Rabi,uttar pradesh,sonbhadra
Uttar Pradesh,SONBHADRA,Maize,2010,Summer,uttar pradesh,sonbhadra
Uttar Pradesh,SONBHADRA,Moong(Green Gram),2010,Summer,uttar pradesh,sonbhadra
Uttar Pradesh,SONBHADRA,Sunflower,2010,Summer,uttar pradesh,sonbhadra
Uttar Pradesh,SULTANPUR,Arhar/Tur,2010,Kharif,uttar pradesh,sultanpur
Uttar Pradesh,SULTANPUR,Bajra,2010,Kharif,uttar pradesh,sultanpur
Uttar Pradesh,SULTANPUR,Dry chillies,2010,Kharif,uttar pradesh,sultanpur
Uttar Pradesh,SULTANPUR,Groundnut,2010,Kharif,uttar pradesh,sultanpur
Uttar Pradesh,SULTANPUR,Guar seed,2010,Kharif,uttar pradesh,sultanpur
Uttar Pradesh,SULTANPUR,Jowar,2010,Kharif,uttar pradesh,sultanpur
Uttar Pradesh,SULTANPUR,Maize,2010,Kharif,uttar pradesh,sultanpur
Uttar Pradesh,SULTANPUR,Moong(Green Gram),2010,Kharif,uttar pradesh,sultanpur
Uttar Pradesh,SULTANPUR,Rice,2010,Kharif,uttar pradesh,sultanpur
Uttar Pradesh,SULTANPUR,Sannhamp,2010,Kharif,uttar pradesh,sultanpur
Uttar Pradesh,SULTANPUR,Sesamum,2010,Kharif,uttar pradesh,sultanpur
Uttar Pradesh,SULTANPUR,Small millets,2010,Kharif,uttar pradesh,sultanpur
Uttar Pradesh,SULTANPUR,Sugarcane,2010,Kharif,uttar pradesh,sultanpur
Uttar Pradesh,SULTANPUR,Sweet potato,2010,Kharif,uttar pradesh,sultanpur
Uttar Pradesh,SULTANPUR,Urad,2010,Kharif,uttar pradesh,sultanpur
Uttar Pradesh,SULTANPUR,Barley,2010,Rabi,uttar pradesh,sultanpur
Uttar Pradesh,SULTANPUR,Gram,2010,Rabi,uttar pradesh,sultanpur
Uttar Pradesh,SULTANPUR,Linseed,2010,Rabi,uttar pradesh,sultanpur
Uttar Pradesh,SULTANPUR,Maize,2010,Rabi,uttar pradesh,sultanpur
Uttar Pradesh,SULTANPUR,Masoor,2010,Rabi,uttar pradesh,sultanpur
Uttar Pradesh,SULTANPUR,Onion,2010,Rabi,uttar pradesh,sultanpur
Uttar Pradesh,SULTANPUR,Peas & beans (Pulses),2010,Rabi,uttar pradesh,sultanpur
Uttar Pradesh,SULTANPUR,Potato,2010,Rabi,uttar pradesh,sultanpur
Uttar Pradesh,SULTANPUR,Rapeseed &Mustard,2010,Rabi,uttar pradesh,sultanpur
Uttar Pradesh,SULTANPUR,Wheat,2010,Rabi,uttar pradesh,sultanpur
Uttar Pradesh,SULTANPUR,Maize,2010,Summer,uttar pradesh,sultanpur
Uttar Pradesh,SULTANPUR,Moong(Green Gram),2010,Summer,uttar pradesh,sultanpur
Uttar Pradesh,SULTANPUR,Sunflower,2010,Summer,uttar pradesh,sultanpur
Uttar Pradesh,SULTANPUR,Urad,2010,Summer,uttar pradesh,sultanpur
Uttar Pradesh,UNNAO,Arhar/Tur,2010,Kharif,uttar pradesh,unnao
Uttar Pradesh,UNNAO,Bajra,2010,Kharif,uttar pradesh,unnao
Uttar Pradesh,UNNAO,Dry chillies,2010,Kharif,uttar pradesh,unnao
Uttar Pradesh,UNNAO,Groundnut,2010,Kharif,uttar pradesh,unnao
Uttar Pradesh,UNNAO,Guar seed,2010,Kharif,uttar pradesh,unnao
Uttar Pradesh,UNNAO,Jowar,2010,Kharif,uttar pradesh,unnao
Uttar Pradesh,UNNAO,Maize,2010,Kharif,uttar pradesh,unnao
Uttar Pradesh,UNNAO,Moong(Green Gram),2010,Kharif,uttar pradesh,unnao
Uttar Pradesh,UNNAO,Rice,2010,Kharif,uttar pradesh,unnao
Uttar Pradesh,UNNAO,Sannhamp,2010,Kharif,uttar pradesh,unnao
Uttar Pradesh,UNNAO,Sesamum,2010,Kharif,uttar pradesh,unnao
Uttar Pradesh,UNNAO,Small millets,2010,Kharif,uttar pradesh,unnao
Uttar Pradesh,UNNAO,Sugarcane,2010,Kharif,uttar pradesh,unnao
Uttar Pradesh,UNNAO,Sweet potato,2010,Kharif,uttar pradesh,unnao
Uttar Pradesh,UNNAO,Urad,2010,Kharif,uttar pradesh,unnao
Uttar Pradesh,UNNAO,Barley,2010,Rabi,uttar pradesh,unnao
Uttar Pradesh,UNNAO,Gram,2010,Rabi,uttar pradesh,unnao
Uttar Pradesh,UNNAO,Linseed,2010,Rabi,uttar pradesh,unnao
Uttar Pradesh,UNNAO,Maize,2010,Rabi,uttar pradesh,unnao
Uttar Pradesh,UNNAO,Masoor,2010,Rabi,uttar pradesh,unnao
Uttar Pradesh,UNNAO,Onion,2010,Rabi,uttar pradesh,unnao
Uttar Pradesh,UNNAO,Peas & beans (Pulses),2010,Rabi,uttar pradesh,unnao
Uttar Pradesh,UNNAO,Potato,2010,Rabi,uttar pradesh,unnao
Uttar Pradesh,UNNAO,Rapeseed &Mustard,2010,Rabi,uttar pradesh,unnao
Uttar Pradesh,UNNAO,Turmeric,2010,Rabi,uttar pradesh,unnao
Uttar Pradesh,UNNAO,Wheat,2010,Rabi,uttar pradesh,unnao
Uttar Pradesh,UNNAO,Maize,2010,Summer,uttar pradesh,unnao
Uttar Pradesh,UNNAO,Moong(Green Gram),2010,Summer,uttar pradesh,unnao
Uttar Pradesh,UNNAO,Rice,2010,Summer,uttar pradesh,unnao
Uttar Pradesh,UNNAO,Sunflower,2010,Summer,uttar pradesh,unnao
Uttar Pradesh,UNNAO,Urad,2010,Summer,uttar pradesh,unnao
Uttar Pradesh,VARANASI,Arhar/Tur,2010,Kharif,uttar pradesh,varanasi
Uttar Pradesh,VARANASI,Bajra,2010,Kharif,uttar pradesh,varanasi
Uttar Pradesh,VARANASI,Dry chillies,2010,Kharif,uttar pradesh,varanasi
Uttar Pradesh,VARANASI,Groundnut,2010,Kharif,uttar pradesh,varanasi
Uttar Pradesh,VARANASI,Guar seed,2010,Kharif,uttar pradesh,varanasi
Uttar Pradesh,VARANASI,Jowar,2010,Kharif,uttar pradesh,varanasi
Uttar Pradesh,VARANASI,Maize,2010,Kharif,uttar pradesh,varanasi
Uttar Pradesh,VARANASI,Moong(Green Gram),2010,Kharif,uttar pradesh,varanasi
Uttar Pradesh,VARANASI,Rice,2010,Kharif,uttar pradesh,varanasi
Uttar Pradesh,VARANASI,Sannhamp,2010,Kharif,uttar pradesh,varanasi
Uttar Pradesh,VARANASI,Sesamum,2010,Kharif,uttar pradesh,varanasi
Uttar Pradesh,VARANASI,Sugarcane,2010,Kharif,uttar pradesh,varanasi
Uttar Pradesh,VARANASI,Sweet potato,2010,Kharif,uttar pradesh,varanasi
Uttar Pradesh,VARANASI,Urad,2010,Kharif,uttar pradesh,varanasi
Uttar Pradesh,VARANASI,Barley,2010,Rabi,uttar pradesh,varanasi
Uttar Pradesh,VARANASI,Gram,2010,Rabi,uttar pradesh,varanasi
Uttar Pradesh,VARANASI,Linseed,2010,Rabi,uttar pradesh,varanasi
Uttar Pradesh,VARANASI,Masoor,2010,Rabi,uttar pradesh,varanasi
Uttar Pradesh,VARANASI,Onion,2010,Rabi,uttar pradesh,varanasi
Uttar Pradesh,VARANASI,Peas & beans (Pulses),2010,Rabi,uttar pradesh,varanasi
Uttar Pradesh,VARANASI,Potato,2010,Rabi,uttar pradesh,varanasi
Uttar Pradesh,VARANASI,Rapeseed &Mustard,2010,Rabi,uttar pradesh,varanasi
Uttar Pradesh,VARANASI,Wheat,2010,Rabi,uttar pradesh,varanasi
Uttar Pradesh,VARANASI,Maize,2010,Summer,uttar pradesh,varanasi
Uttar Pradesh,VARANASI,Moong(Green Gram),2010,Summer,uttar pradesh,varanasi
Uttar Pradesh,VARANASI,Urad,2010,Summer,uttar pradesh,varanasi
Uttarakhand,ALMORA,Arhar/Tur,2010,Kharif,uttarakhand,almora
Uttarakhand,ALMORA,Horse-gram,2010,Kharif,uttarakhand,almora
Uttarakhand,ALMORA,Maize,2010,Kharif,uttarakhand,almora
Uttarakhand,ALMORA,Other Cereals & Millets,2010,Kharif,uttarakhand,almora
Uttarakhand,ALMORA,Other Kharif pulses,2010,Kharif,uttarakhand,almora
Uttarakhand,ALMORA,other oilseeds,2010,Kharif,uttarakhand,almora
Uttarakhand,ALMORA,Potato,2010,Kharif,uttarakhand,almora
Uttarakhand,ALMORA,Ragi,2010,Kharif,uttarakhand,almora
Uttarakhand,ALMORA,Rice,2010,Kharif,uttarakhand,almora
Uttarakhand,ALMORA,Sesamum,2010,Kharif,uttarakhand,almora
Uttarakhand,ALMORA,Soyabean,2010,Kharif,uttarakhand,almora
Uttarakhand,ALMORA,Urad,2010,Kharif,uttarakhand,almora
Uttarakhand,ALMORA,Barley,2010,Rabi,uttarakhand,almora
Uttarakhand,ALMORA,Gram,2010,Rabi,uttarakhand,almora
Uttarakhand,ALMORA,Masoor,2010,Rabi,uttarakhand,almora
Uttarakhand,ALMORA,Other Cereals & Millets,2010,Rabi,uttarakhand,almora
Uttarakhand,ALMORA,Peas & beans (Pulses),2010,Rabi,uttarakhand,almora
Uttarakhand,ALMORA,Potato,2010,Rabi,uttarakhand,almora
Uttarakhand,ALMORA,Rapeseed &Mustard,2010,Rabi,uttarakhand,almora
Uttarakhand,ALMORA,Wheat,2010,Rabi,uttarakhand,almora
Uttarakhand,ALMORA,Dry ginger,2010,Whole Year,uttarakhand,almora
Uttarakhand,ALMORA,Garlic,2010,Whole Year,uttarakhand,almora
Uttarakhand,ALMORA,Onion,2010,Whole Year,uttarakhand,almora
Uttarakhand,BAGESHWAR,Horse-gram,2010,Kharif,uttarakhand,bageshwar
Uttarakhand,BAGESHWAR,Maize,2010,Kharif,uttarakhand,bageshwar
Uttarakhand,BAGESHWAR,Other Cereals & Millets,2010,Kharif,uttarakhand,bageshwar
Uttarakhand,BAGESHWAR,Other Kharif pulses,2010,Kharif,uttarakhand,bageshwar
Uttarakhand,BAGESHWAR,Potato,2010,Kharif,uttarakhand,bageshwar
Uttarakhand,BAGESHWAR,Ragi,2010,Kharif,uttarakhand,bageshwar
Uttarakhand,BAGESHWAR,Rice,2010,Kharif,uttarakhand,bageshwar
Uttarakhand,BAGESHWAR,Sesamum,2010,Kharif,uttarakhand,bageshwar
Uttarakhand,BAGESHWAR,Soyabean,2010,Kharif,uttarakhand,bageshwar
Uttarakhand,BAGESHWAR,Urad,2010,Kharif,uttarakhand,bageshwar
Uttarakhand,BAGESHWAR,Barley,2010,Rabi,uttarakhand,bageshwar
Uttarakhand,BAGESHWAR,Gram,2010,Rabi,uttarakhand,bageshwar
Uttarakhand,BAGESHWAR,Masoor,2010,Rabi,uttarakhand,bageshwar
Uttarakhand,BAGESHWAR,other oilseeds,2010,Rabi,uttarakhand,bageshwar
Uttarakhand,BAGESHWAR,Peas & beans (Pulses),2010,Rabi,uttarakhand,bageshwar
Uttarakhand,BAGESHWAR,Potato,2010,Rabi,uttarakhand,bageshwar
Uttarakhand,BAGESHWAR,Rapeseed &Mustard,2010,Rabi,uttarakhand,bageshwar
Uttarakhand,BAGESHWAR,Wheat,2010,Rabi,uttarakhand,bageshwar
Uttarakhand,BAGESHWAR,Dry ginger,2010,Whole Year,uttarakhand,bageshwar
Uttarakhand,BAGESHWAR,Garlic,2010,Whole Year,uttarakhand,bageshwar
Uttarakhand,BAGESHWAR,Onion,2010,Whole Year,uttarakhand,bageshwar
Uttarakhand,BAGESHWAR,Turmeric,2010,Whole Year,uttarakhand,bageshwar
Uttarakhand,CHAMOLI,Arhar/Tur,2010,Kharif,uttarakhand,chamoli
Uttarakhand,CHAMOLI,Horse-gram,2010,Kharif,uttarakhand,chamoli
Uttarakhand,CHAMOLI,Maize,2010,Kharif,uttarakhand,chamoli
Uttarakhand,CHAMOLI,Other Cereals & Millets,2010,Kharif,uttarakhand,chamoli
Uttarakhand,CHAMOLI,Other Kharif pulses,2010,Kharif,uttarakhand,chamoli
Uttarakhand,CHAMOLI,other oilseeds,2010,Kharif,uttarakhand,chamoli
Uttarakhand,CHAMOLI,Potato,2010,Kharif,uttarakhand,chamoli
Uttarakhand,CHAMOLI,Ragi,2010,Kharif,uttarakhand,chamoli
Uttarakhand,CHAMOLI,Rice,2010,Kharif,uttarakhand,chamoli
Uttarakhand,CHAMOLI,Sesamum,2010,Kharif,uttarakhand,chamoli
Uttarakhand,CHAMOLI,Soyabean,2010,Kharif,uttarakhand,chamoli
Uttarakhand,CHAMOLI,Urad,2010,Kharif,uttarakhand,chamoli
Uttarakhand,CHAMOLI,Barley,2010,Rabi,uttarakhand,chamoli
Uttarakhand,CHAMOLI,Masoor,2010,Rabi,uttarakhand,chamoli
Uttarakhand,CHAMOLI,Other Cereals & Millets,2010,Rabi,uttarakhand,chamoli
Uttarakhand,CHAMOLI,Peas & beans (Pulses),2010,Rabi,uttarakhand,chamoli
Uttarakhand,CHAMOLI,Potato,2010,Rabi,uttarakhand,chamoli
Uttarakhand,CHAMOLI,Rapeseed &Mustard,2010,Rabi,uttarakhand,chamoli
Uttarakhand,CHAMOLI,Wheat,2010,Rabi,uttarakhand,chamoli
Uttarakhand,CHAMOLI,Dry ginger,2010,Whole Year,uttarakhand,chamoli
Uttarakhand,CHAMOLI,Garlic,2010,Whole Year,uttarakhand,chamoli
Uttarakhand,CHAMOLI,Onion,2010,Whole Year,uttarakhand,chamoli
Uttarakhand,CHAMPAWAT,Arhar/Tur,2010,Kharif,uttarakhand,champawat
Uttarakhand,CHAMPAWAT,Groundnut,2010,Kharif,uttarakhand,champawat
Uttarakhand,CHAMPAWAT,Horse-gram,2010,Kharif,uttarakhand,champawat
Uttarakhand,CHAMPAWAT,Maize,2010,Kharif,uttarakhand,champawat
Uttarakhand,CHAMPAWAT,Other Cereals & Millets,2010,Kharif,uttarakhand,champawat
Uttarakhand,CHAMPAWAT,Other Kharif pulses,2010,Kharif,uttarakhand,champawat
Uttarakhand,CHAMPAWAT,other oilseeds,2010,Kharif,uttarakhand,champawat
Uttarakhand,CHAMPAWAT,Ragi,2010,Kharif,uttarakhand,champawat
Uttarakhand,CHAMPAWAT,Rice,2010,Kharif,uttarakhand,champawat
Uttarakhand,CHAMPAWAT,Sesamum,2010,Kharif,uttarakhand,champawat
Uttarakhand,CHAMPAWAT,Urad,2010,Kharif,uttarakhand,champawat
Uttarakhand,CHAMPAWAT,Barley,2010,Rabi,uttarakhand,champawat
Uttarakhand,CHAMPAWAT,Gram,2010,Rabi,uttarakhand,champawat
Uttarakhand,CHAMPAWAT,Maize,2010,Rabi,uttarakhand,champawat
Uttarakhand,CHAMPAWAT,Masoor,2010,Rabi,uttarakhand,champawat
Uttarakhand,CHAMPAWAT,Other  Rabi pulses,2010,Rabi,uttarakhand,champawat
Uttarakhand,CHAMPAWAT,Other Cereals & Millets,2010,Rabi,uttarakhand,champawat
Uttarakhand,CHAMPAWAT,other oilseeds,2010,Rabi,uttarakhand,champawat
Uttarakhand,CHAMPAWAT,Peas & beans (Pulses),2010,Rabi,uttarakhand,champawat
Uttarakhand,CHAMPAWAT,Potato,2010,Rabi,uttarakhand,champawat
Uttarakhand,CHAMPAWAT,Rapeseed &Mustard,2010,Rabi,uttarakhand,champawat
Uttarakhand,CHAMPAWAT,Urad,2010,Rabi,uttarakhand,champawat
Uttarakhand,CHAMPAWAT,Wheat,2010,Rabi,uttarakhand,champawat
Uttarakhand,CHAMPAWAT,Dry ginger,2010,Whole Year,uttarakhand,champawat
Uttarakhand,CHAMPAWAT,Garlic,2010,Whole Year,uttarakhand,champawat
Uttarakhand,CHAMPAWAT,Onion,2010,Whole Year,uttarakhand,champawat
Uttarakhand,CHAMPAWAT,Sugarcane,2010,Whole Year,uttarakhand,champawat
Uttarakhand,CHAMPAWAT,Turmeric,2010,Whole Year,uttarakhand,champawat
Uttarakhand,DEHRADUN,Arhar/Tur,2010,Kharif,uttarakhand,dehradun
Uttarakhand,DEHRADUN,Groundnut,2010,Kharif,uttarakhand,dehradun
Uttarakhand,DEHRADUN,Horse-gram,2010,Kharif,uttarakhand,dehradun
Uttarakhand,DEHRADUN,Maize,2010,Kharif,uttarakhand,dehradun
Uttarakhand,DEHRADUN,Moth,2010,Kharif,uttarakhand,dehradun
Uttarakhand,DEHRADUN,Other Cereals & Millets,2010,Kharif,uttarakhand,dehradun
Uttarakhand,DEHRADUN,Other Kharif pulses,2010,Kharif,uttarakhand,dehradun
Uttarakhand,DEHRADUN,other oilseeds,2010,Kharif,uttarakhand,dehradun
Uttarakhand,DEHRADUN,Ragi,2010,Kharif,uttarakhand,dehradun
Uttarakhand,DEHRADUN,Rice,2010,Kharif,uttarakhand,dehradun
Uttarakhand,DEHRADUN,Sesamum,2010,Kharif,uttarakhand,dehradun
Uttarakhand,DEHRADUN,Soyabean,2010,Kharif,uttarakhand,dehradun
Uttarakhand,DEHRADUN,Urad,2010,Kharif,uttarakhand,dehradun
Uttarakhand,DEHRADUN,Barley,2010,Rabi,uttarakhand,dehradun
Uttarakhand,DEHRADUN,Gram,2010,Rabi,uttarakhand,dehradun
Uttarakhand,DEHRADUN,Masoor,2010,Rabi,uttarakhand,dehradun
Uttarakhand,DEHRADUN,Other  Rabi pulses,2010,Rabi,uttarakhand,dehradun
Uttarakhand,DEHRADUN,other oilseeds,2010,Rabi,uttarakhand,dehradun
Uttarakhand,DEHRADUN,Peas & beans (Pulses),2010,Rabi,uttarakhand,dehradun
Uttarakhand,DEHRADUN,Potato,2010,Rabi,uttarakhand,dehradun
Uttarakhand,DEHRADUN,Rapeseed &Mustard,2010,Rabi,uttarakhand,dehradun
Uttarakhand,DEHRADUN,Wheat,2010,Rabi,uttarakhand,dehradun
Uttarakhand,DEHRADUN,Dry ginger,2010,Whole Year,uttarakhand,dehradun
Uttarakhand,DEHRADUN,Garlic,2010,Whole Year,uttarakhand,dehradun
Uttarakhand,DEHRADUN,Onion,2010,Whole Year,uttarakhand,dehradun
Uttarakhand,DEHRADUN,Sugarcane,2010,Whole Year,uttarakhand,dehradun
Uttarakhand,DEHRADUN,Turmeric,2010,Whole Year,uttarakhand,dehradun
Uttarakhand,HARIDWAR,Groundnut,2010,Kharif,uttarakhand,haridwar
Uttarakhand,HARIDWAR,Maize,2010,Kharif,uttarakhand,haridwar
Uttarakhand,HARIDWAR,Rice,2010,Kharif,uttarakhand,haridwar
Uttarakhand,HARIDWAR,Sesamum,2010,Kharif,uttarakhand,haridwar
Uttarakhand,HARIDWAR,Urad,2010,Kharif,uttarakhand,haridwar
Uttarakhand,HARIDWAR,Barley,2010,Rabi,uttarakhand,haridwar
Uttarakhand,HARIDWAR,Gram,2010,Rabi,uttarakhand,haridwar
Uttarakhand,HARIDWAR,Maize,2010,Rabi,uttarakhand,haridwar
Uttarakhand,HARIDWAR,Masoor,2010,Rabi,uttarakhand,haridwar
Uttarakhand,HARIDWAR,Moong(Green Gram),2010,Rabi,uttarakhand,haridwar
Uttarakhand,HARIDWAR,Other  Rabi pulses,2010,Rabi,uttarakhand,haridwar
Uttarakhand,HARIDWAR,other oilseeds,2010,Rabi,uttarakhand,haridwar
Uttarakhand,HARIDWAR,Peas & beans (Pulses),2010,Rabi,uttarakhand,haridwar
Uttarakhand,HARIDWAR,Potato,2010,Rabi,uttarakhand,haridwar
Uttarakhand,HARIDWAR,Rapeseed &Mustard,2010,Rabi,uttarakhand,haridwar
Uttarakhand,HARIDWAR,Rice,2010,Rabi,uttarakhand,haridwar
Uttarakhand,HARIDWAR,Urad,2010,Rabi,uttarakhand,haridwar
Uttarakhand,HARIDWAR,Wheat,2010,Rabi,uttarakhand,haridwar
Uttarakhand,HARIDWAR,Sugarcane,2010,Whole Year,uttarakhand,haridwar
Uttarakhand,HARIDWAR,Tobacco,2010,Whole Year,uttarakhand,haridwar
Uttarakhand,HARIDWAR,Turmeric,2010,Whole Year,uttarakhand,haridwar
Uttarakhand,NAINITAL,Arhar/Tur,2010,Kharif,uttarakhand,nainital
Uttarakhand,NAINITAL,Groundnut,2010,Kharif,uttarakhand,nainital
Uttarakhand,NAINITAL,Horse-gram,2010,Kharif,uttarakhand,nainital
Uttarakhand,NAINITAL,Maize,2010,Kharif,uttarakhand,nainital
Uttarakhand,NAINITAL,Moong(Green Gram),2010,Kharif,uttarakhand,nainital
Uttarakhand,NAINITAL,Moth,2010,Kharif,uttarakhand,nainital
Uttarakhand,NAINITAL,Other Cereals & Millets,2010,Kharif,uttarakhand,nainital
Uttarakhand,NAINITAL,Other Kharif pulses,2010,Kharif,uttarakhand,nainital
Uttarakhand,NAINITAL,Potato,2010,Kharif,uttarakhand,nainital
Uttarakhand,NAINITAL,Ragi,2010,Kharif,uttarakhand,nainital
Uttarakhand,NAINITAL,Rice,2010,Kharif,uttarakhand,nainital
Uttarakhand,NAINITAL,Sesamum,2010,Kharif,uttarakhand,nainital
Uttarakhand,NAINITAL,Soyabean,2010,Kharif,uttarakhand,nainital
Uttarakhand,NAINITAL,Urad,2010,Kharif,uttarakhand,nainital
Uttarakhand,NAINITAL,Barley,2010,Rabi,uttarakhand,nainital
Uttarakhand,NAINITAL,Gram,2010,Rabi,uttarakhand,nainital
Uttarakhand,NAINITAL,Masoor,2010,Rabi,uttarakhand,nainital
Uttarakhand,NAINITAL,Other  Rabi pulses,2010,Rabi,uttarakhand,nainital
Uttarakhand,NAINITAL,Other Cereals & Millets,2010,Rabi,uttarakhand,nainital
Uttarakhand,NAINITAL,other oilseeds,2010,Rabi,uttarakhand,nainital
Uttarakhand,NAINITAL,Peas & beans (Pulses),2010,Rabi,uttarakhand,nainital
Uttarakhand,NAINITAL,Potato,2010,Rabi,uttarakhand,nainital
Uttarakhand,NAINITAL,Rapeseed &Mustard,2010,Rabi,uttarakhand,nainital
Uttarakhand,NAINITAL,Rice,2010,Rabi,uttarakhand,nainital
Uttarakhand,NAINITAL,Wheat,2010,Rabi,uttarakhand,nainital
Uttarakhand,NAINITAL,Dry ginger,2010,Whole Year,uttarakhand,nainital
Uttarakhand,NAINITAL,Garlic,2010,Whole Year,uttarakhand,nainital
Uttarakhand,NAINITAL,Onion,2010,Whole Year,uttarakhand,nainital
Uttarakhand,NAINITAL,Sugarcane,2010,Whole Year,uttarakhand,nainital
Uttarakhand,NAINITAL,Turmeric,2010,Whole Year,uttarakhand,nainital
Uttarakhand,PAURI GARHWAL,Arhar/Tur,2010,Kharif,uttarakhand,pauri garhwal
Uttarakhand,PAURI GARHWAL,Horse-gram,2010,Kharif,uttarakhand,pauri garhwal
Uttarakhand,PAURI GARHWAL,Maize,2010,Kharif,uttarakhand,pauri garhwal
Uttarakhand,PAURI GARHWAL,Other Cereals & Millets,2010,Kharif,uttarakhand,pauri garhwal
Uttarakhand,PAURI GARHWAL,Other Kharif pulses,2010,Kharif,uttarakhand,pauri garhwal
Uttarakhand,PAURI GARHWAL,other oilseeds,2010,Kharif,uttarakhand,pauri garhwal
Uttarakhand,PAURI GARHWAL,Potato,2010,Kharif,uttarakhand,pauri garhwal
Uttarakhand,PAURI GARHWAL,Ragi,2010,Kharif,uttarakhand,pauri garhwal
Uttarakhand,PAURI GARHWAL,Rice,2010,Kharif,uttarakhand,pauri garhwal
Uttarakhand,PAURI GARHWAL,Sesamum,2010,Kharif,uttarakhand,pauri garhwal
Uttarakhand,PAURI GARHWAL,Soyabean,2010,Kharif,uttarakhand,pauri garhwal
Uttarakhand,PAURI GARHWAL,Urad,2010,Kharif,uttarakhand,pauri garhwal
Uttarakhand,PAURI GARHWAL,Barley,2010,Rabi,uttarakhand,pauri garhwal
Uttarakhand,PAURI GARHWAL,Gram,2010,Rabi,uttarakhand,pauri garhwal
Uttarakhand,PAURI GARHWAL,Masoor,2010,Rabi,uttarakhand,pauri garhwal
Uttarakhand,PAURI GARHWAL,Other Cereals & Millets,2010,Rabi,uttarakhand,pauri garhwal
Uttarakhand,PAURI GARHWAL,Peas & beans (Pulses),2010,Rabi,uttarakhand,pauri garhwal
Uttarakhand,PAURI GARHWAL,Potato,2010,Rabi,uttarakhand,pauri garhwal
Uttarakhand,PAURI GARHWAL,Rapeseed &Mustard,2010,Rabi,uttarakhand,pauri garhwal
Uttarakhand,PAURI GARHWAL,Wheat,2010,Rabi,uttarakhand,pauri garhwal
Uttarakhand,PAURI GARHWAL,Dry ginger,2010,Whole Year,uttarakhand,pauri garhwal
Uttarakhand,PAURI GARHWAL,Garlic,2010,Whole Year,uttarakhand,pauri garhwal
Uttarakhand,PAURI GARHWAL,Onion,2010,Whole Year,uttarakhand,pauri garhwal
Uttarakhand,PAURI GARHWAL,Turmeric,2010,Whole Year,uttarakhand,pauri garhwal
Uttarakhand,PITHORAGARH,Arhar/Tur,2010,Kharif,uttarakhand,pithoragarh
Uttarakhand,PITHORAGARH,Horse-gram,2010,Kharif,uttarakhand,pithoragarh
Uttarakhand,PITHORAGARH,Maize,2010,Kharif,uttarakhand,pithoragarh
Uttarakhand,PITHORAGARH,Other Cereals & Millets,2010,Kharif,uttarakhand,pithoragarh
Uttarakhand,PITHORAGARH,Other Kharif pulses,2010,Kharif,uttarakhand,pithoragarh
Uttarakhand,PITHORAGARH,other oilseeds,2010,Kharif,uttarakhand,pithoragarh
Uttarakhand,PITHORAGARH,Potato,2010,Kharif,uttarakhand,pithoragarh
Uttarakhand,PITHORAGARH,Ragi,2010,Kharif,uttarakhand,pithoragarh
Uttarakhand,PITHORAGARH,Rice,2010,Kharif,uttarakhand,pithoragarh
Uttarakhand,PITHORAGARH,Sesamum,2010,Kharif,uttarakhand,pithoragarh
Uttarakhand,PITHORAGARH,Soyabean,2010,Kharif,uttarakhand,pithoragarh
Uttarakhand,PITHORAGARH,Urad,2010,Kharif,uttarakhand,pithoragarh
Uttarakhand,PITHORAGARH,Barley,2010,Rabi,uttarakhand,pithoragarh
Uttarakhand,PITHORAGARH,Gram,2010,Rabi,uttarakhand,pithoragarh
Uttarakhand,PITHORAGARH,Masoor,2010,Rabi,uttarakhand,pithoragarh
Uttarakhand,PITHORAGARH,Other  Rabi pulses,2010,Rabi,uttarakhand,pithoragarh
Uttarakhand,PITHORAGARH,Other Cereals & Millets,2010,Rabi,uttarakhand,pithoragarh
Uttarakhand,PITHORAGARH,other oilseeds,2010,Rabi,uttarakhand,pithoragarh
Uttarakhand,PITHORAGARH,Peas & beans (Pulses),2010,Rabi,uttarakhand,pithoragarh
Uttarakhand,PITHORAGARH,Potato,2010,Rabi,uttarakhand,pithoragarh
Uttarakhand,PITHORAGARH,Rapeseed &Mustard,2010,Rabi,uttarakhand,pithoragarh
Uttarakhand,PITHORAGARH,Wheat,2010,Rabi,uttarakhand,pithoragarh
Uttarakhand,PITHORAGARH,Dry ginger,2010,Whole Year,uttarakhand,pithoragarh
Uttarakhand,PITHORAGARH,Garlic,2010,Whole Year,uttarakhand,pithoragarh
Uttarakhand,PITHORAGARH,Onion,2010,Whole Year,uttarakhand,pithoragarh
Uttarakhand,PITHORAGARH,Tobacco,2010,Whole Year,uttarakhand,pithoragarh
Uttarakhand,RUDRA PRAYAG,Arhar/Tur,2010,Kharif,uttarakhand,rudra prayag
Uttarakhand,RUDRA PRAYAG,Horse-gram,2010,Kharif,uttarakhand,rudra prayag
Uttarakhand,RUDRA PRAYAG,Maize,2010,Kharif,uttarakhand,rudra prayag
Uttarakhand,RUDRA PRAYAG,Other Cereals & Millets,2010,Kharif,uttarakhand,rudra prayag
Uttarakhand,RUDRA PRAYAG,Other Kharif pulses,2010,Kharif,uttarakhand,rudra prayag
Uttarakhand,RUDRA PRAYAG,Potato,2010,Kharif,uttarakhand,rudra prayag
Uttarakhand,RUDRA PRAYAG,Ragi,2010,Kharif,uttarakhand,rudra prayag
Uttarakhand,RUDRA PRAYAG,Rice,2010,Kharif,uttarakhand,rudra prayag
Uttarakhand,RUDRA PRAYAG,Sesamum,2010,Kharif,uttarakhand,rudra prayag
Uttarakhand,RUDRA PRAYAG,Soyabean,2010,Kharif,uttarakhand,rudra prayag
Uttarakhand,RUDRA PRAYAG,Urad,2010,Kharif,uttarakhand,rudra prayag
Uttarakhand,RUDRA PRAYAG,Barley,2010,Rabi,uttarakhand,rudra prayag
Uttarakhand,RUDRA PRAYAG,Masoor,2010,Rabi,uttarakhand,rudra prayag
Uttarakhand,RUDRA PRAYAG,Peas & beans (Pulses),2010,Rabi,uttarakhand,rudra prayag
Uttarakhand,RUDRA PRAYAG,Potato,2010,Rabi,uttarakhand,rudra prayag
Uttarakhand,RUDRA PRAYAG,Rapeseed &Mustard,2010,Rabi,uttarakhand,rudra prayag
Uttarakhand,RUDRA PRAYAG,Wheat,2010,Rabi,uttarakhand,rudra prayag
Uttarakhand,RUDRA PRAYAG,Garlic,2010,Whole Year,uttarakhand,rudra prayag
Uttarakhand,RUDRA PRAYAG,Onion,2010,Whole Year,uttarakhand,rudra prayag
Uttarakhand,TEHRI GARHWAL,Arhar/Tur,2010,Kharif,uttarakhand,tehri garhwal
Uttarakhand,TEHRI GARHWAL,Horse-gram,2010,Kharif,uttarakhand,tehri garhwal
Uttarakhand,TEHRI GARHWAL,Maize,2010,Kharif,uttarakhand,tehri garhwal
Uttarakhand,TEHRI GARHWAL,Other Cereals & Millets,2010,Kharif,uttarakhand,tehri garhwal
Uttarakhand,TEHRI GARHWAL,Other Kharif pulses,2010,Kharif,uttarakhand,tehri garhwal
Uttarakhand,TEHRI GARHWAL,other oilseeds,2010,Kharif,uttarakhand,tehri garhwal
Uttarakhand,TEHRI GARHWAL,Potato,2010,Kharif,uttarakhand,tehri garhwal
Uttarakhand,TEHRI GARHWAL,Ragi,2010,Kharif,uttarakhand,tehri garhwal
Uttarakhand,TEHRI GARHWAL,Rice,2010,Kharif,uttarakhand,tehri garhwal
Uttarakhand,TEHRI GARHWAL,Sesamum,2010,Kharif,uttarakhand,tehri garhwal
Uttarakhand,TEHRI GARHWAL,Soyabean,2010,Kharif,uttarakhand,tehri garhwal
Uttarakhand,TEHRI GARHWAL,Urad,2010,Kharif,uttarakhand,tehri garhwal
Uttarakhand,TEHRI GARHWAL,Barley,2010,Rabi,uttarakhand,tehri garhwal
Uttarakhand,TEHRI GARHWAL,Gram,2010,Rabi,uttarakhand,tehri garhwal
Uttarakhand,TEHRI GARHWAL,Masoor,2010,Rabi,uttarakhand,tehri garhwal
Uttarakhand,TEHRI GARHWAL,Other Cereals & Millets,2010,Rabi,uttarakhand,tehri garhwal
Uttarakhand,TEHRI GARHWAL,other oilseeds,2010,Rabi,uttarakhand,tehri garhwal
Uttarakhand,TEHRI GARHWAL,Peas & beans (Pulses),2010,Rabi,uttarakhand,tehri garhwal
Uttarakhand,TEHRI GARHWAL,Potato,2010,Rabi,uttarakhand,tehri garhwal
Uttarakhand,TEHRI GARHWAL,Rapeseed &Mustard,2010,Rabi,uttarakhand,tehri garhwal
Uttarakhand,TEHRI GARHWAL,Wheat,2010,Rabi,uttarakhand,tehri garhwal
Uttarakhand,TEHRI GARHWAL,Dry ginger,2010,Whole Year,uttarakhand,tehri garhwal
Uttarakhand,TEHRI GARHWAL,Garlic,2010,Whole Year,uttarakhand,tehri garhwal
Uttarakhand,TEHRI GARHWAL,Onion,2010,Whole Year,uttarakhand,tehri garhwal
Uttarakhand,UDAM SINGH NAGAR,Groundnut,2010,Kharif,uttarakhand,udam singh nagar
Uttarakhand,UDAM SINGH NAGAR,Maize,2010,Kharif,uttarakhand,udam singh nagar
Uttarakhand,UDAM SINGH NAGAR,Moong(Green Gram),2010,Kharif,uttarakhand,udam singh nagar
Uttarakhand,UDAM SINGH NAGAR,other oilseeds,2010,Kharif,uttarakhand,udam singh nagar
Uttarakhand,UDAM SINGH NAGAR,Rice,2010,Kharif,uttarakhand,udam singh nagar
Uttarakhand,UDAM SINGH NAGAR,Sesamum,2010,Kharif,uttarakhand,udam singh nagar
Uttarakhand,UDAM SINGH NAGAR,Soyabean,2010,Kharif,uttarakhand,udam singh nagar
Uttarakhand,UDAM SINGH NAGAR,Urad,2010,Kharif,uttarakhand,udam singh nagar
Uttarakhand,UDAM SINGH NAGAR,Barley,2010,Rabi,uttarakhand,udam singh nagar
Uttarakhand,UDAM SINGH NAGAR,Gram,2010,Rabi,uttarakhand,udam singh nagar
Uttarakhand,UDAM SINGH NAGAR,Maize,2010,Rabi,uttarakhand,udam singh nagar
Uttarakhand,UDAM SINGH NAGAR,Masoor,2010,Rabi,uttarakhand,udam singh nagar
Uttarakhand,UDAM SINGH NAGAR,Moong(Green Gram),2010,Rabi,uttarakhand,udam singh nagar
Uttarakhand,UDAM SINGH NAGAR,Other  Rabi pulses,2010,Rabi,uttarakhand,udam singh nagar
Uttarakhand,UDAM SINGH NAGAR,other oilseeds,2010,Rabi,uttarakhand,udam singh nagar
Uttarakhand,UDAM SINGH NAGAR,Peas & beans (Pulses),2010,Rabi,uttarakhand,udam singh nagar
Uttarakhand,UDAM SINGH NAGAR,Potato,2010,Rabi,uttarakhand,udam singh nagar
Uttarakhand,UDAM SINGH NAGAR,Rapeseed &Mustard,2010,Rabi,uttarakhand,udam singh nagar
Uttarakhand,UDAM SINGH NAGAR,Rice,2010,Rabi,uttarakhand,udam singh nagar
Uttarakhand,UDAM SINGH NAGAR,Urad,2010,Rabi,uttarakhand,udam singh nagar
Uttarakhand,UDAM SINGH NAGAR,Wheat,2010,Rabi,uttarakhand,udam singh nagar
Uttarakhand,UDAM SINGH NAGAR,Onion,2010,Whole Year,uttarakhand,udam singh nagar
Uttarakhand,UDAM SINGH NAGAR,Sugarcane,2010,Whole Year,uttarakhand,udam singh nagar
Uttarakhand,UDAM SINGH NAGAR,Turmeric,2010,Whole Year,uttarakhand,udam singh nagar
Uttarakhand,UTTAR KASHI,Arhar/Tur,2010,Kharif,uttarakhand,uttar kashi
Uttarakhand,UTTAR KASHI,Horse-gram,2010,Kharif,uttarakhand,uttar kashi
Uttarakhand,UTTAR KASHI,Maize,2010,Kharif,uttarakhand,uttar kashi
Uttarakhand,UTTAR KASHI,Other Cereals & Millets,2010,Kharif,uttarakhand,uttar kashi
Uttarakhand,UTTAR KASHI,Other Kharif pulses,2010,Kharif,uttarakhand,uttar kashi
Uttarakhand,UTTAR KASHI,Potato,2010,Kharif,uttarakhand,uttar kashi
Uttarakhand,UTTAR KASHI,Ragi,2010,Kharif,uttarakhand,uttar kashi
Uttarakhand,UTTAR KASHI,Rice,2010,Kharif,uttarakhand,uttar kashi
Uttarakhand,UTTAR KASHI,Sesamum,2010,Kharif,uttarakhand,uttar kashi
Uttarakhand,UTTAR KASHI,Soyabean,2010,Kharif,uttarakhand,uttar kashi
Uttarakhand,UTTAR KASHI,Urad,2010,Kharif,uttarakhand,uttar kashi
Uttarakhand,UTTAR KASHI,Barley,2010,Rabi,uttarakhand,uttar kashi
Uttarakhand,UTTAR KASHI,Masoor,2010,Rabi,uttarakhand,uttar kashi
Uttarakhand,UTTAR KASHI,Peas & beans (Pulses),2010,Rabi,uttarakhand,uttar kashi
Uttarakhand,UTTAR KASHI,Potato,2010,Rabi,uttarakhand,uttar kashi
Uttarakhand,UTTAR KASHI,Rapeseed &Mustard,2010,Rabi,uttarakhand,uttar kashi
Uttarakhand,UTTAR KASHI,Wheat,2010,Rabi,uttarakhand,uttar kashi
Uttarakhand,UTTAR KASHI,Dry ginger,2010,Whole Year,uttarakhand,uttar kashi
Uttarakhand,UTTAR KASHI,Garlic,2010,Whole Year,uttarakhand,uttar kashi
Uttarakhand,UTTAR KASHI,Onion,2010,Whole Year,uttarakhand,uttar kashi
Uttarakhand,UTTAR KASHI,Tobacco,2010,Whole Year,uttarakhand,uttar kashi
West Bengal,24 PARAGANAS NORTH,Maize,2010,Autumn,west bengal,24 paraganas north
West Bengal,24 PARAGANAS NORTH,Rice,2010,Autumn,west bengal,24 paraganas north
West Bengal,24 PARAGANAS NORTH,Cotton(lint),2010,Kharif,west bengal,24 paraganas north
West Bengal,24 PARAGANAS NORTH,Jute,2010,Kharif,west bengal,24 paraganas north
West Bengal,24 PARAGANAS NORTH,Mesta,2010,Kharif,west bengal,24 paraganas north
West Bengal,24 PARAGANAS NORTH,Sunflower,2010,Kharif,west bengal,24 paraganas north
West Bengal,24 PARAGANAS NORTH,Urad,2010,Kharif,west bengal,24 paraganas north
West Bengal,24 PARAGANAS NORTH,Gram,2010,Rabi,west bengal,24 paraganas north
West Bengal,24 PARAGANAS NORTH,Groundnut,2010,Rabi,west bengal,24 paraganas north
West Bengal,24 PARAGANAS NORTH,Khesari,2010,Rabi,west bengal,24 paraganas north
West Bengal,24 PARAGANAS NORTH,Maize,2010,Rabi,west bengal,24 paraganas north
West Bengal,24 PARAGANAS NORTH,Masoor,2010,Rabi,west bengal,24 paraganas north
West Bengal,24 PARAGANAS NORTH,Peas & beans (Pulses),2010,Rabi,west bengal,24 paraganas north
West Bengal,24 PARAGANAS NORTH,Potato,2010,Rabi,west bengal,24 paraganas north
West Bengal,24 PARAGANAS NORTH,Rapeseed &Mustard,2010,Rabi,west bengal,24 paraganas north
West Bengal,24 PARAGANAS NORTH,Safflower,2010,Rabi,west bengal,24 paraganas north
West Bengal,24 PARAGANAS NORTH,Wheat,2010,Rabi,west bengal,24 paraganas north
West Bengal,24 PARAGANAS NORTH,Groundnut,2010,Summer,west bengal,24 paraganas north
West Bengal,24 PARAGANAS NORTH,Maize,2010,Summer,west bengal,24 paraganas north
West Bengal,24 PARAGANAS NORTH,Moong(Green Gram),2010,Summer,west bengal,24 paraganas north
West Bengal,24 PARAGANAS NORTH,Rice,2010,Summer,west bengal,24 paraganas north
West Bengal,24 PARAGANAS NORTH,Sesamum,2010,Summer,west bengal,24 paraganas north
West Bengal,24 PARAGANAS NORTH,Sugarcane,2010,Whole Year,west bengal,24 paraganas north
West Bengal,24 PARAGANAS NORTH,Rice,2010,Winter,west bengal,24 paraganas north
West Bengal,24 PARAGANAS SOUTH,Maize,2010,Autumn,west bengal,24 paraganas south
West Bengal,24 PARAGANAS SOUTH,Rice,2010,Autumn,west bengal,24 paraganas south
West Bengal,24 PARAGANAS SOUTH,Cotton(lint),2010,Kharif,west bengal,24 paraganas south
West Bengal,24 PARAGANAS SOUTH,Jute,2010,Kharif,west bengal,24 paraganas south
West Bengal,24 PARAGANAS SOUTH,Mesta,2010,Kharif,west bengal,24 paraganas south
West Bengal,24 PARAGANAS SOUTH,Sunflower,2010,Kharif,west bengal,24 paraganas south
West Bengal,24 PARAGANAS SOUTH,Urad,2010,Kharif,west bengal,24 paraganas south
West Bengal,24 PARAGANAS SOUTH,Arhar/Tur,2010,Rabi,west bengal,24 paraganas south
West Bengal,24 PARAGANAS SOUTH,Gram,2010,Rabi,west bengal,24 paraganas south
West Bengal,24 PARAGANAS SOUTH,Khesari,2010,Rabi,west bengal,24 paraganas south
West Bengal,24 PARAGANAS SOUTH,Linseed,2010,Rabi,west bengal,24 paraganas south
West Bengal,24 PARAGANAS SOUTH,Masoor,2010,Rabi,west bengal,24 paraganas south
West Bengal,24 PARAGANAS SOUTH,Peas & beans (Pulses),2010,Rabi,west bengal,24 paraganas south
West Bengal,24 PARAGANAS SOUTH,Potato,2010,Rabi,west bengal,24 paraganas south
West Bengal,24 PARAGANAS SOUTH,Rapeseed &Mustard,2010,Rabi,west bengal,24 paraganas south
West Bengal,24 PARAGANAS SOUTH,Wheat,2010,Rabi,west bengal,24 paraganas south
West Bengal,24 PARAGANAS SOUTH,Groundnut,2010,Summer,west bengal,24 paraganas south
West Bengal,24 PARAGANAS SOUTH,Maize,2010,Summer,west bengal,24 paraganas south
West Bengal,24 PARAGANAS SOUTH,Moong(Green Gram),2010,Summer,west bengal,24 paraganas south
West Bengal,24 PARAGANAS SOUTH,Rice,2010,Summer,west bengal,24 paraganas south
West Bengal,24 PARAGANAS SOUTH,Sesamum,2010,Summer,west bengal,24 paraganas south
West Bengal,24 PARAGANAS SOUTH,Sugarcane,2010,Whole Year,west bengal,24 paraganas south
West Bengal,24 PARAGANAS SOUTH,Rice,2010,Winter,west bengal,24 paraganas south
West Bengal,BANKURA,Groundnut,2010,Autumn,west bengal,bankura
West Bengal,BANKURA,Maize,2010,Autumn,west bengal,bankura
West Bengal,BANKURA,Rice,2010,Autumn,west bengal,bankura
West Bengal,BANKURA,Sesamum,2010,Autumn,west bengal,bankura
West Bengal,BANKURA,Bajra,2010,Kharif,west bengal,bankura
West Bengal,BANKURA,Horse-gram,2010,Kharif,west bengal,bankura
West Bengal,BANKURA,Jute,2010,Kharif,west bengal,bankura
West Bengal,BANKURA,Mesta,2010,Kharif,west bengal,bankura
West Bengal,BANKURA,Sannhamp,2010,Kharif,west bengal,bankura
West Bengal,BANKURA,Small millets,2010,Kharif,west bengal,bankura
West Bengal,BANKURA,Sunflower,2010,Kharif,west bengal,bankura
West Bengal,BANKURA,Urad,2010,Kharif,west bengal,bankura
West Bengal,BANKURA,Gram,2010,Rabi,west bengal,bankura
West Bengal,BANKURA,Groundnut,2010,Rabi,west bengal,bankura
West Bengal,BANKURA,Linseed,2010,Rabi,west bengal,bankura
West Bengal,BANKURA,Maize,2010,Rabi,west bengal,bankura
West Bengal,BANKURA,Masoor,2010,Rabi,west bengal,bankura
West Bengal,BANKURA,Peas & beans (Pulses),2010,Rabi,west bengal,bankura
West Bengal,BANKURA,Potato,2010,Rabi,west bengal,bankura
West Bengal,BANKURA,Rapeseed &Mustard,2010,Rabi,west bengal,bankura
West Bengal,BANKURA,Wheat,2010,Rabi,west bengal,bankura
West Bengal,BANKURA,Groundnut,2010,Summer,west bengal,bankura
West Bengal,BANKURA,Maize,2010,Summer,west bengal,bankura
West Bengal,BANKURA,Moong(Green Gram),2010,Summer,west bengal,bankura
West Bengal,BANKURA,Rice,2010,Summer,west bengal,bankura
West Bengal,BANKURA,Sesamum,2010,Summer,west bengal,bankura
West Bengal,BANKURA,Sugarcane,2010,Whole Year,west bengal,bankura
West Bengal,BANKURA,Tobacco,2010,Whole Year,west bengal,bankura
West Bengal,BANKURA,Rice,2010,Winter,west bengal,bankura
West Bengal,BANKURA,Sesamum,2010,Winter,west bengal,bankura
West Bengal,BARDHAMAN,Groundnut,2010,Autumn,west bengal,bardhaman
West Bengal,BARDHAMAN,Rice,2010,Autumn,west bengal,bardhaman
West Bengal,BARDHAMAN,Horse-gram,2010,Kharif,west bengal,bardhaman
West Bengal,BARDHAMAN,Jute,2010,Kharif,west bengal,bardhaman
West Bengal,BARDHAMAN,Mesta,2010,Kharif,west bengal,bardhaman
West Bengal,BARDHAMAN,Moong(Green Gram),2010,Kharif,west bengal,bardhaman
West Bengal,BARDHAMAN,Sannhamp,2010,Kharif,west bengal,bardhaman
West Bengal,BARDHAMAN,Soyabean,2010,Kharif,west bengal,bardhaman
West Bengal,BARDHAMAN,Sunflower,2010,Kharif,west bengal,bardhaman
West Bengal,BARDHAMAN,Urad,2010,Kharif,west bengal,bardhaman
West Bengal,BARDHAMAN,Arhar/Tur,2010,Rabi,west bengal,bardhaman
West Bengal,BARDHAMAN,Gram,2010,Rabi,west bengal,bardhaman
West Bengal,BARDHAMAN,Groundnut,2010,Rabi,west bengal,bardhaman
West Bengal,BARDHAMAN,Khesari,2010,Rabi,west bengal,bardhaman
West Bengal,BARDHAMAN,Linseed,2010,Rabi,west bengal,bardhaman
West Bengal,BARDHAMAN,Maize,2010,Rabi,west bengal,bardhaman
West Bengal,BARDHAMAN,Masoor,2010,Rabi,west bengal,bardhaman
West Bengal,BARDHAMAN,Moong(Green Gram),2010,Rabi,west bengal,bardhaman
West Bengal,BARDHAMAN,Peas & beans (Pulses),2010,Rabi,west bengal,bardhaman
West Bengal,BARDHAMAN,Potato,2010,Rabi,west bengal,bardhaman
West Bengal,BARDHAMAN,Rapeseed &Mustard,2010,Rabi,west bengal,bardhaman
West Bengal,BARDHAMAN,Safflower,2010,Rabi,west bengal,bardhaman
West Bengal,BARDHAMAN,Wheat,2010,Rabi,west bengal,bardhaman
West Bengal,BARDHAMAN,Groundnut,2010,Summer,west bengal,bardhaman
West Bengal,BARDHAMAN,Maize,2010,Summer,west bengal,bardhaman
West Bengal,BARDHAMAN,Moong(Green Gram),2010,Summer,west bengal,bardhaman
West Bengal,BARDHAMAN,Rice,2010,Summer,west bengal,bardhaman
West Bengal,BARDHAMAN,Sesamum,2010,Summer,west bengal,bardhaman
West Bengal,BARDHAMAN,Sugarcane,2010,Whole Year,west bengal,bardhaman
West Bengal,BARDHAMAN,Rice,2010,Winter,west bengal,bardhaman
West Bengal,BIRBHUM,Maize,2010,Autumn,west bengal,birbhum
West Bengal,BIRBHUM,Rice,2010,Autumn,west bengal,birbhum
West Bengal,BIRBHUM,Horse-gram,2010,Kharif,west bengal,birbhum
West Bengal,BIRBHUM,Jute,2010,Kharif,west bengal,birbhum
West Bengal,BIRBHUM,Other Kharif pulses,2010,Kharif,west bengal,birbhum
West Bengal,BIRBHUM,Sannhamp,2010,Kharif,west bengal,birbhum
West Bengal,BIRBHUM,Soyabean,2010,Kharif,west bengal,birbhum
West Bengal,BIRBHUM,Sunflower,2010,Kharif,west bengal,birbhum
West Bengal,BIRBHUM,Urad,2010,Kharif,west bengal,birbhum
West Bengal,BIRBHUM,Barley,2010,Rabi,west bengal,birbhum
West Bengal,BIRBHUM,Gram,2010,Rabi,west bengal,birbhum
West Bengal,BIRBHUM,Groundnut,2010,Rabi,west bengal,birbhum
West Bengal,BIRBHUM,Khesari,2010,Rabi,west bengal,birbhum
West Bengal,BIRBHUM,Linseed,2010,Rabi,west bengal,birbhum
West Bengal,BIRBHUM,Masoor,2010,Rabi,west bengal,birbhum
West Bengal,BIRBHUM,Other  Rabi pulses,2010,Rabi,west bengal,birbhum
West Bengal,BIRBHUM,Peas & beans (Pulses),2010,Rabi,west bengal,birbhum
West Bengal,BIRBHUM,Potato,2010,Rabi,west bengal,birbhum
West Bengal,BIRBHUM,Rapeseed &Mustard,2010,Rabi,west bengal,birbhum
West Bengal,BIRBHUM,Safflower,2010,Rabi,west bengal,birbhum
West Bengal,BIRBHUM,Wheat,2010,Rabi,west bengal,birbhum
West Bengal,BIRBHUM,Groundnut,2010,Summer,west bengal,birbhum
West Bengal,BIRBHUM,Maize,2010,Summer,west bengal,birbhum
West Bengal,BIRBHUM,Moong(Green Gram),2010,Summer,west bengal,birbhum
West Bengal,BIRBHUM,Rice,2010,Summer,west bengal,birbhum
West Bengal,BIRBHUM,Sesamum,2010,Summer,west bengal,birbhum
West Bengal,BIRBHUM,Sugarcane,2010,Whole Year,west bengal,birbhum
West Bengal,BIRBHUM,Rice,2010,Winter,west bengal,birbhum
West Bengal,COOCHBEHAR,Groundnut,2010,Autumn,west bengal,coochbehar
West Bengal,COOCHBEHAR,Maize,2010,Autumn,west bengal,coochbehar
West Bengal,COOCHBEHAR,Ragi,2010,Autumn,west bengal,coochbehar
West Bengal,COOCHBEHAR,Rice,2010,Autumn,west bengal,coochbehar
West Bengal,COOCHBEHAR,Sesamum,2010,Autumn,west bengal,coochbehar
West Bengal,COOCHBEHAR,Horse-gram,2010,Kharif,west bengal,coochbehar
West Bengal,COOCHBEHAR,Jute,2010,Kharif,west bengal,coochbehar
West Bengal,COOCHBEHAR,Mesta,2010,Kharif,west bengal,coochbehar
West Bengal,COOCHBEHAR,Niger seed,2010,Kharif,west bengal,coochbehar
West Bengal,COOCHBEHAR,Sannhamp,2010,Kharif,west bengal,coochbehar
West Bengal,COOCHBEHAR,Small millets,2010,Kharif,west bengal,coochbehar
West Bengal,COOCHBEHAR,Urad,2010,Kharif,west bengal,coochbehar
West Bengal,COOCHBEHAR,Groundnut,2010,Rabi,west bengal,coochbehar
West Bengal,COOCHBEHAR,Khesari,2010,Rabi,west bengal,coochbehar
West Bengal,COOCHBEHAR,Linseed,2010,Rabi,west bengal,coochbehar
West Bengal,COOCHBEHAR,Maize,2010,Rabi,west bengal,coochbehar
West Bengal,COOCHBEHAR,Masoor,2010,Rabi,west bengal,coochbehar
West Bengal,COOCHBEHAR,Moong(Green Gram),2010,Rabi,west bengal,coochbehar
West Bengal,COOCHBEHAR,Peas & beans (Pulses),2010,Rabi,west bengal,coochbehar
West Bengal,COOCHBEHAR,Potato,2010,Rabi,west bengal,coochbehar
West Bengal,COOCHBEHAR,Rapeseed &Mustard,2010,Rabi,west bengal,coochbehar
West Bengal,COOCHBEHAR,Urad,2010,Rabi,west bengal,coochbehar
West Bengal,COOCHBEHAR,Wheat,2010,Rabi,west bengal,coochbehar
West Bengal,COOCHBEHAR,Groundnut,2010,Summer,west bengal,coochbehar
West Bengal,COOCHBEHAR,Maize,2010,Summer,west bengal,coochbehar
West Bengal,COOCHBEHAR,Moong(Green Gram),2010,Summer,west bengal,coochbehar
West Bengal,COOCHBEHAR,Rice,2010,Summer,west bengal,coochbehar
West Bengal,COOCHBEHAR,Sesamum,2010,Summer,west bengal,coochbehar
West Bengal,COOCHBEHAR,Tobacco,2010,Whole Year,west bengal,coochbehar
West Bengal,COOCHBEHAR,Rice,2010,Winter,west bengal,coochbehar
West Bengal,COOCHBEHAR,Sesamum,2010,Winter,west bengal,coochbehar
West Bengal,DARJEELING,Groundnut,2010,Autumn,west bengal,darjeeling
West Bengal,DARJEELING,Maize,2010,Autumn,west bengal,darjeeling
West Bengal,DARJEELING,Ragi,2010,Autumn,west bengal,darjeeling
West Bengal,DARJEELING,Rice,2010,Autumn,west bengal,darjeeling
West Bengal,DARJEELING,Sesamum,2010,Autumn,west bengal,darjeeling
West Bengal,DARJEELING,Horse-gram,2010,Kharif,west bengal,darjeeling
West Bengal,DARJEELING,Jute,2010,Kharif,west bengal,darjeeling
West Bengal,DARJEELING,Moong(Green Gram),2010,Kharif,west bengal,darjeeling
West Bengal,DARJEELING,Niger seed,2010,Kharif,west bengal,darjeeling
West Bengal,DARJEELING,Soyabean,2010,Kharif,west bengal,darjeeling
West Bengal,DARJEELING,Sunflower,2010,Kharif,west bengal,darjeeling
West Bengal,DARJEELING,Urad,2010,Kharif,west bengal,darjeeling
West Bengal,DARJEELING,Arhar/Tur,2010,Rabi,west bengal,darjeeling
West Bengal,DARJEELING,Khesari,2010,Rabi,west bengal,darjeeling
West Bengal,DARJEELING,Linseed,2010,Rabi,west bengal,darjeeling
West Bengal,DARJEELING,Maize,2010,Rabi,west bengal,darjeeling
West Bengal,DARJEELING,Masoor,2010,Rabi,west bengal,darjeeling
West Bengal,DARJEELING,Moong(Green Gram),2010,Rabi,west bengal,darjeeling
West Bengal,DARJEELING,Peas & beans (Pulses),2010,Rabi,west bengal,darjeeling
West Bengal,DARJEELING,Potato,2010,Rabi,west bengal,darjeeling
West Bengal,DARJEELING,Rapeseed &Mustard,2010,Rabi,west bengal,darjeeling
West Bengal,DARJEELING,Safflower,2010,Rabi,west bengal,darjeeling
West Bengal,DARJEELING,Small millets,2010,Rabi,west bengal,darjeeling
West Bengal,DARJEELING,Urad,2010,Rabi,west bengal,darjeeling
West Bengal,DARJEELING,Wheat,2010,Rabi,west bengal,darjeeling
West Bengal,DARJEELING,Groundnut,2010,Summer,west bengal,darjeeling
West Bengal,DARJEELING,Maize,2010,Summer,west bengal,darjeeling
West Bengal,DARJEELING,Moong(Green Gram),2010,Summer,west bengal,darjeeling
West Bengal,DARJEELING,Potato,2010,Summer,west bengal,darjeeling
West Bengal,DARJEELING,Rice,2010,Summer,west bengal,darjeeling
West Bengal,DARJEELING,Sesamum,2010,Summer,west bengal,darjeeling
West Bengal,DARJEELING,Sugarcane,2010,Whole Year,west bengal,darjeeling
West Bengal,DARJEELING,Rice,2010,Winter,west bengal,darjeeling
West Bengal,DARJEELING,Sesamum,2010,Winter,west bengal,darjeeling
West Bengal,DINAJPUR DAKSHIN,Rice,2010,Autumn,west bengal,dinajpur dakshin
West Bengal,DINAJPUR DAKSHIN,Jute,2010,Kharif,west bengal,dinajpur dakshin
West Bengal,DINAJPUR DAKSHIN,Mesta,2010,Kharif,west bengal,dinajpur dakshin
West Bengal,DINAJPUR DAKSHIN,Sunflower,2010,Kharif,west bengal,dinajpur dakshin
West Bengal,DINAJPUR DAKSHIN,Urad,2010,Kharif,west bengal,dinajpur dakshin
West Bengal,DINAJPUR DAKSHIN,Khesari,2010,Rabi,west bengal,dinajpur dakshin
West Bengal,DINAJPUR DAKSHIN,Linseed,2010,Rabi,west bengal,dinajpur dakshin
West Bengal,DINAJPUR DAKSHIN,Masoor,2010,Rabi,west bengal,dinajpur dakshin
West Bengal,DINAJPUR DAKSHIN,Peas & beans (Pulses),2010,Rabi,west bengal,dinajpur dakshin
West Bengal,DINAJPUR DAKSHIN,Potato,2010,Rabi,west bengal,dinajpur dakshin
West Bengal,DINAJPUR DAKSHIN,Rapeseed &Mustard,2010,Rabi,west bengal,dinajpur dakshin
West Bengal,DINAJPUR DAKSHIN,Wheat,2010,Rabi,west bengal,dinajpur dakshin
West Bengal,DINAJPUR DAKSHIN,Groundnut,2010,Summer,west bengal,dinajpur dakshin
West Bengal,DINAJPUR DAKSHIN,Maize,2010,Summer,west bengal,dinajpur dakshin
West Bengal,DINAJPUR DAKSHIN,Rice,2010,Summer,west bengal,dinajpur dakshin
West Bengal,DINAJPUR DAKSHIN,Rice,2010,Winter,west bengal,dinajpur dakshin
West Bengal,DINAJPUR UTTAR,Maize,2010,Autumn,west bengal,dinajpur uttar
West Bengal,DINAJPUR UTTAR,Ragi,2010,Autumn,west bengal,dinajpur uttar
West Bengal,DINAJPUR UTTAR,Rice,2010,Autumn,west bengal,dinajpur uttar
West Bengal,DINAJPUR UTTAR,Sesamum,2010,Autumn,west bengal,dinajpur uttar
West Bengal,DINAJPUR UTTAR,Horse-gram,2010,Kharif,west bengal,dinajpur uttar
West Bengal,DINAJPUR UTTAR,Jute,2010,Kharif,west bengal,dinajpur uttar
West Bengal,DINAJPUR UTTAR,Mesta,2010,Kharif,west bengal,dinajpur uttar
West Bengal,DINAJPUR UTTAR,Moong(Green Gram),2010,Kharif,west bengal,dinajpur uttar
West Bengal,DINAJPUR UTTAR,Niger seed,2010,Kharif,west bengal,dinajpur uttar
West Bengal,DINAJPUR UTTAR,Other Kharif pulses,2010,Kharif,west bengal,dinajpur uttar
West Bengal,DINAJPUR UTTAR,Sunflower,2010,Kharif,west bengal,dinajpur uttar
West Bengal,DINAJPUR UTTAR,Urad,2010,Kharif,west bengal,dinajpur uttar
West Bengal,DINAJPUR UTTAR,Arhar/Tur,2010,Rabi,west bengal,dinajpur uttar
West Bengal,DINAJPUR UTTAR,Barley,2010,Rabi,west bengal,dinajpur uttar
West Bengal,DINAJPUR UTTAR,Gram,2010,Rabi,west bengal,dinajpur uttar
West Bengal,DINAJPUR UTTAR,Groundnut,2010,Rabi,west bengal,dinajpur uttar
West Bengal,DINAJPUR UTTAR,Khesari,2010,Rabi,west bengal,dinajpur uttar
West Bengal,DINAJPUR UTTAR,Linseed,2010,Rabi,west bengal,dinajpur uttar
West Bengal,DINAJPUR UTTAR,Maize,2010,Rabi,west bengal,dinajpur uttar
West Bengal,DINAJPUR UTTAR,Masoor,2010,Rabi,west bengal,dinajpur uttar
West Bengal,DINAJPUR UTTAR,Peas & beans (Pulses),2010,Rabi,west bengal,dinajpur uttar
West Bengal,DINAJPUR UTTAR,Potato,2010,Rabi,west bengal,dinajpur uttar
West Bengal,DINAJPUR UTTAR,Rapeseed &Mustard,2010,Rabi,west bengal,dinajpur uttar
West Bengal,DINAJPUR UTTAR,Safflower,2010,Rabi,west bengal,dinajpur uttar
West Bengal,DINAJPUR UTTAR,Urad,2010,Rabi,west bengal,dinajpur uttar
West Bengal,DINAJPUR UTTAR,Wheat,2010,Rabi,west bengal,dinajpur uttar
West Bengal,DINAJPUR UTTAR,Groundnut,2010,Summer,west bengal,dinajpur uttar
West Bengal,DINAJPUR UTTAR,Maize,2010,Summer,west bengal,dinajpur uttar
West Bengal,DINAJPUR UTTAR,Moong(Green Gram),2010,Summer,west bengal,dinajpur uttar
West Bengal,DINAJPUR UTTAR,Rice,2010,Summer,west bengal,dinajpur uttar
West Bengal,DINAJPUR UTTAR,Sesamum,2010,Summer,west bengal,dinajpur uttar
West Bengal,DINAJPUR UTTAR,Sugarcane,2010,Whole Year,west bengal,dinajpur uttar
West Bengal,DINAJPUR UTTAR,Rice,2010,Winter,west bengal,dinajpur uttar
West Bengal,DINAJPUR UTTAR,Sesamum,2010,Winter,west bengal,dinajpur uttar
West Bengal,HOOGHLY,Rice,2010,Autumn,west bengal,hooghly
West Bengal,HOOGHLY,Jute,2010,Kharif,west bengal,hooghly
West Bengal,HOOGHLY,Moong(Green Gram),2010,Kharif,west bengal,hooghly
West Bengal,HOOGHLY,Sannhamp,2010,Kharif,west bengal,hooghly
West Bengal,HOOGHLY,Sunflower,2010,Kharif,west bengal,hooghly
West Bengal,HOOGHLY,Urad,2010,Kharif,west bengal,hooghly
West Bengal,HOOGHLY,Groundnut,2010,Rabi,west bengal,hooghly
West Bengal,HOOGHLY,Masoor,2010,Rabi,west bengal,hooghly
West Bengal,HOOGHLY,Moong(Green Gram),2010,Rabi,west bengal,hooghly
West Bengal,HOOGHLY,Peas & beans (Pulses),2010,Rabi,west bengal,hooghly
West Bengal,HOOGHLY,Potato,2010,Rabi,west bengal,hooghly
West Bengal,HOOGHLY,Rapeseed &Mustard,2010,Rabi,west bengal,hooghly
West Bengal,HOOGHLY,Urad,2010,Rabi,west bengal,hooghly
West Bengal,HOOGHLY,Wheat,2010,Rabi,west bengal,hooghly
West Bengal,HOOGHLY,Groundnut,2010,Summer,west bengal,hooghly
West Bengal,HOOGHLY,Maize,2010,Summer,west bengal,hooghly
West Bengal,HOOGHLY,Moong(Green Gram),2010,Summer,west bengal,hooghly
West Bengal,HOOGHLY,Rice,2010,Summer,west bengal,hooghly
West Bengal,HOOGHLY,Sesamum,2010,Summer,west bengal,hooghly
West Bengal,HOOGHLY,Sugarcane,2010,Whole Year,west bengal,hooghly
West Bengal,HOOGHLY,Rice,2010,Winter,west bengal,hooghly
West Bengal,HOWRAH,Rice,2010,Autumn,west bengal,howrah
West Bengal,HOWRAH,Cotton(lint),2010,Kharif,west bengal,howrah
West Bengal,HOWRAH,Jute,2010,Kharif,west bengal,howrah
West Bengal,HOWRAH,Sunflower,2010,Kharif,west bengal,howrah
West Bengal,HOWRAH,Gram,2010,Rabi,west bengal,howrah
West Bengal,HOWRAH,Khesari,2010,Rabi,west bengal,howrah
West Bengal,HOWRAH,Masoor,2010,Rabi,west bengal,howrah
West Bengal,HOWRAH,Peas & beans (Pulses),2010,Rabi,west bengal,howrah
West Bengal,HOWRAH,Potato,2010,Rabi,west bengal,howrah
West Bengal,HOWRAH,Rapeseed &Mustard,2010,Rabi,west bengal,howrah
West Bengal,HOWRAH,Wheat,2010,Rabi,west bengal,howrah
West Bengal,HOWRAH,Groundnut,2010,Summer,west bengal,howrah
West Bengal,HOWRAH,Maize,2010,Summer,west bengal,howrah
West Bengal,HOWRAH,Moong(Green Gram),2010,Summer,west bengal,howrah
West Bengal,HOWRAH,Rice,2010,Summer,west bengal,howrah
West Bengal,HOWRAH,Sesamum,2010,Summer,west bengal,howrah
West Bengal,HOWRAH,Sugarcane,2010,Whole Year,west bengal,howrah
West Bengal,HOWRAH,Rice,2010,Winter,west bengal,howrah
West Bengal,JALPAIGURI,Groundnut,2010,Autumn,west bengal,jalpaiguri
West Bengal,JALPAIGURI,Maize,2010,Autumn,west bengal,jalpaiguri
West Bengal,JALPAIGURI,Ragi,2010,Autumn,west bengal,jalpaiguri
West Bengal,JALPAIGURI,Rice,2010,Autumn,west bengal,jalpaiguri
West Bengal,JALPAIGURI,Sesamum,2010,Autumn,west bengal,jalpaiguri
West Bengal,JALPAIGURI,Horse-gram,2010,Kharif,west bengal,jalpaiguri
West Bengal,JALPAIGURI,Jute,2010,Kharif,west bengal,jalpaiguri
West Bengal,JALPAIGURI,Mesta,2010,Kharif,west bengal,jalpaiguri
West Bengal,JALPAIGURI,Moong(Green Gram),2010,Kharif,west bengal,jalpaiguri
West Bengal,JALPAIGURI,Niger seed,2010,Kharif,west bengal,jalpaiguri
West Bengal,JALPAIGURI,Sunflower,2010,Kharif,west bengal,jalpaiguri
West Bengal,JALPAIGURI,Urad,2010,Kharif,west bengal,jalpaiguri
West Bengal,JALPAIGURI,Arhar/Tur,2010,Rabi,west bengal,jalpaiguri
West Bengal,JALPAIGURI,Barley,2010,Rabi,west bengal,jalpaiguri
West Bengal,JALPAIGURI,Gram,2010,Rabi,west bengal,jalpaiguri
West Bengal,JALPAIGURI,Groundnut,2010,Rabi,west bengal,jalpaiguri
West Bengal,JALPAIGURI,Khesari,2010,Rabi,west bengal,jalpaiguri
West Bengal,JALPAIGURI,Linseed,2010,Rabi,west bengal,jalpaiguri
West Bengal,JALPAIGURI,Maize,2010,Rabi,west bengal,jalpaiguri
West Bengal,JALPAIGURI,Masoor,2010,Rabi,west bengal,jalpaiguri
West Bengal,JALPAIGURI,Moong(Green Gram),2010,Rabi,west bengal,jalpaiguri
West Bengal,JALPAIGURI,Peas & beans (Pulses),2010,Rabi,west bengal,jalpaiguri
West Bengal,JALPAIGURI,Potato,2010,Rabi,west bengal,jalpaiguri
West Bengal,JALPAIGURI,Rapeseed &Mustard,2010,Rabi,west bengal,jalpaiguri
West Bengal,JALPAIGURI,Safflower,2010,Rabi,west bengal,jalpaiguri
West Bengal,JALPAIGURI,Small millets,2010,Rabi,west bengal,jalpaiguri
West Bengal,JALPAIGURI,Urad,2010,Rabi,west bengal,jalpaiguri
West Bengal,JALPAIGURI,Wheat,2010,Rabi,west bengal,jalpaiguri
West Bengal,JALPAIGURI,Groundnut,2010,Summer,west bengal,jalpaiguri
West Bengal,JALPAIGURI,Maize,2010,Summer,west bengal,jalpaiguri
West Bengal,JALPAIGURI,Moong(Green Gram),2010,Summer,west bengal,jalpaiguri
West Bengal,JALPAIGURI,Rice,2010,Summer,west bengal,jalpaiguri
West Bengal,JALPAIGURI,Sesamum,2010,Summer,west bengal,jalpaiguri
West Bengal,JALPAIGURI,Sugarcane,2010,Whole Year,west bengal,jalpaiguri
West Bengal,JALPAIGURI,Tobacco,2010,Whole Year,west bengal,jalpaiguri
West Bengal,JALPAIGURI,Rice,2010,Winter,west bengal,jalpaiguri
West Bengal,JALPAIGURI,Sesamum,2010,Winter,west bengal,jalpaiguri
West Bengal,MALDAH,Groundnut,2010,Autumn,west bengal,maldah
West Bengal,MALDAH,Maize,2010,Autumn,west bengal,maldah
West Bengal,MALDAH,Rice,2010,Autumn,west bengal,maldah
West Bengal,MALDAH,Sesamum,2010,Autumn,west bengal,maldah
West Bengal,MALDAH,Horse-gram,2010,Kharif,west bengal,maldah
West Bengal,MALDAH,Jute,2010,Kharif,west bengal,maldah
West Bengal,MALDAH,Mesta,2010,Kharif,west bengal,maldah
West Bengal,MALDAH,Sunflower,2010,Kharif,west bengal,maldah
West Bengal,MALDAH,Urad,2010,Kharif,west bengal,maldah
West Bengal,MALDAH,Arhar/Tur,2010,Rabi,west bengal,maldah
West Bengal,MALDAH,Barley,2010,Rabi,west bengal,maldah
West Bengal,MALDAH,Gram,2010,Rabi,west bengal,maldah
West Bengal,MALDAH,Khesari,2010,Rabi,west bengal,maldah
West Bengal,MALDAH,Linseed,2010,Rabi,west bengal,maldah
West Bengal,MALDAH,Maize,2010,Rabi,west bengal,maldah
West Bengal,MALDAH,Masoor,2010,Rabi,west bengal,maldah
West Bengal,MALDAH,Moong(Green Gram),2010,Rabi,west bengal,maldah
West Bengal,MALDAH,Peas & beans (Pulses),2010,Rabi,west bengal,maldah
West Bengal,MALDAH,Potato,2010,Rabi,west bengal,maldah
West Bengal,MALDAH,Rapeseed &Mustard,2010,Rabi,west bengal,maldah
West Bengal,MALDAH,Wheat,2010,Rabi,west bengal,maldah
West Bengal,MALDAH,Groundnut,2010,Summer,west bengal,maldah
West Bengal,MALDAH,Maize,2010,Summer,west bengal,maldah
West Bengal,MALDAH,Moong(Green Gram),2010,Summer,west bengal,maldah
West Bengal,MALDAH,Rice,2010,Summer,west bengal,maldah
West Bengal,MALDAH,Sesamum,2010,Summer,west bengal,maldah
West Bengal,MALDAH,Sugarcane,2010,Whole Year,west bengal,maldah
West Bengal,MALDAH,Tobacco,2010,Whole Year,west bengal,maldah
West Bengal,MALDAH,Rice,2010,Winter,west bengal,maldah
West Bengal,MALDAH,Sesamum,2010,Winter,west bengal,maldah
West Bengal,MEDINIPUR EAST,Rice,2010,Autumn,west bengal,medinipur east
West Bengal,MEDINIPUR EAST,Sesamum,2010,Autumn,west bengal,medinipur east
West Bengal,MEDINIPUR EAST,Jute,2010,Kharif,west bengal,medinipur east
West Bengal,MEDINIPUR EAST,Sannhamp,2010,Kharif,west bengal,medinipur east
West Bengal,MEDINIPUR EAST,Sunflower,2010,Kharif,west bengal,medinipur east
West Bengal,MEDINIPUR EAST,Urad,2010,Kharif,west bengal,medinipur east
West Bengal,MEDINIPUR EAST,Khesari,2010,Rabi,west bengal,medinipur east
West Bengal,MEDINIPUR EAST,Potato,2010,Rabi,west bengal,medinipur east
West Bengal,MEDINIPUR EAST,Rapeseed &Mustard,2010,Rabi,west bengal,medinipur east
West Bengal,MEDINIPUR EAST,Wheat,2010,Rabi,west bengal,medinipur east
West Bengal,MEDINIPUR EAST,Groundnut,2010,Summer,west bengal,medinipur east
West Bengal,MEDINIPUR EAST,Moong(Green Gram),2010,Summer,west bengal,medinipur east
West Bengal,MEDINIPUR EAST,Rice,2010,Summer,west bengal,medinipur east
West Bengal,MEDINIPUR EAST,Sesamum,2010,Summer,west bengal,medinipur east
West Bengal,MEDINIPUR EAST,Rice,2010,Winter,west bengal,medinipur east
West Bengal,MEDINIPUR WEST,Groundnut,2010,Autumn,west bengal,medinipur west
West Bengal,MEDINIPUR WEST,Maize,2010,Autumn,west bengal,medinipur west
West Bengal,MEDINIPUR WEST,Rice,2010,Autumn,west bengal,medinipur west
West Bengal,MEDINIPUR WEST,Sesamum,2010,Autumn,west bengal,medinipur west
West Bengal,MEDINIPUR WEST,Castor seed,2010,Kharif,west bengal,medinipur west
West Bengal,MEDINIPUR WEST,Horse-gram,2010,Kharif,west bengal,medinipur west
West Bengal,MEDINIPUR WEST,Jute,2010,Kharif,west bengal,medinipur west
West Bengal,MEDINIPUR WEST,Moong(Green Gram),2010,Kharif,west bengal,medinipur west
West Bengal,MEDINIPUR WEST,Niger seed,2010,Kharif,west bengal,medinipur west
West Bengal,MEDINIPUR WEST,Other Kharif pulses,2010,Kharif,west bengal,medinipur west
West Bengal,MEDINIPUR WEST,Sannhamp,2010,Kharif,west bengal,medinipur west
West Bengal,MEDINIPUR WEST,Sunflower,2010,Kharif,west bengal,medinipur west
West Bengal,MEDINIPUR WEST,Urad,2010,Kharif,west bengal,medinipur west
West Bengal,MEDINIPUR WEST,Arhar/Tur,2010,Rabi,west bengal,medinipur west
West Bengal,MEDINIPUR WEST,Gram,2010,Rabi,west bengal,medinipur west
West Bengal,MEDINIPUR WEST,Groundnut,2010,Rabi,west bengal,medinipur west
West Bengal,MEDINIPUR WEST,Khesari,2010,Rabi,west bengal,medinipur west
West Bengal,MEDINIPUR WEST,Maize,2010,Rabi,west bengal,medinipur west
West Bengal,MEDINIPUR WEST,Masoor,2010,Rabi,west bengal,medinipur west
West Bengal,MEDINIPUR WEST,Moong(Green Gram),2010,Rabi,west bengal,medinipur west
West Bengal,MEDINIPUR WEST,Other  Rabi pulses,2010,Rabi,west bengal,medinipur west
West Bengal,MEDINIPUR WEST,Potato,2010,Rabi,west bengal,medinipur west
West Bengal,MEDINIPUR WEST,Rapeseed &Mustard,2010,Rabi,west bengal,medinipur west
West Bengal,MEDINIPUR WEST,Safflower,2010,Rabi,west bengal,medinipur west
West Bengal,MEDINIPUR WEST,Urad,2010,Rabi,west bengal,medinipur west
West Bengal,MEDINIPUR WEST,Wheat,2010,Rabi,west bengal,medinipur west
West Bengal,MEDINIPUR WEST,Groundnut,2010,Summer,west bengal,medinipur west
West Bengal,MEDINIPUR WEST,Maize,2010,Summer,west bengal,medinipur west
West Bengal,MEDINIPUR WEST,Moong(Green Gram),2010,Summer,west bengal,medinipur west
West Bengal,MEDINIPUR WEST,Rice,2010,Summer,west bengal,medinipur west
West Bengal,MEDINIPUR WEST,Sesamum,2010,Summer,west bengal,medinipur west
West Bengal,MEDINIPUR WEST,Sugarcane,2010,Whole Year,west bengal,medinipur west
West Bengal,MEDINIPUR WEST,Rice,2010,Winter,west bengal,medinipur west
West Bengal,MEDINIPUR WEST,Sesamum,2010,Winter,west bengal,medinipur west
West Bengal,MURSHIDABAD,Groundnut,2010,Autumn,west bengal,murshidabad
West Bengal,MURSHIDABAD,Maize,2010,Autumn,west bengal,murshidabad
West Bengal,MURSHIDABAD,Rice,2010,Autumn,west bengal,murshidabad
West Bengal,MURSHIDABAD,Sesamum,2010,Autumn,west bengal,murshidabad
West Bengal,MURSHIDABAD,Jute,2010,Kharif,west bengal,murshidabad
West Bengal,MURSHIDABAD,Mesta,2010,Kharif,west bengal,murshidabad
West Bengal,MURSHIDABAD,Moong(Green Gram),2010,Kharif,west bengal,murshidabad
West Bengal,MURSHIDABAD,Sunflower,2010,Kharif,west bengal,murshidabad
West Bengal,MURSHIDABAD,Urad,2010,Kharif,west bengal,murshidabad
West Bengal,MURSHIDABAD,Arhar/Tur,2010,Rabi,west bengal,murshidabad
West Bengal,MURSHIDABAD,Barley,2010,Rabi,west bengal,murshidabad
West Bengal,MURSHIDABAD,Gram,2010,Rabi,west bengal,murshidabad
West Bengal,MURSHIDABAD,Groundnut,2010,Rabi,west bengal,murshidabad
West Bengal,MURSHIDABAD,Khesari,2010,Rabi,west bengal,murshidabad
West Bengal,MURSHIDABAD,Linseed,2010,Rabi,west bengal,murshidabad
West Bengal,MURSHIDABAD,Maize,2010,Rabi,west bengal,murshidabad
West Bengal,MURSHIDABAD,Masoor,2010,Rabi,west bengal,murshidabad
West Bengal,MURSHIDABAD,Moong(Green Gram),2010,Rabi,west bengal,murshidabad
West Bengal,MURSHIDABAD,Peas & beans (Pulses),2010,Rabi,west bengal,murshidabad
West Bengal,MURSHIDABAD,Potato,2010,Rabi,west bengal,murshidabad
West Bengal,MURSHIDABAD,Rapeseed &Mustard,2010,Rabi,west bengal,murshidabad
West Bengal,MURSHIDABAD,Urad,2010,Rabi,west bengal,murshidabad
West Bengal,MURSHIDABAD,Wheat,2010,Rabi,west bengal,murshidabad
West Bengal,MURSHIDABAD,Groundnut,2010,Summer,west bengal,murshidabad
West Bengal,MURSHIDABAD,Maize,2010,Summer,west bengal,murshidabad
West Bengal,MURSHIDABAD,Moong(Green Gram),2010,Summer,west bengal,murshidabad
West Bengal,MURSHIDABAD,Rice,2010,Summer,west bengal,murshidabad
West Bengal,MURSHIDABAD,Sesamum,2010,Summer,west bengal,murshidabad
West Bengal,MURSHIDABAD,Sugarcane,2010,Whole Year,west bengal,murshidabad
West Bengal,MURSHIDABAD,Rice,2010,Winter,west bengal,murshidabad
West Bengal,MURSHIDABAD,Sesamum,2010,Winter,west bengal,murshidabad
West Bengal,NADIA,Groundnut,2010,Autumn,west bengal,nadia
West Bengal,NADIA,Maize,2010,Autumn,west bengal,nadia
West Bengal,NADIA,Rice,2010,Autumn,west bengal,nadia
West Bengal,NADIA,Sesamum,2010,Autumn,west bengal,nadia
West Bengal,NADIA,Jute,2010,Kharif,west bengal,nadia
West Bengal,NADIA,Mesta,2010,Kharif,west bengal,nadia
West Bengal,NADIA,Moong(Green Gram),2010,Kharif,west bengal,nadia
West Bengal,NADIA,Sunflower,2010,Kharif,west bengal,nadia
West Bengal,NADIA,Urad,2010,Kharif,west bengal,nadia
West Bengal,NADIA,Arhar/Tur,2010,Rabi,west bengal,nadia
West Bengal,NADIA,Barley,2010,Rabi,west bengal,nadia
West Bengal,NADIA,Gram,2010,Rabi,west bengal,nadia
West Bengal,NADIA,Groundnut,2010,Rabi,west bengal,nadia
West Bengal,NADIA,Khesari,2010,Rabi,west bengal,nadia
West Bengal,NADIA,Linseed,2010,Rabi,west bengal,nadia
West Bengal,NADIA,Maize,2010,Rabi,west bengal,nadia
West Bengal,NADIA,Masoor,2010,Rabi,west bengal,nadia
West Bengal,NADIA,Moong(Green Gram),2010,Rabi,west bengal,nadia
West Bengal,NADIA,Other  Rabi pulses,2010,Rabi,west bengal,nadia
West Bengal,NADIA,Peas & beans (Pulses),2010,Rabi,west bengal,nadia
West Bengal,NADIA,Potato,2010,Rabi,west bengal,nadia
West Bengal,NADIA,Rapeseed &Mustard,2010,Rabi,west bengal,nadia
West Bengal,NADIA,Urad,2010,Rabi,west bengal,nadia
West Bengal,NADIA,Wheat,2010,Rabi,west bengal,nadia
West Bengal,NADIA,Groundnut,2010,Summer,west bengal,nadia
West Bengal,NADIA,Maize,2010,Summer,west bengal,nadia
West Bengal,NADIA,Moong(Green Gram),2010,Summer,west bengal,nadia
West Bengal,NADIA,Rice,2010,Summer,west bengal,nadia
West Bengal,NADIA,Sesamum,2010,Summer,west bengal,nadia
West Bengal,NADIA,Sugarcane,2010,Whole Year,west bengal,nadia
West Bengal,NADIA,Tobacco,2010,Whole Year,west bengal,nadia
West Bengal,NADIA,Rice,2010,Winter,west bengal,nadia
West Bengal,NADIA,Sesamum,2010,Winter,west bengal,nadia
West Bengal,PURULIA,Groundnut,2010,Autumn,west bengal,purulia
West Bengal,PURULIA,Jowar,2010,Autumn,west bengal,purulia
West Bengal,PURULIA,Maize,2010,Autumn,west bengal,purulia
West Bengal,PURULIA,Ragi,2010,Autumn,west bengal,purulia
West Bengal,PURULIA,Rice,2010,Autumn,west bengal,purulia
West Bengal,PURULIA,Sesamum,2010,Autumn,west bengal,purulia
West Bengal,PURULIA,Bajra,2010,Kharif,west bengal,purulia
West Bengal,PURULIA,Horse-gram,2010,Kharif,west bengal,purulia
West Bengal,PURULIA,Mesta,2010,Kharif,west bengal,purulia
West Bengal,PURULIA,Moong(Green Gram),2010,Kharif,west bengal,purulia
West Bengal,PURULIA,Niger seed,2010,Kharif,west bengal,purulia
West Bengal,PURULIA,Sannhamp,2010,Kharif,west bengal,purulia
West Bengal,PURULIA,Small millets,2010,Kharif,west bengal,purulia
West Bengal,PURULIA,Sunflower,2010,Kharif,west bengal,purulia
West Bengal,PURULIA,Urad,2010,Kharif,west bengal,purulia
West Bengal,PURULIA,Arhar/Tur,2010,Rabi,west bengal,purulia
West Bengal,PURULIA,Gram,2010,Rabi,west bengal,purulia
West Bengal,PURULIA,Groundnut,2010,Rabi,west bengal,purulia
West Bengal,PURULIA,Khesari,2010,Rabi,west bengal,purulia
West Bengal,PURULIA,Linseed,2010,Rabi,west bengal,purulia
West Bengal,PURULIA,Masoor,2010,Rabi,west bengal,purulia
West Bengal,PURULIA,Moong(Green Gram),2010,Rabi,west bengal,purulia
West Bengal,PURULIA,Potato,2010,Rabi,west bengal,purulia
West Bengal,PURULIA,Rapeseed &Mustard,2010,Rabi,west bengal,purulia
West Bengal,PURULIA,Safflower,2010,Rabi,west bengal,purulia
West Bengal,PURULIA,Urad,2010,Rabi,west bengal,purulia
West Bengal,PURULIA,Wheat,2010,Rabi,west bengal,purulia
West Bengal,PURULIA,Groundnut,2010,Summer,west bengal,purulia
West Bengal,PURULIA,Maize,2010,Summer,west bengal,purulia
West Bengal,PURULIA,Rice,2010,Summer,west bengal,purulia
West Bengal,PURULIA,Sugarcane,2010,Whole Year,west bengal,purulia
West Bengal,PURULIA,Rice,2010,Winter,west bengal,purulia
West Bengal,PURULIA,Sesamum,2010,Winter,west bengal,purulia
