yieldcalc,production,area
2.857143,10.0,3.5
3.1156716,41.75,13.4
1.7055085,1610.0,944.0
0.36956522,8.5,23.0
0.2603698,260.5,1000.5
2.0833333,25.0,12.0
1.3771429,9.64,7.0
4.7447915,18.22,3.84
0.73333335,1.1,1.5
9.454545,208.0,22.0
0.25,0.5,2.0
0.7733333,1.16,1.5
5.775717,3425.0,593.0
4896.978,71300000.0,14560.0
8.333333,575.0,69.0
2.9624503,20118.0,6791.0
12.126006,889.2,73.33
1.7669753,2290.0,1296.0
0.30831918,90.8,294.5
0.08035714,13.5,168.0
0.46153846,39.0,84.5
1.5826771,402.0,254.0
9.198545,1011.84,110.0
1.431579,6.8,4.75
1.1118801,96.4,86.7
0.47625363,556.55,1168.6
0.6551724,1.9,2.9
4.40367,480.0,109.0
5.5367646,376.5,68.0
0.433025,458.79,1059.5
12.127854,7968.0,657.0
3462.3772,12700000.0,3668.0
7.2654157,1355.0,186.5
2.3741775,3788.0,1595.5
5.9555554,402.0,67.5
0.99372387,1900.0,1912.0
0.6439024,13.2,20.5
0.23960881,98.0,409.0
0.7,10.5,15.0
1.15625,148.0,128.0
8.814042,828.52,94.0
0.4903226,7.6,15.5
3.4657533,253.0,73.0
0.59699,17.85,29.9
0.5,0.5,1.0
7.34375,235.0,32.0
10.5,105.0,10.0
0.44264707,15.05,34.0
15.325,5517.0,360.0
3107.3447,11000000.0,3540.0
9.777778,220.0,22.5
0.16899702,11156.0,66013.0
0.7288557,1465.0,2010.0
0.8768484,3795.0,4328.0
0.68626094,2977.0,4338.0
3.7129066,7307.0,1968.0
0.54899967,446928.0,814077.0
0.48396948,317.0,655.0
0.7939371,2069.0,2606.0
4.7710238,51174.0,10726.0
8.9375,286.0,32.0
0.31731984,251.0,791.0
16.619753,26924.0,1620.0
1.7819829,3343.0,1876.0
2.9167356,102007.0,34973.0
0.9299191,345.0,371.0
1.703924,2866.0,1682.0
0.42857143,6.0,14.0
0.8,4.0,5.0
0.7809953,73601.0,94240.0
1.7039964,34068.0,19993.0
0.5631958,860.0,1527.0
0.62498116,8296.0,13274.0
9.117053,43306.0,4750.0
0.3493976,29.0,83.0
26.90523,8233.0,306.0
1.4946043,831.0,556.0
2.7949896,69394.0,24828.0
0.6888889,31.0,45.0
0.53488374,299.0,559.0
1.3053435,171.0,131.0
0.44498777,182.0,409.0
50.68501,223825.0,4416.0
0.6770618,3604.0,5323.0
11.238095,236.0,21.0
89.28085,20981.0,235.0
0.7988646,14072.0,17615.0
12.75,51.0,4.0
1.6206896,282.0,174.0
7.8461537,102.0,13.0
0.108014256,1182.0,10943.0
1.9091204,5882.0,3081.0
0.87777776,158.0,180.0
0.41702127,98.0,235.0
1.0750021,159741.0,148596.0
0.4840399,1941.0,4010.0
0.62785554,852.0,1357.0
5.12268,4969.0,970.0
9.0,18.0,2.0
0.31715977,268.0,845.0
19.85955,3535.0,178.0
0.2829498,541.0,1912.0
1.4419624,9876.0,6849.0
2.9768023,53639.0,18019.0
0.16748768,34.0,203.0
0.28846154,165.0,572.0
0.42269737,257.0,608.0
0.1,1.0,10.0
1.9333333,29.0,15.0
2.0417895,4153.0,2034.0
2.3450341,31332.0,13361.0
0.6488162,1151.0,1774.0
9.116883,4914.0,539.0
0.3522388,118.0,335.0
26.908163,5274.0,196.0
1.4946871,1266.0,847.0
2.4375,39.0,16.0
3.019009,131502.0,43558.0
0.35329342,118.0,334.0
0.5337478,601.0,1126.0
50.684723,46782.0,923.0
0.24,24.0,100.0
0.6814159,77.0,113.0
9.505273,10817.0,1138.0
83.38475,2311342.0,27719.0
0.5515267,578.0,1048.0
12.811715,3062.0,239.0
6.6,99.0,15.0
1.7615385,229.0,130.0
7.8510637,369.0,47.0
0.5065312,349.0,689.0
0.5220126,83.0,159.0
0.4347826,20.0,46.0
1.7765026,21517.0,12112.0
3.3157895,945.0,285.0
1.2424242,82.0,66.0
1.4468864,395.0,273.0
2.9829423,1399.0,469.0
0.24914676,73.0,293.0
19.859026,15073.0,759.0
1.0123457,82.0,81.0
1.9260393,457704.0,237640.0
0.16779432,124.0,739.0
0.9879518,82.0,83.0
0.42194092,600.0,1422.0
0.50980395,26.0,51.0
4.127803,1841.0,446.0
1.664557,526.0,316.0
2.189655,635.0,290.0
0.41007194,57.0,139.0
7.330028,54704.0,7463.0
0.117985785,3934.0,33343.0
13.111111,118.0,9.0
1.4285715,20.0,14.0
4.9159975,849917.0,172888.0
0.22819594,191.0,837.0
0.20900548,4470.0,21387.0
27.324022,392291.0,14357.0
0.1769758,6120.0,34581.0
83.2481,1086471.0,13051.0
1.2423398,446.0,359.0
12.795918,627.0,49.0
6.62497,82090.0,12391.0
2.4481683,11761.0,4804.0
6.1061945,2070.0,339.0
1.1309998,27239.0,24084.0
1.8629107,1984.0,1065.0
0.33876404,603.0,1780.0
2.3637033,402203.0,170158.0
3.3459947,205424.0,61394.0
1.2380953,442.0,357.0
1.4426229,88.0,61.0
2.9814126,802.0,269.0
8.942307,465.0,52.0
0.15098286,2166.0,14346.0
19.859451,12293.0,619.0
2.3970015,649760.0,271072.0
0.12006525,736.0,6130.0
2.0,12.0,6.0
0.050541516,14.0,277.0
1.1310735,1001.0,885.0
1.8644068,220.0,118.0
4.127037,13677.0,3314.0
1.7699807,16521.0,9334.0
2.9829118,13092.0,4389.0
6.0901017,23995.0,3940.0
0.23357664,32.0,137.0
11.292996,904377.0,80083.0
0.40393755,2975.0,7365.0
4.9365673,1323.0,268.0
2.4244416,1845.0,761.0
3.4559965,201806.0,58393.0
0.22866344,142.0,621.0
0.5580055,38922.0,69752.0
1.3023256,56.0,43.0
30.04896,151597.0,5045.0
0.24074075,39.0,162.0
0.68,17.0,25.0
85.27533,77430.0,908.0
1.25,30.0,24.0
12.785714,179.0,14.0
2.606657,10729.0,4116.0
6.4709034,35027.0,5413.0
0.28802064,5691.0,19759.0
2.5010452,7178.0,2870.0
0.8762089,906.0,1034.0
2.3997414,40822.0,17011.0
2.7768924,2091.0,753.0
0.6080015,87126.0,143299.0
0.48514852,49.0,101.0
1.4520434,1741.0,1199.0
5.1220655,2182.0,426.0
0.31747574,327.0,1030.0
7.5719905,19248.0,2542.0
0.37333333,28.0,75.0
1.5,9.0,6.0
1.511988,80657.0,53345.0
0.1724138,5.0,29.0
0.9302326,80.0,86.0
1.7042253,242.0,142.0
0.42195767,319.0,756.0
0.3043478,7.0,23.0
2.500966,5177.0,2070.0
2.0,16.0,8.0
1.1049944,76817.0,69518.0
2.9920213,51750.0,17296.0
0.30960265,187.0,604.0
1.5158901,6344.0,4185.0
0.2318339,67.0,289.0
9.116515,8998.0,987.0
0.35205182,163.0,463.0
22.092913,14029.0,635.0
0.33333334,2.0,6.0
1.4963504,205.0,137.0
2.869989,48896.0,17037.0
0.677686,82.0,121.0
0.35199025,2025.0,5753.0
0.9297297,172.0,185.0
0.5339598,4489.0,8407.0
1.3,26.0,20.0
56.12302,488607.0,8706.0
0.16666667,1.0,6.0
0.6950518,5436.0,7821.0
2.1,21.0,10.0
11.0,11.0,1.0
90.31497,75413.0,835.0
0.23932455,17716.0,74025.0
12.805555,922.0,72.0
1.5207101,257.0,169.0
7.872055,43438.0,5518.0
0.4508973,1809.0,4012.0
2.2647076,117681.0,51963.0
3.2909868,30853.0,9375.0
2.804842,5677.0,2024.0
4.5230956,11163.0,2468.0
0.38396677,3142.0,8183.0
20.0,40.0,2.0
2.7769463,722978.0,260350.0
0.16908212,70.0,414.0
0.26980633,613.0,2272.0
0.4528302,72.0,159.0
4.1272016,6327.0,1533.0
1.6633906,1354.0,814.0
1.3731989,2859.0,2082.0
0.41293532,83.0,201.0
3.9041095,285.0,73.0
0.2,1.0,5.0
8.53403,142945.0,16750.0
0.5712042,1091.0,1910.0
13.0625,209.0,16.0
2.422998,1180.0,487.0
3.8709984,367710.0,94991.0
0.22807017,65.0,285.0
0.6239992,79807.0,127896.0
0.44444445,4.0,9.0
23.103754,33847.0,1465.0
0.24117647,41.0,170.0
9.325582,401.0,43.0
9.325582,401.0,43.0
94.63058,1527716.0,16144.0
1.2368422,94.0,76.0
13.0,13.0,1.0
2.475,12771.0,5160.0
8.566038,17252.0,2014.0
0.42699584,29075.0,68092.0
1.486032,10692.0,7195.0
0.87699527,62414.0,71168.0
2.0623853,111375.0,54003.0
2.892006,31546.0,10908.0
0.5970004,91633.0,153489.0
3.25209,5057.0,1555.0
5.380998,78498.0,14588.0
8.950783,4001.0,447.0
0.31707317,2119.0,6683.0
22.097975,360197.0,16300.0
2.799683,291475.0,104110.0
0.16666667,11.0,66.0
0.9289601,9049.0,9741.0
1.7,221.0,130.0
0.42195752,3436.0,8143.0
0.42719847,889.0,2081.0
1.4855769,618.0,416.0
2.0424528,1299.0,636.0
1.2189999,265102.0,217475.0
2.332992,59265.0,25403.0
0.5626943,543.0,965.0
1.8190053,98410.0,54101.0
9.116916,50608.0,5551.0
0.35081968,535.0,1525.0
27.92004,84151.0,3014.0
1.4,7.0,5.0
2.5630474,12582.0,4909.0
3.203992,105626.0,32967.0
0.9540508,789.0,827.0
0.3512195,216.0,615.0
0.9292683,381.0,410.0
0.5339864,7141.0,13373.0
1.4351687,808.0,563.0
27.225965,54942.0,2018.0
0.67696095,2477.0,3659.0
11.214286,157.0,14.0
97.18757,168912.0,1738.0
0.8102873,63375.0,78213.0
12.833333,77.0,6.0
1.7630343,21405.0,12141.0
7.8717413,15098.0,1918.0
0.3429994,30174.0,87971.0
2.1629846,40729.0,18830.0
0.4738978,2569.0,5421.0
2.2376657,115063.0,51421.0
3.1900039,40210.0,12605.0
0.16316232,388.0,2378.0
1.4435484,179.0,124.0
5.6153846,1460.0,260.0
0.26099107,7005.0,26840.0
19.858086,6017.0,303.0
2.9317894,143300.0,48878.0
0.11399684,4183.0,36694.0
1.7372549,443.0,255.0
2.0,4.0,2.0
0.42219388,993.0,2352.0
2.1626263,2141.0,990.0
5.750891,24194.0,4207.0
1.6849965,123549.0,73323.0
2.478953,14487.0,5844.0
0.41361257,79.0,191.0
1.630029,6199.0,3803.0
8.374056,73139.0,8734.0
0.6370272,960.0,1507.0
13.05,783.0,60.0
1.4330856,1542.0,1076.0
2.4258065,376.0,155.0
3.4860013,376150.0,107903.0
0.22788697,742.0,3256.0
1.0613773,709.0,668.0
0.37700644,6365.0,16883.0
25.49315,7444.0,292.0
0.23958333,253.0,1056.0
0.67734283,571.0,843.0
82.0,27142.0,331.0
1.2360158,22870.0,18503.0
14.0,1918.0,137.0
1.5690467,127518.0,81271.0
6.105263,3248.0,532.0
0.5061093,1574.0,3110.0
2.3767743,3684.0,1550.0
1.7829194,14718.0,8255.0
3.2857144,23.0,7.0
2.1669521,12655.0,5840.0
2.981132,158.0,53.0
0.24882384,476.0,1913.0
19.860262,4548.0,229.0
1.0,23.0,23.0
3.270004,228485.0,69873.0
0.41401505,4567.0,11031.0
0.42186,880.0,2086.0
0.5068871,184.0,363.0
2.368421,135.0,57.0
3.7251687,3863.0,1037.0
1.3860387,13184.0,9512.0
2.4929006,11061.0,4437.0
0.4117647,7.0,17.0
3.875,62.0,16.0
9.116371,4622.0,507.0
0.44893667,1921.0,4279.0
1.4558823,99.0,68.0
3.8659983,777027.0,200990.0
0.22737306,103.0,453.0
0.43900064,15322.0,34902.0
25.492176,32579.0,1278.0
0.24032587,118.0,491.0
91.871864,658905.0,7172.0
0.90976334,2460.0,2704.0
12.8,512.0,40.0
6.5,26.0,4.0
1.6909693,18369.0,10863.0
6.104575,934.0,153.0
0.5057751,832.0,1645.0
2.2998312,2723.0,1184.0
2.2705526,6739.0,2968.0
3.3125,212.0,64.0
1.1700189,22338.0,19092.0
1.4444444,195.0,135.0
2.9819405,8421.0,2824.0
8.122244,45314.0,5579.0
0.24921532,397.0,1593.0
19.851852,536.0,27.0
0.9104478,732.0,804.0
0.8136,167482.0,205853.0
0.15727699,268.0,1704.0
0.95348835,82.0,86.0
0.4219567,565.0,1339.0
4.462825,12545.0,2811.0
1.6666666,20.0,12.0
1.8379452,14347.0,7806.0
0.4550432,3740.0,8219.0
3.8333333,23.0,6.0
9.116977,41619.0,4565.0
0.55300826,15028.0,27175.0
15.03176,16565.0,1102.0
1.3812678,1460.0,1057.0
2.3699634,16822.0,7098.0
0.16307075,975.0,5979.0
0.61598927,25311.0,41090.0
25.49238,21745.0,853.0
0.36146435,8442.0,23355.0
9.328947,709.0,76.0
9.328947,709.0,76.0
56.960014,180905.0,3176.0
1.243123,4474.0,3599.0
12.82,641.0,50.0
2.909091,384.0,132.0
3.209524,337.0,105.0
6.105,1221.0,200.0
0.37987626,1412.0,3717.0
0.8710271,5207.0,5978.0
2.2705882,2509.0,1105.0
3.3168654,1947.0,587.0
0.99195796,3207.0,3233.0
0.48314607,43.0,89.0
1.4470469,1421.0,982.0
1.6049747,9227.0,5749.0
8.962963,242.0,27.0
0.24916722,374.0,1501.0
0.37997368,3753.0,9877.0
19.866667,1192.0,60.0
0.9591837,376.0,392.0
1.0289874,23322.0,22665.0
1.7443081,192378.0,110289.0
0.17098321,713.0,4170.0
1.0111188,14732.0,14570.0
0.66026664,1238.0,1875.0
0.3888889,7.0,18.0
3.4327018,3443.0,1003.0
1.6625,133.0,80.0
2.1878355,2446.0,1118.0
0.7282104,1412.0,1939.0
4.0,12.0,3.0
9.116552,9308.0,1021.0
0.35103786,1150.0,3276.0
13.057324,2050.0,157.0
0.81807595,3512.0,4293.0
1.4620689,424.0,290.0
1.2920682,9383.0,7262.0
0.21321586,484.0,2270.0
0.5340274,2770.0,5187.0
15.616752,18459.0,1182.0
0.21496329,6821.0,31731.0
2.6838603,1613.0,601.0
2.6838603,1613.0,601.0
11.208333,1076.0,96.0
57.231613,2221674.0,38819.0
1.242647,507.0,408.0
12.801653,1549.0,121.0
6.5833335,1422.0,216.0
2.749495,1361.0,495.0
2.5229974,4882.0,1935.0
0.50609756,1245.0,2460.0
0.57350564,355.0,619.0
0.4117647,7.0,17.0
0.93527,10721.0,11463.0
3.3190477,697.0,210.0
1.0650136,24097.0,22626.0
1.4471365,657.0,454.0
2.706957,22373.0,8265.0
9.194464,174704.0,19001.0
0.2487617,452.0,1817.0
0.5614035,64.0,114.0
19.856354,3594.0,181.0
0.9539208,2360.0,2474.0
2.5751286,325213.0,126290.0
0.11804329,1069.0,9056.0
0.8089701,1461.0,1806.0
0.42216867,876.0,2075.0
0.8426803,1157.0,1373.0
1.6633663,336.0,202.0
1.341954,4203.0,3132.0
0.33000693,3803.0,11524.0
4.3310328,46433.0,10721.0
0.35602304,6245.0,17541.0
13.057442,5001.0,383.0
1.6135508,1286.0,797.0
2.4,12.0,5.0
3.232975,23452.0,7254.0
0.2980143,1831.0,6144.0
0.41802576,7305.0,17475.0
21.349968,167277.0,7835.0
0.23960672,3948.0,16477.0
9.321428,261.0,28.0
9.321428,261.0,28.0
11.0,22.0,2.0
63.951473,972574.0,15208.0
1.2439024,153.0,123.0
12.8,448.0,35.0
6.5625,105.0,16.0
2.964,2964.0,1000.0
6.107143,1368.0,224.0
0.505988,169.0,334.0
2.2704751,8982.0,3956.0
1.2388451,1888.0,1524.0
0.47058824,8.0,17.0
1.44,72.0,50.0
5.892857,11550.0,1960.0
0.2513661,46.0,183.0
2.1815598,558800.0,256147.0
0.1627907,7.0,43.0
0.4216028,363.0,861.0
0.5058824,129.0,255.0
2.8009827,4560.0,1628.0
2.3090158,10065.0,4359.0
0.411985,110.0,267.0
6.930996,296106.0,42722.0
0.5729042,1442.0,2517.0
4.648998,931515.0,200369.0
0.22816594,209.0,916.0
0.26400915,1616.0,6121.0
0.45,9.0,20.0
25.292994,212967.0,8420.0
0.24380855,5700.0,23379.0
9.5,19.0,2.0
9.5,19.0,2.0
95.87912,2546933.0,26564.0
1.2427325,855.0,688.0
6.5903616,547.0,83.0
1.8587404,52357.0,28168.0
6.1059604,1844.0,302.0
1.3,4485.0,3450.0
0.9194733,3631.0,3949.0
0.8,556.0,695.0
1.5,15.0,10.0
1.5,30.0,20.0
8.0,920.0,115.0
1.0,137.0,137.0
8.5,935.0,110.0
2.5,50.0,20.0
1.3,1118.0,860.0
1.9055816,18265.0,9585.0
0.9799223,1513.0,1544.0
2.05,574.0,280.0
1.52,1064.0,700.0
7.2,4032.0,560.0
0.9963108,4591.0,4608.0
6.330357,709.0,112.0
13.008404,7740.0,595.0
6.5,585.0,90.0
1.3497143,2362.0,1750.0
0.8,1268.0,1585.0
1.0,750.0,750.0
1.9,76.0,40.0
4.0,120.0,30.0
0.9,135.0,150.0
5.5,550.0,100.0
1.312749,3295.0,2510.0
0.86827147,7178.0,8267.0
1.0961539,570.0,520.0
2.096774,65.0,31.0
1.6,136.0,85.0
4.0666666,244.0,60.0
1.1908396,1248.0,1048.0
6.5670104,637.0,97.0
2.5602837,8303.0,3243.0
1.5923234,24103.0,15137.0
1.233931,2822.0,2287.0
1.9832714,1067.0,538.0
1.1,209.0,190.0
9.761246,8463.0,867.0
0.9498943,4493.0,4730.0
8.227763,6105.0,742.0
39.31405,9514.0,242.0
2.0,386.0,193.0
1.4418182,793.0,550.0
1.3175,527.0,400.0
1.35,729.0,540.0
0.3,3.0,10.0
6.95,139.0,20.0
2.0714285,145.0,70.0
0.68,17.0,25.0
1.2162651,12114.0,9960.0
1.7387164,20263.0,11654.0
0.8367347,82.0,98.0
1.6505263,784.0,475.0
1.7333333,234.0,135.0
8.960406,8826.0,985.0
0.7482697,7892.0,10547.0
9.400273,6881.0,732.0
6.516129,202.0,31.0
5.0,600.0,120.0
1.3000634,10251.0,7885.0
1.2307693,13760.0,11180.0
0.7003413,1026.0,1465.0
1.5018868,398.0,265.0
1.0921053,83.0,76.0
7.5,21600.0,2880.0
0.9,4635.0,5150.0
8.0,2480.0,310.0
10.0,1010.0,101.0
7.0,644.0,92.0
1.9696,1231.0,625.0
1.3065604,10655.0,8155.0
0.94244605,1441.0,1529.0
1.6888889,228.0,135.0
5.6489363,1062.0,188.0
1.1,979.0,890.0
9.012779,2821.0,313.0
30.1,2709.0,90.0
1.8998641,4193.0,2207.0
1.6166465,14684.0,9083.0
1.3270736,848.0,639.0
1.7486339,320.0,183.0
6.403226,397.0,62.0
10.25,1066.0,104.0
1.1564552,2114.0,1828.0
9.897322,2217.0,224.0
16.802198,3058.0,182.0
6.909091,152.0,22.0
2.16,1512.0,700.0
1.0392157,795.0,765.0
1.2,1212.0,1010.0
1.5255411,1762.0,1155.0
2.3066666,173.0,75.0
2.5,50.0,20.0
1.3,221.0,170.0
9.0,4050.0,450.0
2.2,33.0,15.0
1.245827,3284.0,2636.0
0.8142743,4073.0,5002.0
0.6316945,2878.0,4556.0
1.8513514,137.0,74.0
2.65,212.0,80.0
0.91843975,259.0,282.0
4.114286,144.0,35.0
1.1378788,1502.0,1320.0
1.1686038,7742.0,6625.0
0.6,666.0,1110.0
0.6,138.0,230.0
6.0,1260.0,210.0
0.6,51.0,85.0
8.0,960.0,120.0
8.5,1275.0,150.0
1.1404878,1169.0,1025.0
1.3626769,5681.0,4169.0
1.2892691,1658.0,1286.0
1.6024096,266.0,166.0
9.458647,1258.0,133.0
1.3157895,275.0,209.0
8.833333,1749.0,198.0
32.42857,681.0,21.0
1.6290209,4659.0,2860.0
0.9226328,799.0,866.0
0.980198,990.0,1010.0
1.1532847,790.0,685.0
3.6842105,210.0,57.0
3.627451,185.0,51.0
1.1451613,213.0,186.0
8.08933,3260.0,403.0
1.2767241,4443.0,3480.0
0.8974471,22569.0,25148.0
0.8760488,2297.0,2622.0
1.2597402,97.0,77.0
1.5903615,264.0,166.0
9.620806,2867.0,298.0
1.0561224,1863.0,1764.0
6.3829203,2317.0,363.0
29.010416,2785.0,96.0
4.559322,269.0,59.0
1.1666666,13489.0,11562.0
0.6005917,203.0,338.0
0.5185185,14.0,27.0
0.3846154,10.0,26.0
15.350877,8750.0,570.0
0.7511111,169.0,225.0
3.8888888,490.0,126.0
0.52037036,281.0,540.0
0.5222222,235.0,450.0
0.448,112.0,250.0
0.9644,2411.0,2500.0
14.641176,9956.0,680.0
0.44444445,20.0,45.0
0.59117645,402.0,680.0
0.2601467,532.0,2045.0
0.42471042,110.0,259.0
0.78352493,818.0,1044.0
0.36494738,3467.0,9500.0
0.5058824,817.0,1615.0
1.470046,1276.0,868.0
2.1916666,13150.0,6000.0
14.641176,9956.0,680.0
1.7294117,147.0,85.0
9175.238,9634000.0,1050.0
0.57246375,395.0,690.0
6.9225807,3219.0,465.0
1.0,201.0,201.0
6.7624,25359.0,3750.0
23.501432,8202.0,349.0
5.62931,653.0,116.0
7.052381,1481.0,210.0
0.44047618,37.0,84.0
0.9257143,648.0,700.0
1.5946321,134217.0,84168.0
0.8503119,33805.0,39756.0
0.718894,312.0,434.0
0.5882353,20.0,34.0
0.44444445,4.0,9.0
7.8101716,50524.0,6469.0
0.6447368,49.0,76.0
5.112554,1181.0,231.0
0.5202049,914.0,1757.0
0.60048133,499.0,831.0
0.50674665,338.0,667.0
0.68396086,2307.0,3373.0
15.006063,29697.0,1979.0
0.42222223,38.0,90.0
0.54967946,1029.0,1872.0
0.5010762,2328.0,4646.0
0.4783715,188.0,393.0
0.8,1268.0,1585.0
0.4411589,7385.0,16740.0
0.5845686,3076.0,5262.0
1.5085663,10038.0,6654.0
2.5487099,131465.0,51581.0
15.006063,29697.0,1979.0
1.3965517,81.0,58.0
8832.12,16993000.0,1924.0
0.7997352,2416.0,3021.0
6.520436,4786.0,734.0
1.5003915,1916.0,1277.0
9.212031,67994.0,7381.0
36.19382,12885.0,356.0
2.5015528,1611.0,644.0
5.0,2030.0,406.0
0.6486486,24.0,37.0
0.8,968.0,1210.0
2.0020025,148961.0,74406.0
0.7945732,12826.0,16142.0
0.8305085,98.0,118.0
0.33333334,2.0,6.0
1.0,1.0,1.0
11.452392,24657.0,2153.0
0.6045198,107.0,177.0
6.4573646,2499.0,387.0
0.50155765,161.0,321.0
0.46484375,119.0,256.0
0.47495362,256.0,539.0
1.1010877,1721.0,1563.0
12.574243,8299.0,660.0
0.5,14.0,28.0
0.44814816,121.0,270.0
0.54423213,769.0,1413.0
0.40425533,76.0,188.0
0.74757284,231.0,309.0
0.6664752,4640.0,6962.0
0.53773135,1133.0,2107.0
1.2504051,6946.0,5555.0
3.2868915,35104.0,10680.0
12.574243,8299.0,660.0
1.8518518,50.0,27.0
6705.7764,3715000.0,554.0
0.6369863,372.0,584.0
6.154286,1077.0,175.0
2.0,530.0,265.0
9.71541,23453.0,2414.0
36.192707,6949.0,192.0
3.0,567.0,189.0
4.2297297,313.0,74.0
0.53333336,8.0,15.0
0.5927419,147.0,248.0
1.512699,52651.0,34806.0
1.9245125,16087.0,8359.0
0.71304345,82.0,115.0
0.36956522,34.0,92.0
10.038462,522.0,52.0
0.5,49.0,98.0
4.5,18.0,4.0
0.44444445,8.0,18.0
0.510989,93.0,182.0
0.5,10.0,20.0
0.54376954,2435.0,4478.0
12.727147,36756.0,2888.0
0.51785713,29.0,56.0
0.44,11.0,25.0
0.46153846,12.0,26.0
0.5,17.0,34.0
0.5861111,211.0,360.0
0.66809195,1250.0,1871.0
0.5588235,475.0,850.0
1.25,100.0,80.0
1.9405346,14228.0,7332.0
12.727147,36756.0,2888.0
1.9473684,74.0,38.0
9213.473,9711000.0,1054.0
0.63601893,671.0,1055.0
6.9396553,1610.0,232.0
3.2467532,250.0,77.0
7.4756336,15340.0,2052.0
41.157143,5762.0,140.0
5.2516556,793.0,151.0
4.3076925,56.0,13.0
0.6666667,4.0,6.0
2.0920634,659.0,315.0
2.1933684,195008.0,88908.0
1.025566,15765.0,15372.0
0.83282673,274.0,329.0
0.33333334,2.0,6.0
9.413136,13329.0,1416.0
0.6087866,291.0,478.0
6.745098,1376.0,204.0
0.5175202,192.0,371.0
0.4464752,171.0,383.0
0.45901638,28.0,61.0
0.9644513,2496.0,2588.0
12.578947,5258.0,418.0
0.46948355,100.0,213.0
0.44052863,100.0,227.0
0.5166426,714.0,1382.0
0.4055944,58.0,143.0
0.76340693,242.0,317.0
0.4017763,3438.0,8557.0
0.46774194,377.0,806.0
1.6494361,1755.0,1064.0
2.4751897,4240.0,1713.0
12.578947,5258.0,418.0
1.6666666,20.0,12.0
9176.471,2964000.0,323.0
0.63703704,344.0,540.0
6.961637,2722.0,391.0
2.0,390.0,195.0
7.5207696,17200.0,2287.0
36.195652,3330.0,92.0
3.0,390.0,130.0
4.347995,3361.0,773.0
0.52,26.0,50.0
0.5854701,274.0,468.0
1.608338,57482.0,35740.0
1.3910046,20783.0,14941.0
0.5782313,85.0,147.0
0.5,1.0,2.0
0.5,2.0,4.0
7.411236,23086.0,3115.0
0.60286534,1052.0,1745.0
4.672811,2028.0,434.0
0.5016077,156.0,311.0
0.617689,433.0,701.0
0.6666667,30.0,45.0
0.5993359,1083.0,1807.0
13.514962,21678.0,1604.0
0.65957445,31.0,47.0
0.5239923,273.0,521.0
0.7000964,726.0,1037.0
0.50691247,110.0,217.0
0.71010774,1384.0,1949.0
0.4980243,6680.0,13413.0
0.34123713,662.0,1940.0
1.7949948,5236.0,2917.0
2.699,56679.0,21000.0
13.514962,21678.0,1604.0
1.5526316,59.0,38.0
7114.05,4304000.0,605.0
0.74558824,507.0,680.0
6.625641,2584.0,390.0
2.5,755.0,302.0
7.6089396,37961.0,4989.0
38.42693,23402.0,609.0
2.5,500.0,200.0
0.6,3.0,5.0
0.6042403,342.0,566.0
2.2460089,110863.0,49360.0
0.78115535,6964.0,8915.0
0.7419355,23.0,31.0
0.44827586,26.0,58.0
0.4,2.0,5.0
10.047619,844.0,84.0
0.81363636,179.0,220.0
3.142857,22.0,7.0
0.5,25.0,50.0
0.5217391,60.0,115.0
0.71428573,10.0,14.0
0.778125,747.0,960.0
15.111111,19040.0,1260.0
0.33333334,2.0,6.0
0.5,18.0,36.0
0.41304347,38.0,92.0
0.558952,128.0,229.0
0.6350211,301.0,474.0
0.4889286,8214.0,16800.0
0.55789477,424.0,760.0
1.0859538,518.0,477.0
1.4114286,4446.0,3150.0
15.111111,19040.0,1260.0
1.28125,41.0,32.0
10750.0,1204000.0,112.0
0.7510917,172.0,229.0
8.689412,3693.0,425.0
2.7523808,289.0,105.0
6.6121745,42146.0,6374.0
36.20202,3584.0,99.0
3.0648148,331.0,108.0
3.0357144,85.0,28.0
0.5714286,4.0,7.0
0.6617647,225.0,340.0
1.3453276,87301.0,64892.0
0.6181891,4629.0,7488.0
0.73195875,71.0,97.0
0.6666667,2.0,3.0
7.6448545,93229.0,12195.0
0.6004728,254.0,423.0
4.5761023,3217.0,703.0
0.525,231.0,440.0
0.5,375.0,750.0
0.56046194,825.0,1472.0
0.5075885,602.0,1186.0
14.8787565,14358.0,965.0
0.6545454,108.0,165.0
0.54754096,167.0,305.0
0.76846474,926.0,1205.0
0.5368421,51.0,95.0
0.76666665,368.0,480.0
0.6807639,9803.0,14400.0
0.63338464,4117.0,6500.0
1.0726287,3958.0,3690.0
3.1893728,172864.0,54200.0
14.8787565,14358.0,965.0
2.0,4.0,2.0
14906.061,4919000.0,330.0
0.71236557,1325.0,1860.0
8.452632,803.0,95.0
2.6,1430.0,550.0
8.3567915,32299.0,3865.0
36.2029,4996.0,138.0
4.2,5166.0,1230.0
3.36,84.0,25.0
0.7507246,259.0,345.0
1.4988368,49607.0,33097.0
1.1568627,118.0,102.0
0.75,48.0,64.0
0.2857143,2.0,7.0
10.0,50.0,5.0
0.6213592,64.0,103.0
0.5,4.0,8.0
0.43137255,22.0,51.0
1.4263636,1569.0,1100.0
14.404025,9305.0,646.0
1.0,1.0,1.0
0.375,3.0,8.0
0.44444445,8.0,18.0
0.45714286,32.0,70.0
0.34188035,160.0,468.0
0.6139576,695.0,1132.0
0.55837566,220.0,394.0
1.2520325,154.0,123.0
2.5735295,350.0,136.0
14.404025,9305.0,646.0
1.828125,117.0,64.0
2176.4707,111000.0,51.0
0.69512194,171.0,246.0
5.5586205,806.0,145.0
1.7083334,82.0,48.0
7.7350054,7093.0,917.0
36.203125,2317.0,64.0
2.1916666,263.0,120.0
4.0,20.0,5.0
0.5703704,154.0,270.0
2.1420002,162490.0,75859.0
1.6179547,10363.0,6405.0
0.7208481,204.0,283.0
0.44444445,40.0,90.0
0.46818182,103.0,220.0
10.04918,613.0,61.0
0.74986374,1376.0,1835.0
4.5,9.0,2.0
0.5,1.0,2.0
0.5524957,321.0,581.0
0.5,5.0,10.0
0.61710036,166.0,269.0
14.500571,12688.0,875.0
0.2857143,2.0,7.0
0.5,2.0,4.0
0.5,1.0,2.0
0.47474748,47.0,99.0
0.48591548,138.0,284.0
0.3180873,918.0,2886.0
0.5590551,213.0,381.0
1.2439024,51.0,41.0
2.5714285,36.0,14.0
14.500571,12688.0,875.0
1.3913044,64.0,46.0
2186.8132,199000.0,91.0
0.5721785,218.0,381.0
6.55514,21042.0,3210.0
1.6551725,48.0,29.0
7.7349343,34142.0,4414.0
35.25793,127810.0,3625.0
4.9041095,358.0,73.0
5.0,2850.0,570.0
0.75,21.0,28.0
0.5371622,159.0,296.0
1.2760534,11265.0,8828.0
1.2169794,12715.0,10448.0
0.8333333,375.0,450.0
0.35,7.0,20.0
0.2,1.0,5.0
16.250166,48913.0,3010.0
0.58,87.0,150.0
4.827907,1038.0,215.0
0.5,550.0,1100.0
0.376,188.0,500.0
0.40784314,104.0,255.0
1.4403125,4609.0,3200.0
14.876,44628.0,3000.0
0.42857143,60.0,140.0
0.5325,213.0,400.0
0.4737463,803.0,1695.0
0.42,126.0,300.0
0.52,234.0,450.0
0.47206983,1893.0,4010.0
0.6340496,1918.0,3025.0
1.319091,2902.0,2200.0
2.7909803,68446.0,24524.0
14.876,44628.0,3000.0
1.7666667,159.0,90.0
9045.714,3166000.0,350.0
0.6942675,327.0,471.0
7.1222224,3205.0,450.0
2.0114286,704.0,350.0
13.920158,17609.0,1265.0
36.19748,8615.0,238.0
3.2622223,1468.0,450.0
4.66,932.0,200.0
0.5,6.0,12.0
0.6896552,300.0,435.0
2.4019973,115697.0,48167.0
1.9547325,4750.0,2430.0
0.683871,106.0,155.0
0.53571427,15.0,28.0
0.4,6.0,15.0
10.047468,3175.0,316.0
0.54022986,94.0,174.0
0.5,3.0,6.0
0.53409094,94.0,176.0
0.4520548,33.0,73.0
0.83748555,5076.0,6061.0
13.857416,43443.0,3135.0
0.5,1.0,2.0
0.6200717,346.0,558.0
0.42564103,83.0,195.0
0.8766859,910.0,1038.0
0.3836718,2815.0,7337.0
0.5810324,484.0,833.0
0.6898192,725.0,1051.0
1.974069,7156.0,3625.0
13.857416,43443.0,3135.0
1.1532034,414.0,359.0
15584.977,16598000.0,1065.0
0.6494975,517.0,796.0
6.525368,7974.0,1222.0
3.2295082,197.0,61.0
7.141745,17433.0,2441.0
33.55801,83593.0,2491.0
2.5,190.0,76.0
3.9268293,161.0,41.0
0.7,7.0,10.0
0.30023095,390.0,1299.0
2.2652717,234365.0,103460.0
2.1250832,12776.0,6012.0
0.69411767,118.0,170.0
0.25,1.0,4.0
0.36363637,20.0,55.0
10.05,402.0,40.0
0.4,18.0,45.0
0.52,13.0,25.0
0.36666667,22.0,60.0
0.6,3.0,5.0
0.7196429,2015.0,2800.0
12.498181,20622.0,1650.0
0.33333334,2.0,6.0
0.53333336,8.0,15.0
0.47272727,26.0,55.0
0.568,71.0,125.0
0.3948718,308.0,780.0
0.55744684,131.0,235.0
1.26,63.0,50.0
1.8701235,7574.0,4050.0
12.498181,20622.0,1650.0
1.93,193.0,100.0
5485.7144,1536000.0,280.0
0.53968257,170.0,315.0
5.048649,934.0,185.0
1.7333333,26.0,15.0
4.1963854,3483.0,830.0
36.195,7239.0,200.0
3.22,161.0,50.0
4.5,18.0,4.0
1.0,1.0,1.0
0.504,126.0,250.0
2.317987,88109.0,38011.0
0.95586044,3205.0,3353.0
0.59183675,29.0,49.0
0.39130434,9.0,23.0
0.42857143,3.0,7.0
10.054794,734.0,73.0
0.5217391,36.0,69.0
5.0,15.0,3.0
0.5416667,39.0,72.0
0.4909091,27.0,55.0
0.63120806,1881.0,2980.0
13.813662,29727.0,2152.0
0.5,1.0,2.0
1.0,1.0,1.0
0.4868421,37.0,76.0
0.48051283,937.0,1950.0
0.43329328,721.0,1664.0
0.43537736,4615.0,10600.0
0.3022917,2282.0,7549.0
0.8695652,100.0,115.0
0.93090063,3597.0,3864.0
13.813662,29727.0,2152.0
1.2436975,148.0,119.0
9744.4795,3089000.0,317.0
0.53435117,70.0,131.0
6.8076925,1947.0,286.0
2.1975307,356.0,162.0
5.044077,10986.0,2178.0
27.568628,14060.0,510.0
2.8412697,179.0,63.0
5.0,15.0,3.0
0.5714286,4.0,7.0
0.62777776,226.0,360.0
2.0453637,175077.0,85597.0
1.6417357,23004.0,14012.0
0.8,128.0,160.0
0.3,3.0,10.0
1.0,1.0,1.0
15.333432,51505.0,3359.0
0.6175115,134.0,217.0
4.803279,293.0,61.0
0.5,197.0,394.0
0.41639343,127.0,305.0
0.4698795,78.0,166.0
1.7338935,7428.0,4284.0
13.1571045,34169.0,2597.0
0.3529412,30.0,85.0
0.50617284,82.0,162.0
0.48343244,1138.0,2354.0
0.34626865,116.0,335.0
0.8016169,1289.0,1608.0
0.5131846,4554.0,8874.0
0.71735907,967.0,1348.0
1.314218,2773.0,2110.0
2.7414198,96010.0,35022.0
13.1571045,34169.0,2597.0
1.5108696,139.0,92.0
4698.3203,7273000.0,1548.0
0.48785424,964.0,1976.0
7.417197,2329.0,314.0
2.9183674,1716.0,588.0
13.623714,42397.0,3112.0
38.479465,40288.0,1047.0
2.490566,396.0,159.0
3.6,144.0,40.0
1.0,1.0,1.0
0.86527777,623.0,720.0
2.3111873,161411.0,69839.0
1.975,2212.0,1120.0
0.80851066,38.0,47.0
0.33333334,1.0,3.0
0.5,1.0,2.0
10.039216,512.0,51.0
0.62068963,36.0,58.0
4.8,72.0,15.0
0.5,15.0,30.0
0.41379312,36.0,87.0
0.47058824,16.0,34.0
1.6388235,1393.0,850.0
13.374778,7530.0,563.0
0.33333334,1.0,3.0
0.52,26.0,50.0
0.46451613,72.0,155.0
0.35714287,20.0,56.0
0.83243245,154.0,185.0
0.4275862,62.0,145.0
0.55701756,127.0,228.0
1.25625,201.0,160.0
2.4729426,19833.0,8020.0
13.374778,7530.0,563.0
1.7234043,81.0,47.0
4645.4185,1166000.0,251.0
0.48734176,77.0,158.0
5.82243,623.0,107.0
2.9571428,207.0,70.0
7.7346535,3906.0,505.0
36.2,3077.0,85.0
2.5,60.0,24.0
3.7333333,56.0,15.0
0.33333334,1.0,3.0
1.0150753,202.0,199.0
2.4049919,48564.0,20193.0
1.4398144,15825.0,10991.0
0.71653545,910.0,1270.0
0.40664962,159.0,391.0
0.4939173,406.0,822.0
9.524189,16734.0,1757.0
0.78944284,8076.0,10230.0
7.6815643,1375.0,179.0
0.50537634,94.0,186.0
0.71021456,2218.0,3123.0
0.39130434,81.0,207.0
1.3826152,1861.0,1346.0
14.09152,27253.0,1934.0
0.522293,246.0,471.0
0.41935483,26.0,62.0
0.4903846,102.0,208.0
0.7633262,358.0,469.0
0.8090909,445.0,550.0
0.58501035,10436.0,17839.0
0.55788004,400.0,717.0
1.255814,1512.0,1204.0
2.5772595,5304.0,2058.0
14.09152,27253.0,1934.0
1.6092715,486.0,302.0
6319.2905,2850000.0,451.0
0.9784689,409.0,418.0
7.0332265,17569.0,2498.0
1.9090909,483.0,253.0
11.851759,9434.0,796.0
36.195927,261226.0,7217.0
3.192453,846.0,265.0
5.0723515,1963.0,387.0
0.4,26.0,65.0
0.7984293,610.0,764.0
1.9125793,216219.0,113051.0
1.7029881,7580.0,4451.0
0.6923077,54.0,78.0
0.35714287,10.0,28.0
10.04918,613.0,61.0
0.5,10.0,20.0
5.0,15.0,3.0
0.41666666,5.0,12.0
0.5,1.0,2.0
0.30235848,641.0,2120.0
12.736088,15105.0,1186.0
0.4,2.0,5.0
0.4347826,10.0,23.0
0.4375,7.0,16.0
0.3888889,7.0,18.0
0.52380955,165.0,315.0
0.44272447,143.0,323.0
0.5675676,21.0,37.0
1.2,6.0,5.0
2.0359533,12175.0,5980.0
12.736088,15105.0,1186.0
1.5889328,402.0,253.0
14288.21,9816000.0,687.0
0.5555556,100.0,180.0
7.428571,936.0,126.0
3.0666666,92.0,30.0
3.4188294,6718.0,1965.0
28.722807,8186.0,285.0
3.9820359,665.0,167.0
0.5,3.0,6.0
0.5490909,151.0,275.0
2.0719953,130832.0,63143.0
1.1718769,28902.0,24663.0
0.6529851,350.0,536.0
0.46031746,29.0,63.0
0.39130434,18.0,46.0
8.791832,51019.0,5803.0
0.51953125,399.0,768.0
5.4489946,7318.0,1343.0
0.5099648,435.0,853.0
0.6125,196.0,320.0
0.58285713,204.0,350.0
1.6275511,2552.0,1568.0
14.958875,20733.0,1386.0
0.50769234,33.0,65.0
0.5342205,281.0,526.0
0.48412016,564.0,1165.0
0.5262206,582.0,1106.0
0.6022099,327.0,543.0
0.67841977,17413.0,25667.0
0.4828719,1029.0,2131.0
1.5665156,5876.0,3751.0
2.2119365,38470.0,17392.0
14.958875,20733.0,1386.0
1.628,407.0,250.0
10800.0,4104000.0,380.0
0.71428573,480.0,672.0
6.406143,3754.0,586.0
2.8,938.0,335.0
9.634998,39147.0,4063.0
36.19872,5647.0,156.0
3.7835052,1835.0,485.0
4.785326,3522.0,736.0
0.4871795,57.0,117.0
0.78649634,431.0,548.0
1.8609132,125366.0,67368.0
0.7148551,11121.0,15557.0
0.70183486,153.0,218.0
0.44360903,59.0,133.0
0.4,4.0,10.0
6.5694447,2365.0,360.0
0.6,93.0,155.0
4.0,32.0,8.0
0.5,10.0,20.0
0.35636362,98.0,275.0
0.5714286,20.0,35.0
1.3156322,3964.0,3013.0
13.35063,53002.0,3970.0
0.39130434,9.0,23.0
0.35,7.0,20.0
0.46072012,563.0,1222.0
0.44478527,145.0,326.0
0.4361483,847.0,1942.0
0.9145195,21793.0,23830.0
0.5176545,821.0,1586.0
0.5421687,45.0,83.0
1.0567917,17622.0,16675.0
13.35063,53002.0,3970.0
1.5224719,271.0,178.0
8187.9194,2440000.0,298.0
0.555,333.0,600.0
7.644809,2798.0,366.0
2.659091,585.0,220.0
5.3219266,24417.0,4588.0
45.84638,15817.0,345.0
3.104,388.0,125.0
4.2519684,540.0,127.0
0.625,5.0,8.0
0.65088755,550.0,845.0
2.0093327,217671.0,108330.0
0.59598434,2434.0,4084.0
0.7468355,59.0,79.0
0.16666667,2.0,12.0
0.5,3.0,6.0
7.6665754,28029.0,3656.0
0.4,18.0,45.0
3.556701,345.0,97.0
0.5,70.0,140.0
0.51152074,111.0,217.0
0.44060475,204.0,463.0
1.0120211,1347.0,1331.0
12.640071,21387.0,1692.0
0.26666668,20.0,75.0
0.48863637,215.0,440.0
0.6846543,406.0,593.0
0.1876209,97.0,517.0
0.09983361,60.0,601.0
0.51891893,2784.0,5365.0
0.47973856,367.0,765.0
0.8880426,4664.0,5252.0
2.4570107,108364.0,44104.0
12.640071,21387.0,1692.0
1.7102804,183.0,107.0
5705.7144,7988000.0,1400.0
0.6004902,245.0,408.0
8.759826,2006.0,229.0
2.6493506,816.0,308.0
4.643158,4411.0,950.0
37.232925,21260.0,571.0
3.2210526,612.0,190.0
4.75,19.0,4.0
0.09090909,1.0,11.0
1.2,216.0,180.0
1.9200009,80281.0,41813.0
1.518338,24301.0,16005.0
0.67897433,662.0,975.0
0.375,12.0,32.0
0.36842105,7.0,19.0
12.505662,115965.0,9273.0
0.6758621,294.0,435.0
3.4487178,269.0,78.0
0.52618456,211.0,401.0
0.4579918,447.0,976.0
0.43119267,94.0,218.0
1.2350265,6516.0,5276.0
14.371526,46535.0,3238.0
0.43820226,39.0,89.0
0.44894367,255.0,568.0
0.35766423,490.0,1370.0
0.40375,323.0,800.0
0.32378727,554.0,1711.0
0.569145,7762.0,13638.0
0.6887851,1474.0,2140.0
1.033168,3333.0,3226.0
2.6851566,126538.0,47125.0
14.371526,46535.0,3238.0
1.4415585,111.0,77.0
11690.623,37901000.0,3242.0
0.62068963,756.0,1218.0
9.641548,4734.0,491.0
2.1611843,1314.0,608.0
8.437627,37539.0,4449.0
35.53698,246982.0,6950.0
3.191235,801.0,251.0
4.230769,110.0,26.0
0.6666667,4.0,6.0
0.64127904,1103.0,1720.0
1.6686912,201940.0,121017.0
0.93609536,4790.0,5117.0
0.6041667,58.0,96.0
0.6,3.0,5.0
1.0,1.0,1.0
9.460674,8420.0,890.0
0.74285716,26.0,35.0
3.8857143,136.0,35.0
0.52307695,68.0,130.0
0.5220779,201.0,385.0
0.4625,37.0,80.0
1.0843434,2147.0,1980.0
14.286154,18572.0,1300.0
0.5,5.0,10.0
0.5833333,175.0,300.0
0.30104166,289.0,960.0
0.42,84.0,200.0
0.7773333,583.0,750.0
0.592,2960.0,5000.0
0.705,423.0,600.0
1.226087,705.0,575.0
2.6660433,18529.0,6950.0
14.286154,18572.0,1300.0
1.9230769,50.0,26.0
5790.6475,8049000.0,1390.0
0.58157897,221.0,380.0
6.953846,1356.0,195.0
1.0,180.0,180.0
8.217209,17667.0,2150.0
39.08889,3518.0,90.0
5.625,450.0,80.0
7.3,73.0,10.0
1.0,1.0,1.0
0.925641,361.0,390.0
2.2439985,143672.0,64025.0
1.0353535,205.0,198.0
0.5873016,37.0,63.0
0.6,3.0,5.0
0.75,3.0,4.0
10.026316,381.0,38.0
0.6944444,50.0,72.0
1.0,1.0,1.0
0.3255814,14.0,43.0
0.5,1.0,2.0
0.7290862,2266.0,3108.0
13.791636,18798.0,1363.0
0.6666667,2.0,3.0
0.4090909,9.0,22.0
0.30769232,12.0,39.0
0.6320755,134.0,212.0
0.38157895,464.0,1216.0
0.55714285,156.0,280.0
1.2461538,81.0,65.0
2.5849056,137.0,53.0
13.791636,18798.0,1363.0
1.8,99.0,55.0
10469.8545,5036000.0,481.0
0.75352114,107.0,142.0
5.659341,1030.0,182.0
2.3333333,140.0,60.0
7.3307395,7536.0,1028.0
36.20652,3331.0,92.0
3.6565657,362.0,99.0
4.111111,37.0,9.0
1.0,1.0,1.0
0.76033056,184.0,242.0
2.3908768,222177.0,92927.0
1.1608824,30104.0,25932.0
0.8212766,386.0,470.0
0.5,1.0,2.0
0.47058824,8.0,17.0
7.8625755,18194.0,2314.0
0.5694444,287.0,504.0
7.6829267,1575.0,205.0
0.56634307,175.0,309.0
0.6285047,538.0,856.0
0.4857143,34.0,70.0
1.3137813,6473.0,4927.0
12.76679,51514.0,4035.0
0.7368421,112.0,152.0
0.8436482,259.0,307.0
0.5365344,514.0,958.0
0.58196723,355.0,610.0
0.5271454,1204.0,2284.0
0.72265804,11147.0,15425.0
0.82222223,2146.0,2610.0
0.99044746,1970.0,1989.0
3.0938742,56819.0,18365.0
12.76679,51514.0,4035.0
1.5647058,399.0,255.0
12764.069,17691000.0,1386.0
0.45386267,423.0,932.0
6.4784393,6310.0,974.0
3.2252252,1074.0,333.0
7.749395,67257.0,8679.0
39.53708,107699.0,2724.0
3.415909,1503.0,440.0
4.5705523,745.0,163.0
0.6,3.0,5.0
0.73003805,768.0,1052.0
2.1991322,272644.0,123978.0
1.998885,12549.0,6278.0
0.74561405,85.0,114.0
0.42857143,3.0,7.0
0.5,1.0,2.0
10.0,80.0,8.0
0.6002252,533.0,888.0
5.0,10.0,2.0
0.5,13.0,26.0
0.42857143,33.0,77.0
0.45652175,21.0,46.0
0.48532948,1009.0,2079.0
13.715054,25510.0,1860.0
0.5,3.0,6.0
0.47368422,9.0,19.0
0.39759037,33.0,83.0
0.40761906,214.0,525.0
0.70974493,5426.0,7645.0
1.1022472,1962.0,1780.0
1.25,65.0,52.0
2.5774648,183.0,71.0
13.715054,25510.0,1860.0
1.0703703,289.0,270.0
8271.429,579000.0,70.0
0.6042781,113.0,187.0
6.8375635,6735.0,985.0
2.0,86.0,43.0
4.774143,9195.0,1926.0
36.20112,6480.0,179.0
3.433735,285.0,83.0
4.0,176.0,44.0
0.5,1.0,2.0
0.5508197,168.0,305.0
1.9876804,115844.0,58281.0
0.8666902,24523.0,28295.0
0.5976096,150.0,251.0
0.42857143,3.0,7.0
1.0,1.0,1.0
12.247956,62930.0,5138.0
0.62428844,329.0,527.0
4.167197,2617.0,628.0
0.516129,192.0,372.0
0.61538464,64.0,104.0
0.59574467,28.0,47.0
0.83681816,1841.0,2200.0
13.410473,7939.0,592.0
0.5714286,4.0,7.0
0.43234324,131.0,303.0
0.6337386,417.0,658.0
0.5169492,122.0,236.0
0.52866244,332.0,628.0
0.4134715,1596.0,3860.0
0.42900303,994.0,2317.0
0.8219081,1163.0,1415.0
1.6185062,8256.0,5101.0
13.410473,7939.0,592.0
1.7118644,101.0,59.0
4315.6343,2926000.0,678.0
0.62081784,334.0,538.0
6.4288793,5966.0,928.0
2.5020747,603.0,241.0
6.2785144,35505.0,5655.0
44.92937,40077.0,892.0
2.5,545.0,218.0
4.2518797,1131.0,266.0
0.5,1.0,2.0
0.61030596,379.0,621.0
1.4558436,89415.0,61418.0
3.5312672,12875.0,3646.0
1.2744002,25762.0,20215.0
0.57377046,70.0,122.0
1.0217391,47.0,46.0
0.9442916,1373.0,1454.0
6.7777777,282613.0,41697.0
5.6445613,16087.0,2850.0
0.6537123,1127.0,1724.0
0.94382024,252.0,267.0
0.86986303,127.0,146.0
1.2941177,22.0,17.0
0.5555556,40.0,72.0
0.9840365,2589.0,2631.0
0.8179059,1617.0,1977.0
6.4889836,44177.0,6808.0
0.7249476,1729.0,2385.0
1.035865,491.0,474.0
1.0318708,2493.0,2416.0
1.4341667,3442.0,2400.0
2.435634,139820.0,57406.0
5.2467833,52599.0,10025.0
0.6179898,3394.0,5492.0
1.9581645,25603.0,13075.0
50.183674,7377.0,147.0
0.9913392,96492.0,97335.0
1.8061539,587.0,325.0
1.1485587,518.0,451.0
8.5,34.0,4.0
0.6511628,28.0,43.0
0.972973,36.0,37.0
0.79310346,46.0,58.0
0.85714287,18.0,21.0
0.9104478,122.0,134.0
0.864184,789.0,913.0
0.84485817,953.0,1128.0
0.81764704,139.0,170.0
3.8794327,1094.0,282.0
0.5620945,1213.0,2158.0
1.0347826,595.0,575.0
1.1580311,447.0,386.0
1.4375,46.0,32.0
1.7389376,19217.0,11051.0
3.9940476,671.0,168.0
0.5974026,46.0,77.0
67.125,2148.0,32.0
1.7850525,46049.0,25797.0
1.7454545,480.0,275.0
1.9102244,766.0,401.0
1.0,1.0,1.0
1.0,2.0,2.0
0.8181818,9.0,11.0
0.77024484,818.0,1062.0
0.84793574,5381.0,6346.0
0.7860023,10916.0,13888.0
0.818,3272.0,4000.0
1.0299865,14495.0,14073.0
1.034384,722.0,698.0
0.7861472,908.0,1155.0
2.0131288,113009.0,56136.0
4.0,36.0,9.0
0.6666667,4.0,6.0
67.1229,60075.0,895.0
1.4168397,178033.0,125655.0
2.429079,17091.0,7036.0
0.8714992,529.0,607.0
0.9440915,743.0,787.0
0.65377176,338.0,517.0
0.67955804,246.0,362.0
0.6666667,2.0,3.0
1.1205479,409.0,365.0
0.6709054,1319.0,1966.0
0.41,123.0,300.0
0.8181818,243.0,297.0
2.937755,2879.0,980.0
0.6476938,660.0,1019.0
0.75,36.0,48.0
1.0,13.0,13.0
0.77257526,231.0,299.0
1.7990526,42535.0,23643.0
4.802026,15645.0,3258.0
0.5394477,547.0,1014.0
71.54484,232950.0,3256.0
1.994836,159926.0,80170.0
1.8412043,69047.0,37501.0
0.4663242,4902.0,10512.0
1.6356074,983.0,601.0
0.9444444,238.0,252.0
1.0561798,94.0,89.0
8.428572,177.0,21.0
0.6571429,92.0,140.0
0.68,17.0,25.0
0.9736842,37.0,38.0
0.7647059,13.0,17.0
0.78125,75.0,96.0
0.8724761,821.0,941.0
0.9375,30.0,32.0
0.93333334,14.0,15.0
0.78125,50.0,64.0
1.0,1.0,1.0
3.5700133,59455.0,16654.0
0.8445946,625.0,740.0
0.75,3.0,4.0
1.0352852,1379.0,1332.0
1.823001,16438.0,9017.0
1.4375,92.0,64.0
2.655569,139906.0,52684.0
3.0743885,9051.0,2944.0
1.0033333,301.0,300.0
1.9271028,2062.0,1070.0
81.48689,509782.0,6256.0
1.8333334,11.0,6.0
0.2765887,5027.0,18175.0
2.266927,47041.0,20751.0
0.87257385,1034.0,1185.0
1.2516644,940.0,751.0
1.2,6.0,5.0
1.0,7.0,7.0
0.9443962,1087.0,1151.0
1.0,7.0,7.0
9.1,182.0,20.0
0.6535433,332.0,508.0
0.7160494,290.0,405.0
0.7818182,43.0,55.0
0.7741935,72.0,93.0
0.8718874,2416.0,2771.0
1.1639942,1597.0,1372.0
1.069029,2323.0,2173.0
0.41098318,928.0,2258.0
0.8184971,708.0,865.0
4.841037,61060.0,12613.0
0.53199106,1189.0,2235.0
0.71428573,5.0,7.0
1.0352281,1293.0,1249.0
0.9831933,1872.0,1904.0
1.4337662,552.0,385.0
2.5764759,112592.0,43700.0
4.8761263,29759.0,6103.0
0.53801167,184.0,342.0
1.9223603,619.0,322.0
98.58105,651325.0,6607.0
1.75,21.0,12.0
0.9496686,27793.0,29266.0
2.442235,9703.0,3973.0
0.89419085,431.0,482.0
1.4172794,2313.0,1632.0
1.1180867,1496.0,1338.0
0.9,9.0,10.0
1.0601685,881.0,831.0
8.411765,143.0,17.0
0.6554054,97.0,148.0
0.75,36.0,48.0
0.9677419,30.0,31.0
0.7916667,95.0,120.0
0.7745665,134.0,173.0
0.87323946,124.0,142.0
1.5144203,2573.0,1699.0
1.3519151,7518.0,5561.0
1.326058,6987.0,5269.0
0.81954885,218.0,266.0
3.0,213.0,71.0
1.2579819,14736.0,11714.0
0.71428573,5.0,7.0
1.0355556,932.0,900.0
1.1750358,2457.0,2091.0
2.5984728,200441.0,77138.0
4.0339365,3566.0,884.0
0.53731346,36.0,67.0
1.8947369,36.0,19.0
45.928288,11528.0,251.0
2.039678,215955.0,105877.0
1.4883595,2749.0,1847.0
1.4490291,597.0,412.0
1.1180658,3769.0,3371.0
1.06,1749.0,1650.0
0.65957445,31.0,47.0
0.6666667,2.0,3.0
0.8333333,5.0,6.0
1.6407363,2763.0,1684.0
1.2807617,2623.0,2048.0
1.0462079,2083.0,1991.0
0.8174204,488.0,597.0
3.0,9.0,3.0
1.1198895,4054.0,3620.0
0.7777778,7.0,9.0
1.0352021,794.0,767.0
0.64635956,870.0,1346.0
2.9325132,242903.0,82831.0
4.0,116.0,29.0
24.756971,12428.0,502.0
1.751133,95829.0,54724.0
2.1279602,5122.0,2407.0
0.9987549,32889.0,32930.0
1.3277591,397.0,299.0
0.6571429,46.0,70.0
1.1293464,812.0,719.0
0.75,3.0,4.0
0.8181818,9.0,11.0
0.875,14.0,16.0
1.3571428,19.0,14.0
1.0454545,69.0,66.0
0.9857651,277.0,281.0
0.84615386,11.0,13.0
3.0019689,47269.0,15746.0
0.7658314,1681.0,2195.0
1.0,3.0,3.0
0.9793722,1092.0,1115.0
1.4444444,13.0,9.0
2.3352466,142408.0,60982.0
4.4521885,10476.0,2353.0
0.5719872,4827.0,8439.0
1.648252,3819.0,2317.0
43.446987,62694.0,1443.0
0.8915926,38326.0,42986.0
2.1236465,6080.0,2863.0
0.96428573,27.0,28.0
0.9740385,1013.0,1040.0
1.0,1.0,1.0
0.94357365,602.0,638.0
1.0,2.0,2.0
0.6536697,285.0,436.0
0.67772514,572.0,844.0
0.9811321,104.0,106.0
0.78527606,128.0,163.0
0.76666665,690.0,900.0
0.875,105.0,120.0
1.1522095,704.0,611.0
1.0250802,3515.0,3429.0
0.8468158,492.0,581.0
0.81801355,1326.0,1621.0
3.8786128,671.0,173.0
1.1718954,5379.0,4590.0
0.72727275,8.0,11.0
1.0355029,350.0,338.0
1.0928571,1071.0,980.0
1.4285715,20.0,14.0
2.1978922,111787.0,50861.0
4.2125983,2140.0,508.0
0.59661496,423.0,709.0
1.8666667,28.0,15.0
48.65,15568.0,320.0
1.0907024,53247.0,48819.0
0.50614077,4286.0,8468.0
1.0064918,62637.0,62233.0
1.3601851,1469.0,1080.0
1.1428572,16.0,14.0
9.0,9.0,1.0
8.416667,101.0,12.0
0.66101694,39.0,59.0
0.8623188,119.0,138.0
0.78125,25.0,32.0
0.77522933,169.0,218.0
0.8679245,46.0,53.0
1.32,33.0,25.0
1.0,18.0,18.0
0.8,12.0,15.0
4.918008,29331.0,5964.0
0.9411765,192.0,204.0
0.8,4.0,5.0
1.0352697,499.0,482.0
1.2330282,3233.0,2622.0
3.3893583,282764.0,83427.0
2.9467425,5699.0,1934.0
1.5977012,1946.0,1218.0
39.99806,1234820.0,30872.0
1.78125,456.0,256.0
0.81458837,21453.0,26336.0
2.5520759,7008.0,2746.0
1.0833334,26.0,24.0
1.9480519,150.0,77.0
0.94398683,573.0,607.0
0.6666667,24.0,36.0
0.85714287,12.0,14.0
1.0,1.0,1.0
0.92156863,47.0,51.0
1.069869,490.0,458.0
0.78313255,65.0,83.0
0.82222223,74.0,90.0
4.2,84.0,20.0
0.79012346,192.0,243.0
1.0,1.0,1.0
1.2391304,57.0,46.0
1.4966897,11303.0,7552.0
2.3235295,79.0,34.0
1.0,39.0,39.0
67.61004,161588.0,2390.0
0.41827542,14950.0,35742.0
1.8108108,938.0,518.0
1.1448276,166.0,145.0
8.0,8.0,1.0
0.6666667,10.0,15.0
1.0,2.0,2.0
0.98039216,50.0,51.0
0.6666667,2.0,3.0
0.90909094,80.0,88.0
0.95380574,1817.0,1905.0
0.9689515,6460.0,6667.0
0.8137255,83.0,102.0
3.8823528,198.0,51.0
0.9059345,5923.0,6538.0
1.0348314,921.0,890.0
1.1104972,201.0,181.0
1.9722418,67143.0,34044.0
3.9035532,769.0,197.0
0.6,66.0,110.0
86.74258,17522.0,202.0
1.3099461,15067.0,11502.0
1.12,252.0,225.0
1.0375587,221.0,213.0
1.4992256,2904.0,1937.0
0.625,5.0,8.0
0.71428573,5.0,7.0
0.6666667,2.0,3.0
0.8333333,5.0,6.0
0.85,17.0,20.0
1.159751,1118.0,964.0
0.8469327,5688.0,6716.0
0.85897005,2552.0,2971.0
0.8181818,1098.0,1342.0
0.79193515,3810.0,4811.0
1.0351437,648.0,626.0
1.0319878,1355.0,1313.0
2.414662,167720.0,69459.0
0.6,3.0,5.0
24.757097,7848.0,317.0
1.8074671,171037.0,94628.0
3.4100685,34885.0,10230.0
1.137873,12850.0,11293.0
0.56666666,17.0,30.0
0.94385964,269.0,285.0
10.538897,283275.0,26879.0
8.5,24752.0,2912.0
0.65296805,143.0,219.0
0.7654385,1475.0,1927.0
0.8718704,2960.0,3395.0
1.3157895,100.0,76.0
0.55263156,42.0,76.0
0.98245615,168.0,171.0
0.81707317,335.0,410.0
3.6830077,90079.0,24458.0
0.90488005,1094.0,1209.0
0.7,7.0,10.0
1.0360825,402.0,388.0
1.0420866,3516.0,3374.0
1.4337016,1557.0,1086.0
3.0572863,92648.0,30304.0
4.0021367,67432.0,16849.0
0.8278942,2410.0,2911.0
2.0446885,59206.0,28956.0
44.84472,7220.0,161.0
1.7906977,77.0,43.0
1.4093918,77074.0,54686.0
1.8622931,30374.0,16310.0
0.8004638,7594.0,9487.0
1.6722223,301.0,180.0
0.9450867,327.0,346.0
1.0,6.0,6.0
9.0,9.0,1.0
8.437838,3122.0,370.0
0.65217394,60.0,92.0
0.8108108,30.0,37.0
0.9767442,42.0,43.0
0.7777778,14.0,18.0
0.7656951,683.0,892.0
0.8720515,2440.0,2798.0
0.92948717,145.0,156.0
0.9276018,205.0,221.0
0.7796976,361.0,463.0
0.82758623,24.0,29.0
4.5909996,149864.0,32643.0
0.93728817,553.0,590.0
0.7586207,22.0,29.0
1.0353218,1319.0,1274.0
1.2980877,3462.0,2667.0
1.4335665,1435.0,1001.0
1.7211518,58335.0,33893.0
3.1906517,21639.0,6782.0
1.0018326,1640.0,1637.0
1.8904109,138.0,73.0
84.22172,18613.0,221.0
0.37714514,5670.0,15034.0
3.430642,1657.0,483.0
0.52589136,1239.0,2356.0
0.5777778,26.0,45.0
0.9446367,546.0,578.0
7.244447,165043.0,22782.0
5.0056787,8815.0,1761.0
0.6535533,515.0,788.0
0.94160587,129.0,137.0
0.78688526,192.0,244.0
0.8712446,203.0,233.0
0.55,110.0,200.0
0.9835729,479.0,487.0
0.81797343,1784.0,2181.0
1.7563587,1312.0,747.0
0.5961183,645.0,1082.0
1.0340909,91.0,88.0
0.41125828,621.0,1510.0
1.2166789,24875.0,20445.0
3.5445545,5370.0,1515.0
0.5779673,3321.0,5746.0
1.9044223,24030.0,12618.0
50.185715,3513.0,70.0
1.7777778,128.0,72.0
0.8898665,56438.0,63423.0
1.8744924,5078.0,2709.0
1.6710875,630.0,377.0
0.6315789,12.0,19.0
0.8636364,19.0,22.0
0.8849175,4506.0,5092.0
0.7610679,4504.0,5918.0
0.8333333,20.0,24.0
0.6849879,5658.0,8260.0
1.0346359,1165.0,1126.0
1.7627405,87684.0,49743.0
2.2,11.0,5.0
84.21667,5053.0,60.0
0.44358313,1545.0,3483.0
1.8364561,12644.0,6885.0
1.1103395,18868.0,16993.0
1.5454545,17.0,11.0
0.9438503,353.0,374.0
4.677841,22884.0,4892.0
5.044656,10619.0,2105.0
0.655,262.0,400.0
0.5625,198.0,352.0
0.79591835,39.0,49.0
0.7692308,10.0,13.0
0.87249285,609.0,698.0
0.5419753,439.0,810.0
0.81958765,159.0,194.0
3.576965,49194.0,13753.0
0.5198822,353.0,679.0
1.0349854,1065.0,1029.0
1.1633663,1410.0,1212.0
1.4339589,8099.0,5648.0
1.9271039,68470.0,35530.0
3.143626,67764.0,21556.0
0.472976,8436.0,17836.0
1.7621052,837.0,475.0
50.182014,253921.0,5060.0
0.70376,41664.0,59202.0
1.7589576,540.0,307.0
0.65870064,28004.0,42514.0
1.4,7.0,5.0
0.9578313,159.0,166.0
0.94427246,305.0,323.0
9.2,46.0,5.0
8.454545,93.0,11.0
0.6567164,88.0,134.0
0.675,27.0,40.0
0.783122,1791.0,2287.0
0.7892562,191.0,242.0
0.8722382,908.0,1041.0
1.3191489,62.0,47.0
1.0,9.0,9.0
0.9842033,1433.0,1456.0
0.81707317,335.0,410.0
4.4341397,3299.0,744.0
0.6860342,5821.0,8485.0
0.74,74.0,100.0
1.0338984,305.0,295.0
0.974359,1178.0,1209.0
1.5,6.0,4.0
2.3737288,225941.0,95184.0
4.4990826,2452.0,545.0
0.4299358,2746.0,6387.0
1.822573,3811.0,2091.0
54.572254,9441.0,173.0
0.5148172,69524.0,135046.0
1.3725135,4554.0,3318.0
1.6684492,312.0,187.0
1.0,9.0,9.0
0.9437653,386.0,409.0
0.65217394,120.0,184.0
0.6666667,30.0,45.0
0.8095238,17.0,21.0
1.0,1.0,1.0
0.87058824,74.0,85.0
0.9230769,36.0,39.0
1.003367,1192.0,1188.0
0.7798165,85.0,109.0
0.8150685,119.0,146.0
1.6272322,1458.0,896.0
0.7888774,766.0,971.0
1.0340632,425.0,411.0
1.573487,1092.0,694.0
1.8089778,27927.0,15438.0
2.526351,3787.0,1499.0
1.0,125.0,125.0
1.9101124,170.0,89.0
67.609024,17984.0,266.0
0.44783312,11615.0,25936.0
1.3737987,2716.0,1977.0
0.7012517,11821.0,16857.0
1.7651435,3322.0,1882.0
17.185484,2131.0,124.0
1.5591054,488.0,313.0
0.8333333,5.0,6.0
0.7741935,24.0,31.0
1.0,2.0,2.0
0.8888889,8.0,9.0
1.5096046,1336.0,885.0
1.0428572,73.0,70.0
0.9836956,724.0,736.0
0.8172043,152.0,186.0
2.6699922,51918.0,19445.0
0.7110599,1543.0,2170.0
0.7419355,276.0,372.0
1.0372093,223.0,215.0
0.9700517,6381.0,6578.0
1.4285715,50.0,35.0
2.4606848,231452.0,94060.0
2.6261466,20329.0,7741.0
0.43199077,10125.0,23438.0
1.6884615,439.0,260.0
50.561996,250383.0,4952.0
1.7825568,1492.0,837.0
0.46831265,48254.0,103038.0
1.3061424,5316.0,4070.0
2.328767,680.0,292.0
1.0,14.0,14.0
0.65316457,258.0,395.0
1.0,16.0,16.0
0.87234044,41.0,47.0
1.4765625,378.0,256.0
1.1538987,5061.0,4386.0
1.1709335,2973.0,2539.0
2.997877,2824.0,942.0
1.0989786,16677.0,15175.0
1.034384,361.0,349.0
2.103108,4263.0,2027.0
1.4342105,218.0,152.0
2.0932014,144613.0,69087.0
3.893481,9138.0,2347.0
0.5393082,343.0,636.0
1.9444444,175.0,90.0
24.758621,5026.0,203.0
1.0841004,74082.0,68335.0
1.1144663,1587.0,1424.0
1.0530705,1389.0,1319.0
1.025,82.0,80.0
0.9424779,213.0,226.0
1.060606,490.0,462.0
0.64705884,44.0,68.0
0.6828358,183.0,268.0
0.98237884,223.0,227.0
0.8125,13.0,16.0
0.88095236,37.0,42.0
0.875,7.0,8.0
1.0570711,2945.0,2786.0
0.84513277,955.0,1130.0
0.8175788,493.0,603.0
3.875,155.0,40.0
1.3,5590.0,4300.0
1.0365448,312.0,301.0
1.1480938,1566.0,1364.0
1.4444444,39.0,27.0
2.0253718,120220.0,59357.0
4.1334033,3935.0,952.0
0.5962617,957.0,1605.0
50.18128,33772.0,673.0
1.0350356,45968.0,44412.0
1.4518664,2956.0,2036.0
1.1347886,38155.0,33623.0
1.2281091,5540.0,4511.0
9.126582,721.0,79.0
17.142857,120.0,7.0
0.6530612,64.0,98.0
0.6825397,43.0,63.0
1.5555556,14.0,9.0
0.8095238,17.0,21.0
0.7906977,136.0,172.0
0.7818182,43.0,55.0
0.8666667,78.0,90.0
1.3101737,1056.0,806.0
1.04,78.0,75.0
0.9844961,381.0,387.0
0.81846154,532.0,650.0
3.1509178,16306.0,5175.0
0.6429845,9738.0,15145.0
0.74285716,702.0,945.0
1.0345982,927.0,896.0
0.8260114,13312.0,16116.0
1.4307692,186.0,130.0
2.684867,192215.0,71592.0
2.9584706,11683.0,3949.0
0.5127119,121.0,236.0
1.7654271,4320.0,2447.0
38.922993,4873470.0,125208.0
1.2585845,117436.0,93308.0
0.8232094,4540.0,5515.0
1.0298507,69.0,67.0
2.2464623,1905.0,848.0
0.6666667,8.0,12.0
1.2168674,101.0,83.0
1.2239472,7411.0,6055.0
1.4309853,13550.0,9469.0
0.81793916,1532.0,1873.0
2.9974875,1193.0,398.0
1.0810066,30626.0,28331.0
1.0352349,1234.0,1192.0
1.6674907,1349.0,809.0
1.4285715,10.0,7.0
2.3350027,143612.0,61504.0
4.0535564,4844.0,1195.0
0.53896105,83.0,154.0
36.73995,68520.0,1865.0
1.2853781,61184.0,47600.0
0.86503416,6076.0,7024.0
0.6243996,45367.0,72657.0
2.9139578,4572.0,1569.0
9.142858,128.0,14.0
17.142857,120.0,7.0
0.6533613,311.0,476.0
0.8333333,20.0,24.0
1.548387,48.0,31.0
0.79452056,58.0,73.0
0.73333335,11.0,15.0
0.87243736,383.0,439.0
2.6363637,377.0,143.0
1.03125,33.0,32.0
0.983683,422.0,429.0
0.8173653,273.0,334.0
3.30005,13187.0,3996.0
1.1580138,8186.0,7069.0
0.74545455,123.0,165.0
1.04,104.0,100.0
1.6671958,3151.0,1890.0
1.4444444,52.0,36.0
3.0282955,310691.0,102596.0
2.864218,13880.0,4846.0
0.5131023,607.0,1183.0
1.6896552,196.0,116.0
40.637974,660936.0,16264.0
0.61976236,36874.0,59497.0
3.3391397,34313.0,10276.0
1.5990976,24455.0,15293.0
0.5684931,83.0,146.0
0.943734,369.0,391.0
11.477758,244350.0,21289.0
7.038978,21490.0,3053.0
0.6539409,531.0,812.0
0.75,9.0,12.0
0.87134504,149.0,171.0
1.0,1.0,1.0
0.5498008,138.0,251.0
0.9842975,1191.0,1210.0
0.8181818,486.0,594.0
1.6589766,19128.0,11530.0
0.63191295,1394.0,2206.0
1.0362694,200.0,193.0
0.99409556,3704.0,3726.0
1.4342524,2705.0,1886.0
1.9647297,82666.0,42075.0
2.5119886,40963.0,16307.0
0.5419497,2713.0,5006.0
1.8580344,19056.0,10256.0
43.564754,20519.0,471.0
1.7804878,73.0,41.0
1.1026245,73480.0,66641.0
1.5561798,277.0,178.0
0.9813084,105.0,107.0
1.4616935,725.0,496.0
1.1428572,8.0,7.0
1.0285715,36.0,35.0
0.9484536,92.0,97.0
1.0,6.0,6.0
8.5,17.0,2.0
0.66071427,37.0,56.0
0.6886792,73.0,106.0
1.0,2.0,2.0
0.75,6.0,8.0
0.8666667,39.0,45.0
1.4659218,1312.0,895.0
1.3423898,4842.0,3607.0
1.3180045,6420.0,4871.0
0.81769437,1220.0,1492.0
0.9460287,4943.0,5225.0
0.6666667,4.0,6.0
1.0354477,555.0,536.0
1.2197856,2503.0,2052.0
2.9399996,387783.0,131899.0
4.0,12.0,3.0
0.5368421,51.0,95.0
1.9,38.0,20.0
28.470303,29239.0,1027.0
1.6535314,286390.0,173199.0
3.5371783,34346.0,9710.0
1.3060335,28162.0,21563.0
1.5396825,97.0,63.0
0.9435114,618.0,655.0
12.613636,555.0,44.0
10.778082,3934.0,365.0
0.97482836,852.0,874.0
0.8,4.0,5.0
0.8181818,9.0,11.0
1.0,3.0,3.0
0.34074074,138.0,405.0
0.81642514,169.0,207.0
4.8240156,63595.0,13183.0
0.48931116,206.0,421.0
0.75,12.0,16.0
1.0361446,258.0,249.0
0.68511796,755.0,1102.0
1.4356436,145.0,101.0
2.301863,101694.0,44179.0
6.406061,148595.0,23196.0
0.6349921,9302.0,14649.0
1.8011472,4710.0,2615.0
50.25,201.0,4.0
0.99389493,67724.0,68140.0
1.766619,20968.0,11869.0
0.7017793,24730.0,35239.0
1.4527028,860.0,592.0
9.136364,201.0,22.0
8.436975,2008.0,238.0
0.65284973,252.0,386.0
0.6666667,2.0,3.0
0.88235295,15.0,17.0
0.7877698,657.0,834.0
0.78527606,384.0,489.0
0.8717241,632.0,725.0
1.3333334,24.0,18.0
1.0384616,27.0,26.0
0.9847328,129.0,131.0
0.8125,52.0,64.0
5.2226577,149180.0,28564.0
1.1057057,1841.0,1665.0
1.035313,645.0,623.0
1.4378734,2407.0,1674.0
1.4339622,76.0,53.0
2.6546721,163780.0,61695.0
4.5377703,56046.0,12351.0
0.7059998,7072.0,10017.0
0.8656215,773.0,893.0
48.94578,243750.0,4980.0
1.7830477,5827.0,3268.0
0.4120875,21553.0,52302.0
1.4363096,25111.0,17483.0
1.09094,6406.0,5872.0
1.3652531,998.0,731.0
8.428572,295.0,35.0
0.8606557,210.0,244.0
0.7692308,110.0,143.0
0.8666667,78.0,90.0
0.8095238,51.0,63.0
0.9879518,82.0,83.0
0.6666667,2.0,3.0
2.582962,13917.0,5388.0
0.9415584,145.0,154.0
0.75,6.0,8.0
1.0338984,61.0,59.0
0.8800287,2450.0,2784.0
1.5,3.0,2.0
2.780472,217875.0,78359.0
2.7814128,15473.0,5563.0
0.5150125,1235.0,2398.0
1.9440559,556.0,286.0
41.68929,148664.0,3566.0
1.2648486,82372.0,65124.0
1.1284046,290.0,257.0
1.6724138,388.0,232.0
1.0,2.0,2.0
1.0,5.0,5.0
0.9907787,967.0,976.0
0.8371169,1475.0,1762.0
0.8184569,541.0,661.0
4.2,567.0,135.0
0.770972,2316.0,3004.0
1.0333333,31.0,30.0
0.6385373,454.0,711.0
1.6247044,34343.0,21138.0
3.86,193.0,50.0
67.811905,50113.0,739.0
0.47481933,4205.0,8856.0
2.1396396,475.0,222.0
0.5051903,3796.0,7514.0
1.7538462,228.0,130.0
0.65555555,59.0,90.0
1.5454545,17.0,11.0
0.7870968,122.0,155.0
0.7605634,54.0,71.0
0.98275864,228.0,232.0
0.8148148,88.0,108.0
3.5947137,2448.0,681.0
0.94025975,1086.0,1155.0
0.74183005,227.0,306.0
1.0350877,59.0,57.0
0.6498856,284.0,437.0
1.4193548,44.0,31.0
2.7333293,44843.0,16406.0
4.2153845,822.0,195.0
0.513347,500.0,974.0
21.219923,71787.0,3383.0
2.0,2.0,1.0
0.19022411,3845.0,20213.0
1.1342658,811.0,715.0
0.49804804,13523.0,27152.0
1.8100264,686.0,379.0
1.1190476,47.0,42.0
1.0282485,182.0,177.0
17.184874,2045.0,119.0
0.65486723,148.0,226.0
1.5594771,1193.0,765.0
0.7692308,10.0,13.0
0.875,21.0,24.0
1.5131578,230.0,152.0
0.9837838,1274.0,1295.0
0.8188235,348.0,425.0
6.320697,6169.0,976.0
0.86805755,6033.0,6950.0
0.745283,79.0,106.0
1.0359712,288.0,278.0
2.2938356,3349.0,1460.0
1.8192925,113764.0,62532.0
2.8560412,8888.0,3112.0
0.856013,4221.0,4931.0
2.2222223,20.0,9.0
82.373276,1778439.0,21590.0
0.30141646,24195.0,80271.0
1.7780753,21913.0,12324.0
0.7779547,17101.0,21982.0
1.7168217,2031.0,1183.0
1.1232877,82.0,73.0
1.0689656,31.0,29.0
8.444445,152.0,18.0
0.72,18.0,25.0
0.8594164,648.0,754.0
0.8,20.0,25.0
0.7582418,69.0,91.0
0.87362635,159.0,182.0
1.3275862,154.0,116.0
0.82,41.0,50.0
0.8214286,23.0,28.0
2.1410465,10474.0,4892.0
0.939759,468.0,498.0
0.7368421,14.0,19.0
1.0348557,861.0,832.0
1.2270322,2551.0,2079.0
2.0118556,190062.0,94471.0
2.748966,10633.0,3868.0
0.868011,947.0,1091.0
46.227932,267105.0,5778.0
1.7849462,166.0,93.0
0.94279313,61884.0,65639.0
2.531516,4458.0,1761.0
1.4103801,31278.0,22177.0
1.5555556,42.0,27.0
0.9440559,1215.0,1287.0
16.522236,164578.0,9961.0
15.233469,41237.0,2707.0
0.65384614,697.0,1066.0
0.8347107,101.0,121.0
0.941836,1344.0,1427.0
0.78612715,136.0,173.0
0.8722986,444.0,509.0
1.0,3.0,3.0
0.58098423,1216.0,2093.0
0.81845236,825.0,1008.0
4.480089,14063.0,3139.0
0.4163987,518.0,1244.0
1.0330578,250.0,242.0
1.0364004,1025.0,989.0
1.4340278,6195.0,4320.0
1.542146,77755.0,50420.0
5.6764784,42040.0,7406.0
0.34098068,8011.0,23494.0
1.9567463,12124.0,6196.0
50.183205,6574.0,131.0
1.1394408,70708.0,62055.0
1.9844615,29374.0,14802.0
0.55698925,2590.0,4650.0
2.4796634,1768.0,713.0
17.187794,7322.0,426.0
0.6486486,24.0,37.0
1.5603448,181.0,116.0
0.7647059,13.0,17.0
0.7881356,93.0,118.0
0.87234044,246.0,282.0
1.5,27.0,18.0
1.0491803,64.0,61.0
0.98214287,55.0,56.0
0.8076923,21.0,26.0
2.3390622,15515.0,6633.0
0.8156425,146.0,179.0
1.0,1.0,1.0
1.0256411,40.0,39.0
0.90019494,2309.0,2565.0
1.0,1.0,1.0
3.3199747,157234.0,47360.0
2.7465954,30858.0,11235.0
0.5359751,4477.0,8353.0
1.687898,265.0,157.0
46.789318,15768.0,337.0
1.7830665,8466.0,4748.0
0.6823639,22677.0,33233.0
2.2,55.0,25.0
5.15,103.0,20.0
4.525,2715.0,600.0
18.666666,56.0,3.0
20.0,180.0,9.0
0.5607064,508.0,906.0
0.4,2.0,5.0
1.5384616,20.0,13.0
0.36603823,2854.0,7797.0
1.6534296,916.0,554.0
2.0042486,40570.0,20242.0
2.5421686,211.0,83.0
0.39732143,89.0,224.0
0.21256872,2591.0,12189.0
0.1211499,59.0,487.0
0.2792223,1192.0,4269.0
1.6772192,401486.0,239376.0
0.44612068,207.0,464.0
0.18832797,2630.0,13965.0
1.4705882,25.0,17.0
0.2,6.0,30.0
0.40980592,4012.0,9790.0
1.0086207,936.0,928.0
0.8333333,10.0,12.0
0.28976035,133.0,459.0
0.30769232,8.0,26.0
0.2857143,4.0,14.0
0.3529412,6.0,17.0
0.32876712,120.0,365.0
0.5823986,1350.0,2318.0
2.1130953,1420.0,672.0
46.606556,2843.0,61.0
0.2739726,20.0,73.0
0.39399624,210.0,533.0
1.2580645,156.0,124.0
3.5,14.0,4.0
5.4268293,445.0,82.0
5.648889,1271.0,225.0
0.4084507,29.0,71.0
2.494692,1175.0,471.0
5.8272424,1754.0,301.0
0.6666667,2.0,3.0
0.7962963,129.0,162.0
0.42857143,3.0,7.0
1.5,12.0,8.0
0.32294616,114.0,353.0
1.409241,854.0,606.0
1.4729345,1034.0,702.0
2.15,43.0,20.0
0.3553719,129.0,363.0
0.2173913,10.0,46.0
0.17050691,37.0,217.0
0.26923078,21.0,78.0
2.1303508,127052.0,59639.0
0.27102804,29.0,107.0
0.23484848,155.0,660.0
0.35825545,115.0,321.0
0.19574468,46.0,235.0
0.21770334,91.0,418.0
0.03508772,2.0,57.0
0.29411766,15.0,51.0
0.25641027,50.0,195.0
33.333332,100.0,3.0
0.32,16.0,50.0
1.0,1.0,1.0
0.42857143,3.0,7.0
2.0,2.0,1.0
6.818182,75.0,11.0
0.8181818,9.0,11.0
0.46448207,2112.0,4547.0
0.42857143,6.0,14.0
0.34536082,67.0,194.0
1.4974093,2312.0,1544.0
0.31939164,252.0,789.0
1.3342619,479.0,359.0
1.7374895,6215.0,3577.0
2.4285715,17.0,7.0
0.23655914,22.0,93.0
0.24397591,81.0,332.0
0.32352942,99.0,306.0
1.6762185,551672.0,329117.0
0.34235454,253.0,739.0
0.27915195,948.0,3396.0
1.3810114,5571.0,4034.0
0.44301075,206.0,465.0
0.23451594,390.0,1663.0
0.5,3.0,6.0
1.0275574,18905.0,18398.0
0.25,1.0,4.0
0.78631794,72482.0,92179.0
0.2539618,625.0,2461.0
0.2712177,294.0,1084.0
0.27272728,6.0,22.0
0.11827957,33.0,279.0
0.35576922,333.0,936.0
0.3579148,563.0,1573.0
0.37068966,129.0,348.0
0.2278481,36.0,158.0
1.3069669,17878.0,13679.0
0.26341462,108.0,410.0
0.45131376,292.0,647.0
1.2586207,73.0,58.0
2.9298246,167.0,57.0
5.6099477,2143.0,382.0
5.3418803,2500.0,468.0
0.34920636,22.0,63.0
3.0817845,829.0,269.0
5.4124293,958.0,177.0
1.0,1.0,1.0
0.36036035,280.0,777.0
1.0,1.0,1.0
0.32498747,649.0,1997.0
1.6269478,1775.0,1091.0
2.1295607,12607.0,5920.0
2.53125,81.0,32.0
0.3581489,356.0,994.0
0.21929824,100.0,456.0
0.116883114,72.0,616.0
0.2746479,117.0,426.0
1.8963213,261296.0,137791.0
0.35199523,591.0,1679.0
0.21279468,9144.0,42971.0
1.4166666,17.0,12.0
0.35759783,393.0,1099.0
0.4,4.0,10.0
0.21682848,67.0,309.0
0.28720787,467.0,1626.0
1.4,7.0,5.0
33.294872,2597.0,78.0
0.125,1.0,8.0
0.3125,45.0,144.0
1.0,3.0,3.0
9.0,54.0,6.0
0.33333334,6.0,18.0
2.5454545,28.0,11.0
5.825,466.0,80.0
0.79545456,35.0,44.0
0.31746033,20.0,63.0
0.33333334,1.0,3.0
1.3461539,35.0,26.0
0.3425926,37.0,108.0
1.6,32.0,20.0
2.5212355,653.0,259.0
2.5128205,98.0,39.0
0.25,26.0,104.0
0.18181819,6.0,33.0
0.36090225,48.0,133.0
0.29310346,17.0,58.0
2.3400729,395133.0,168855.0
0.3877551,38.0,98.0
0.16176471,11.0,68.0
0.5925926,16.0,27.0
0.03723404,7.0,188.0
1.1365033,6286.0,5531.0
0.3392857,19.0,56.0
0.6539725,13738.0,21007.0
0.2619518,663.0,2531.0
0.38850576,169.0,435.0
0.2611465,82.0,314.0
0.35384616,46.0,130.0
0.38990825,425.0,1090.0
0.4176923,1086.0,2600.0
0.26,13.0,50.0
0.27327934,135.0,494.0
1.3555555,1708.0,1260.0
46.07143,645.0,14.0
0.40707964,92.0,226.0
0.53435117,140.0,262.0
1.0,2.0,2.0
3.0,3.0,1.0
5.716981,303.0,53.0
6.5,39.0,6.0
3.2,32.0,10.0
5.3555555,241.0,45.0
0.43577337,2792.0,6407.0
0.5,1.0,2.0
1.7707007,556.0,314.0
0.35714287,85.0,238.0
1.52,76.0,50.0
1.469697,485.0,330.0
2.3333333,77.0,33.0
0.2512563,50.0,199.0
1.8281492,844764.0,462087.0
0.33376125,260.0,779.0
0.19356105,493.0,2547.0
1.0534345,39291.0,37298.0
0.53503186,84.0,157.0
0.3139726,573.0,1825.0
0.60655737,37.0,61.0
0.95064807,96159.0,101151.0
0.29807693,62.0,208.0
0.54396594,56041.0,103023.0
0.23021366,1530.0,6646.0
0.33544546,1747.0,5208.0
0.27237353,70.0,257.0
0.31606767,299.0,946.0
0.3287841,795.0,2418.0
0.22988506,40.0,174.0
0.23806275,349.0,1466.0
1.0153489,26725.0,26321.0
28.60265,4319.0,151.0
0.29200652,179.0,613.0
0.65467626,91.0,139.0
1.1578947,22.0,19.0
3.0,39.0,13.0
4.151515,685.0,165.0
6.5,13.0,2.0
0.43589744,17.0,39.0
3.078125,4334.0,1408.0
5.803279,354.0,61.0
1.8125,29.0,16.0
0.46380472,551.0,1188.0
0.33333334,4.0,12.0
1.4920802,1413.0,947.0
0.36942676,58.0,157.0
1.7348485,687.0,396.0
0.24336283,55.0,226.0
0.42028984,87.0,207.0
2.5880728,659384.0,254778.0
0.43453237,302.0,695.0
0.2857143,6.0,21.0
1.52,76.0,50.0
0.44956774,156.0,347.0
0.25857338,377.0,1458.0
1.032258,160.0,155.0
0.3125,10.0,32.0
0.786315,16548.0,21045.0
0.26351622,658.0,2497.0
0.2857143,8.0,28.0
0.23140496,28.0,121.0
0.41101694,97.0,236.0
0.3529412,72.0,204.0
0.35854152,531.0,1481.0
0.25,5.0,20.0
0.22900763,30.0,131.0
1.489291,4033.0,2708.0
39.76923,517.0,13.0
0.30555555,22.0,72.0
0.52371544,265.0,506.0
1.25,5.0,4.0
2.9473684,56.0,19.0
5.6083746,2277.0,406.0
5.3436427,1555.0,291.0
0.5,1.0,2.0
3.0810812,114.0,37.0
5.392857,151.0,28.0
0.85714287,6.0,7.0
0.47089696,1974.0,4192.0
0.33333334,7.0,21.0
1.5553092,6313.0,4059.0
0.27490723,963.0,3503.0
1.5648148,169.0,108.0
1.6978441,10002.0,5891.0
1.6666666,25.0,15.0
0.2777778,10.0,36.0
0.15722711,3359.0,21364.0
0.27134147,89.0,328.0
0.21628499,85.0,393.0
1.3786635,247335.0,179402.0
0.37593985,100.0,266.0
0.26101413,942.0,3609.0
1.1986301,175.0,146.0
0.3424265,5021.0,14663.0
0.5,9.0,18.0
0.9858906,1118.0,1134.0
0.5277778,171.0,324.0
0.24038461,275.0,1144.0
0.29411766,135.0,459.0
0.05,25.0,500.0
0.33799535,290.0,858.0
0.37154555,1815.0,4885.0
1.4987321,1773.0,1183.0
31.125,747.0,24.0
0.20512821,8.0,39.0
0.49056605,130.0,265.0
0.90909094,10.0,11.0
2.890511,396.0,137.0
8.225654,3463.0,421.0
5.159301,10623.0,2059.0
0.33333334,31.0,93.0
2.909091,128.0,44.0
5.5898733,2208.0,395.0
0.73015875,46.0,63.0
0.36433816,1935.0,5311.0
0.8333333,5.0,6.0
1.7988827,322.0,179.0
1.6177778,364.0,225.0
1.4359899,3982.0,2773.0
0.21428572,3.0,14.0
0.18181819,70.0,385.0
0.22222222,2.0,9.0
1.5772674,151006.0,95739.0
0.2722063,190.0,698.0
0.17012785,2515.0,14783.0
1.2728552,41602.0,32684.0
1.0,5.0,5.0
0.35536844,844.0,2375.0
0.90801483,58300.0,64206.0
0.51121545,2940.0,5751.0
0.27393618,206.0,752.0
0.325478,732.0,2249.0
0.14285715,1.0,7.0
0.33333334,2.0,6.0
0.32307693,147.0,455.0
0.3729389,769.0,2062.0
0.28846154,30.0,104.0
1.1016136,6895.0,6259.0
0.25,22.0,88.0
0.54867256,124.0,226.0
1.2857143,9.0,7.0
1.2727273,14.0,11.0
4.366667,917.0,210.0
4.4387755,435.0,98.0
1.8639476,6261.0,3359.0
6.0,330.0,55.0
0.5619048,354.0,630.0
0.31805232,2456.0,7722.0
1.9503546,550.0,282.0
2.0356026,18868.0,9269.0
3.0,3.0,1.0
0.40308583,418.0,1037.0
0.2199074,95.0,432.0
0.118329465,51.0,431.0
0.2748252,393.0,1430.0
2.2219176,385716.0,173596.0
0.4864865,360.0,740.0
0.3261897,5038.0,15445.0
0.21875,7.0,32.0
0.42285714,2220.0,5250.0
1.1696552,848.0,725.0
0.25,1.0,4.0
0.95328945,1449.0,1520.0
0.3387271,314.0,927.0
0.30666667,23.0,75.0
0.33333334,18.0,54.0
0.22222222,2.0,9.0
0.3288719,516.0,1569.0
0.45270815,560.0,1237.0
0.29090908,16.0,55.0
1.7163461,1428.0,832.0
46.57143,326.0,7.0
0.28723404,27.0,94.0
0.45416668,109.0,240.0
1.2631578,24.0,19.0
3.0,63.0,21.0
5.4418607,468.0,86.0
5.6666665,153.0,27.0
0.43373495,36.0,83.0
2.6666667,8.0,3.0
6.7865167,604.0,89.0
0.84615386,11.0,13.0
0.46395433,650.0,1401.0
0.5,4.0,8.0
1.2413793,360.0,290.0
0.29815593,1633.0,5477.0
1.318801,484.0,367.0
1.4702101,6860.0,4666.0
2.3023255,99.0,43.0
0.21348314,19.0,89.0
0.24444444,99.0,405.0
0.427907,276.0,645.0
1.1950699,130510.0,109207.0
0.2886076,456.0,1580.0
0.2518592,508.0,2017.0
0.6666667,2.0,3.0
0.5,3.0,6.0
0.21858752,1009.0,4616.0
0.53070176,121.0,228.0
0.8939394,295.0,330.0
0.71007806,2001.0,2818.0
0.2437673,352.0,1444.0
0.27083334,13.0,48.0
0.25,1.0,4.0
0.061170213,23.0,376.0
0.32512316,66.0,203.0
0.3580574,811.0,2265.0
0.25,1.0,4.0
0.9955224,667.0,670.0
0.33333334,3.0,9.0
0.45384616,59.0,130.0
1.25,10.0,8.0
2.9333334,44.0,15.0
5.6089745,875.0,156.0
4.4805827,923.0,206.0
3.0,12.0,4.0
5.4074073,438.0,81.0
0.8,4.0,5.0
0.47090095,1683.0,3574.0
0.9723757,176.0,181.0
0.16395223,453.0,2763.0
0.84013605,494.0,588.0
1.6276855,13334.0,8192.0
1.6666666,320.0,192.0
0.1,2.0,20.0
0.17325084,364.0,2101.0
0.33333334,1.0,3.0
1.0888355,73896.0,67867.0
0.25430068,340.0,1337.0
0.21382022,1903.0,8900.0
0.17352642,683.0,3936.0
0.48550725,67.0,138.0
0.83879095,333.0,397.0
0.49739584,191.0,384.0
0.23446105,298.0,1271.0
0.18324608,35.0,191.0
0.28915662,72.0,249.0
0.4045346,1356.0,3352.0
0.93385434,3346.0,3583.0
0.19444445,7.0,36.0
0.31730768,33.0,104.0
1.3125,21.0,16.0
1.875,105.0,56.0
3.7413793,434.0,116.0
4.589404,2772.0,604.0
0.1971831,14.0,71.0
3.0,3.0,1.0
4.34,434.0,100.0
0.88235295,15.0,17.0
0.27142859,209.0,770.0
1.2345397,7027.0,5692.0
0.30612245,30.0,98.0
1.4324324,53.0,37.0
1.5663717,177.0,113.0
2.4848485,82.0,33.0
0.25792813,732.0,2838.0
0.28688523,35.0,122.0
1.8245919,486688.0,266738.0
0.36201298,223.0,616.0
0.13872832,24.0,173.0
0.7234042,170.0,235.0
0.25398082,2568.0,10111.0
1.0584415,163.0,154.0
0.33333334,2.0,6.0
0.5151515,3060.0,5940.0
0.25786164,41.0,159.0
0.42857143,3.0,7.0
0.17994858,70.0,389.0
0.25,13.0,52.0
0.48756218,98.0,201.0
0.3586207,52.0,145.0
0.23529412,4.0,17.0
1.6182228,2149.0,1328.0
44.0,132.0,3.0
0.3653846,19.0,52.0
0.47987616,155.0,323.0
2.375,19.0,8.0
5.25,42.0,8.0
5.927419,735.0,124.0
0.34532374,48.0,139.0
2.6,39.0,15.0
2.0,4.0,2.0
0.57024795,69.0,121.0
0.366127,1176.0,3212.0
1.8,9.0,5.0
2.0052242,6525.0,3254.0
0.23834197,598.0,2509.0
0.16666667,3.0,18.0
0.2795389,97.0,347.0
1.7238026,51571.0,29917.0
0.43396226,23.0,53.0
0.1911002,700.0,3663.0
0.41010913,1428.0,3482.0
1.0263158,78.0,76.0
0.46666667,14.0,30.0
0.2,1.0,5.0
0.30851063,29.0,94.0
0.5808383,776.0,1336.0
1.9411764,33.0,17.0
40.0,160.0,4.0
0.2857143,2.0,7.0
0.4,6.0,15.0
1.0,1.0,1.0
5.0,40.0,8.0
9.0,54.0,6.0
1.8,9.0,5.0
5.8333335,105.0,18.0
1.0,1.0,1.0
0.47096774,1095.0,2325.0
0.52380955,11.0,21.0
1.11554,8284.0,7426.0
0.28929454,935.0,3232.0
1.6428572,23.0,14.0
1.8185567,1764.0,970.0
1.887324,134.0,71.0
0.28930482,541.0,1870.0
0.16919576,223.0,1318.0
0.29421094,371.0,1261.0
1.4004526,336652.0,240388.0
0.4027868,1243.0,3086.0
0.25296444,64.0,253.0
1.2307693,16.0,13.0
0.21667337,538.0,2483.0
0.23128726,4190.0,18116.0
1.023569,608.0,594.0
0.25,3.0,12.0
0.55363804,1187.0,2144.0
0.27217126,89.0,327.0
0.32596686,59.0,181.0
0.28934968,614.0,2122.0
0.22580644,63.0,279.0
0.37294117,317.0,850.0
0.40480962,606.0,1497.0
0.23076923,3.0,13.0
0.17816092,31.0,174.0
1.668574,3791.0,2272.0
31.67347,3104.0,98.0
0.1959799,39.0,199.0
0.51386625,315.0,613.0
1.3483965,925.0,686.0
2.890244,237.0,82.0
8.22357,4745.0,577.0
5.233831,5260.0,1005.0
0.03448276,9.0,261.0
2.9141915,883.0,303.0
5.784091,509.0,88.0
0.7207207,80.0,111.0
0.30054644,825.0,2745.0
0.6666667,4.0,6.0
0.33333334,2.0,6.0
1.6,8.0,5.0
1.4490011,1378.0,951.0
0.3117484,337.0,1081.0
1.5631068,161.0,103.0
1.2731893,1002.0,787.0
2.5,45.0,18.0
0.21085595,101.0,479.0
0.18181819,4.0,22.0
0.3164251,131.0,414.0
0.3550864,185.0,521.0
1.4129019,771395.0,545965.0
0.34718224,844.0,2431.0
0.14794189,611.0,4130.0
1.5644444,704.0,450.0
0.39506173,64.0,162.0
0.34450868,1490.0,4325.0
0.96363634,7473.0,7755.0
0.3401487,183.0,538.0
0.53505653,34486.0,64453.0
0.20326087,187.0,920.0
0.37757528,953.0,2524.0
0.17862022,523.0,2928.0
0.32472324,88.0,271.0
0.3707698,997.0,2689.0
0.34642357,494.0,1426.0
0.24210526,46.0,190.0
0.26614174,169.0,635.0
1.3696507,11842.0,8646.0
40.15,1606.0,40.0
0.4318182,247.0,572.0
0.44755244,448.0,1001.0
1.3243244,49.0,37.0
2.4285715,34.0,14.0
4.733728,2400.0,507.0
5.8956523,678.0,115.0
0.29032257,9.0,31.0
3.516129,436.0,124.0
5.327731,634.0,119.0
1.84375,59.0,32.0
0.36420527,1164.0,3196.0
0.75,9.0,12.0
0.3198672,578.0,1807.0
1.5090909,83.0,55.0
1.4371258,1920.0,1336.0
2.1403508,122.0,57.0
0.19836956,73.0,368.0
0.27586207,88.0,319.0
0.29268292,48.0,164.0
1.5982137,438569.0,274412.0
0.28284183,211.0,746.0
0.16466218,2615.0,15881.0
1.1850864,24888.0,21001.0
0.9076923,59.0,65.0
0.35539538,1627.0,4578.0
0.90625,29.0,32.0
0.98496765,45211.0,45901.0
0.24973433,235.0,941.0
0.4993715,19069.0,38186.0
0.27391368,1847.0,6743.0
0.32526475,430.0,1322.0
0.20769231,27.0,130.0
0.2032967,37.0,182.0
0.32344213,109.0,337.0
0.37280703,170.0,456.0
0.42857143,3.0,7.0
0.2847222,246.0,864.0
1.0087391,14313.0,14189.0
36.567566,1353.0,37.0
0.24299066,26.0,107.0
0.5707965,258.0,452.0
1.117647,19.0,17.0
2.878049,118.0,41.0
4.369697,721.0,165.0
4.35,174.0,40.0
0.25,7.0,28.0
1.875,60.0,32.0
0.575,23.0,40.0
0.9,27.0,30.0
0.47083718,7677.0,16305.0
1.7142857,12.0,7.0
1.1498551,9131.0,7941.0
0.16394413,1385.0,8448.0
1.330414,1671.0,1256.0
1.7633208,63804.0,36184.0
1.6672474,957.0,574.0
0.11,22.0,200.0
0.15905087,4424.0,27815.0
0.23908919,252.0,1054.0
0.23262031,87.0,374.0
1.0683014,323612.0,302922.0
0.2751082,1208.0,4391.0
0.18861936,4992.0,26466.0
0.5106383,24.0,47.0
0.2857143,12.0,42.0
0.17346123,2604.0,15012.0
0.5254237,930.0,1770.0
0.8954441,2732.0,3051.0
0.62041885,237.0,382.0
0.2738108,2550.0,9313.0
0.18431546,416.0,2257.0
0.18518518,5.0,27.0
0.28904504,905.0,3131.0
0.43796107,8549.0,19520.0
1.1822982,23737.0,20077.0
28.083334,337.0,12.0
0.2605156,192.0,737.0
0.5353846,522.0,975.0
1.349481,1170.0,867.0
2.0778146,1255.0,604.0
3.7411692,6143.0,1642.0
3.963243,26201.0,6611.0
0.18983957,71.0,374.0
2.843382,4103.0,1443.0
4.337591,4754.0,1096.0
0.5263158,10.0,19.0
0.9049676,419.0,463.0
0.8,1496.0,1870.0
1.0,20.0,20.0
1.1012346,446.0,405.0
1.0,100.0,100.0
0.75,60.0,80.0
1.6446857,2120.0,1289.0
1.9229941,19653.0,10220.0
0.59615386,62.0,104.0
1.0,80.0,80.0
0.8,1144.0,1430.0
1.0,80.0,80.0
1.0,2913.0,2913.0
2.0448277,1186.0,580.0
0.8125,130.0,160.0
1.0,330.0,330.0
0.7,112.0,160.0
1.0,39.0,39.0
80.0,32800.0,410.0
2.2307692,290.0,130.0
3.0151844,1390.0,461.0
0.84,126.0,150.0
0.92,23.0,25.0
2.419776,41896.0,17314.0
2.8473945,6885.0,2418.0
1.0912588,6242.0,5720.0
2.6552663,22437.0,8450.0
42.078014,5933.0,141.0
0.6666667,20.0,30.0
0.88,110.0,125.0
2.2769935,30325.0,13318.0
2.0,12.0,6.0
0.9660606,1594.0,1650.0
2.700664,20336.0,7530.0
55.353848,43176.0,780.0
1.0,1100.0,1100.0
1.40625,18000.0,12800.0
1.9357142,54200.0,28000.0
2.829828,592000.0,209200.0
1.0,100.0,100.0
1.0,200.0,200.0
2.0,200.0,100.0
0.45,900.0,2000.0
0.60714287,1700.0,2800.0
0.5,3000.0,6000.0
0.37328094,19000.0,50900.0
2.6434782,273600.0,103500.0
0.39583334,1900.0,4800.0
2.0,400.0,200.0
0.61538464,800.0,1300.0
0.75,3300.0,4400.0
1.1,1100.0,1000.0
1.5833334,1900.0,1200.0
2.3767362,547600.0,230400.0
2.7777777,5000.0,1800.0
0.5,500.0,1000.0
3.67,36700.0,10000.0
5.5,1100.0,200.0
0.6666667,200.0,300.0
20.5,4100.0,200.0
70.0,7000.0,100.0
1.0,700.0,700.0
1.7419355,16200.0,9300.0
2.0,2200.0,1100.0
4.2412767,1142600.0,269400.0
1.7299539,375400.0,217000.0
1.0833334,1300.0,1200.0
1.625,2600.0,1600.0
0.4516129,1400.0,3100.0
0.5,700.0,1400.0
0.36363637,400.0,1100.0
0.43589744,6800.0,15600.0
1.6666666,2000.0,1200.0
0.6086956,1400.0,2300.0
1.4583334,3500.0,2400.0
1.875,1500.0,800.0
1.25,500.0,400.0
1.5,300.0,200.0
3.7854545,208200.0,55000.0
2.3846154,3100.0,1300.0
1.775,7100.0,4000.0
0.5217391,1200.0,2300.0
0.5,2200.0,4400.0
1.0,100.0,100.0
5.7272725,12600.0,2200.0
27.38983,161600.0,5900.0
70.0,7000.0,100.0
1.0,900.0,900.0
1.2857143,36000.0,28000.0
1.9285715,2700.0,1400.0
4.3636365,14400.0,3300.0
1.0,100.0,100.0
1.0,100.0,100.0
0.4,400.0,1000.0
0.25,300.0,1200.0
0.41666666,500.0,1200.0
2.1117446,185200.0,87700.0
0.4,400.0,1000.0
2.0,29600.0,14800.0
0.5,100.0,200.0
0.6451613,2000.0,3100.0
1.0,400.0,400.0
1.9722222,7100.0,3600.0
1.1666666,2100.0,1800.0
1.5454545,3400.0,2200.0
1.9936,124600.0,62500.0
2.6547618,156100.0,58800.0
2.793911,119300.0,42700.0
1.7142857,1200.0,700.0
0.5625,900.0,1600.0
2.7333333,4100.0,1500.0
76.93023,661600.0,8600.0
1.0952381,2300.0,2100.0
6.0,600.0,100.0
1.0,100.0,100.0
23.0,4600.0,200.0
16.903225,52400.0,3100.0
1.2307693,3200.0,2600.0
0.80454546,106200.0,132000.0
2.3746803,185700.0,78200.0
3.513932,113500.0,32300.0
1.3186814,36000.0,27300.0
0.4318182,5700.0,13200.0
2.2040815,21600.0,9800.0
0.74626863,15000.0,20100.0
0.627451,3200.0,5100.0
0.6666667,1400.0,2100.0
0.5,2800.0,5600.0
0.33333334,500.0,1500.0
0.4611399,8900.0,19300.0
0.85,1700.0,2000.0
1.3333334,1200.0,900.0
1.8,900.0,500.0
1.2897196,13800.0,10700.0
1.54,184800.0,120000.0
1.9836066,12100.0,6100.0
3.0161464,280200.0,92900.0
2.3586419,382100.0,162000.0
1.7818182,9800.0,5500.0
0.5897436,2300.0,3900.0
1.1666666,700.0,600.0
0.7099768,30600.0,43100.0
25.898438,663000.0,25600.0
0.9262048,61500.0,66400.0
1.25,1000.0,800.0
1.6530613,8100.0,4900.0
1.8842906,223100.0,118400.0
1.9090909,2100.0,1100.0
1.2941177,4400.0,3400.0
1.6538461,4300.0,2600.0
0.46666667,700.0,1500.0
0.6,300.0,500.0
0.5555556,500.0,900.0
0.33333334,100.0,300.0
1.6842105,19200.0,11400.0
0.2631579,500.0,1900.0
0.8271605,6700.0,8100.0
0.7692308,2000.0,2600.0
1.4545455,1600.0,1100.0
1.0091743,11000.0,10900.0
1.8461539,2400.0,1300.0
0.7037037,3800.0,5400.0
2.0059524,33700.0,16800.0
2.4666667,3700.0,1500.0
1.8,4500.0,2500.0
2.0,600.0,300.0
0.55,1100.0,2000.0
3.0555556,5500.0,1800.0
1.0,100.0,100.0
63.555557,286000.0,4500.0
72.78846,1514000.0,20800.0
1.0,700.0,700.0
2.514223,114900.0,45700.0
2.0,600.0,300.0
4.729568,1423600.0,301000.0
2.0816126,211700.0,101700.0
1.625,5200.0,3200.0
0.46666667,1400.0,3000.0
0.6,300.0,500.0
0.54545456,600.0,1100.0
0.5,100.0,200.0
0.67105263,15300.0,22800.0
0.57894737,1100.0,1900.0
1.3846154,3600.0,2600.0
1.0833334,1300.0,1200.0
2.0,200.0,100.0
2.9305995,92900.0,31700.0
2.46,12300.0,5000.0
1.9634552,59100.0,30100.0
0.56,1400.0,2500.0
0.5,500.0,1000.0
6.2,3100.0,500.0
27.210526,982300.0,36100.0
70.0,7000.0,100.0
0.41379312,1200.0,2900.0
1.8484849,6100.0,3300.0
1.0434783,2400.0,2300.0
1.6296296,4400.0,2700.0
0.6086956,1400.0,2300.0
0.36363637,1600.0,4400.0
0.6730769,7000.0,10400.0
1.3,23400.0,18000.0
0.8125,2600.0,3200.0
0.6603774,3500.0,5300.0
1.4,2100.0,1500.0
0.6785714,1900.0,2800.0
3.375,8100.0,2400.0
1.7142857,1200.0,700.0
0.5,400.0,800.0
5.0,1500.0,300.0
28.333334,17000.0,600.0
1.2246376,16900.0,13800.0
2.0,800.0,400.0
1.0,100.0,100.0
2.0,1000.0,500.0
1.0833334,3900.0,3600.0
1.6991667,203900.0,120000.0
0.4,200.0,500.0
0.6666667,200.0,300.0
0.5,100.0,200.0
0.33333334,100.0,300.0
0.89385474,32000.0,35800.0
0.33333334,100.0,300.0
0.79710144,27500.0,34500.0
0.5925926,4800.0,8100.0
0.82071716,41200.0,50200.0
1.8846154,4900.0,2600.0
0.8,400.0,500.0
1.0,100.0,100.0
2.0,200.0,100.0
1.975976,65800.0,33300.0
1.8,1800.0,1000.0
0.5,800.0,1600.0
6.0,3600.0,600.0
28.833334,17300.0,600.0
1.0,500.0,500.0
1.3863636,12200.0,8800.0
2.2079208,66900.0,30300.0
3.7171052,113000.0,30400.0
1.8571428,5200.0,2800.0
1.0476191,2200.0,2100.0
2.0,600.0,300.0
0.6333333,1900.0,3000.0
0.6,300.0,500.0
0.5555556,500.0,900.0
2.30625,36900.0,16000.0
0.375,600.0,1600.0
2.0,200.0,100.0
0.6666667,400.0,600.0
1.0,100.0,100.0
1.0,400.0,400.0
1.6,800.0,500.0
1.0,300.0,300.0
1.64,8200.0,5000.0
1.875,3000.0,1600.0
3.2646239,117200.0,35900.0
2.7936509,17600.0,6300.0
1.0,100.0,100.0
0.5833333,700.0,1200.0
0.56666666,1700.0,3000.0
24.384615,126800.0,5200.0
1.0,300.0,300.0
0.44444445,1600.0,3600.0
3.2857144,20700.0,6300.0
3.961059,762900.0,192600.0
1.7935991,661300.0,368700.0
1.6349206,10300.0,6300.0
0.45945945,1700.0,3700.0
1.0,100.0,100.0
0.33333334,100.0,300.0
0.33333334,1500.0,4500.0
0.296875,1900.0,6400.0
1.0,100.0,100.0
0.27083334,1300.0,4800.0
1.5416666,37000.0,24000.0
1.5416666,3700.0,2400.0
3.6407285,219900.0,60400.0
2.4782608,5700.0,2300.0
2.0326087,56100.0,27600.0
0.5416667,2600.0,4800.0
0.50340134,7400.0,14700.0
0.5,100.0,200.0
0.16666667,200.0,1200.0
5.9298244,33800.0,5700.0
26.511627,114000.0,4300.0
23.272728,25600.0,1100.0
72.0,36000.0,500.0
1.0,1500.0,1500.0
1.1910112,10600.0,8900.0
2.0,1200.0,600.0
3.767535,188000.0,49900.0
2.2016912,885300.0,402100.0
0.45,900.0,2000.0
0.375,3000.0,8000.0
0.41666666,500.0,1200.0
1.0,100.0,100.0
0.60294116,4100.0,6800.0
1.79,17900.0,10000.0
2.0,7800.0,3900.0
1.9268292,47400.0,24600.0
1.0,300.0,300.0
1.2738096,10700.0,8400.0
1.0,100.0,100.0
4.3138094,905900.0,210000.0
2.682927,22000.0,8200.0
1.7629629,71400.0,40500.0
0.55,2200.0,4000.0
0.50948507,18800.0,36900.0
0.6315789,1200.0,1900.0
48.0,4800.0,100.0
1.0,300.0,300.0
5.9534883,51200.0,8600.0
28.565218,131400.0,4600.0
77.15909,679000.0,8800.0
1.0,100.0,100.0
1.0280066,62400.0,60700.0
1.7665782,133200.0,75400.0
4.383615,337100.0,76900.0
1.4558258,113700.0,78100.0
0.47757846,42600.0,89200.0
0.45238096,1900.0,4200.0
0.33333334,100.0,300.0
0.32608697,1500.0,4600.0
0.37894738,18000.0,47500.0
1.0,100.0,100.0
1.25,500.0,400.0
1.9156626,15900.0,8300.0
2.7873564,97000.0,34800.0
2.451613,7600.0,3100.0
2.2117648,56400.0,25500.0
0.52380955,1100.0,2100.0
0.5,400.0,800.0
1.0,200.0,200.0
5.6,2800.0,500.0
0.48489934,28900.0,59600.0
28.9375,46300.0,1600.0
21.666666,6500.0,300.0
70.0,7000.0,100.0
0.8235294,2800.0,3400.0
1.3933161,54200.0,38900.0
1.4175824,12900.0,9100.0
3.9674418,85300.0,21500.0
2.0,1400.0,700.0
1.0625,3400.0,3200.0
1.7964072,30000.0,16700.0
0.5,500.0,1000.0
0.6666667,200.0,300.0
1.0,100.0,100.0
0.5,600.0,1200.0
0.33333334,400.0,1200.0
2.4112256,210500.0,87300.0
0.2777778,500.0,1800.0
0.8,400.0,500.0
1.6743295,43700.0,26100.0
0.6666667,200.0,300.0
1.4444444,1300.0,900.0
1.0,100.0,100.0
1.8611112,6700.0,3600.0
1.2222222,2200.0,1800.0
1.6111112,2900.0,1800.0
2.0695653,23800.0,11500.0
2.7011952,271200.0,100400.0
2.396154,124600.0,52000.0
1.5,300.0,200.0
2.0769231,8100.0,3900.0
0.6666667,400.0,600.0
2.5544555,25800.0,10100.0
1.0833334,1300.0,1200.0
5.0,500.0,100.0
0.57894737,1100.0,1900.0
24.6,12300.0,500.0
19.574469,92000.0,4700.0
1.0,200.0,200.0
0.98637605,36200.0,36700.0
1.9718543,119100.0,60400.0
3.9213288,224300.0,57200.0
1.882353,6400.0,3400.0
1.074074,2900.0,2700.0
1.6666666,1000.0,600.0
0.472,5900.0,12500.0
0.6111111,1100.0,1800.0
0.6666667,400.0,600.0
0.5,2000.0,4000.0
0.42857143,300.0,700.0
2.121951,17400.0,8200.0
0.35365853,2900.0,8200.0
1.0,100.0,100.0
1.8,900.0,500.0
0.75,5700.0,7600.0
1.6666666,500.0,300.0
2.0,3000.0,1500.0
0.6666667,200.0,300.0
1.125,900.0,800.0
1.5804597,55000.0,34800.0
1.9512196,8000.0,4100.0
3.0531209,229900.0,75300.0
2.5850143,89700.0,34700.0
1.5,600.0,400.0
1.0,100.0,100.0
1.0,100.0,100.0
3.0,300.0,100.0
0.5833333,3500.0,6000.0
30.5,6100.0,200.0
23.980392,122300.0,5100.0
0.877095,15700.0,17900.0
2.3333333,700.0,300.0
2.8793104,116900.0,40600.0
1.5,300.0,200.0
1.4313725,7300.0,5100.0
1.6415094,8700.0,5300.0
0.33333334,100.0,300.0
0.875,10500.0,12000.0
0.8125,5200.0,6400.0
0.5,100.0,200.0
1.4,700.0,500.0
0.9166667,2200.0,2400.0
1.8837209,8100.0,4300.0
3.3,13200.0,4000.0
2.4,3600.0,1500.0
1.775,7100.0,4000.0
2.0555556,3700.0,1800.0
0.56,1400.0,2500.0
68.96154,358600.0,5200.0
76.83761,899000.0,11700.0
1.0,4800.0,4800.0
1.0,100.0,100.0
1.1,1100.0,1000.0
0.33333334,100.0,300.0
0.6666667,200.0,300.0
0.2857143,200.0,700.0
0.5,100.0,200.0
2.5766773,161300.0,62600.0
0.61904764,2600.0,4200.0
1.4444444,2600.0,1800.0
1.1666666,1400.0,1200.0
0.84090906,3700.0,4400.0
1.5,300.0,200.0
3.1666667,1900.0,600.0
1.8,900.0,500.0
0.53333336,800.0,1500.0
3.0240965,75300.0,24900.0
1.0,100.0,100.0
0.6363636,700.0,1100.0
103.0,10300.0,100.0
1.0,200.0,200.0
4.0,400.0,100.0
19.0,1900.0,100.0
72.0,1584000.0,22000.0
1.411017,33300.0,23600.0
0.75,3300.0,4400.0
2.0277777,7300.0,3600.0
1.8673469,18300.0,9800.0
1.6666666,500.0,300.0
1.0666667,1600.0,1500.0
1.3961773,160700.0,115100.0
0.44444445,800.0,1800.0
1.0,100.0,100.0
0.5,100.0,200.0
0.5,700.0,1400.0
0.5,100.0,200.0
1.0,100.0,100.0
0.84659094,59600.0,70400.0
0.4117647,700.0,1700.0
0.75,600.0,800.0
1.6666666,1000.0,600.0
1.3243244,4900.0,3700.0
0.8877551,8700.0,9800.0
1.1666666,700.0,600.0
0.7368421,1400.0,1900.0
1.5,300.0,200.0
2.0994475,38000.0,18100.0
2.4456522,22500.0,9200.0
1.7878788,5900.0,3300.0
2.0,2800.0,1400.0
0.52307695,3400.0,6500.0
2.8,1400.0,500.0
1.0,100.0,100.0
84.0,8400.0,100.0
1.0,400.0,400.0
6.142857,4300.0,700.0
0.75,300.0,400.0
27.0,10800.0,400.0
18.5,3700.0,200.0
70.0,7000.0,100.0
1.0,600.0,600.0
0.49804688,25500.0,51200.0
1.8527608,90600.0,48900.0
2.1970804,150500.0,68500.0
1.0,300.0,300.0
0.4789916,5700.0,11900.0
0.6086956,1400.0,2300.0
0.6666667,600.0,900.0
0.5294118,900.0,1700.0
0.375,600.0,1600.0
0.42105263,1600.0,3800.0
0.5327869,6500.0,12200.0
0.6967213,8500.0,12200.0
1.0909091,1200.0,1100.0
1.9565217,4500.0,2300.0
1.1666666,1400.0,1200.0
1.5621469,55300.0,35400.0
2.0,1200.0,600.0
3.2384937,154800.0,47800.0
2.562914,38700.0,15100.0
1.0,100.0,100.0
1.0,200.0,200.0
0.6964286,3900.0,5600.0
22.428572,15700.0,700.0
1.0,100.0,100.0
2.0,200.0,100.0
1.6666666,500.0,300.0
3.0140846,21400.0,7100.0
0.88206977,73300.0,83100.0
0.5,400.0,800.0
0.3442623,2100.0,6100.0
0.5,100.0,200.0
0.5714286,400.0,700.0
1.3421053,15300.0,11400.0
1.2686567,17000.0,13400.0
1.8,900.0,500.0
1.3333334,400.0,300.0
3.3294797,115200.0,34600.0
2.3333333,700.0,300.0
2.0,400.0,200.0
0.5185185,1400.0,2700.0
0.5217391,2400.0,4600.0
0.6666667,200.0,300.0
4.5,900.0,200.0
27.363636,30100.0,1100.0
1.0,1000.0,1000.0
1.2794118,8700.0,6800.0
1.7364341,22400.0,12900.0
4.645279,1657900.0,356900.0
2.0388634,624300.0,306200.0
1.0454545,2300.0,2200.0
1.6166667,9700.0,6000.0
0.3888889,2100.0,5400.0
0.6666667,600.0,900.0
0.5263158,1000.0,1900.0
0.33333334,200.0,600.0
0.21938775,4300.0,19600.0
0.6226415,3300.0,5300.0
1.375,12100.0,8800.0
1.4,700.0,500.0
3.9853115,678300.0,170200.0
2.6,2600.0,1000.0
1.78,26700.0,15000.0
0.5714286,400.0,700.0
0.48453608,4700.0,9700.0
1.0,100.0,100.0
6.3146067,56200.0,8900.0
29.04651,249800.0,8600.0
70.0,14000.0,200.0
0.6359223,13100.0,20600.0
0.8541667,4100.0,4800.0
1.7125341,125700.0,73400.0
3.2380953,346800.0,107100.0
1.6067961,99300.0,61800.0
1.0,500.0,500.0
1.6121979,140100.0,86900.0
0.52380955,2200.0,4200.0
0.5,600.0,1200.0
2.142857,12000.0,5600.0
0.5652174,1300.0,2300.0
0.8,4400.0,5500.0
0.6436782,5600.0,8700.0
1.0434783,2400.0,2300.0
1.5697675,13500.0,8600.0
2.0625,3300.0,1600.0
2.6822119,402600.0,150100.0
2.4136364,53100.0,22000.0
1.4585987,22900.0,15700.0
1.9863014,14500.0,7300.0
0.59166664,7100.0,12000.0
0.5,100.0,200.0
0.5714286,2400.0,4200.0
19.113636,168200.0,8800.0
1.189394,15700.0,13200.0
1.0,300.0,300.0
2.0,600.0,300.0
3.0769231,4000.0,1300.0
1.04,5200.0,5000.0
1.190184,19400.0,16300.0
1.7777778,1600.0,900.0
0.42857143,600.0,1400.0
0.5,200.0,400.0
0.7777778,700.0,900.0
0.5555556,500.0,900.0
2.0428336,124000.0,60700.0
0.46153846,600.0,1300.0
0.8541667,8200.0,9600.0
0.61538464,800.0,1300.0
1.5,1200.0,800.0
1.125,2700.0,2400.0
0.8,400.0,500.0
1.0,100.0,100.0
3.048387,18900.0,6200.0
1.5625,5000.0,3200.0
1.8888888,1700.0,900.0
0.5058824,4300.0,8500.0
2.989418,56500.0,18900.0
0.5,200.0,400.0
1.0,100.0,100.0
65.73333,197200.0,3000.0
1.0,100.0,100.0
31.333334,9400.0,300.0
74.93428,7411000.0,98900.0
1.0,300.0,300.0
1.2824675,39500.0,30800.0
2.6146095,103800.0,39700.0
3.246644,1620400.0,499100.0
1.8305085,43200.0,23600.0
1.074074,2900.0,2700.0
0.41379312,2400.0,5800.0
0.375,900.0,2400.0
0.5,700.0,1400.0
0.3265306,1600.0,4900.0
0.41046277,20400.0,49700.0
0.75,300.0,400.0
1.2175926,26300.0,21600.0
1.125,1800.0,1600.0
1.5833334,1900.0,1200.0
3.1270802,206700.0,66100.0
2.4375,3900.0,1600.0
1.8235294,3100.0,1700.0
0.6666667,200.0,300.0
0.5,1100.0,2200.0
1.0,100.0,100.0
3.0,300.0,100.0
30.714285,21500.0,700.0
70.0,7000.0,100.0
0.61585367,10100.0,16400.0
1.0,100.0,100.0
1.7674419,7600.0,4300.0
1.6774193,5200.0,3100.0
1.29771,17000.0,13100.0
1.6,1600.0,1000.0
0.41666666,500.0,1200.0
0.75,300.0,400.0
0.5,400.0,800.0
0.36666667,1100.0,3000.0
2.0310733,71900.0,35400.0
1.0,100.0,100.0
0.84,4200.0,5000.0
0.7058824,2400.0,3400.0
1.4545455,3200.0,2200.0
1.0833334,5200.0,4800.0
0.7916667,1900.0,2400.0
3.3018868,17500.0,5300.0
1.5742574,15900.0,10100.0
2.0,600.0,300.0
0.53125,1700.0,3200.0
3.0384614,7900.0,2600.0
66.666664,20000.0,300.0
1.0,100.0,100.0
25.571428,17900.0,700.0
51.089108,516000.0,10100.0
1.0611465,83300.0,78500.0
1.6666666,8000.0,4800.0
1.7635136,26100.0,14800.0
3.9783523,661600.0,166300.0
2.0,1600.0,800.0
1.0625,1700.0,1600.0
1.9745958,85500.0,43300.0
0.4375,700.0,1600.0
0.5,200.0,400.0
0.5,100.0,200.0
1.2359346,68100.0,55100.0
0.4074074,1100.0,2700.0
0.7920792,8000.0,10100.0
1.6280488,26700.0,16400.0
0.93495935,11500.0,12300.0
1.3333334,2000.0,1500.0
1.0,3900.0,3900.0
2.0625978,131800.0,63900.0
1.6666666,500.0,300.0
2.791579,132600.0,47500.0
2.1150444,23900.0,11300.0
1.5368421,58400.0,38000.0
1.9883041,34000.0,17100.0
0.5609756,2300.0,4100.0
0.65625,2100.0,3200.0
64.8,97200.0,1500.0
0.8333333,500.0,600.0
0.6666667,200.0,300.0
29.333334,8800.0,300.0
21.666666,6500.0,300.0
61.03896,470000.0,7700.0
0.7173913,3300.0,4600.0
2.0,400.0,200.0
1.0,100.0,100.0
1.0,100.0,100.0
1.0,100.0,100.0
0.54545456,600.0,1100.0
0.3448276,2000.0,5800.0
0.72043014,6700.0,9300.0
2.0170648,118200.0,58600.0
0.5344828,3100.0,5800.0
1.4285715,1000.0,700.0
1.0,100.0,100.0
0.72727275,4000.0,5500.0
1.0,200.0,200.0
0.5,200.0,400.0
3.031579,28800.0,9500.0
1.0,100.0,100.0
62.0,6200.0,100.0
1.0,200.0,200.0
7.0,700.0,100.0
67.954544,598000.0,8800.0
1.3236268,2000.0,1511.0
3.4445271,282000.0,81869.0
1.6908213,700.0,414.0
0.30349013,200.0,659.0
0.85995084,700.0,814.0
3.3613446,4000.0,1190.0
3.61772,314000.0,86795.0
7.913669,1100.0,139.0
19.764706,16800.0,850.0
20.09627,33400.0,1662.0
6.973356,67000.0,9608.0
1.0804769,2900.0,2684.0
1.6301467,326000.0,199982.0
3.0388167,106000.0,34882.0
0.441374,2300.0,5211.0
0.22137888,700.0,3162.0
2.0643709,44000.0,21314.0
0.37313432,300.0,804.0
3.2457652,32000.0,9859.0
0.9720463,66000.0,67898.0
1.7260761,238000.0,137885.0
4.4656615,710000.0,158991.0
8.595988,9000.0,1047.0
1.1405109,5000.0,4384.0
0.5181347,1000.0,1930.0
0.7067138,200.0,283.0
1.8848168,18000.0,9550.0
0.591716,100.0,169.0
2.1390374,2000.0,935.0
4.5765867,145000.0,31683.0
6.1804695,5000.0,809.0
1.1173184,200.0,179.0
2.4145381,19000.0,7869.0
3.6677146,308000.0,83976.0
1.0416666,800.0,768.0
0.5319149,600.0,1128.0
3.97351,348000.0,87580.0
6.25,300.0,48.0
4.1447916,15000.0,3619.0
1.447178,1000.0,691.0
1.2820513,100.0,78.0
2.0317338,21000.0,10336.0
5.0905037,950000.0,186622.0
6.25,100.0,16.0
1.2269939,200.0,163.0
25.0,100.0,4.0
29.375,9400.0,320.0
0.9039548,800.0,885.0
1.9103038,65000.0,34026.0
1.3642565,1000.0,733.0
2.7179189,14000.0,5151.0
0.28328612,100.0,353.0
3.1323414,4000.0,1277.0
1.7959183,22000.0,12250.0
4.7213426,240000.0,50833.0
33.333332,100.0,3.0
33.333332,100.0,3.0
1.1080333,400.0,361.0
2.235876,127000.0,56801.0
0.33444816,100.0,299.0
3.4680593,431000.0,124277.0
1.0204082,400.0,392.0
0.46166852,7100.0,15379.0
0.26086956,300.0,1150.0
2.5260992,113000.0,44733.0
0.6557377,200.0,305.0
3.876652,22000.0,5675.0
0.8905186,17000.0,19090.0
2.0083468,141000.0,70207.0
4.625497,1026000.0,221814.0
11.056511,4500.0,407.0
18.181818,200.0,11.0
16.556292,2500.0,151.0
6.25,7000.0,1120.0
1.0509926,5400.0,5138.0
1.7094392,78000.0,45629.0
1.9493177,1000.0,513.0
0.6849315,100.0,146.0
0.5206977,8000.0,15364.0
1.9990972,62000.0,31014.0
4.315418,11000.0,2549.0
1.9011407,1000.0,526.0
1.7691287,48000.0,27132.0
4.505932,455000.0,100978.0
7.0957932,14000.0,1973.0
1.0989012,1000.0,910.0
2.0601375,89000.0,43201.0
3.4058216,161000.0,47272.0
2.4937875,284000.0,113883.0
4.901961,3000.0,612.0
1.8277823,9000.0,4924.0
4.5493712,982000.0,215854.0
10.344828,300.0,29.0
23.076923,300.0,13.0
25.806452,8800.0,341.0
6.7829456,14000.0,2064.0
1.5200869,14000.0,9210.0
3.274088,14000.0,4276.0
2.7478242,436000.0,158671.0
1.8691589,200.0,107.0
2.7894003,2000.0,717.0
4.7051797,835000.0,177464.0
12.5,100.0,8.0
21.631207,6100.0,282.0
7.5719333,15000.0,1981.0
0.6756757,100.0,148.0
2.6693997,461000.0,172698.0
0.75757575,200.0,264.0
0.5102041,200.0,392.0
1.1952192,300.0,251.0
2.247191,400.0,178.0
2.3980815,2000.0,834.0
4.447982,760000.0,170864.0
8.139535,1400.0,172.0
1.0729613,500.0,466.0
18.181818,400.0,22.0
21.23431,20300.0,956.0
7.853629,91000.0,11587.0
3.1974487,383000.0,119783.0
1.9098309,6100.0,3194.0
2.247191,200.0,89.0
1.3937283,400.0,287.0
1.048951,300.0,286.0
1.998002,2000.0,1001.0
4.4642467,510000.0,114241.0
9.090909,300.0,33.0
22.860527,154400.0,6754.0
7.454739,63000.0,8451.0
1.1363636,200.0,176.0
1.7907828,200000.0,111683.0
7.0671377,4000.0,566.0
1.2195122,100.0,82.0
0.42372882,100.0,236.0
0.9433962,100.0,106.0
3.5419126,3000.0,847.0
1.0845007,12000.0,11065.0
0.5780347,300.0,519.0
1.9094625,171000.0,89554.0
4.628724,213000.0,46017.0
16.666666,100.0,6.0
1.4291624,38000.0,26589.0
0.4830918,6000.0,12420.0
0.1650165,100.0,606.0
2.752145,17000.0,6177.0
3.2715375,3000.0,917.0
2.4449878,1000.0,409.0
0.45610034,400.0,877.0
1.7914268,42000.0,23445.0
4.240165,306000.0,72167.0
20.977919,13300.0,634.0
1.1190234,1100.0,983.0
1.7946877,15000.0,8358.0
0.5435373,5000.0,9199.0
2.7517388,91000.0,33070.0
3.021148,3000.0,993.0
1.7867779,6000.0,3358.0
4.6009283,449000.0,97589.0
5.636449,12000.0,2129.0
1.5048909,2000.0,1329.0
1.6393442,100.0,61.0
2.5641026,100.0,39.0
0.2857143,100.0,350.0
1.5243902,1000.0,656.0
1.8089725,10000.0,5528.0
3.3076074,30000.0,9070.0
0.4524887,100.0,221.0
1.081081,200.0,185.0
1.4825797,2000.0,1349.0
2.5814383,42000.0,16270.0
11.538462,600.0,52.0
23.188406,1600.0,69.0
25.0,7400.0,296.0
1.1070111,300.0,271.0
4.2016807,2000.0,476.0
2.2625318,174000.0,76905.0
1.3043479,300.0,230.0
2.2883296,2000.0,874.0
4.6090403,399000.0,86569.0
9.774436,1300.0,133.0
18.75,300.0,16.0
18.90244,3100.0,164.0
7.894285,46000.0,5827.0
0.86206895,400.0,464.0
1.8888855,126000.0,66706.0
6.2761507,3000.0,478.0
1.0204082,1000.0,980.0
2.9133284,8000.0,2746.0
0.390625,100.0,256.0
3.053435,4000.0,1310.0
0.49627793,800.0,1612.0
2.001537,125000.0,62452.0
4.8106427,243000.0,50513.0
17.857143,2500.0,140.0
1.1505824,8000.0,6953.0
1.406408,32000.0,22753.0
1.8063082,13000.0,7197.0
0.500075,10000.0,19997.0
2.857143,2000.0,700.0
1.4997458,59000.0,39340.0
2.004008,3000.0,1497.0
0.96525097,1000.0,1036.0
1.6051364,22000.0,13706.0
4.5653563,464000.0,101635.0
6.7102833,40000.0,5961.0
2.173913,100.0,46.0
3.4463995,19000.0,5513.0
0.49751243,600.0,1206.0
3.735331,706000.0,189006.0
1.164295,900.0,773.0
0.5415861,1400.0,2585.0
0.25231287,300.0,1189.0
3.1773448,195000.0,61372.0
0.40983605,100.0,244.0
3.6067326,27000.0,7486.0
1.1300596,11000.0,9734.0
1.9524817,83000.0,42510.0
5.1316185,1488000.0,289967.0
7.6923075,300.0,39.0
1.25,100.0,80.0
18.333334,1100.0,60.0
1.0343554,2800.0,2707.0
1.8043756,24000.0,13301.0
0.52910054,5000.0,9450.0
3.875969,2000.0,516.0
0.4347826,100.0,230.0
2.1546206,202000.0,93752.0
1.8601191,5000.0,2688.0
4.655727,669000.0,143694.0
9.89011,900.0,91.0
23.333334,700.0,30.0
27.14932,6000.0,221.0
8.721437,50000.0,5733.0
2.1413276,2000.0,934.0
3.2051282,3000.0,936.0
3.2717423,244000.0,74578.0
1.5345268,600.0,391.0
1.0338346,1100.0,1064.0
1.6934801,4000.0,2362.0
4.5322113,378000.0,83403.0
21.08262,7400.0,351.0
23.583334,28300.0,1200.0
6.7346697,171000.0,25391.0
14.256411,1112.0,78.0
1.0,1.0,1.0
2.0010822,53627.0,26799.0
0.6,3.0,5.0
0.5,1.0,2.0
0.4,10.0,25.0
1.9194806,2956.0,1540.0
0.5625,63.0,112.0
1.625,13.0,8.0
0.64705884,22.0,34.0
1.4413408,258.0,179.0
1.060241,88.0,83.0
7.2261906,607.0,84.0
1.75,7.0,4.0
8.666667,104.0,12.0
1.1068884,466.0,421.0
2.225576,58842.0,26439.0
0.41666666,5.0,12.0
8.0,48.0,6.0
0.7297297,27.0,37.0
0.33333334,1.0,3.0
7.6666665,23.0,3.0
0.34556574,113.0,327.0
2.6578746,73158.0,27525.0
0.4878049,60.0,123.0
0.36585367,15.0,41.0
1.1256086,1156.0,1027.0
1.9545455,602.0,308.0
10.717105,6516.0,608.0
0.6875,33.0,48.0
1.6448945,5767.0,3506.0
0.35714287,10.0,28.0
0.30081302,370.0,1230.0
1.5,3.0,2.0
0.4392114,802.0,1826.0
1.0449947,3925.0,3756.0
0.33333334,2.0,6.0
0.6216216,23.0,37.0
0.20588236,7.0,34.0
0.9411765,16.0,17.0
10.173077,529.0,52.0
1.955414,307.0,157.0
9.376405,1669.0,178.0
0.2950553,907.0,3074.0
1.7076583,35521.0,20801.0
0.42,21.0,50.0
0.53846157,7.0,13.0
7.5,60.0,8.0
1.0,1.0,1.0
1.6955763,53431.0,31512.0
8.428572,59.0,7.0
1.5041928,2870.0,1908.0
0.5,1.0,2.0
0.44444445,4.0,9.0
1.4473684,55.0,38.0
0.22222222,2.0,9.0
1.1578947,22.0,19.0
0.33333334,2.0,6.0
8.230769,321.0,39.0
0.5625,27.0,48.0
1.3205302,43835.0,33195.0
14.45,289.0,20.0
0.5277778,19.0,36.0
0.5585586,62.0,111.0
7.5,135.0,18.0
0.6091954,106.0,174.0
1.9084958,111084.0,58205.0
0.37155962,162.0,436.0
5.881579,1341.0,228.0
1.2105263,23.0,19.0
1.5742469,59209.0,37611.0
0.3548261,908.0,2559.0
0.779661,46.0,59.0
1.6842105,128.0,76.0
0.64386046,1421.0,2207.0
1.6973474,5311.0,3129.0
1.2878788,85.0,66.0
0.7877358,167.0,212.0
0.26436782,207.0,783.0
0.7777778,49.0,63.0
8.441176,1435.0,170.0
0.23529412,4.0,17.0
1.6153846,21.0,13.0
7.677193,8752.0,1140.0
0.5711845,1003.0,1756.0
1.736021,162252.0,93462.0
14.45,4913.0,340.0
0.375,3.0,8.0
2.2638037,369.0,163.0
0.9127219,617.0,676.0
0.63706565,165.0,259.0
5.214286,511.0,98.0
1.1428572,8.0,7.0
1.6666666,25.0,15.0
0.15281077,193.0,1263.0
1.6666666,5.0,3.0
1.7099476,1633.0,955.0
0.4966443,370.0,745.0
1.6685083,302.0,181.0
0.6136364,27.0,44.0
0.2746479,39.0,142.0
2.343103,39493.0,16855.0
0.32608697,15.0,46.0
1.0409402,1373.0,1319.0
1.3103448,114.0,87.0
6.5090632,4309.0,662.0
0.73277664,351.0,479.0
1.201847,1822.0,1516.0
0.53741497,316.0,588.0
0.20954163,224.0,1069.0
1.1546326,3614.0,3130.0
0.26666668,8.0,30.0
1.0446428,819.0,784.0
0.6753247,52.0,77.0
0.65346533,66.0,101.0
7.327869,447.0,61.0
1.4475219,993.0,686.0
6.183784,3432.0,555.0
0.516129,336.0,651.0
1.4756199,28447.0,19278.0
0.36507937,23.0,63.0
2.2631578,43.0,19.0
3.3913043,156.0,46.0
11.92266,8787.0,737.0
1.4405594,618.0,429.0
5.5531673,9818.0,1768.0
1.4827586,43.0,29.0
1.7142857,84.0,49.0
0.44186047,19.0,43.0
7.5,825.0,110.0
1.0,2.0,2.0
0.34519574,97.0,281.0
2.5484557,124752.0,48952.0
0.375,6.0,16.0
0.47349823,670.0,1415.0
9.884817,20768.0,2101.0
0.73819304,719.0,974.0
1.5670654,30528.0,19481.0
0.2,2.0,10.0
0.6296296,34.0,54.0
1.3464203,583.0,433.0
0.76984763,960.0,1247.0
1.6480796,5793.0,3515.0
0.23076923,3.0,13.0
1.072,402.0,375.0
0.7777778,7.0,9.0
0.20833333,55.0,264.0
0.26056337,37.0,142.0
7.728155,796.0,103.0
1.4858888,5107.0,3437.0
6.240741,2359.0,378.0
0.22082019,70.0,317.0
1.4422948,96765.0,67091.0
0.19548872,26.0,133.0
0.44,11.0,25.0
0.6,3.0,5.0
1.3333334,4.0,3.0
10.404145,2008.0,193.0
1.0,6.0,6.0
0.60761344,415.0,683.0
2.1536825,22282.0,10346.0
0.4918033,120.0,244.0
0.33333334,54.0,162.0
0.72977346,902.0,1236.0
6.0619373,11451.0,1889.0
1.5134575,731.0,483.0
1.0772626,1464.0,1359.0
0.2,4.0,20.0
1.0189531,2258.0,2216.0
1.6666666,25.0,15.0
0.40226415,533.0,1325.0
1.6869159,5776.0,3424.0
0.32608697,15.0,46.0
1.4137931,205.0,145.0
1.2,6.0,5.0
0.93333334,42.0,45.0
10.169811,539.0,53.0
1.9548806,6629.0,3391.0
9.324975,9297.0,997.0
0.3576159,108.0,302.0
1.815007,19593.0,10795.0
0.41666666,35.0,84.0
0.5,1.0,2.0
0.42857143,3.0,7.0
0.5555556,20.0,36.0
6.752252,8994.0,1332.0
1.0,13.0,13.0
0.90361446,225.0,249.0
3.3780935,72075.0,21336.0
0.95408165,187.0,196.0
1.879271,825.0,439.0
7.750374,5185.0,669.0
0.78778136,245.0,311.0
2.2621422,13833.0,6115.0
0.516129,16.0,31.0
0.62857145,66.0,105.0
1.6857142,59.0,35.0
0.41357467,457.0,1105.0
1.6399295,3721.0,2269.0
0.3243243,12.0,37.0
1.0921986,154.0,141.0
0.60084033,143.0,238.0
9.89375,1583.0,160.0
1.8792605,3253.0,1731.0
16.757576,1659.0,99.0
0.6415094,748.0,1166.0
2.066355,54372.0,26313.0
0.43255815,93.0,215.0
27.861599,28586.0,1026.0
0.5294118,18.0,34.0
7.227811,2443.0,338.0
0.36734694,108.0,294.0
2.4406745,58481.0,23961.0
8.4,84.0,10.0
2.4670486,5166.0,2094.0
1.6666666,25.0,15.0
0.21588367,193.0,894.0
0.97029704,1470.0,1515.0
1.4230769,37.0,26.0
1.2947369,123.0,95.0
10.171429,356.0,35.0
1.3938394,1267.0,909.0
5.0555553,273.0,54.0
0.51152736,355.0,694.0
1.9882009,49035.0,24663.0
0.41666666,60.0,144.0
14.461538,376.0,26.0
7.5,15.0,2.0
0.26530612,13.0,49.0
2.023162,62105.0,30697.0
0.5,1.0,2.0
8.41767,2096.0,249.0
2.7498698,5277.0,1919.0
0.34170854,68.0,199.0
0.385,77.0,200.0
0.25,1.0,4.0
1.3333334,8.0,6.0
11.905405,881.0,74.0
2.0,4.0,2.0
8.6658535,3553.0,410.0
0.9878453,894.0,905.0
1.8824656,65843.0,34977.0
0.4,2.0,5.0
16.493877,4041.0,245.0
0.4,2.0,5.0
1.721374,451.0,262.0
0.4473684,17.0,38.0
6.5730996,1124.0,171.0
8.341427,5497.0,659.0
0.38,0.38,1.0
1.2148936,571.0,470.0
1.1724479,1183.0,1009.0
0.41484374,531.0,1280.0
6.4347825,1480.0,230.0
3.5641954,1971.0,553.0
0.4848485,144.0,297.0
0.84390897,3152.0,3735.0
1.2857143,27.0,21.0
0.8867314,274.0,309.0
10.26087,236.0,23.0
6.2949347,7705.0,1224.0
1.3902439,114.0,82.0
1.6752293,3652.0,2180.0
0.6,0.6,1.0
0.04,0.16,4.0
6.4,32.0,5.0
4.090909,360.0,88.0
0.5,1.0,2.0
1.4,56.0,40.0
0.99385476,1779.0,1790.0
0.6448276,1496.0,2320.0
10.281818,1131.0,110.0
3.677097,13984.0,3803.0
0.66709185,2615.0,3920.0
1.3180625,6531.0,4955.0
1.3205128,103.0,78.0
0.60714287,85.0,140.0
5.6666665,17.0,3.0
1.7407408,47.0,27.0
0.6666667,18.0,27.0
0.6431718,146.0,227.0
1.0200644,4118.0,4037.0
0.5848421,1389.0,2375.0
0.5224719,372.0,712.0
5.571429,1365.0,245.0
6.5232973,3640.0,558.0
0.62351674,578.0,927.0
0.8889422,5563.0,6258.0
1.4242424,376.0,264.0
0.4695946,139.0,296.0
7.975,638.0,80.0
6.6440253,15846.0,2385.0
0.76744187,66.0,86.0
0.5399295,1839.0,3406.0
1.8616667,1117.0,600.0
0.8521739,980.0,1150.0
1.0233415,833.0,814.0
4.9411764,84.0,17.0
6.7450075,4391.0,651.0
0.9190476,1351.0,1470.0
1.3610662,5055.0,3714.0
0.83055556,598.0,720.0
0.5147541,157.0,305.0
5.580537,1663.0,298.0
3.7663345,3401.0,903.0
0.8842105,252.0,285.0
1.2494253,1087.0,870.0
1.6765677,508.0,303.0
0.8180645,634.0,775.0
5.741784,1223.0,213.0
9.389958,11221.0,1195.0
0.5163934,126.0,244.0
1.8469669,4019.0,2176.0
1.2642857,177.0,140.0
0.76,19.0,25.0
12.72973,471.0,37.0
6.519757,2145.0,329.0
0.43312103,68.0,157.0
1.3688059,1685.0,1231.0
1.2595937,558.0,443.0
0.7393617,139.0,188.0
6.212329,907.0,146.0
6.085366,2994.0,492.0
0.8360656,51.0,61.0
0.96649486,375.0,388.0
1.546875,99.0,64.0
0.53205127,249.0,468.0
6.423077,167.0,26.0
7.4663863,1777.0,238.0
0.4107143,23.0,56.0
1.0842294,605.0,558.0
1.18125,1134.0,960.0
0.5185185,504.0,972.0
0.6666667,2.0,3.0
3.4324324,254.0,74.0
5.056962,799.0,158.0
1.0989248,511.0,465.0
0.5539143,375.0,677.0
1.5207824,622.0,409.0
0.754717,160.0,212.0
2.7156549,850.0,313.0
3.407767,2457.0,721.0
0.9097222,262.0,288.0
1.0229192,1696.0,1658.0
1.3013333,488.0,375.0
0.8193277,390.0,476.0
9.956522,1145.0,115.0
1.1116505,687.0,618.0
1.2518464,1695.0,1354.0
1.4169084,6838.0,4826.0
0.72795343,1750.0,2404.0
0.5,1.0,2.0
6.025862,2097.0,348.0
6.995349,4512.0,645.0
0.6883117,530.0,770.0
0.8479857,8546.0,10078.0
1.8976378,241.0,127.0
0.86170214,81.0,94.0
6.4335666,920.0,143.0
4.616774,3578.0,775.0
0.71929824,41.0,57.0
1.2917547,611.0,473.0
1.1620111,1040.0,895.0
0.9823529,334.0,340.0
4.884273,1646.0,337.0
7.546171,13402.0,1776.0
0.8639456,127.0,147.0
1.4767971,3246.0,2198.0
1.6867925,447.0,265.0
0.9386591,658.0,701.0
10.296296,278.0,27.0
10.94958,1303.0,119.0
0.38083538,155.0,407.0
1.3400995,3235.0,2414.0
1.3289474,101.0,76.0
0.5686275,58.0,102.0
5.7777777,52.0,9.0
3.3762376,341.0,101.0
0.5625,9.0,16.0
0.7733333,116.0,150.0
1.1519337,417.0,362.0
0.32682925,67.0,205.0
4.631579,792.0,171.0
3.9905303,2107.0,528.0
0.6779661,40.0,59.0
0.74698794,186.0,249.0
1.3232323,262.0,198.0
0.609489,167.0,274.0
0.8,36.0,45.0
1.3142858,46.0,35.0
1.3030303,43.0,33.0
0.49635038,68.0,137.0
0.5082361,5708.0,11231.0
1.4605963,49726.0,34045.0
2.2611217,2338.0,1034.0
0.51555556,116.0,225.0
0.424933,634.0,1492.0
0.70575285,2564.0,3633.0
0.586758,514.0,876.0
2.8616133,10608.0,3707.0
4.017762,242030.0,60240.0
0.15105951,7806.0,51675.0
0.2987013,23.0,77.0
8.245055,141312.0,17139.0
0.3207547,153.0,477.0
3.2066116,388.0,121.0
0.6744939,1666.0,2470.0
0.3846154,10.0,26.0
0.8606602,3181.0,3696.0
0.5489172,6514.0,11867.0
0.25,1.0,4.0
1.4281503,1938.0,1357.0
0.264232,246.0,931.0
1.1604362,745.0,642.0
0.6484245,50581.0,78006.0
1.4250242,25136.0,17639.0
0.6095694,637.0,1045.0
1.1434613,116792.0,102139.0
0.24989758,610.0,2441.0
2.5972843,64462.0,24819.0
6.353387,14257.0,2244.0
0.38655463,46.0,119.0
0.33333334,4.0,12.0
0.7182422,1945.0,2708.0
0.73637015,14452.0,19626.0
1.6294092,40235.0,24693.0
3.0420167,362.0,119.0
3.1901386,9446.0,2961.0
14.636107,10377.0,709.0
3.2173913,74.0,23.0
1.1494806,4537.0,3947.0
11.16996,16956.0,1518.0
1.0,1.0,1.0
9.558735,6347.0,664.0
0.37117904,85.0,229.0
1.3125,21.0,16.0
1.25,5.0,4.0
98.8,7897084.0,79930.0
8.230769,107.0,13.0
6.128837,13177.0,2150.0
1.1012195,1806.0,1640.0
1.0,4.0,4.0
0.83809525,264.0,315.0
1.0030121,999.0,996.0
0.82327586,191.0,232.0
1.0589473,503.0,475.0
0.9530516,1015.0,1065.0
5.2753983,53329.0,10109.0
0.26086956,6.0,23.0
0.30053666,168.0,559.0
6.243243,462.0,74.0
1.3242685,4480.0,3383.0
10.534335,4909.0,466.0
7.5964913,866.0,114.0
2.6227605,115210.0,43927.0
2.930111,4486.0,1531.0
0.58064514,18.0,31.0
0.46666667,7.0,15.0
0.6923077,9.0,13.0
0.36,9.0,25.0
0.33333334,1.0,3.0
2.7179487,106.0,39.0
0.61269844,193.0,315.0
0.8787879,58.0,66.0
0.6052304,486.0,803.0
2.9435484,365.0,124.0
6.840909,301.0,44.0
0.46153846,6.0,13.0
7.105769,739.0,104.0
29.279396,27142.0,927.0
2.0738916,421.0,203.0
0.36349207,229.0,630.0
0.8666667,13.0,15.0
1.5555556,14.0,9.0
3.0344827,88.0,29.0
3.4,357.0,105.0
10.75,43.0,4.0
8.566667,514.0,60.0
15.377778,2076.0,135.0
1.9572649,229.0,117.0
3.232258,501.0,155.0
1.0,12.0,12.0
10.8128605,13116.0,1213.0
35.83618,46157.0,1288.0
0.6,0.6,1.0
0.7358491,117.0,159.0
9.559404,43046.0,4503.0
0.37037036,30.0,81.0
3.61831,256.9,71.0
1.3333334,12.0,9.0
96.875,775.0,8.0
8.2,41.0,5.0
11.0,55.0,5.0
0.34767917,1955.0,5623.0
0.6078124,11639.0,19149.0
0.8368984,313.0,374.0
2.2086563,83178.0,37660.0
0.42757306,673.0,1574.0
1.6587203,5288.0,3188.0
0.76218885,28233.0,37042.0
0.49296224,1541.0,3126.0
1.9816457,54739.0,27623.0
3.626922,429355.0,118380.0
0.23846494,4853.0,20351.0
0.30142567,148.0,491.0
6.255695,52454.0,8385.0
0.39964634,904.0,2262.0
8.903448,1291.0,145.0
13.553606,48671.0,3591.0
0.6370316,867.0,1361.0
2.0364573,139200.0,68354.0
0.18373984,113.0,615.0
1.0698448,1930.0,1804.0
0.8226971,64715.0,78662.0
0.8465293,7805.0,9220.0
0.32397887,1166.0,3599.0
1.9031297,1277.0,671.0
0.26398602,151.0,572.0
2.2,1386.0,630.0
0.63332504,43201.0,68213.0
0.94905216,5607.0,5908.0
0.35938543,538.0,1497.0
0.97931004,115965.0,118415.0
0.35897437,770.0,2145.0
2.9119494,103811.0,35650.0
0.26415095,42.0,159.0
10.100551,7333.0,726.0
0.33299285,326.0,979.0
7.0925927,383.0,54.0
11.638555,1932.0,166.0
0.33453238,186.0,556.0
1.3211321,7796.0,5901.0
0.8069406,8464.0,10489.0
1.4104795,76503.0,54239.0
1.1383197,1111.0,976.0
2.090164,255.0,122.0
3.160586,11002.0,3481.0
10.65,426.0,40.0
4.9423075,257.0,52.0
15.333333,46.0,3.0
3.2347827,372.0,115.0
0.56810343,659.0,1160.0
11.0,11.0,1.0
43.85316,105423.0,2404.0
0.7332589,657.0,896.0
9.559524,3212.0,336.0
3.6186047,155.6,43.0
2.2146597,2538.0,1146.0
1.25,5.0,4.0
95.950005,18027470.0,187884.0
8.240953,9337.0,1133.0
1.3860445,25664.0,18516.0
2.5970402,6142.0,2365.0
0.4141692,4367.0,10544.0
0.8393401,11295.0,13457.0
0.8344827,121.0,145.0
2.7037826,100359.0,37118.0
0.51657456,187.0,362.0
1.0839511,11259.0,10387.0
0.32786652,20851.0,63596.0
0.7048718,2749.0,3900.0
1.4215931,40568.0,28537.0
2.8516057,254848.0,89370.0
0.2238806,105.0,469.0
0.17064439,143.0,838.0
6.419228,17961.0,2798.0
0.37179488,87.0,234.0
0.6044251,3606.0,5966.0
3.8218448,339376.0,88799.0
0.3161446,656.0,2075.0
0.28878167,1197.0,4145.0
0.5774102,7750.0,13422.0
0.33333334,1.0,3.0
1.0238096,86.0,84.0
2.6926937,20933.0,7774.0
0.26414058,481.0,1821.0
2.75,33.0,12.0
0.60845405,42262.0,69458.0
0.7694704,6669.0,8667.0
0.719973,1067.0,1482.0
1.4042894,29007.0,20656.0
0.2857143,2.0,7.0
2.4997902,5957.0,2383.0
0.26923078,7.0,26.0
6.845238,575.0,84.0
4.459259,602.0,135.0
0.37240538,305.0,819.0
0.4995029,12560.0,25145.0
0.46875,30.0,64.0
1.6286837,1658.0,1018.0
1.103352,395.0,358.0
3.0384614,158.0,52.0
4.19171,1618.0,386.0
3.7275863,6486.0,1740.0
6.2377048,3044.0,488.0
1.9473684,74.0,38.0
3.4960115,145941.0,41745.0
0.9272051,1745.0,1882.0
10.815534,1114.0,103.0
38.56712,62633.0,1624.0
9.559172,9693.0,1014.0
0.32485604,677.0,2084.0
3.6,3.6,1.0
1.2586207,73.0,58.0
95.95011,130780.0,1363.0
1.0927602,966.0,884.0
0.5861601,432.0,737.0
0.83773583,222.0,265.0
0.51754385,236.0,456.0
0.8243243,61.0,74.0
0.68421054,78.0,114.0
0.57391304,330.0,575.0
3.551537,1964.0,553.0
0.26530612,13.0,49.0
0.30215827,126.0,417.0
6.2380953,262.0,42.0
1.1666666,2107.0,1806.0
8.904762,374.0,42.0
7.59322,448.0,59.0
2.5786061,62049.0,24063.0
2.8481605,4258.0,1495.0
0.5555556,20.0,36.0
1.0,1.0,1.0
0.37209302,16.0,43.0
0.275,11.0,40.0
2.7142856,76.0,28.0
0.8,4.0,5.0
0.88,22.0,25.0
0.4827586,140.0,290.0
2.95,177.0,60.0
0.5483871,34.0,62.0
7.673077,399.0,52.0
11.637168,1315.0,113.0
2.075,166.0,80.0
0.34954408,115.0,329.0
3.0333333,91.0,30.0
3.4044118,463.0,136.0
8.854546,487.0,55.0
1.9557523,221.0,113.0
3.2325,1293.0,400.0
1.0,22.0,22.0
10.812011,4141.0,383.0
33.52157,8548.0,255.0
0.60625,9.7,16.0
9.559498,22092.0,2311.0
0.375,6.0,16.0
1.2777778,23.0,18.0
97.0,291.0,3.0
0.901551,65568.0,72728.0
0.76179844,5117.0,6717.0
1.1448538,901.0,787.0
0.5263158,10.0,19.0
0.82459676,409.0,496.0
0.39285713,110.0,280.0
1.3839633,77549.0,56034.0
1.8605405,1721.0,925.0
0.28690568,13004.0,45325.0
0.2226847,642.0,2883.0
6.2386365,549.0,88.0
0.8957704,593.0,662.0
9.0,36.0,4.0
7.6153846,198.0,26.0
0.97747105,4816.0,4927.0
0.43693516,2224.0,5090.0
0.46938777,23.0,49.0
0.96995825,46009.0,47434.0
0.33321774,961.0,2884.0
0.31730342,14252.0,44916.0
2.7154472,334.0,123.0
0.65361935,28154.0,43074.0
0.879046,516.0,587.0
0.37420502,8414.0,22485.0
0.33448276,97.0,290.0
2.120635,668.0,315.0
6.847863,4006.0,585.0
0.30833334,296.0,960.0
7.076923,92.0,13.0
11.639344,710.0,61.0
0.33333334,7.0,21.0
1.2763643,14548.0,11398.0
0.43337688,1327.0,3062.0
1.3040884,10271.0,7876.0
3.0,30.0,10.0
2.5431035,295.0,116.0
10.625,255.0,24.0
8.5,34.0,4.0
15.0,15.0,1.0
1.0127119,239.0,236.0
23.488585,5144.0,219.0
0.72727275,48.0,66.0
9.55,191.0,20.0
0.3721973,83.0,223.0
3.6184578,4410.9,1219.0
1.2888889,174.0,135.0
1.3087431,1916.0,1464.0
0.25,77.0,308.0
70.30001,2200320.0,31299.0
4.238806,284.0,67.0
0.5652504,107215.0,189677.0
0.69933695,45773.0,65452.0
1.0,2.0,2.0
2.7633088,26525.0,9599.0
0.31321186,275.0,878.0
1.9328558,2159.0,1117.0
0.40536883,13183.0,32521.0
0.2669464,2481.0,9294.0
2.7662754,161639.0,58432.0
0.15958637,2994.0,18761.0
0.3098075,338.0,1091.0
3.9548182,34925.0,8831.0
0.3010115,1726.0,5734.0
8.911765,303.0,34.0
3.2112677,228.0,71.0
0.34615386,216.0,624.0
0.3318186,7156.0,21566.0
0.3627451,37.0,102.0
2.0345945,1882.0,925.0
0.26268658,88.0,335.0
2.2070394,1066.0,483.0
0.67954063,106149.0,156207.0
0.6792605,24433.0,35970.0
0.36084142,223.0,618.0
1.001474,190910.0,190629.0
0.41321284,1326.0,3209.0
2.5118203,30069.0,11971.0
5.953668,32382.0,5439.0
0.3888889,7.0,18.0
0.4398432,2581.0,5868.0
0.34483248,12115.0,35133.0
1.0684654,68354.0,63974.0
3.0432901,703.0,231.0
2.4757733,13847.0,5593.0
10.024194,11187.0,1116.0
0.62780267,1820.0,2899.0
33.580963,64912.0,1933.0
9.558719,2686.0,281.0
0.36283186,82.0,226.0
3.0653846,797.0,260.0
83.6,3459117.0,41377.0
8.285714,58.0,7.0
5.0,5.0,1.0
0.5232198,676.0,1292.0
0.98032784,299.0,305.0
0.6879607,280.0,407.0
0.9760895,2531.0,2593.0
0.38857603,966.0,2486.0
0.8238806,552.0,670.0
0.6203517,8291.0,13365.0
0.4733728,160.0,338.0
0.8160485,16831.0,20625.0
3.0686932,94393.0,30760.0
0.41971454,941.0,2242.0
0.36515513,306.0,838.0
12.079221,27903.0,2310.0
1.1638796,3132.0,2691.0
9.019231,5628.0,624.0
7.5964284,8508.0,1120.0
1.2540988,22259.0,17749.0
2.8842034,46851.0,16244.0
0.30320406,899.0,2965.0
0.3576159,54.0,151.0
0.4266384,5234.0,12268.0
0.5367405,2279.0,4246.0
2.1777778,98.0,45.0
0.26410258,103.0,390.0
2.7142856,95.0,35.0
0.54787064,1711.0,3123.0
0.8857143,31.0,35.0
0.61558235,15565.0,25285.0
3.978142,3640.0,915.0
0.2631579,25.0,95.0
10.059749,6398.0,636.0
0.29169962,369.0,1265.0
8.443397,1790.0,212.0
0.93421054,213.0,228.0
2.8219178,206.0,73.0
0.85714287,24.0,28.0
0.46889952,98.0,209.0
3.04,76.0,25.0
4.4655514,4537.0,1016.0
10.63964,2362.0,222.0
7.625,976.0,128.0
1.5788337,731.0,463.0
3.1208842,6635.0,2126.0
1.0133333,76.0,75.0
10.813253,3590.0,332.0
35.98206,298831.0,8305.0
0.6043478,13.9,23.0
0.73214287,41.0,56.0
9.528786,108409.0,11377.0
0.375,93.0,248.0
3.6186047,155.6,43.0
1.2916666,93.0,72.0
104.5,671099.0,6422.0
1.0909091,168.0,154.0
4.879932,34506.0,7071.0
0.84458226,9260.0,10964.0
0.9130435,42.0,46.0
0.8363636,276.0,330.0
2.6236558,244.0,93.0
0.7086835,1012.0,1428.0
4.5816483,2946.0,643.0
1.0192878,36728.0,36033.0
0.5803258,1817.0,3131.0
1.6226498,3711.0,2287.0
3.2467825,125131.0,38540.0
0.30092594,65.0,216.0
7.0384617,4026.0,572.0
1.1857102,4099.0,3457.0
13.411885,6545.0,488.0
11.00101,10891.0,990.0
2.0284462,83787.0,41306.0
3.2832248,21666.0,6599.0
0.62857145,22.0,35.0
0.5337838,79.0,148.0
2.1716418,291.0,134.0
0.25,2.0,8.0
2.7142856,209.0,77.0
0.6363636,14.0,22.0
1.0,641.0,641.0
0.5438972,254.0,467.0
2.3752568,4627.0,1948.0
6.847934,4143.0,605.0
6.3311405,2887.0,456.0
11.46717,15194.0,1325.0
2.0707965,468.0,226.0
0.1827957,51.0,279.0
2.3792207,2748.0,1155.0
0.9529965,811.0,851.0
3.172619,2132.0,672.0
10.666667,160.0,15.0
7.5454545,664.0,88.0
15.3529415,261.0,17.0
1.9649123,112.0,57.0
2.6715481,5108.0,1912.0
1.020747,738.0,723.0
10.814189,3201.0,296.0
20.963945,50586.0,2413.0
0.53674835,1446.0,2694.0
9.559435,11500.0,1203.0
0.35714287,5.0,14.0
3.6142857,25.3,7.0
1.0,1.0,1.0
96.89888,25872.0,267.0
8.0,8.0,1.0
0.5861601,432.0,737.0
0.83645654,491.0,587.0
2.3306727,2044.0,877.0
0.26221693,220.0,839.0
0.6072335,957.0,1576.0
1.1295909,3783.0,3349.0
0.636715,1318.0,2070.0
1.2532936,2949.0,2353.0
3.4314303,53496.0,15590.0
0.26228556,902.0,3439.0
0.3010064,329.0,1093.0
9.873453,24733.0,2505.0
1.1572328,3864.0,3339.0
6.9710145,962.0,138.0
5.9908,29954.0,5000.0
1.7715944,93115.0,52560.0
2.7441447,111308.0,40562.0
0.81794393,6564.0,8025.0
0.67836255,1044.0,1539.0
0.60520834,2905.0,4800.0
0.25426137,179.0,704.0
0.26923078,14.0,52.0
2.6875,43.0,16.0
0.73630756,5727.0,7778.0
0.92086333,256.0,278.0
0.6830459,4476.0,6553.0
0.9053255,5355.0,5915.0
0.23529412,4.0,17.0
7.071429,99.0,14.0
11.619047,244.0,21.0
0.33582088,45.0,134.0
0.875,28.0,32.0
0.37777779,17.0,45.0
0.4827586,14.0,29.0
0.5,1.0,2.0
10.666667,32.0,3.0
8.583333,206.0,24.0
2.2183743,7751.0,3494.0
10.812799,232659.0,21517.0
8.100227,17780.0,2195.0
0.98206645,3488.3,3552.0
0.08794643,197.0,2240.0
0.7321937,257.0,351.0
5.544013,211177.0,38091.0
0.3817734,155.0,406.0
3.430324,1481.9,432.0
78.84945,64420.0,817.0
8.238095,346.0,42.0
11.066667,166.0,15.0
1.1052631,42.0,38.0
1.3333334,12.0,9.0
0.714417,10887.0,15239.0
0.54708225,825.0,1508.0
1.006113,1975.0,1963.0
2.2607827,32813.0,14514.0
0.80835116,755.0,934.0
1.2396281,1733.0,1398.0
0.5100308,78100.0,153128.0
0.7599656,2650.0,3487.0
1.5079143,12956.0,8592.0
2.7869933,266771.0,95720.0
0.23559092,1214.0,5153.0
0.30208334,58.0,192.0
6.057218,94535.0,15607.0
1.6187874,6221.0,3843.0
9.0,54.0,6.0
7.6,38.0,5.0
1.6408558,86967.0,53001.0
2.349704,18659.0,7941.0
0.7124341,3243.0,4552.0
0.4273315,2511.0,5876.0
0.57425743,5626.0,9797.0
0.35714287,20.0,56.0
1.440625,2305.0,1600.0
0.26760563,38.0,142.0
2.7160494,220.0,81.0
0.72119486,13689.0,18981.0
1.0345528,4072.0,3936.0
0.4503342,1954.0,4339.0
0.8751326,8249.0,9426.0
2.316597,14949.0,6453.0
6.846561,1294.0,189.0
0.4,14.0,35.0
7.125,57.0,8.0
1.7729592,695.0,392.0
0.33333334,42.0,126.0
2.2025185,2099.0,953.0
0.57361376,300.0,523.0
0.46908462,1358.0,2895.0
1.5568327,2438.0,1566.0
3.047619,128.0,42.0
2.7053943,1304.0,482.0
3.9282482,6077.0,1547.0
10.637931,1234.0,116.0
1.6121298,3429.0,2127.0
2.2971904,11610.0,5054.0
1.1354705,1098.0,967.0
9.899994,160667.0,16229.0
12.063168,27118.0,2248.0
0.75,3.0,4.0
13.786733,583165.0,42299.0
0.375,33.0,88.0
97.0,388.0,4.0
1.0918367,535.0,490.0
0.8305085,49.0,59.0
2.476333,80253.0,32408.0
0.5659164,352.0,622.0
0.2647585,148.0,559.0
2.7142856,171.0,63.0
0.6034483,35.0,58.0
0.263089,201.0,764.0
2.2566962,47350.0,20982.0
0.5529285,1029.0,1861.0
1.125,9.0,8.0
2.2968624,2855.0,1243.0
12.28589,339926.0,27668.0
2.6020343,8186.0,3146.0
0.5148201,1087.3,2112.0
0.08461539,11.0,130.0
0.92367846,28586.0,30948.0
13.415465,214956.0,16023.0
3.6184127,1139.8,315.0
96.875,1550.0,16.0
8.242575,1665.0,202.0
10.869494,6663.0,613.0
3.2575758,215.0,66.0
1.0668261,6689.0,6270.0
1.4989324,2106.0,1405.0
0.8385827,213.0,254.0
2.215207,50664.0,22871.0
0.5153846,134.0,260.0
1.4950429,2262.0,1513.0
1.2796973,17926.0,14008.0
1.2642202,689.0,545.0
2.4179428,40266.0,16653.0
3.6068277,640248.0,177510.0
0.203125,117.0,576.0
0.3003096,97.0,323.0
8.484398,46766.0,5512.0
1.16916,1016.0,869.0
6.1585364,505.0,82.0
7.6,608.0,80.0
1.8149828,28419.0,15658.0
3.5551593,271152.0,76270.0
1.3348215,897.0,672.0
0.45328718,262.0,578.0
0.5932439,1282.0,2161.0
0.375,6.0,16.0
1.7312992,1759.0,1016.0
0.26426592,477.0,1805.0
2.7142856,456.0,168.0
0.42992085,1684.0,3917.0
1.3915879,4268.0,3067.0
0.6497829,1347.0,2073.0
1.1260047,4763.0,4230.0
3.3760965,6158.0,1824.0
0.2682927,11.0,41.0
7.359148,7602.0,1033.0
0.3904762,41.0,105.0
7.105263,135.0,19.0
1.1855073,409.0,345.0
0.3125,5.0,16.0
0.8955224,60.0,67.0
0.98177844,1347.0,1372.0
1.0832196,794.0,733.0
3.0450451,338.0,111.0
2.344186,2520.0,1075.0
4.961066,2421.0,488.0
10.63881,7511.0,706.0
1.9568965,227.0,116.0
3.9178011,259570.0,66254.0
1.2087542,1436.0,1188.0
12.681906,422764.0,33336.0
17.793848,42812.0,2406.0
0.6,5.4,9.0
0.7419355,23.0,31.0
8.125956,92449.0,11377.0
0.36363637,8.0,22.0
3.62,18.1,5.0
135.84995,660910.0,4865.0
0.8613333,969.0,1125.0
0.57573247,2083.0,3618.0
2.161349,95992.0,44413.0
0.39019608,398.0,1020.0
0.43604764,17939.0,41140.0
1.3588009,47183.0,34724.0
0.56666666,34.0,60.0
0.930089,5122.0,5507.0
2.992127,133395.0,44582.0
0.34294832,7954.0,23193.0
0.3,105.0,350.0
5.4416027,153192.0,28152.0
0.8769231,57.0,65.0
8.95,179.0,20.0
7.9351034,8070.0,1017.0
1.0,54.0,54.0
1.2072021,33658.0,27881.0
0.5667656,191.0,337.0
0.8555692,699.0,817.0
0.83978707,25873.0,30809.0
0.4090909,9.0,22.0
0.40009403,851.0,2127.0
0.97026885,42621.0,43927.0
0.26086956,24.0,92.0
2.72,68.0,25.0
0.75671476,39471.0,52161.0
1.2043568,1161.0,964.0
0.4399243,930.0,2114.0
0.6390175,24144.0,37783.0
0.3292683,27.0,82.0
3.7095344,6692.0,1804.0
0.16914792,534.0,3157.0
6.866667,103.0,15.0
0.38613862,117.0,303.0
11.64,1455.0,125.0
0.33333334,1.0,3.0
1.1751516,6394.0,5441.0
0.66604125,6745.0,10127.0
1.0514511,41158.0,39144.0
3.0461538,198.0,65.0
2.8333333,2210.0,780.0
10.571428,74.0,7.0
3.2344322,883.0,273.0
1.0140845,72.0,71.0
10.8125,173.0,16.0
23.486006,9230.0,393.0
0.7340425,69.0,94.0
9.559921,4866.0,509.0
0.6473829,235.0,363.0
0.95840263,576.0,601.0
1.0,1.0,1.0
56.050076,254075.0,4533.0
1.0,5.0,5.0
0.41034853,1142.0,2783.0
0.63629866,1781.0,2799.0
0.8382353,57.0,68.0
2.3080947,57340.0,24843.0
0.20804021,207.0,995.0
0.88823736,15299.0,17224.0
0.7289939,40430.0,55460.0
0.6343693,347.0,547.0
1.3849046,9578.0,6916.0
2.750693,135931.0,49417.0
0.22420217,15765.0,70316.0
0.4125874,354.0,858.0
5.6306543,244224.0,43374.0
0.43835616,128.0,292.0
2.2127168,1914.0,865.0
0.7614139,517.0,679.0
0.4826087,111.0,230.0
0.41024137,4895.0,11932.0
0.36,27.0,75.0
1.1242607,54557.0,48527.0
0.26418152,163.0,617.0
0.45984262,34479.0,74980.0
0.9367264,10141.0,10826.0
0.3877177,846.0,2182.0
0.6930953,38245.0,55180.0
0.26615384,173.0,650.0
3.1044898,3803.0,1225.0
6.8485575,2849.0,416.0
0.33333334,32.0,96.0
0.77596265,1330.0,1714.0
0.48024988,12839.0,26734.0
0.7392183,21580.0,29193.0
3.0625,49.0,16.0
3.390244,139.0,41.0
10.636364,1404.0,132.0
3.1635134,4682.0,1480.0
0.96722937,974.0,1007.0
10.666667,32.0,3.0
23.48583,5801.0,247.0
9.558908,6653.0,696.0
0.375,24.0,64.0
0.6376812,88.0,138.0
96.90024,82559.0,852.0
1.0886075,86.0,79.0
0.5471987,206718.0,377775.0
0.7309139,13796.0,18875.0
0.8382353,57.0,68.0
2.7802892,38254.0,13759.0
0.15224358,285.0,1872.0
1.916276,2861.0,1493.0
0.35592186,583.0,1638.0
0.5749778,648.0,1127.0
0.83804345,2313.0,2760.0
1.9531997,11018.0,5641.0
0.35719386,16013.0,44830.0
0.16827853,174.0,1034.0
8.110899,4242.0,523.0
0.1946387,167.0,858.0
7.625,61.0,8.0
1.5898451,4822.0,3033.0
0.26790014,4228.0,15782.0
0.35,7.0,20.0
0.37333333,140.0,375.0
0.36628726,8592.0,23457.0
0.37239763,18281.0,49090.0
2.7195122,223.0,82.0
0.70976424,147961.0,208465.0
0.70961493,2930.0,4129.0
0.6103896,47.0,77.0
0.825603,173408.0,210038.0
0.33515483,184.0,549.0
0.34353742,404.0,1176.0
10.14006,6733.0,664.0
0.33333334,5.0,15.0
3.0427632,1850.0,608.0
0.55887413,5520.0,9877.0
0.47706014,4284.0,8980.0
1.4992092,26539.0,17702.0
3.040404,301.0,99.0
2.413701,2713.0,1124.0
10.638743,2032.0,191.0
3.2330744,2913.0,901.0
0.5749129,165.0,287.0
25.849957,60127.0,2326.0
9.558824,2275.0,238.0
0.4,4.0,10.0
3.6180556,260.5,72.0
1.2666667,19.0,15.0
1.072973,397.0,370.0
66.500046,724252.0,10891.0
2.2123551,573.0,259.0
0.6135822,1545.0,2518.0
0.79228914,1644.0,2075.0
2.2075472,234.0,106.0
0.4122578,3787.0,9186.0
0.94011974,942.0,1002.0
0.639604,323.0,505.0
0.8227395,2757.0,3351.0
1.9911243,6730.0,3380.0
4.697459,253287.0,53920.0
0.2821549,2933.0,10395.0
0.27908263,1010.0,3619.0
6.2434783,718.0,115.0
0.6867647,2802.0,4080.0
8.904855,4586.0,515.0
6.766861,139465.0,20610.0
1.9966121,114919.0,57557.0
2.9443622,105364.0,35785.0
1.0192864,5285.0,5185.0
0.78333336,47.0,60.0
0.8280591,5495.0,6636.0
0.36298078,1057.0,2912.0
0.26403373,1190.0,4507.0
3.6606896,2654.0,725.0
0.6802575,1585.0,2330.0
1.2676864,663.0,523.0
0.65837,11956.0,18160.0
1.1860465,510.0,430.0
3.1869972,29706.0,9321.0
0.26666668,8.0,30.0
0.31435522,1292.0,4110.0
7.565625,2421.0,320.0
11.648648,431.0,37.0
1.4458736,41031.0,28378.0
0.33584905,89.0,265.0
2.6885078,29009.0,10790.0
0.74496645,111.0,149.0
0.475,19.0,40.0
8.431478,7875.0,934.0
3.4006023,1129.0,332.0
8.808383,1471.0,167.0
1.9606299,249.0,127.0
2.584913,13364.0,5170.0
1.0,24.0,24.0
10.812738,45327.0,4192.0
15.57989,56555.0,3630.0
0.3563873,1233.1,3460.0
0.07727332,594.0,7687.0
0.6666667,4.0,6.0
6.475589,404012.0,62390.0
0.3723404,70.0,188.0
3.5145013,119749.6,34073.0
1.25,5.0,4.0
108.3,394212.0,3640.0
8.2421055,783.0,95.0
0.9585185,14881.0,15525.0
5.0,5.0,1.0
0.62322664,1889.0,3031.0
0.8181818,9.0,11.0
2.7523367,277675.0,100887.0
0.516129,240.0,465.0
0.7068677,4642.0,6567.0
1.1830382,19306.0,16319.0
0.57615894,87.0,151.0
1.9307797,15676.0,8119.0
3.657795,472631.0,129212.0
0.4293369,1282.0,2986.0
0.30079156,114.0,379.0
5.3942103,22920.0,4249.0
0.8942308,93.0,104.0
6.9375,222.0,32.0
0.56935817,275.0,483.0
1.9850432,89319.0,44996.0
0.34285715,84.0,245.0
0.4350581,1236.0,2841.0
1.1096241,7794.0,7024.0
0.433526,225.0,519.0
0.31578946,48.0,152.0
0.76008326,2921.0,3843.0
0.26405868,324.0,1227.0
2.4414465,4253.0,1742.0
0.40182328,573.0,1426.0
1.2218059,3261.0,2669.0
0.4673629,1790.0,3830.0
1.0780331,29136.0,27027.0
0.33587787,44.0,131.0
3.1790686,11877.0,3736.0
0.33244503,998.0,3002.0
6.8461537,801.0,117.0
0.3880597,104.0,268.0
7.125,57.0,8.0
0.3181818,7.0,22.0
0.4094976,595.0,1453.0
0.7428646,2837.0,3819.0
0.33474576,158.0,472.0
0.93370163,1014.0,1086.0
2.200073,6037.0,2744.0
2.2177033,1854.0,836.0
3.539725,10559.0,2983.0
10.643836,777.0,73.0
8.454545,93.0,11.0
3.0067441,17833.0,5931.0
0.97508895,1096.0,1124.0
10.812658,17084.0,1580.0
27.813984,42166.0,1516.0
0.72727275,40.0,55.0
9.559441,12303.0,1287.0
0.3846154,10.0,26.0
3.618239,575.3,159.0
0.61551154,1119.0,1818.0
95.0,141455.0,1489.0
5.0,5.0,1.0
0.85714287,12.0,14.0
4.874598,15160.0,3110.0
7.611111,137.0,18.0
1.9035088,434.0,228.0
2.5262816,89155.0,35291.0
0.2642857,74.0,280.0
0.8695652,20.0,23.0
0.6074074,82.0,135.0
2.939394,97.0,33.0
0.28,14.0,50.0
7.0689654,205.0,29.0
1.6,176.0,110.0
2.4,12.0,5.0
3.7661538,1224.0,325.0
3.4,442.0,130.0
8.4,42.0,5.0
15.4,77.0,5.0
2.85,399.0,140.0
10.812846,39056.0,3612.0
5.1341095,10145.0,1976.0
0.5850887,6038.7,10321.0
0.07617986,615.0,8073.0
1.1276283,2306.0,2045.0
9.559586,14760.0,1544.0
6.640907,14643.2,2205.0
8.245902,503.0,61.0
11.865672,1590.0,134.0
1.0942622,267.0,244.0
1.8362702,7503.0,4086.0
0.8375,67.0,80.0
1.1477916,2027.0,1766.0
0.8243513,413.0,501.0
0.9238556,10313.0,11163.0
0.63779527,81.0,127.0
3.632967,1653.0,455.0
0.30103806,87.0,289.0
6.2444444,1124.0,180.0
1.3243173,10282.0,7764.0
8.290265,4684.0,565.0
1.8993053,108551.0,57153.0
2.1602335,16286.0,7539.0
0.5697674,49.0,86.0
0.6615385,43.0,65.0
0.42857143,18.0,42.0
0.2777778,5.0,18.0
2.7152777,782.0,288.0
0.61538464,16.0,26.0
0.8666667,13.0,15.0
0.5870597,4083.0,6955.0
2.945946,218.0,74.0
6.8454547,753.0,110.0
7.536,3768.0,500.0
6.4125853,19770.0,3083.0
2.074074,168.0,81.0
0.33333334,109.0,327.0
1.5651007,1166.0,745.0
3.4010153,670.0,197.0
10.640212,2011.0,189.0
9.801724,5685.0,580.0
15.374902,19603.0,1275.0
1.9576923,509.0,260.0
1.6651961,3397.0,2040.0
1.0,4.0,4.0
12.788578,10525.0,823.0
0.3633461,569.0,1566.0
9.559359,26814.0,2805.0
0.4,2.0,5.0
96.9,29070.0,300.0
0.45412952,5757.0,12677.0
1.2334186,82512.0,66897.0
1.4739696,1359.0,922.0
1.9836893,5108.0,2575.0
0.8531488,3021.0,3541.0
2.5935066,1997.0,770.0
0.8186958,18681.0,22818.0
0.34859025,1904.0,5462.0
1.6600556,18498.0,11143.0
2.7480638,109285.0,39768.0
0.18524359,2232.0,12049.0
0.2651515,350.0,1320.0
5.5970464,5306.0,948.0
0.3451613,749.0,2170.0
4.142483,170981.0,41275.0
0.53864634,3812.0,7077.0
0.45303294,1307.0,2885.0
0.51027024,9291.0,18208.0
0.33333334,4.0,12.0
1.2590996,23661.0,18792.0
0.26419622,991.0,3751.0
4.513158,3430.0,760.0
0.60975313,25045.0,41074.0
0.9442997,22836.0,24183.0
0.5243141,2771.0,5285.0
0.6676559,32396.0,48522.0
0.2945783,489.0,1660.0
3.0838764,18457.0,5985.0
5.6802444,5578.0,982.0
0.7914438,3700.0,4675.0
0.39147648,7119.0,18185.0
0.46861926,112.0,239.0
0.65072083,5958.0,9156.0
3.0421686,505.0,166.0
1.2427459,1756.0,1413.0
3.5768282,8706.0,2434.0
10.640496,2575.0,242.0
4.1457987,152810.0,36859.0
1.1267565,4009.0,3558.0
58.767006,75163.0,1279.0
9.559618,6013.0,629.0
96.90074,39051.0,403.0
0.5859173,907.0,1548.0
0.83690035,1134.0,1355.0
0.7381062,6423.0,8702.0
0.82325584,354.0,430.0
0.80052495,1220.0,1524.0
0.59941036,4676.0,7801.0
1.6,16.0,10.0
1.6311282,7619.0,4671.0
0.27568492,161.0,584.0
0.4892857,959.0,1960.0
6.24,780.0,125.0
0.49600172,2295.0,4627.0
6.691824,2128.0,318.0
7.5930233,653.0,86.0
2.2633786,151162.0,66786.0
3.7104282,225761.0,60845.0
0.77903837,4326.0,5553.0
0.85714287,12.0,14.0
0.36158192,128.0,354.0
0.2644135,266.0,1006.0
2.72549,139.0,51.0
0.75,9.0,12.0
0.88235295,45.0,51.0
0.5804352,8295.0,14291.0
2.9487178,115.0,39.0
0.26605505,29.0,109.0
6.85,1096.0,160.0
0.2,4.0,20.0
3.3863637,596.0,176.0
11.6375,931.0,80.0
2.0429265,7567.0,3704.0
0.46464646,46.0,99.0
3.0442479,344.0,113.0
3.4,136.0,40.0
10.639535,915.0,86.0
6.0,1104.0,184.0
2.3580117,6784.0,2877.0
3.5919676,71103.0,19795.0
1.0,3.0,3.0
10.813288,9440.0,873.0
28.86172,51345.0,1779.0
0.6666667,2.0,3.0
12.459161,328112.0,26335.0
3.62,108.6,30.0
132.05002,5021994.0,38031.0
8.238806,552.0,67.0
5.0,5.0,1.0
0.80456394,3561.0,4426.0
0.7751853,2824.0,3643.0
1.5981696,62164.0,38897.0
0.4094703,9910.0,24202.0
0.8234019,760.0,923.0
0.8620853,3638.0,4220.0
0.58327425,10692.0,18331.0
1.2180755,14165.0,11629.0
4.098928,106277.0,25928.0
0.55770206,3291.0,5901.0
0.3651376,796.0,2180.0
6.266667,94.0,15.0
0.5395755,9203.0,17056.0
8.902723,2288.0,257.0
7.592233,782.0,103.0
1.5734887,66557.0,42299.0
3.170151,337247.0,106382.0
0.86739755,9099.0,10490.0
0.91494715,1818.0,1987.0
0.4826328,3835.0,7946.0
2.1654136,288.0,133.0
0.26412356,2001.0,7576.0
2.7182539,685.0,252.0
1.1343874,861.0,759.0
0.8857143,62.0,70.0
0.62603295,16136.0,25775.0
0.95384616,124.0,130.0
2.530289,10860.0,4292.0
0.26180258,61.0,233.0
0.31439394,1411.0,4488.0
9.247619,971.0,105.0
1.6556633,19310.0,11663.0
1.0,2.0,2.0
0.46822742,140.0,299.0
3.042654,1284.0,422.0
3.4,697.0,205.0
8.559322,505.0,59.0
1.3218998,501.0,379.0
3.0314236,56724.0,18712.0
10.813091,14868.0,1375.0
26.064922,142523.0,5468.0
0.6031746,38.0,63.0
0.7336956,135.0,184.0
12.392823,324630.0,26195.0
0.36956522,17.0,46.0
3.1729314,5368.6,1692.0
111.14996,1367478.0,12303.0
11.076923,144.0,13.0
1.0573516,93343.0,88280.0
7.1729937,14927.0,2081.0
0.33820567,20986.0,62051.0
0.89115155,47919.0,53772.0
0.39200616,510.0,1301.0
2.047737,55465.0,27086.0
0.5187166,97.0,187.0
1.3735178,2780.0,2024.0
0.606717,6106.0,10064.0
0.42735043,50.0,117.0
1.1936417,413.0,346.0
2.8743017,1029.0,358.0
0.15292975,2362.0,15445.0
0.30769232,8.0,26.0
11.411355,11457.0,1004.0
0.42553192,20.0,47.0
3.0861242,309529.0,100297.0
0.37711227,2254.0,5977.0
0.36842105,7.0,19.0
0.49591637,15180.0,30610.0
0.35714287,15.0,42.0
2.3464286,657.0,280.0
0.2631579,60.0,228.0
2.7096775,168.0,62.0
0.45031396,45180.0,100330.0
0.8986864,24766.0,27558.0
0.35654008,338.0,948.0
1.4536339,162948.0,112097.0
0.4716981,75.0,159.0
2.9469028,999.0,339.0
6.866667,103.0,15.0
0.8436167,2967.0,3517.0
0.46388093,10846.0,23381.0
0.825645,2112.0,2558.0
0.8521739,98.0,115.0
3.0526316,116.0,38.0
1.840553,1997.0,1085.0
3.4018986,1075.0,316.0
10.63745,2670.0,251.0
2.8528452,212420.0,74459.0
0.91952944,1954.0,2125.0
23.481012,1855.0,79.0
9.566667,287.0,30.0
96.902985,12985.0,134.0
0.42937854,1444.0,3363.0
1.284676,2121.0,1651.0
0.52614826,1157.0,2199.0
0.8226804,399.0,485.0
1.0754044,4521.0,4204.0
0.7686429,3319.0,4318.0
4.7328043,5367.0,1134.0
0.25,2.0,8.0
0.3009307,291.0,967.0
6.2,31.0,5.0
0.73047674,3938.0,5391.0
3.1294963,435.0,139.0
2.2644484,165230.0,72967.0
2.5106544,19794.0,7884.0
0.28410512,1816.0,6392.0
0.6666667,2.0,3.0
0.47826087,11.0,23.0
0.375,3.0,8.0
0.26086956,6.0,23.0
2.6923077,35.0,13.0
1.1690141,83.0,71.0
0.9347607,3711.0,3970.0
2.945,589.0,200.0
0.3888889,7.0,18.0
7.1666665,43.0,6.0
2.074627,139.0,67.0
0.44918033,274.0,610.0
3.4015346,1330.0,391.0
8.666667,26.0,3.0
1.9568182,861.0,440.0
2.9609509,1744.0,589.0
10.812876,25194.0,2330.0
30.110954,64046.0,2127.0
0.5,1.0,2.0
9.559471,143220.0,14982.0
109.25,100947.0,924.0
12.235955,1089.0,89.0
11.0,99.0,9.0
5.0,5.0,1.0
0.5851064,165.0,282.0
1.0,2.0,2.0
1.9891819,2942.0,1479.0
0.5119048,43.0,84.0
0.82222223,148.0,180.0
1.4169811,751.0,530.0
0.56962025,45.0,79.0
1.5068493,660.0,438.0
4.2727213,256876.0,60120.0
0.28333333,17.0,60.0
0.2982456,17.0,57.0
0.9,63.0,70.0
8.909091,98.0,11.0
1.4427481,1890.0,1310.0
2.7257466,307516.0,112819.0
0.5625,36.0,64.0
0.8695652,40.0,46.0
0.35,7.0,20.0
0.26363635,87.0,330.0
2.724138,79.0,29.0
0.61538464,48.0,78.0
0.8787129,355.0,404.0
0.60714287,51.0,84.0
1.0,6.0,6.0
0.33333334,4.0,12.0
4.304833,1158.0,269.0
0.35065645,641.0,1828.0
0.3888889,7.0,18.0
0.33333334,1.0,3.0
1.9052632,362.0,190.0
0.4651163,80.0,172.0
1.5,3.0,2.0
3.0396826,383.0,126.0
2.1111112,57.0,27.0
4.772795,15965.0,3345.0
8.625,69.0,8.0
1.9545455,86.0,44.0
3.4637036,67802.0,19575.0
2.6243656,1551.0,591.0
8.583299,373631.0,43530.0
18.120068,97341.0,5372.0
0.6633423,492.2,742.0
0.16747573,69.0,412.0
0.7333768,1125.0,1534.0
9.55944,60712.0,6351.0
3.2273932,18744.7,5808.0
110.2,650180.0,5900.0
11.0625,177.0,16.0
1.0833334,52.0,48.0
5.0,5.0,1.0
0.2926218,5604.0,19151.0
0.5482234,108.0,197.0
0.6231973,2031.0,3259.0
3.0668974,2659.0,867.0
0.58137715,2972.0,5112.0
1.3928299,3652.0,2622.0
0.48810533,64549.0,132244.0
0.5899513,10779.0,18271.0
0.7580645,329.0,434.0
2.6484644,55194.0,20840.0
0.33913487,3332.0,9825.0
0.24738955,308.0,1245.0
6.2448277,1811.0,290.0
0.88638467,8613.0,9717.0
5.7518797,765.0,133.0
7.625,122.0,16.0
1.7020384,304510.0,178909.0
2.7781284,66025.0,23766.0
0.56625,453.0,800.0
0.52402663,1494.0,2851.0
0.8666667,13.0,15.0
0.9491189,3824.0,4029.0
0.36363637,224.0,616.0
2.1683168,219.0,101.0
0.2625,21.0,80.0
2.7142856,76.0,28.0
0.6133721,633.0,1032.0
1.2158558,3374.0,2775.0
0.5690656,1961.0,3446.0
2.196911,1138.0,518.0
0.2857143,2.0,7.0
6.875,55.0,8.0
7.09375,454.0,64.0
11.666667,70.0,6.0
1.9856116,828.0,417.0
0.20812182,82.0,394.0
3.0824294,1421.0,461.0
0.86315787,82.0,95.0
3.0370371,164.0,54.0
2.6616542,1062.0,399.0
10.645833,511.0,48.0
8.571428,360.0,42.0
15.0,15.0,1.0
1.9578115,2970.0,1517.0
3.0134313,31186.0,10349.0
1.3835616,101.0,73.0
8.949611,259664.0,29014.0
19.875025,102257.0,5145.0
0.6,6.6,11.0
0.73170733,120.0,164.0
9.4742985,1347700.0,142248.0
0.375,3.0,8.0
3.6333334,10.9,3.0
1.0,1.0,1.0
97.84969,161452.0,1650.0
8.25,297.0,36.0
11.05,221.0,20.0
1.0,4.0,4.0
0.8181818,72.0,88.0
2.5869067,122102.0,47200.0
0.5740741,31.0,54.0
0.2636103,92.0,349.0
2.72,340.0,125.0
1.7965032,3699.0,2059.0
0.8862559,187.0,211.0
2.9411764,50.0,17.0
0.2682927,22.0,82.0
2.1796927,19578.0,8982.0
0.44644,2088.0,4677.0
3.0,24.0,8.0
3.3333333,10.0,3.0
2.4177215,382.0,158.0
12.281019,86311.0,7028.0
19.456993,26014.0,1337.0
0.6037901,207.1,343.0
0.46531925,9117.0,19593.0
9.060486,154889.0,17095.0
3.6183908,314.8,87.0
96.89706,6589.0,68.0
6.8515625,1754.0,256.0
11.055555,597.0,54.0
3.2988505,287.0,87.0
0.5897436,23.0,39.0
2.754856,8226.0,2986.0
0.64044946,228.0,356.0
0.6,9.0,15.0
1.5789474,30.0,19.0
4.3007483,17818.0,4143.0
0.33333334,3.0,9.0
1.0,8.0,8.0
1.907365,143863.0,75425.0
0.5,2.0,4.0
0.26347306,88.0,334.0
2.7142856,19.0,7.0
0.6,6.0,10.0
1.6510819,4273.0,2588.0
0.60571426,106.0,175.0
0.5,1.0,2.0
2.9481132,625.0,212.0
0.16409537,117.0,713.0
6.849315,500.0,73.0
0.38059703,51.0,134.0
1.75,7.0,4.0
2.1905696,4460.0,2036.0
0.8604651,185.0,215.0
0.46819788,265.0,566.0
2.2537313,302.0,134.0
2.0134788,3137.0,1558.0
13.973848,232441.0,16634.0
11.252159,26060.0,2316.0
0.23553921,96.1,408.0
0.11940298,64.0,536.0
0.6208278,1860.0,2996.0
8.46645,65107.0,7690.0
3.6186275,738.2,204.0
0.24242425,8.0,33.0
106.4,137256.0,1290.0
8.235294,280.0,34.0
5.0,5.0,1.0
0.7143937,48218.0,67495.0
0.7780633,18167.0,23349.0
0.82608694,19.0,23.0
2.6129787,87054.0,33316.0
0.22865014,83.0,363.0
0.95451415,1385.0,1451.0
0.7174714,3893.0,5426.0
0.5777778,52.0,90.0
1.5425926,1666.0,1080.0
1.955414,921.0,471.0
0.43035236,20298.0,47166.0
0.30120483,25.0,83.0
6.2765274,1952.0,311.0
0.24855492,43.0,173.0
2.0260158,106769.0,52699.0
0.27477476,61.0,222.0
0.8023256,69.0,86.0
0.3822366,3189.0,8343.0
0.4352,544.0,1250.0
0.65789473,50.0,76.0
0.25925925,14.0,54.0
2.7272727,60.0,22.0
0.66229784,18141.0,27391.0
0.6032411,18873.0,31286.0
0.43488944,177.0,407.0
1.0556864,58731.0,55633.0
0.3478261,8.0,23.0
2.8811882,291.0,101.0
6.849123,1952.0,285.0
2.3198864,8166.0,3520.0
0.6220096,650.0,1045.0
0.3344697,883.0,2640.0
0.88968956,1605.0,1804.0
0.7487844,462.0,617.0
3.0,6.0,2.0
2.1,42.0,20.0
3.4117646,58.0,17.0
10.666667,192.0,18.0
2.0539038,81236.0,39552.0
0.49295774,70.0,142.0
9.559633,2084.0,218.0
1.3333334,8.0,6.0
96.9037,13082.0,135.0
8.263158,157.0,19.0
2.2838898,23855.73,10445.22
0.13240418,5.7,43.05
2.5603654,58234.49,22744.6
0.47804168,769.04,1608.73
7.880573,5202.36,660.15
0.100076355,150.73,1506.15
0.23538238,492.62,2092.85
6697.3857,263500000.0,39343.71
3.015207,263.71,87.46
87.59447,4752.0,54.25
27.610668,76992.07,2788.49
1.404054,31.17,22.2
2.3863833,9234.54,3869.68
1.9022148,6379.8,3353.88
0.12376238,0.75,6.06
1.9448256,2242.17,1152.89
1.0747198,4889.9,4549.93
9.486876,59939.5,6318.15
0.14284492,717.77,5024.82
0.32159474,184.56,573.89
5155.1753,221125000.0,42893.79
3.2591307,638.04,195.77
40.343403,221247.66,5484.11
3.3570619,888.01,264.52
2.0406146,9200.58,4508.73
2.5899887,1083.47,418.33
2.638642,582.19,220.64
0.7099748,1789.52,2520.54
8.728762,23265.38,2665.37
0.3542803,30919.38,87273.78
0.28498748,342.25,1200.93
4690.276,79789000.0,17011.58
3.8660762,2693.07,696.59
100.02622,217410.0,2173.53
38.616005,240290.03,6222.55
2.4711993,559.01,226.21
2.6082344,3078.76,1180.4
2.1400871,6536.19,3054.17
2.2476048,241.64,107.51
1.0301437,12018.1,11666.43
8.131083,19283.92,2371.63
0.18180403,1739.63,9568.71
1.3022404,22521.87,17294.71
6874.8345,528790000.0,76916.76
5.0529957,387.11,76.61
141.28226,175.19,1.24
35.63185,64802.22,1818.66
3.7057142,350.19,94.5
2.0556688,6530.49,3176.82
2.5500593,5824.31,2283.99
2.3574052,976.06,414.04
1.6651028,30036.14,18038.61
11.391822,4379.7,384.46
0.37171888,2538.97,6830.35
0.7543032,5131.57,6803.06
7447.8203,418372000.0,56173.75
2.9981868,66.14,22.06
31.049505,31.36,1.01
24.038239,8059.06,335.26
2.4346535,49.18,20.2
2.081797,3033.99,1457.39
2.247605,2158.51,960.36
0.6770238,129.21,190.85
1.696823,136.73,80.58
0.58024186,1164.47,2006.87
7.7421613,15902.09,2053.96
0.1653957,1311.97,7932.31
0.33386186,926.45,2774.95
6738.4478,377754000.0,56059.5
2.2686512,877.9,386.97
28.12677,454879.62,16172.48
1.4198217,347.26,244.58
2.1122808,4859.45,2300.57
2.9403465,16064.76,5463.56
2.7568567,21435.58,7775.37
0.737179,1239.36,1681.22
8.863834,25290.47,2853.22
0.12798423,866.53,6770.6
0.26700184,110.99,415.69
5224.1895,148421000.0,28410.34
2.741458,294.46,107.41
88.75631,1653.53,18.63
37.883965,214799.05,5669.92
2.7776983,233.16,83.94
2.2583978,3469.17,1536.12
1.2657367,182.38,144.09
2.0205488,1029.51,509.52
0.90816915,8774.34,9661.57
7.391049,11723.46,1586.17
0.10810598,823.04,7613.27
0.4488545,881.64,1964.2
6325.0474,769685000.0,121688.42
3.261774,255.56,78.35
26.455465,47770.37,1805.69
2.6030867,737.09,283.16
1.1074643,2601.91,2349.43
2.1104138,2296.7,1088.27
0.44649553,76.19,170.64
3.3587358,5946.44,1770.44
0.88128316,17290.67,19619.88
7.2896013,57176.5,7843.57
0.08336837,477.9,5732.39
0.36516482,1304.46,3572.25
8793.134,916053000.0,104178.22
2.0390842,124.69,61.15
35.853447,197190.02,5499.89
1.8239027,485.76,266.33
2.105864,12826.27,6090.74
2.4847536,96029.74,38647.59
0.13849078,9.47,68.38
2.782194,15300.23,5499.34
0.9643793,9338.21,9683.13
8.643121,123004.57,14231.5
0.17455655,953.99,5465.22
0.30953714,901.92,2913.77
7139.5107,407624000.0,57094.11
5.4772487,6880.52,1256.2
82.39615,46783.71,567.79
27.617609,68340.6,2474.53
3.1389358,1616.96,515.13
2.4634333,106825.43,43364.45
2.1791046,245.28,112.56
2.2100642,5289.7,2393.46
0.6028469,674.23,1118.41
7.9173117,16321.3,2061.47
0.22862203,782.1,3420.93
0.34188306,204.07,596.9
7169.9536,112043000.0,15626.74
3.0454938,985.4,323.56
43.0,1021.25,23.75
38.414112,235256.84,6124.23
1.8755459,171.8,91.6
2.2761724,1092.54,479.99
2.4069333,3593.07,1492.8
2.0918164,559.54,267.49
0.6025801,555.85,922.45
5.618938,16247.89,2891.63
0.19719712,938.82,4760.82
0.36568806,390.5,1067.85
7168.267,499402000.0,69668.44
2.5849707,180.25,69.73
28.696442,409253.44,14261.47
1.6860148,86.56,51.34
2.391149,2770.17,1158.51
1.9820007,6012.32,3033.46
0.17091836,6.03,35.28
3.178915,20223.94,6361.9
0.68261665,4307.83,6310.76
7.866736,17962.59,2283.36
0.15010077,614.46,4093.65
0.43855464,856.62,1953.28
6544.9707,493258000.0,75364.43
2.5920577,136.42,52.63
37.568436,51157.69,1361.72
1.903109,126.1,66.26
2.470845,26843.21,10863.98
0.12087912,0.55,4.55
2.870191,5266.37,1834.85
0.67610055,7061.85,10444.97
8.404688,87967.67,10466.5
0.15018517,2431.28,16188.55
0.80525166,502.01,623.42
5052.602,50745000.0,10043.34
7.2618012,19413.99,2673.44
7.125506,17.6,2.47
52.502308,118922.98,2265.1
3.2096262,516.14,160.81
2.4563706,22644.74,9218.78
0.28912565,787.0,2722.0
0.7245406,11789.0,16271.0
0.43357933,235.0,542.0
0.6321989,3381.0,5348.0
1.2183475,12298.0,10094.0
0.42515522,3698.0,8698.0
1.2720367,17750.0,13954.0
1.1352032,43669.0,38468.0
0.37559807,628.0,1672.0
0.25305623,207.0,818.0
0.73378265,5226.0,7122.0
0.28091982,452.0,1609.0
0.77113533,12022.0,15590.0
0.50049394,26852.0,53651.0
1.0,3.0,3.0
0.555131,5085.0,9160.0
1.2023256,1551.0,1290.0
0.6666667,2.0,3.0
0.19565217,18.0,92.0
0.33333334,5.0,15.0
1.8308994,28584.0,15612.0
0.5,12.0,24.0
2.1302211,867.0,407.0
1.375,11.0,8.0
1.7804878,146.0,82.0
1.9473684,37.0,19.0
12.477064,1360.0,109.0
2.2941177,156.0,68.0
0.5441176,37.0,68.0
4.3,129.0,30.0
1.0,2.0,2.0
0.097848155,723.0,7389.0
0.21212122,14.0,66.0
0.76724136,356.0,464.0
0.16867469,14.0,83.0
1.0532545,356.0,338.0
0.72854805,8465.0,11619.0
0.33333334,1.0,3.0
0.1502669,1492.0,9929.0
0.6461442,63043.0,97568.0
0.23186485,3500.0,15095.0
0.40231404,1217.0,3025.0
0.21684664,502.0,2315.0
0.5647059,48.0,85.0
0.1764706,6.0,34.0
0.2666037,847.0,3177.0
0.22905028,41.0,179.0
0.17884873,668.0,3735.0
0.15425654,3354.0,21743.0
0.15907098,363.0,2282.0
0.2684414,2289.0,8527.0
0.2,1.0,5.0
0.6398052,6963.0,10883.0
0.16935484,21.0,124.0
1.0833334,117.0,108.0
0.66492146,127.0,191.0
1.71875,55.0,32.0
9.990566,1059.0,106.0
6.873418,1629.0,237.0
0.983871,61.0,62.0
0.25175527,251.0,997.0
15.0,30.0,2.0
3.5873015,226.0,63.0
0.53846157,7.0,13.0
0.38613862,156.0,404.0
1.8254902,931.0,510.0
1.2109827,838.0,692.0
1.4501407,9787.0,6749.0
0.36347827,209.0,575.0
0.81116587,494.0,609.0
1.2807084,84245.0,65780.0
0.421669,19479.0,46195.0
2.8248277,2048.0,725.0
0.8100005,99771.0,123174.0
0.62151396,156.0,251.0
0.83870965,104.0,124.0
0.5170925,14854.0,28726.0
0.33333334,1.0,3.0
0.42618385,765.0,1795.0
0.8853211,3860.0,4360.0
1.7501949,193043.0,110298.0
0.19545726,327.0,1673.0
1.6018518,173.0,108.0
0.7777778,14.0,18.0
2.0,52.0,26.0
20.747826,2386.0,115.0
12.593333,1889.0,150.0
1.0020964,478.0,477.0
18.249619,11990.0,657.0
4.25,17.0,4.0
0.5762072,2291.0,3976.0
0.29166666,7.0,24.0
0.19565217,27.0,138.0
1.3145655,1074.0,817.0
0.43015522,388.0,902.0
1.8666667,168.0,90.0
1.5429842,6587.0,4269.0
0.42857143,27.0,63.0
0.16483517,15.0,91.0
0.19143577,76.0,397.0
0.31182796,87.0,279.0
1.4241986,353009.0,247865.0
0.5885213,6173.0,10489.0
1.7419355,162.0,93.0
0.2857143,4.0,14.0
0.36168307,404.0,1117.0
0.19587629,19.0,97.0
1.0442078,7157.0,6854.0
0.25,25.0,100.0
0.49724653,5508.0,11077.0
0.47335866,7347.0,15521.0
0.2688679,57.0,212.0
0.2897196,31.0,107.0
0.25315005,221.0,873.0
0.9681021,3035.0,3135.0
0.33333334,2.0,6.0
0.42160803,1678.0,3980.0
1.5191365,22942.0,15102.0
47.5,190.0,4.0
0.26934984,87.0,323.0
0.7758007,218.0,281.0
2.0193548,313.0,155.0
2.9044585,456.0,157.0
3.090909,272.0,88.0
24.02564,5622.0,234.0
11.934726,4571.0,383.0
2.3255813,100.0,43.0
0.8955224,1140.0,1273.0
49.972565,36430.0,729.0
5.5531917,522.0,94.0
0.47777778,43.0,90.0
0.22690941,1022.0,4504.0
0.6048343,4454.0,7364.0
0.25581396,11.0,43.0
1.2956476,79751.0,61553.0
1.0405498,12266.0,11788.0
0.14946842,717.0,4797.0
1.6082759,69960.0,43500.0
1.3500513,44792.0,33178.0
0.2166435,1247.0,5756.0
0.73848236,1090.0,1476.0
0.24611399,95.0,386.0
0.28695154,9509.0,33138.0
0.14285715,1.0,7.0
0.20907016,1466.0,7012.0
0.58989227,2848.0,4828.0
1.5207101,3084.0,2028.0
0.116113745,49.0,422.0
2.179697,83053.0,38103.0
25.518988,4032.0,158.0
0.21839081,38.0,174.0
2.555379,16081.0,6293.0
0.6498994,323.0,497.0
1.0616438,155.0,146.0
1.4,21.0,15.0
5.9101706,7961.0,1347.0
7.6060605,251.0,33.0
0.92775667,244.0,263.0
0.4528302,144.0,318.0
35.08754,34070.0,971.0
2.0609756,169.0,82.0
0.61538464,8.0,13.0
0.67142856,47.0,70.0
0.10163223,2858.0,28121.0
0.8454546,186.0,220.0
0.2488263,53.0,213.0
1.4576333,8068.0,5535.0
1.3410028,55952.0,41724.0
1.5634947,75842.0,48508.0
0.3212479,381.0,1186.0
0.25773033,4901.0,19016.0
1.3917094,60801.0,43688.0
0.31916952,4289.0,13438.0
1.0958321,250962.0,229015.0
0.36786255,2912.0,7916.0
0.23655914,22.0,93.0
0.35510102,14323.0,40335.0
0.42528737,37.0,87.0
0.60556346,849.0,1402.0
0.10034702,347.0,3458.0
0.23529412,8.0,34.0
0.10694923,434.0,4058.0
0.83838385,166.0,198.0
0.22033899,52.0,236.0
1.182339,137266.0,116097.0
0.29252782,184.0,629.0
1.9611385,3583.0,1827.0
1.6,16.0,10.0
3.932367,1628.0,414.0
18.419868,13907.0,755.0
8.15435,8717.0,1069.0
2.4166667,261.0,108.0
0.46268657,186.0,402.0
35.82944,145790.0,4069.0
5.0462427,873.0,173.0
0.29981378,1127.0,3759.0
1.420185,50222.0,35363.0
1.67312,10457.0,6250.0
1.1904762,50.0,42.0
0.31821007,512.0,1609.0
2.7323718,15345.0,5616.0
0.30508474,144.0,472.0
2.1160333,9410.0,4447.0
1.2990204,22412.0,17253.0
0.42307693,11.0,26.0
0.35858086,2173.0,6060.0
0.3436729,975.0,2837.0
1.5109993,272959.0,180648.0
2.0596151,185215.0,89927.0
1.7931035,52.0,29.0
1.6,8.0,5.0
6.983051,824.0,118.0
8.64485,8057.0,932.0
2.2,11.0,5.0
0.86976445,8161.0,9383.0
26.25,630.0,24.0
4.0,8.0,2.0
0.0980695,254.0,2590.0
0.26086956,6.0,23.0
1.5015674,479.0,319.0
2.0,474.0,237.0
1.4168531,3800.0,2682.0
0.330033,100.0,303.0
0.9479393,437.0,461.0
1.1564912,123504.0,106792.0
0.36082473,105.0,291.0
2.0,2.0,1.0
0.21428572,3.0,14.0
0.6525319,23852.0,36553.0
0.46355686,159.0,343.0
0.7009346,75.0,107.0
0.29501238,834.0,2827.0
0.22521247,159.0,706.0
0.90123457,73.0,81.0
1.6929836,127546.0,75338.0
0.31893688,576.0,1806.0
1.7763158,270.0,152.0
1.125,18.0,16.0
2.0833333,475.0,228.0
5.2748446,3397.0,644.0
8.190476,516.0,63.0
3.0,6.0,2.0
0.5319149,25.0,47.0
21.059322,4970.0,236.0
4.0,4.0,1.0
0.65150046,2019.0,3099.0
1.0752689,100.0,93.0
0.2,2.0,10.0
0.8110859,36816.0,45391.0
1.64,779.0,475.0
0.22857143,8.0,35.0
2.0429316,22746.0,11134.0
2.170068,11165.0,5145.0
0.2204142,149.0,676.0
1.4727708,2461.0,1671.0
0.2,2.0,10.0
0.5201482,7861.0,15113.0
0.23521851,366.0,1556.0
0.897716,2712.0,3021.0
1.8372093,79.0,43.0
0.325,13.0,40.0
0.30769232,4.0,13.0
0.22222222,2.0,9.0
0.75,3.0,4.0
2.2943466,24756.0,10790.0
54.598583,416751.0,7633.0
0.24193548,15.0,62.0
2.9731183,553.0,186.0
0.9285714,13.0,14.0
2.3333333,14.0,6.0
30.81237,14944.0,485.0
11.0,11.0,1.0
1.375,33.0,24.0
0.7077922,109.0,154.0
52.71911,170230.0,3229.0
3.0,9.0,3.0
0.75,3.0,4.0
0.1803915,2184.0,12107.0
0.53846157,14.0,26.0
0.15384616,14.0,91.0
0.77671105,5016.0,6458.0
1.1599382,21032.0,18132.0
0.61459666,480.0,781.0
0.24206467,1632.0,6742.0
0.14285715,1.0,7.0
0.624211,5538.0,8872.0
0.3113069,212.0,681.0
0.41435206,19632.0,47380.0
0.23709317,14737.0,62157.0
0.9682688,11382.0,11755.0
0.2,1.0,5.0
0.9329966,88839.0,95219.0
0.4,8.0,20.0
0.27966523,2807.0,10037.0
0.15940717,1409.0,8839.0
0.12693499,41.0,323.0
0.17714407,2522.0,14237.0
0.28769517,5270.0,18318.0
0.22,11.0,50.0
1.2063507,169099.0,140174.0
27.0,27.0,1.0
0.19298245,66.0,342.0
0.77297896,698.0,903.0
0.58300656,446.0,765.0
1.0671642,143.0,134.0
5.4323306,4335.0,798.0
4.9702334,6178.0,1243.0
1.537594,1227.0,798.0
0.35103446,26825.0,76417.0
22.345678,1810.0,81.0
2.8318841,977.0,345.0
0.36734694,18.0,49.0
0.3488372,45.0,129.0
0.9094015,25024.0,27517.0
0.96363634,106.0,110.0
0.33333334,2.0,6.0
8.866333,251263.0,28339.0
0.22298066,196.0,879.0
1.6704774,33169.0,19856.0
0.38116592,85.0,223.0
1.3809927,50554.0,36607.0
2.9572363,279101.0,94379.0
0.40677965,576.0,1416.0
0.22774313,3323.0,14591.0
0.2231986,127.0,569.0
1.6475213,30176.0,18316.0
0.25596914,6368.0,24878.0
1.9856648,320806.0,161561.0
0.53333336,8.0,15.0
0.3277387,2890.0,8818.0
0.21794872,17.0,78.0
1.3278352,57478.0,43287.0
2.6666667,8.0,3.0
0.60169494,142.0,236.0
0.47368422,288.0,608.0
0.4426287,2519.0,5691.0
0.30769232,8.0,26.0
0.48180678,2688.0,5579.0
0.67942584,284.0,418.0
0.33333334,4.0,12.0
3.397496,388857.0,114454.0
0.26062322,92.0,353.0
1.3119177,2675.0,2039.0
1.7227784,2753.0,1598.0
3.9755087,10551.0,2654.0
28.300863,58979.0,2084.0
16.835096,66869.0,3972.0
2.5752895,667.0,259.0
0.5011876,1055.0,2105.0
67.76069,321660.0,4747.0
5.530249,1554.0,281.0
0.8333333,5.0,6.0
0.2469366,15759.0,63818.0
2.0,14.0,7.0
1.3632653,334.0,245.0
0.2,2.0,10.0
2.3181562,4124.0,1779.0
2.0159726,3534.0,1753.0
0.4,158.0,395.0
1.0337079,51888.0,50196.0
0.44311377,74.0,167.0
1.4568186,90483.0,62110.0
0.399981,8412.0,21031.0
2.1935484,68.0,31.0
0.2,1.0,5.0
0.54300064,60449.0,111324.0
0.64285713,36.0,56.0
0.6031904,605.0,1003.0
0.48071945,18388.0,38251.0
0.23076923,3.0,13.0
0.3975654,5944.0,14951.0
0.9583333,736.0,768.0
0.15789473,9.0,57.0
2.3874338,171444.0,71811.0
18.0,18.0,1.0
0.3292978,136.0,413.0
2.564557,1013.0,395.0
1.5028902,260.0,173.0
1.7719299,202.0,114.0
12.678811,13224.0,1043.0
8.790601,12720.0,1447.0
0.56329113,1068.0,1896.0
34.0,1870.0,55.0
2.9569893,550.0,186.0
0.6923077,9.0,13.0
0.17950149,965.0,5376.0
1.1714286,1066.0,910.0
0.48405927,2156.0,4454.0
1.1150608,5960.0,5345.0
1.2117347,1900.0,1568.0
1.0526849,2078.0,1974.0
0.2912844,381.0,1308.0
1.2324691,7083.0,5747.0
0.5753846,187.0,325.0
0.3047672,1643.0,5391.0
2.2409034,7144.0,3188.0
1.0562233,20477.0,19387.0
0.54545456,6.0,11.0
0.3053435,40.0,131.0
0.47368422,27.0,57.0
0.31943706,1203.0,3766.0
0.30905056,3343.0,10817.0
0.5467421,9960.0,18217.0
1.9970293,260159.0,130273.0
0.25490198,13.0,51.0
1.5238096,32.0,21.0
0.5555556,5.0,9.0
1.0625,34.0,32.0
6.628099,802.0,121.0
9.044444,1221.0,135.0
0.54760003,22646.0,41355.0
28.742085,99850.0,3474.0
4.0,28.0,7.0
0.40274274,2555.0,6344.0
1.3628117,29295.0,21496.0
1.4603659,958.0,656.0
1.2610309,9174.0,7275.0
1.4357179,13948.0,9715.0
0.45276874,139.0,307.0
0.87777776,158.0,180.0
1.2512724,402458.0,321639.0
0.36187845,131.0,362.0
2.5405405,94.0,37.0
1.001575,141173.0,140951.0
1.027027,38.0,37.0
0.49773756,110.0,221.0
0.36,27.0,75.0
1.0711193,1732.0,1617.0
1.8019252,247471.0,137337.0
0.41463414,34.0,82.0
1.0882353,37.0,34.0
3.3615792,13369.0,3977.0
2.3333333,56.0,24.0
14.427202,55689.0,3860.0
10.420323,63887.0,6131.0
3.0,78.0,26.0
0.8391167,266.0,317.0
22.6,7910.0,350.0
7.8125,125.0,16.0
1.0,1.0,1.0
0.32467106,987.0,3040.0
0.62266165,2330.0,3742.0
0.4,22.0,55.0
1.1443574,121715.0,106361.0
0.25449872,198.0,778.0
1.1685932,4145.0,3547.0
0.31090695,1049.0,3374.0
1.1069657,15399.0,13911.0
1.4300361,86899.0,60767.0
0.33261296,1693.0,5090.0
0.75626045,906.0,1198.0
0.4509804,23.0,51.0
1.3232567,354564.0,267948.0
0.3585623,2075.0,5787.0
1.9166666,23.0,12.0
1.0620044,84920.0,79962.0
1.2281554,253.0,206.0
0.5964912,204.0,342.0
0.37254903,19.0,51.0
0.35433072,135.0,381.0
0.23728813,14.0,59.0
0.3125,100.0,320.0
0.68421054,26.0,38.0
0.2777778,20.0,72.0
2.3504481,453526.0,192953.0
44.479675,5471.0,123.0
0.39545456,87.0,220.0
3.338442,26357.0,7895.0
1.4588745,337.0,231.0
2.7773905,11154.0,4016.0
11.977701,20949.0,1749.0
11.843226,26138.0,2207.0
2.2727273,300.0,132.0
0.5068493,111.0,219.0
21.318373,15200.0,713.0
6.3454547,349.0,55.0
0.5,1.0,2.0
0.7692308,10.0,13.0
0.18036844,1312.0,7274.0
1.1,11.0,10.0
1.1868132,108.0,91.0
1.1764382,21410.0,18199.0
0.2,1.0,5.0
0.18215461,4430.0,24320.0
0.69285315,54328.0,78412.0
0.23410664,9869.0,42156.0
0.7971536,5097.0,6394.0
0.24890144,793.0,3186.0
0.85714287,6.0,7.0
0.1703285,1597.0,9376.0
0.2936508,37.0,126.0
0.22789389,1134.0,4976.0
0.057833217,2652.0,45856.0
0.05828882,622.0,10671.0
0.48821974,8123.0,16638.0
0.5797274,16037.0,27663.0
0.11956522,22.0,184.0
2.0,4.0,2.0
2.0,4.0,2.0
13.714286,576.0,42.0
4.857143,68.0,14.0
1.0625,17.0,16.0
0.37272727,82.0,220.0
2.090909,23.0,11.0
0.35365406,963.0,2723.0
1.8709677,116.0,62.0
1.6666666,140.0,84.0
0.9549766,7551.0,7907.0
1.617932,27898.0,17243.0
0.46313798,245.0,529.0
0.25,7.0,28.0
1.1558074,816.0,706.0
1.1926627,252860.0,212013.0
0.4932263,1966.0,3986.0
2.6190476,55.0,21.0
1.066995,88822.0,83245.0
1.0,12.0,12.0
0.54808104,1271.0,2319.0
0.4789916,114.0,238.0
0.807886,6577.0,8141.0
0.20070423,57.0,284.0
2.1136818,187919.0,88906.0
0.25638884,11357.0,44296.0
1.3023256,56.0,43.0
1.0,29.0,29.0
2.1,231.0,110.0
13.682796,2545.0,186.0
10.5,1428.0,136.0
0.8407767,433.0,515.0
21.54013,9930.0,461.0
4.3333335,91.0,21.0
0.22682269,252.0,1111.0
2.5691621,25910.0,10085.0
1.410596,426.0,302.0
2.9384928,14428.0,4910.0
1.8101265,286.0,158.0
0.37218046,99.0,266.0
2.6130996,63953.0,24474.0
1.5032407,3247.0,2160.0
0.4385382,2112.0,4816.0
2.9630022,2803.0,946.0
1.7789776,30312.0,17039.0
0.9879518,82.0,83.0
0.39935327,494.0,1237.0
0.49246752,948.0,1925.0
1.1639962,74973.0,64410.0
2.7075505,254063.0,93835.0
0.45454547,5.0,11.0
2.7037036,73.0,27.0
1.625,13.0,8.0
10.891089,1100.0,101.0
17.204638,12611.0,733.0
0.840418,17695.0,21055.0
37.408703,74780.0,1999.0
5.125,738.0,144.0
0.6371528,367.0,576.0
1.5,3.0,2.0
1.4904761,313.0,210.0
2.2761195,915.0,402.0
1.3935643,563.0,404.0
0.2,1.0,5.0
2.8317535,1195.0,422.0
0.3041958,87.0,286.0
1.38434,237424.0,171507.0
3.0677967,362.0,118.0
1.550929,28717.0,18516.0
2.5,150.0,60.0
0.9166667,11.0,12.0
0.7916667,19.0,24.0
0.36065573,22.0,61.0
0.2264151,24.0,106.0
0.35454544,78.0,220.0
1.1304348,26.0,23.0
3.961918,560655.0,141511.0
46.5,93.0,2.0
0.3690476,93.0,252.0
3.2956522,379.0,115.0
1.0625,17.0,16.0
2.9824562,170.0,57.0
21.135593,3741.0,177.0
9.575758,316.0,33.0
0.85714287,78.0,91.0
29.317268,7300.0,249.0
3.0681818,270.0,88.0
0.875,7.0,8.0
0.6082334,6693.0,11004.0
1.6511627,71.0,43.0
0.5,17.0,34.0
0.28,7.0,25.0
1.12,56.0,50.0
1.9089727,1468.0,769.0
1.7477478,1746.0,999.0
0.36764705,50.0,136.0
2.2952485,54441.0,23719.0
0.3684896,283.0,768.0
0.6383559,138333.0,216702.0
0.34513274,78.0,226.0
2.2,11.0,5.0
0.36666667,33.0,90.0
1.4550024,41098.0,28246.0
2.75,44.0,16.0
0.65,65.0,100.0
0.6296296,17.0,27.0
0.4941003,335.0,678.0
0.3108108,115.0,370.0
0.4227504,249.0,589.0
1.0,55.0,55.0
0.375,3.0,8.0
3.5251207,853964.0,242251.0
42.0,84.0,2.0
0.46060607,152.0,330.0
3.189516,1582.0,496.0
1.368932,141.0,103.0
3.4117646,406.0,119.0
16.44135,8270.0,503.0
9.881503,3419.0,346.0
0.8611111,186.0,216.0
34.790077,54690.0,1572.0
4.4253244,1363.0,308.0
1.2142857,17.0,14.0
0.37758622,219.0,580.0
1.3054545,359.0,275.0
2.0630252,491.0,238.0
1.2629529,11676.0,9245.0
0.33333334,26.0,78.0
0.5,1.0,2.0
1.0,5.0,5.0
1.1427118,254915.0,223079.0
0.30555555,33.0,108.0
0.6330067,40370.0,63775.0
0.75,24.0,32.0
0.7307692,19.0,26.0
0.2840909,75.0,264.0
0.28942809,167.0,577.0
0.9212598,117.0,127.0
1.0,1.0,1.0
2.514525,271277.0,107884.0
0.4054054,15.0,37.0
2.527897,589.0,233.0
1.9090909,21.0,11.0
3.1051288,13380.0,4309.0
14.935535,37533.0,2513.0
7.110736,155782.0,21908.0
27.6,690.0,25.0
0.6666667,6.0,9.0
0.15837975,3128.0,19750.0
0.27027026,10.0,37.0
1.4166666,51.0,36.0
2.6006463,5633.0,2166.0
1.3178884,5717.0,4338.0
0.38828632,537.0,1383.0
0.25966248,1431.0,5511.0
1.2365673,83587.0,67596.0
0.5322373,6604.0,12408.0
1.1877205,5049.0,4251.0
0.34336698,6023.0,17541.0
2.4347825,56.0,23.0
0.29411766,5.0,17.0
0.76499164,47558.0,62168.0
0.75,15.0,20.0
0.7860577,654.0,832.0
0.2197538,8319.0,37856.0
0.31578946,18.0,57.0
0.21842922,6405.0,29323.0
1.0030525,3286.0,3276.0
0.34733894,248.0,714.0
2.9286976,280496.0,95775.0
0.27096775,168.0,620.0
1.9166666,529.0,276.0
1.5961539,83.0,52.0
4.2222223,38.0,9.0
31.56026,9689.0,307.0
16.809835,5127.0,305.0
2.3809524,50.0,21.0
0.55145496,777.0,1409.0
29.142092,10870.0,373.0
6.0,72.0,12.0
1.25,5.0,4.0
0.25860307,759.0,2935.0
0.625,5.0,8.0
0.43426296,109.0,251.0
0.5830278,13198.0,22637.0
0.2751678,41.0,149.0
1.281016,8725.0,6811.0
0.37777779,289.0,765.0
1.1869994,3853.0,3246.0
1.1351813,76417.0,67317.0
0.3586626,118.0,329.0
0.6546009,8373.0,12791.0
0.24631579,117.0,475.0
0.70539606,33361.0,47294.0
0.46019712,4249.0,9233.0
0.939759,156.0,166.0
0.56453025,7751.0,13730.0
0.2857143,2.0,7.0
0.19626169,21.0,107.0
0.3292683,54.0,164.0
0.5555556,15.0,27.0
1.8763584,51628.0,27515.0
0.5,1.0,2.0
2.1321256,4002.0,1877.0
1.2619047,53.0,42.0
1.8013245,272.0,151.0
11.020747,2656.0,241.0
9.909091,109.0,11.0
2.2933333,172.0,75.0
0.545977,95.0,174.0
31.11111,280.0,9.0
4.05,81.0,20.0
0.8,4.0,5.0
0.073917724,893.0,12081.0
0.4,2.0,5.0
0.083333336,2.0,24.0
0.9,9.0,10.0
0.996228,2377.0,2386.0
0.9728972,3123.0,3210.0
0.28767124,63.0,219.0
0.16666667,1.0,6.0
0.8546589,71370.0,83507.0
0.20784883,715.0,3440.0
0.41075796,168.0,409.0
0.25,1.0,4.0
0.13012895,444.0,3412.0
0.8725212,308.0,353.0
0.115384616,3.0,26.0
0.51295453,15997.0,31186.0
0.3181818,7.0,22.0
0.27121,585.0,2157.0
0.1604898,3932.0,24500.0
0.21428572,18.0,84.0
0.17708333,1207.0,6816.0
0.35051546,646.0,1843.0
0.21985815,31.0,141.0
0.8817238,59027.0,66945.0
0.16935484,21.0,124.0
1.480198,299.0,202.0
0.83,166.0,200.0
1.1111112,60.0,54.0
12.446886,6796.0,546.0
3.777126,3864.0,1023.0
0.21918668,1396.0,6369.0
15.909091,350.0,22.0
1.7301587,109.0,63.0
0.36363637,8.0,22.0
0.4921011,4984.0,10128.0
0.84210527,208.0,247.0
0.29891303,55.0,184.0
0.83744293,57941.0,69188.0
0.25,1.0,4.0
1.4390165,4448.0,3091.0
0.28787878,38.0,132.0
1.2789949,23059.0,18029.0
1.9801419,13960.0,7050.0
0.3132131,851.0,2717.0
1.3260211,9188.0,6929.0
0.30782762,350.0,1137.0
0.52753055,87243.0,165380.0
0.36363637,4.0,11.0
0.31310013,913.0,2916.0
0.25,2.0,8.0
0.81947345,15688.0,19144.0
2.0,2.0,1.0
0.29807693,31.0,104.0
0.22881356,162.0,708.0
0.2275449,76.0,334.0
0.21216618,143.0,674.0
0.5,4.0,8.0
0.375,3.0,8.0
1.8783966,154778.0,82399.0
44.235294,752.0,17.0
0.3271028,315.0,963.0
2.73451,14564.0,5326.0
1.349544,888.0,658.0
2.313433,155.0,67.0
29.10992,220071.0,7560.0
11.370079,5776.0,508.0
2.0,244.0,122.0
0.6386025,1115.0,1746.0
38.456375,5730.0,149.0
3.0485437,314.0,103.0
0.75,6.0,8.0
0.23052204,3228.0,14003.0
0.5719661,608.0,1063.0
0.43842363,89.0,203.0
1.839905,366717.0,199313.0
1.1522144,11135.0,9664.0
0.2696011,196.0,727.0
1.5270075,85404.0,55929.0
1.2686027,31233.0,24620.0
0.3903209,8162.0,20911.0
0.8005069,2211.0,2762.0
0.6347378,27719.0,43670.0
0.37076077,3236.0,8728.0
0.5363677,4808.0,8964.0
1.0,2.0,2.0
0.3846154,5.0,13.0
0.26086956,6.0,23.0
0.2,2.0,10.0
0.39285713,22.0,56.0
0.5625,9.0,16.0
3.0055304,276617.0,92036.0
37.193333,5579.0,150.0
0.39045936,221.0,566.0
2.5936651,38158.0,14712.0
1.0476191,132.0,126.0
1.9016393,116.0,61.0
2.5757575,170.0,66.0
7.8825502,9396.0,1192.0
8.888889,480.0,54.0
1.9106529,556.0,291.0
0.3885918,218.0,561.0
36.634148,22530.0,615.0
4.5394735,345.0,76.0
0.8888889,8.0,9.0
0.3985542,2481.0,6225.0
0.21428572,12.0,56.0
1.0,7.0,7.0
1.2888889,116.0,90.0
1.2960418,22822.0,17609.0
0.33333334,5.0,15.0
0.20243686,1595.0,7879.0
0.91591555,103242.0,112720.0
0.3031867,11160.0,36809.0
0.65437394,1526.0,2332.0
0.2516002,511.0,2031.0
1.2222222,11.0,9.0
0.20512821,8.0,39.0
0.5268206,8623.0,16368.0
0.3606921,813.0,2254.0
0.27600524,1263.0,4576.0
0.2716494,8225.0,30278.0
0.1,2.0,20.0
0.15905097,5249.0,33002.0
0.69811964,10284.0,14731.0
0.33333334,2.0,6.0
0.95253307,16696.0,17528.0
0.20760234,71.0,342.0
1.2833333,77.0,60.0
1.2592592,34.0,27.0
2.575,103.0,40.0
14.189189,3150.0,222.0
6.61,1322.0,200.0
1.6819923,439.0,261.0
0.42397857,633.0,1493.0
24.941269,31850.0,1277.0
3.4742267,337.0,97.0
1.3333334,4.0,3.0
0.21020657,173.0,823.0
1.1842105,45.0,38.0
0.7293447,256.0,351.0
1.2730236,1562.0,1227.0
0.87205005,3067.0,3517.0
1.3628868,50743.0,37232.0
0.44378698,300.0,676.0
1.3572898,354896.0,261474.0
0.49339518,7022.0,14232.0
2.4656863,503.0,204.0
0.5819894,24901.0,42786.0
0.55202544,695.0,1259.0
0.26914415,717.0,2664.0
0.3125,55.0,176.0
0.7446886,22608.0,30359.0
2.138522,122687.0,57370.0
0.5939561,15940.0,26837.0
2.3155172,1343.0,580.0
3.668596,24719.0,6738.0
11.259887,7972.0,708.0
9.909091,218.0,22.0
0.5254833,299.0,569.0
36.0,180.0,5.0
6.107143,171.0,28.0
0.5555556,5.0,9.0
0.37226546,5071.0,13622.0
2.469999,238266.0,96464.0
1.0057143,176.0,175.0
1.367647,186.0,136.0
1.0,1.0,1.0
0.43736264,199.0,455.0
2.9619565,545.0,184.0
1.4842105,423.0,285.0
0.4025974,155.0,385.0
1.7262931,3204.0,1856.0
0.9598034,5468.0,5697.0
0.33114216,403.0,1217.0
0.25,2.0,8.0
0.39053255,396.0,1014.0
1.618003,225171.0,139166.0
2.310447,221759.0,95981.0
2.4435484,303.0,124.0
1.0,2.0,2.0
1.6086956,37.0,23.0
6.350427,743.0,117.0
9.5441,23698.0,2483.0
0.5148946,2247.0,4364.0
43.969467,11520.0,262.0
4.5111113,203.0,45.0
0.80794704,49776.0,61608.0
0.33333334,1.0,3.0
2.6619718,189.0,71.0
2.5813148,4476.0,1734.0
1.5776293,945.0,599.0
0.616,924.0,1500.0
0.41935483,39.0,93.0
1.551933,19469.0,12545.0
0.4361792,516.0,1183.0
2.1956193,155777.0,70949.0
0.6451613,20.0,31.0
0.5903438,6028.0,10211.0
0.4,4.0,10.0
1.0830024,117026.0,108057.0
1.03125,462.0,448.0
0.3296282,12900.0,39135.0
0.29411766,135.0,459.0
0.44100952,5050.0,11451.0
1.091954,95.0,87.0
0.29012346,47.0,162.0
3.2956336,226878.0,68842.0
0.43333334,299.0,690.0
3.9085367,641.0,164.0
1.7333333,260.0,150.0
3.621951,297.0,82.0
23.182135,19983.0,862.0
15.27858,13766.0,901.0
3.6666667,11.0,3.0
0.9004329,416.0,462.0
43.855587,668710.0,15248.0
7.1505375,665.0,93.0
0.9,9.0,10.0
0.25823045,251.0,972.0
1.2222222,22.0,18.0
0.5,2.0,4.0
1.5001669,4493.0,2995.0
1.3232716,2718.0,2054.0
1.912367,56782.0,29692.0
0.36231884,25.0,69.0
0.7446808,35.0,47.0
0.80270815,96154.0,119787.0
0.45462984,1959.0,4309.0
3.3758922,4257.0,1261.0
1.0010237,15646.0,15630.0
0.7924528,168.0,212.0
0.35222673,174.0,494.0
0.3821138,47.0,123.0
1.0442309,20870.0,19986.0
2.39038,92087.0,38524.0
0.4820406,3704.0,7684.0
2.6990292,278.0,103.0
2.8825228,18967.0,6580.0
10.105576,8519.0,843.0
12.875,103.0,8.0
1.8333334,11.0,6.0
0.6392405,505.0,790.0
40.0,40.0,1.0
6.142857,43.0,7.0
1.0,1.0,1.0
0.16461538,1926.0,11700.0
1.4705882,100.0,68.0
0.14285715,5.0,35.0
1.1366906,158.0,139.0
1.7112409,11722.0,6850.0
0.91229415,2382.0,2611.0
0.4518808,925.0,2047.0
0.19548872,26.0,133.0
0.96096545,51600.0,53696.0
0.33753148,402.0,1191.0
1.1171733,9849.0,8816.0
0.349406,4500.0,12879.0
1.162582,3368.0,2897.0
0.2,1.0,5.0
0.934807,72484.0,77539.0
2.0,12.0,6.0
0.43033293,349.0,811.0
0.31877518,13211.0,41443.0
0.33615732,8769.0,26086.0
0.42981976,1574.0,3662.0
1.418999,89133.0,62814.0
0.5487674,512.0,933.0
1.2169576,488.0,401.0
0.75842696,135.0,178.0
1.5851064,149.0,94.0
1.4444444,13.0,9.0
6.3460927,3979.0,627.0
3.6960874,4062.0,1099.0
2.3617022,111.0,47.0
0.472928,13495.0,28535.0
21.48936,4040.0,188.0
2.6755319,503.0,188.0
0.3382024,17990.0,53193.0
2.0,10.0,5.0
1.4061303,367.0,261.0
2.8711865,847.0,295.0
1.5344467,5145.0,3353.0
0.3178392,253.0,796.0
0.4,2.0,5.0
1.2675308,33151.0,26154.0
0.5065502,116.0,229.0
0.91765624,132070.0,143921.0
0.31092766,791.0,2544.0
3.0,9.0,3.0
0.8220012,108939.0,132529.0
0.9260954,8095.0,8741.0
0.71428573,885.0,1239.0
0.43374437,13859.0,31952.0
0.22033899,13.0,59.0
0.3181381,2645.0,8314.0
0.9644128,271.0,281.0
1.5269388,278393.0,182321.0
0.21718377,182.0,838.0
1.7597766,315.0,179.0
0.75510204,37.0,49.0
2.4050634,190.0,79.0
14.227848,5620.0,395.0
9.16309,2135.0,233.0
1.5714285,11.0,7.0
0.59090906,39.0,66.0
16.338316,24050.0,1472.0
3.8888888,35.0,9.0
0.30433446,990.0,3253.0
1.1580334,1319.0,1139.0
1.1740165,28619.0,24377.0
1.1993216,64358.0,53662.0
0.43451652,710.0,1634.0
0.8327138,448.0,538.0
0.8645749,258469.0,298955.0
0.46390417,1433.0,3089.0
1.4390244,177.0,123.0
0.7511838,99939.0,133042.0
0.33333334,1.0,3.0
0.2881855,3132.0,10868.0
0.26485148,321.0,1212.0
0.77200395,3105.0,4022.0
1.4914372,140386.0,94128.0
0.3614588,18395.0,50891.0
2.0849557,1178.0,565.0
2.8103864,4654.0,1656.0
13.816565,24856.0,1799.0
11.188991,12196.0,1090.0
2.5769231,67.0,26.0
0.75804096,1037.0,1368.0
28.8,720.0,25.0
5.925373,794.0,134.0
0.48981324,577.0,1178.0
1.6666666,5.0,3.0
1.7847826,45976.0,25760.0
1.4014423,583.0,416.0
2.357647,1002.0,425.0
2.1943474,115686.0,52720.0
0.67745805,565.0,834.0
0.7612028,1291.0,1696.0
0.5878378,261.0,444.0
1.2675695,267120.0,210734.0
0.5963508,3203.0,5371.0
3.85,77.0,20.0
0.4509956,34314.0,76085.0
2.0,2.0,1.0
1.2477183,957.0,767.0
0.33186814,302.0,910.0
0.5858333,703.0,1200.0
1.6403853,9196.0,5606.0
4.0278087,276787.0,68719.0
0.4247911,610.0,1436.0
2.1097178,7403.0,3509.0
1.1818181,156.0,132.0
5.060265,43159.0,8529.0
31.499254,42209.0,1340.0
11.224299,2402.0,214.0
0.87434554,334.0,382.0
58.0,290.0,5.0
5.897959,289.0,49.0
0.6666667,2.0,3.0
0.1116629,5981.0,53563.0
0.56183743,318.0,566.0
0.2,1.0,5.0
2.0,2.0,1.0
1.0226904,18299.0,17893.0
0.7209302,837.0,1161.0
0.30131474,1123.0,3727.0
0.13333334,2.0,15.0
0.660831,67453.0,102073.0
0.5163472,916.0,1774.0
0.6897062,20516.0,29746.0
0.36149114,3937.0,10891.0
0.57248265,2638.0,4608.0
0.22222222,2.0,9.0
0.79000056,40719.0,51543.0
0.3174279,1244.0,3919.0
0.25359806,2925.0,11534.0
0.12288394,6446.0,52456.0
0.3131068,258.0,824.0
0.3744695,1147.0,3063.0
0.82816327,111301.0,134395.0
19.0,19.0,1.0
0.37637362,137.0,364.0
1.9227468,448.0,233.0
1.1219512,46.0,41.0
1.4205607,152.0,107.0
2.2,132.0,60.0
10.848998,21123.0,1947.0
6.352198,13581.0,2138.0
2.3018868,122.0,53.0
0.24577968,859.0,3495.0
27.857143,780.0,28.0
4.6190476,97.0,21.0
1.0,8.0,8.0
0.5294118,9.0,17.0
0.25508577,2558.0,10028.0
1.05,21.0,20.0
0.31506848,23.0,73.0
1.6329114,1548.0,948.0
1.6007622,3360.0,2099.0
1.2517067,4217.0,3369.0
0.34726092,374.0,1077.0
0.21551724,25.0,116.0
0.23529412,4.0,17.0
0.74417055,4468.0,6004.0
0.3377404,281.0,832.0
0.8937825,271347.0,303594.0
0.36868685,9782.0,26532.0
1.553288,1370.0,882.0
0.33333334,1.0,3.0
0.51299804,96182.0,187490.0
0.5430029,1490.0,2744.0
0.58093935,1274.0,2193.0
0.2765003,16582.0,59971.0
0.17142858,6.0,35.0
0.30698183,4221.0,13750.0
0.59063625,492.0,833.0
0.16666667,2.0,12.0
1.0815046,186539.0,172481.0
0.4009009,89.0,222.0
2.3018868,976.0,424.0
0.9528302,303.0,318.0
2.2843451,1430.0,626.0
9.623554,32441.0,3371.0
4.844504,12649.0,2611.0
2.3809524,50.0,21.0
0.30786026,423.0,1374.0
26.084337,8660.0,332.0
2.864516,444.0,155.0
0.45,9.0,20.0
0.07516742,3547.0,47188.0
0.6857143,24.0,35.0
0.125,3.0,24.0
1.4615384,38.0,26.0
1.1451565,3842.0,3355.0
0.87536234,604.0,690.0
0.27666566,926.0,3347.0
1.0365138,74317.0,71699.0
0.36720142,824.0,2244.0
0.5634146,26143.0,46401.0
0.34409532,5169.0,15022.0
0.8773401,8998.0,10256.0
0.114285715,4.0,35.0
0.43399918,32155.0,74090.0
0.25870648,780.0,3015.0
0.25384733,13229.0,52114.0
0.27643538,1247.0,4511.0
0.31338704,817.0,2607.0
0.9497611,119063.0,125361.0
0.38557994,123.0,319.0
1.0293663,666.0,647.0
0.72205436,239.0,331.0
1.5044643,337.0,224.0
6.154262,28445.0,4622.0
4.7695017,16264.0,3410.0
1.862745,95.0,51.0
0.2267113,1964.0,8663.0
25.985916,3690.0,142.0
3.8222222,344.0,90.0
0.375,3.0,8.0
0.7619048,32.0,42.0
0.2004261,2540.0,12673.0
0.7121212,47.0,66.0
1.517034,757.0,499.0
1.9460454,3174.0,1631.0
1.8458427,27839.0,15082.0
0.456,57.0,125.0
1.1209584,6830.0,6093.0
1.3031763,369917.0,283858.0
0.7457627,352.0,472.0
1.5897436,62.0,39.0
0.679999,80280.0,118059.0
2.0,2.0,1.0
1.0686275,218.0,204.0
0.7643979,292.0,382.0
0.47014436,1433.0,3048.0
0.29508197,18.0,61.0
0.2883598,436.0,1512.0
0.69158876,74.0,107.0
1.602842,327233.0,204158.0
0.38826466,311.0,801.0
1.3414634,440.0,328.0
1.0,2.0,2.0
2.3338313,3125.0,1339.0
15.285807,23586.0,1543.0
11.245455,3711.0,330.0
3.935484,122.0,31.0
0.92753625,64.0,69.0
57.832214,86170.0,1490.0
5.3125,170.0,32.0
0.55291456,9049.0,16366.0
0.28947368,11.0,38.0
1.31674,5687.0,4319.0
0.27272728,3.0,11.0
1.1971166,4567.0,3815.0
1.272114,15086.0,11859.0
0.3617021,170.0,470.0
0.21679117,1335.0,6158.0
0.2849162,51.0,179.0
1.3228066,153894.0,116339.0
0.28300017,4856.0,17159.0
0.94347584,113369.0,120161.0
0.28927174,1847.0,6385.0
0.2857143,6.0,21.0
0.69049895,35444.0,51331.0
1.3333334,16.0,12.0
0.56826234,6256.0,11009.0
0.32701918,2814.0,8605.0
0.26747558,7010.0,26208.0
0.1627907,7.0,43.0
0.26737967,3050.0,11407.0
0.7715322,851.0,1103.0
0.91450167,102116.0,111663.0
46.0,46.0,1.0
0.2542373,75.0,295.0
1.3290598,311.0,234.0
1.2539682,474.0,378.0
3.1353712,718.0,229.0
2.6666667,24.0,9.0
24.737078,11008.0,445.0
16.799057,17807.0,1060.0
1.7832168,255.0,143.0
0.4639433,1113.0,2399.0
30.364445,34160.0,1125.0
5.3333335,16.0,3.0
0.77272725,17.0,22.0
0.26302207,3363.0,12786.0
0.2238806,15.0,67.0
0.8450704,120.0,142.0
0.27142859,19.0,70.0
1.2625,2828.0,2240.0
0.9942391,11218.0,11283.0
0.2977099,39.0,131.0
0.33333334,172.0,516.0
1.2787066,129033.0,100909.0
0.4214859,6144.0,14577.0
1.7876806,5195.0,2906.0
0.44097465,3149.0,7141.0
0.74281394,491.0,661.0
0.36427414,1350.0,3706.0
0.35,14.0,40.0
0.22062351,644.0,2919.0
0.2955729,227.0,768.0
0.2525773,147.0,582.0
0.3906507,1663.0,4257.0
0.6942608,17117.0,24655.0
10.333333,31.0,3.0
0.29032257,9.0,31.0
1.425926,77.0,54.0
1.4,98.0,70.0
1.2891567,107.0,83.0
2.3658535,97.0,41.0
5.8944283,2010.0,341.0
7.2982454,4992.0,684.0
1.8518518,50.0,27.0
0.30400833,1752.0,5763.0
26.666666,400.0,15.0
3.1111112,672.0,216.0
0.5,4.0,8.0
0.59090906,26.0,44.0
0.21447882,714.0,3329.0
1.0,14.0,14.0
0.2580645,16.0,62.0
1.2880512,1811.0,1406.0
1.8330244,28674.0,15643.0
1.5086421,58917.0,39053.0
0.34740883,181.0,521.0
0.7410714,83.0,112.0
1.1173238,389470.0,348574.0
0.36151245,1176.0,3253.0
1.6618358,344.0,207.0
0.5690024,96022.0,168755.0
0.5762712,34.0,59.0
0.21390374,2400.0,11220.0
0.2081712,107.0,514.0
1.0253453,7201.0,7023.0
0.2,1.0,5.0
2.0051742,182142.0,90836.0
0.48915225,10484.0,21433.0
1.0094488,641.0,635.0
1.0,1.0,1.0
2.2950363,8230.0,3586.0
14.3380165,86745.0,6050.0
8.4065485,49296.0,5864.0
1.6923077,22.0,13.0
0.6298246,359.0,570.0
31.945946,5910.0,185.0
6.8139534,293.0,43.0
0.2757045,724.0,2626.0
1.7117338,28651.0,16738.0
0.85714287,6.0,7.0
1.1910448,798.0,670.0
1.3718609,4261.0,3106.0
1.0023475,854.0,852.0
0.2954925,177.0,599.0
2.9886029,28320.0,9476.0
1.7289255,13885.0,8031.0
0.23915738,193.0,807.0
1.7129033,1062.0,620.0
1.1108346,15174.0,13660.0
0.4431818,39.0,88.0
0.5,62.0,124.0
0.33333334,2.0,6.0
1.1229084,54625.0,48646.0
2.4891682,173500.0,69702.0
0.55900073,3155.0,5644.0
2.6666667,48.0,18.0
2.0,14.0,7.0
7.5789475,144.0,19.0
8.0,8.0,1.0
0.4890954,25633.0,52409.0
50.833332,1220.0,24.0
0.3370333,334.0,991.0
1.7673686,19639.0,11112.0
1.2857143,27.0,21.0
1.7631279,146962.0,83353.0
1.2569444,4163.0,3312.0
1.7348932,45305.0,26114.0
0.47714087,2056.0,4309.0
1.5859834,13216.0,8333.0
0.30851063,29.0,94.0
0.998972,121467.0,121592.0
0.46265438,7941.0,17164.0
1.5704546,2073.0,1320.0
0.97999394,51728.0,52784.0
1.6375,131.0,80.0
0.34184125,2317.0,6778.0
0.40701753,580.0,1425.0
0.7303518,46232.0,63301.0
2.026942,298074.0,147056.0
0.23482245,205.0,873.0
2.2608695,1404.0,621.0
1.0,17.0,17.0
1.6173913,558.0,345.0
11.2303295,7850.0,699.0
9.187739,4796.0,522.0
1.7857143,150.0,84.0
0.7520057,9467.0,12589.0
23.497364,26740.0,1138.0
4.4857144,314.0,70.0
0.12347636,3505.0,28386.0
0.1904762,4.0,21.0
1.0,2.0,2.0
1.1797016,13123.0,11124.0
1.068645,9543.0,8930.0
0.37601176,511.0,1359.0
0.4117647,14.0,34.0
0.8759322,50974.0,58194.0
0.38018095,5210.0,13704.0
0.516129,80.0,155.0
0.43033,1643.0,3818.0
0.83353645,3420.0,4103.0
0.35891485,6959.0,19389.0
0.25809935,239.0,926.0
0.2129375,1162.0,5457.0
0.26683104,1407.0,5273.0
0.35166666,211.0,600.0
0.43147504,1486.0,3444.0
0.70813984,38122.0,53834.0
0.50406504,62.0,123.0
0.7348485,97.0,132.0
0.88461536,23.0,26.0
1.6190476,34.0,21.0
2.0,2.0,1.0
4.56962,1083.0,237.0
7.632911,4221.0,553.0
2.2941177,39.0,17.0
0.40581718,3516.0,8664.0
25.555555,230.0,9.0
3.75,75.0,20.0
1.0,1.0,1.0
0.6,6.0,10.0
0.27563646,5435.0,19718.0
1.125,9.0,8.0
0.22058824,15.0,68.0
1.4193548,44.0,31.0
1.1797549,7797.0,6609.0
1.1657337,30611.0,26259.0
0.5052083,97.0,192.0
0.42171085,843.0,1999.0
0.908769,40293.0,44338.0
0.3977089,12047.0,30291.0
0.59048855,3638.0,6161.0
1.0185461,13016.0,12779.0
0.5227841,7526.0,14396.0
0.4059406,41.0,101.0
0.37150964,2488.0,6697.0
0.3445567,1535.0,4455.0
0.54741895,456.0,833.0
0.5811461,2657.0,4572.0
1.137968,35112.0,30855.0
17.666666,53.0,3.0
0.5121951,105.0,205.0
0.8942308,186.0,208.0
0.89830506,53.0,59.0
1.9736842,150.0,76.0
59.821953,24527.0,410.0
9.3057995,10590.0,1138.0
3.048583,1506.0,494.0
0.55694455,7262.0,13039.0
33.333332,300.0,9.0
5.5194173,1137.0,206.0
0.84210527,16.0,19.0
0.125,30.0,240.0
0.2,4.0,20.0
1.333701,21766.0,16320.0
1.371975,9184.0,6694.0
0.7083476,2062.0,2911.0
0.26993257,1361.0,5042.0
0.4490648,5378.0,11976.0
0.3078759,258.0,838.0
1.1452357,36044.0,31473.0
0.3614479,26741.0,73983.0
1.524166,18322.0,12021.0
0.3181818,7.0,22.0
0.6434137,17257.0,26821.0
0.31598514,85.0,269.0
0.22981367,37.0,161.0
0.20252945,1169.0,5772.0
0.14285715,1.0,7.0
0.23131797,2659.0,11495.0
0.33196133,9275.0,27940.0
0.33333334,2.0,6.0
1.2688123,98994.0,78021.0
17.0,17.0,1.0
0.26666668,64.0,240.0
1.437659,1130.0,786.0
1.2530909,1723.0,1375.0
1.4257426,144.0,101.0
1.5,3.0,2.0
5.4317718,2667.0,491.0
3.4810393,4957.0,1424.0
1.2,6.0,5.0
0.48911366,20600.0,42117.0
47.266666,7090.0,150.0
3.590909,1343.0,374.0
0.53521127,38.0,71.0
0.3649635,450.0,1233.0
1.1666666,14.0,12.0
0.8,4.0,5.0
1.7788944,354.0,199.0
0.87808645,2276.0,2592.0
1.1294694,6918.0,6125.0
0.40571427,71.0,175.0
1.3875116,626825.0,451762.0
0.40518555,797.0,1967.0
1.8888888,68.0,36.0
0.6339998,134860.0,212713.0
0.59386975,155.0,261.0
0.3306011,121.0,366.0
0.2800789,142.0,507.0
0.7970588,1355.0,1700.0
1.7596,237773.0,135129.0
50.0,100.0,2.0
0.2646048,154.0,582.0
2.4693878,242.0,98.0
1.0,4.0,4.0
2.823643,21951.0,7774.0
2.4166667,87.0,36.0
16.935724,33990.0,2007.0
8.374383,57666.0,6886.0
0.6166667,37.0,60.0
24.0,240.0,10.0
5.4246573,396.0,73.0
0.51428574,18.0,35.0
0.033065304,440.0,13307.0
0.13333334,6.0,45.0
0.8888889,16.0,18.0
1.2169576,488.0,401.0
0.83666867,8278.0,9894.0
0.34210527,13.0,38.0
0.29007092,409.0,1410.0
0.9194534,35056.0,38127.0
0.4215129,5784.0,13722.0
0.6754808,843.0,1248.0
0.36666667,11.0,30.0
0.2384698,667.0,2797.0
0.6552795,211.0,322.0
0.33333334,1.0,3.0
0.33390173,2154.0,6451.0
0.21428572,3.0,14.0
0.25859246,790.0,3055.0
0.1590369,1004.0,6313.0
0.14464286,405.0,2800.0
0.35806108,2674.0,7468.0
0.7659288,19931.0,26022.0
0.25,5.0,20.0
1.1296296,61.0,54.0
1.295082,79.0,61.0
1.3658537,56.0,41.0
6.4869566,746.0,115.0
5.787736,2454.0,424.0
1.5714285,11.0,7.0
0.30413917,1014.0,3334.0
20.0,20.0,1.0
3.3445377,398.0,119.0
0.41666666,20.0,48.0
0.36064786,2249.0,6236.0
1.6334232,606.0,371.0
1.9168646,807.0,421.0
1.7099198,6826.0,3992.0
0.36891192,356.0,965.0
1.0106952,378.0,374.0
0.30795848,89.0,289.0
1.1124294,277253.0,249232.0
0.42169738,19140.0,45388.0
2.4738095,1039.0,420.0
1.1029984,202366.0,183469.0
0.5048469,4583.0,9078.0
0.72727275,40.0,55.0
0.44095588,30926.0,70134.0
0.4409257,1810.0,4105.0
0.7708333,666.0,864.0
1.6512438,341573.0,206858.0
0.22908367,115.0,502.0
1.3846154,36.0,26.0
0.849162,152.0,179.0
1.8395722,344.0,187.0
10.752578,1043.0,97.0
8.840708,999.0,113.0
2.0625,33.0,16.0
0.67164177,45.0,67.0
18.403362,4380.0,238.0
4.7222223,85.0,18.0
1.0,1.0,1.0
0.64204544,11300.0,17600.0
0.9530612,186800.0,196000.0
2.1740413,221100.0,101700.0
0.85714287,3600.0,4200.0
3.0794702,139500.0,45300.0
0.7798742,12400.0,15900.0
0.36842105,700.0,1900.0
0.9285714,2600.0,2800.0
0.93333334,7000.0,7500.0
0.2,100.0,500.0
1.790927,90800.0,50700.0
91.4,11516400.0,126000.0
0.41463414,3400.0,8200.0
0.6363636,7700.0,12100.0
0.8159722,94000.0,115200.0
0.5888889,318000.0,540000.0
0.2,100.0,500.0
1.9924242,26300.0,13200.0
0.60227275,5300.0,8800.0
0.3,30.0,100.0
0.8,800.0,1000.0
1.8616306,248900.0,133700.0
0.8471545,52100.0,61500.0
0.5,300.0,600.0
1.0,100.0,100.0
1.602503,268900.0,167800.0
0.76953125,39400.0,51200.0
2.4545455,2700.0,1100.0
0.7383512,41200.0,55800.0
0.4375,700.0,1600.0
1.8830963,238400.0,126600.0
66.666664,20000.0,300.0
0.5405405,2000.0,3700.0
0.6788321,9300.0,13700.0
1.4317842,95500.0,66700.0
1.0,100.0,100.0
2.0,800.0,400.0
0.25,500.0,2000.0
0.7,2100.0,3000.0
2.3783069,89900.0,37800.0
0.52591974,62900.0,119600.0
0.6666667,200.0,300.0
0.6,300.0,500.0
1.6456192,336200.0,204300.0
0.75,600.0,800.0
1.0681819,51700.0,48400.0
2.5,4000.0,1600.0
0.56498194,31300.0,55400.0
0.7368421,2800.0,3800.0
0.33333334,200.0,600.0
1.6264179,444500.0,273300.0
69.0,20700.0,300.0
0.5,300.0,600.0
0.5263158,3000.0,5700.0
1.0050353,99800.0,99300.0
1.0,1100.0,1100.0
0.33333334,100.0,300.0
0.42857143,300.0,700.0
0.6835443,10800.0,15800.0
1.9268738,105400.0,54700.0
0.87828946,53400.0,60800.0
1.4086859,126500.0,89800.0
0.5,50.0,100.0
2.6410334,879200.0,332900.0
0.8305085,4900.0,5900.0
2.084507,14800.0,7100.0
3.6719654,508200.0,138400.0
0.9369369,10400.0,11100.0
0.27272728,300.0,1100.0
2.1298702,16400.0,7700.0
84.09871,1959500.0,23300.0
0.5652174,1300.0,2300.0
0.68421054,2600.0,3800.0
0.9215359,55200.0,59900.0
0.7772277,62800.0,80800.0
0.25,100.0,400.0
3.1162791,13400.0,4300.0
0.8,1600.0,2000.0
0.47058824,800.0,1700.0
2.1035857,158400.0,75300.0
0.54647434,34100.0,62400.0
0.9208163,112800.0,122500.0
0.44444445,400.0,900.0
1.525289,422200.0,276800.0
0.6122449,3000.0,4900.0
1.2976191,43600.0,33600.0
1.5555556,8400.0,5400.0
0.74336284,8400.0,11300.0
0.25,200.0,800.0
0.375,300.0,800.0
0.25,600.0,2400.0
1.3721591,96600.0,70400.0
65.89966,3874900.0,58800.0
0.5945946,2200.0,3700.0
0.8759124,12000.0,13700.0
0.70242214,40600.0,57800.0
0.7222222,140400.0,194400.0
0.21428572,300.0,1400.0
1.4848485,4900.0,3300.0
0.25,100.0,400.0
0.40983605,2500.0,6100.0
0.44444445,1600.0,3600.0
1.2971698,82500.0,63600.0
0.9431818,8300.0,8800.0
0.5,100.0,200.0
1.4258953,258800.0,181500.0
0.5,200.0,400.0
1.7285714,12100.0,7000.0
54.18182,59600.0,1100.0
1.0,100.0,100.0
0.68235296,5800.0,8500.0
0.35,1400.0,4000.0
0.33333334,100.0,300.0
0.29,29.0,100.0
1.0869565,12500.0,11500.0
0.55338544,42500.0,76800.0
0.5277778,1900.0,3600.0
0.5,200.0,400.0
1.733996,436100.0,251500.0
1.0,200.0,200.0
1.242915,61400.0,49400.0
2.478852,164100.0,66200.0
0.6548507,35100.0,53600.0
0.36666667,1100.0,3000.0
1.8452328,416100.0,225500.0
61.0,61000.0,1000.0
0.5,400.0,800.0
0.6857143,33600.0,49000.0
1.0606469,78700.0,74200.0
1.0,20400.0,20400.0
2.0813954,17900.0,8600.0
0.59090906,1300.0,2200.0
0.6818182,1500.0,2200.0
1.7230483,92700.0,53800.0
0.8611111,34100.0,39600.0
1.0,100.0,100.0
1.3536978,126300.0,93300.0
0.61904764,1300.0,2100.0
0.25,100.0,400.0
1.4006999,160100.0,114300.0
0.5,200.0,400.0
1.002023,148600.0,148300.0
0.6666667,200.0,300.0
0.5989305,22400.0,37400.0
0.4918033,3000.0,6100.0
0.3018868,3200.0,10600.0
0.6666667,200.0,300.0
0.3,60.0,200.0
1.0728863,36800.0,34300.0
0.8913044,8200.0,9200.0
1.5658135,171300.0,109400.0
0.4,40.0,100.0
2.5236664,335900.0,133100.0
1.3222749,27900.0,21100.0
2.2,53900.0,24500.0
3.402174,156500.0,46000.0
0.98058254,20200.0,20600.0
1.2,3600.0,3000.0
1.34,6700.0,5000.0
0.47368422,1800.0,3800.0
2.2322276,47100.0,21100.0
83.50944,442600.0,5300.0
0.95098037,9700.0,10200.0
0.88495576,20000.0,22600.0
1.6597939,16100.0,9700.0
3.2727273,7200.0,2200.0
0.4,200.0,500.0
2.1551156,65300.0,30300.0
0.9411765,6400.0,6800.0
1.5357143,4300.0,2800.0
2.4210527,4600.0,1900.0
0.5,200.0,400.0
1.4872448,233200.0,156800.0
0.42857143,300.0,700.0
0.92,6900.0,7500.0
1.0,100.0,100.0
0.64285713,1800.0,2800.0
0.74285716,2600.0,3500.0
0.21428572,600.0,2800.0
2.0833333,2500.0,1200.0
0.33333334,300.0,900.0
0.2857143,400.0,1400.0
0.90909094,1000.0,1100.0
0.9433962,5000.0,5300.0
2.0,200.0,100.0
1.7171717,306000.0,178200.0
0.18181819,200.0,1100.0
54.0,21600.0,400.0
1.0,100.0,100.0
0.5869565,2700.0,4600.0
0.2278481,1800.0,7900.0
2.0,200.0,100.0
0.33333334,100.0,300.0
0.7407407,2000.0,2700.0
0.76632303,22300.0,29100.0
1.0,200.0,200.0
0.25,100.0,400.0
1.6275946,133300.0,81900.0
1.1495098,46900.0,40800.0
0.8333333,500.0,600.0
0.51758796,10300.0,19900.0
0.33333334,100.0,300.0
0.6363636,700.0,1100.0
0.27272728,300.0,1100.0
1.6008092,237400.0,148300.0
66.0,303600.0,4600.0
0.5,100.0,200.0
0.601227,9800.0,16300.0
0.6580189,27900.0,42400.0
0.6528302,17300.0,26500.0
0.2,100.0,500.0
2.125,1700.0,800.0
0.5833333,15400.0,26400.0
0.5405405,2000.0,3700.0
1.6627907,57200.0,34400.0
0.89375,14300.0,16000.0
1.3910614,49800.0,35800.0
0.4,40.0,100.0
2.1524427,1097100.0,509700.0
1.2631578,2400.0,1900.0
2.3120205,271200.0,117300.0
3.32,249000.0,75000.0
0.6736111,29100.0,43200.0
0.50340134,7400.0,14700.0
2.0310078,26200.0,12900.0
78.30357,877000.0,11200.0
0.4117647,1400.0,3400.0
0.6981982,31000.0,44400.0
1.1643059,82200.0,70600.0
1.640367,89400.0,54500.0
2.9322033,34600.0,11800.0
1.0,100.0,100.0
1.0,500.0,500.0
0.5833333,700.0,1200.0
2.4939394,164600.0,66000.0
1.0169492,54000.0,53100.0
1.0726392,44300.0,41300.0
0.4,40.0,100.0
2.560501,776600.0,303300.0
0.8,400.0,500.0
1.2380953,5200.0,4200.0
2.8898027,175700.0,60800.0
0.6831169,26300.0,38500.0
0.5,100.0,200.0
0.22222222,200.0,900.0
1.6227181,80000.0,49300.0
61.797928,1192700.0,19300.0
0.5882353,1000.0,1700.0
0.6554054,9700.0,14800.0
0.7624521,19900.0,26100.0
0.75669473,98900.0,130700.0
0.41666666,250.0,600.0
3.0,8100.0,2700.0
0.33333334,200.0,600.0
0.68421054,6500.0,9500.0
0.45833334,1100.0,2400.0
1.6699029,51600.0,30900.0
0.33333334,800.0,2400.0
0.5,100.0,200.0
2.0,200.0,100.0
1.5162951,88400.0,58300.0
1.8875,15100.0,8000.0
2.59375,8300.0,3200.0
0.6333333,1900.0,3000.0
0.375,300.0,800.0
1.8584474,40700.0,21900.0
2.884305,321600.0,111500.0
2.7865853,137100.0,49200.0
90.0,12591000.0,139900.0
0.84,2100.0,2500.0
0.8352941,7100.0,8500.0
1.6,22400.0,14000.0
2.0869565,14400.0,6900.0
0.6,300.0,500.0
2.6511629,22800.0,8600.0
1.1659142,103300.0,88600.0
0.5116279,2200.0,4300.0
2.3529413,8000.0,3400.0
0.5555556,1500.0,2700.0
1.4296117,176700.0,123600.0
0.8666667,3900.0,4500.0
0.634981,16700.0,26300.0
0.16666667,300.0,1800.0
0.44444445,2800.0,6300.0
0.22222222,800.0,3600.0
2.2200515,431800.0,194500.0
68.6,2263800.0,33000.0
0.72307694,4700.0,6500.0
0.72575253,43400.0,59800.0
0.8241206,65600.0,79600.0
0.7388535,23200.0,31400.0
0.22222222,200.0,900.0
2.0625,3300.0,1600.0
0.2857143,200.0,700.0
0.65591395,12200.0,18600.0
0.6788321,18600.0,27400.0
1.3731344,46000.0,33500.0
0.83928573,51700.0,61600.0
1.0,100.0,100.0
1.5594059,126000.0,80800.0
0.875,3500.0,4000.0
0.7364341,9500.0,12900.0
2.0,200.0,100.0
0.5555556,500.0,900.0
0.9817927,70100.0,71400.0
0.4,40.0,100.0
1.1844059,287100.0,242400.0
20.666666,6200.0,300.0
0.75,600.0,800.0
0.8657244,73500.0,84900.0
0.45454547,1500.0,3300.0
0.41666666,500.0,1200.0
0.4,40.0,100.0
0.29,29.0,100.0
0.6666667,400.0,600.0
1.5385638,115700.0,75200.0
0.59150803,40400.0,68300.0
0.33333334,200.0,600.0
1.5299569,462200.0,302100.0
0.6666667,200.0,300.0
1.055336,133500.0,126500.0
0.85714287,600.0,700.0
0.65915495,23400.0,35500.0
0.27272728,300.0,1100.0
0.5192308,2700.0,5200.0
0.27586207,800.0,2900.0
1.4812362,268400.0,181200.0
60.40146,827500.0,13700.0
0.55,1100.0,2000.0
0.76521736,44000.0,57500.0
1.0170132,53800.0,52900.0
0.95547944,27900.0,29200.0
2.0,800.0,400.0
0.3,30.0,100.0
0.53571427,3000.0,5600.0
0.5,100.0,200.0
0.6818182,3000.0,4400.0
1.6877551,82700.0,49000.0
0.7263682,14600.0,20100.0
1.4876543,24100.0,16200.0
0.36363637,400.0,1100.0
2.0821428,116600.0,56000.0
0.8372093,7200.0,8600.0
1.6304348,45000.0,27600.0
2.5352113,72000.0,28400.0
0.7,9800.0,14000.0
0.5,200.0,400.0
1.0555556,24700.0,23400.0
0.5,300.0,600.0
1.6193353,53600.0,33100.0
72.40196,738500.0,10200.0
0.33333334,100.0,300.0
0.7044025,11200.0,15900.0
1.1143911,30200.0,27100.0
1.2538227,41000.0,32700.0
2.9,2900.0,1000.0
0.5,100.0,200.0
1.0,600.0,600.0
0.5,300.0,600.0
2.3920705,54300.0,22700.0
0.6138614,6200.0,10100.0
1.2634345,216300.0,171200.0
0.3529412,1200.0,3400.0
1.9920793,100600.0,50500.0
0.84876543,27500.0,32400.0
1.1666666,2100.0,1800.0
3.2638636,535600.0,164100.0
0.9186047,7900.0,8600.0
0.14634146,1800.0,12300.0
0.44727272,12300.0,27500.0
0.40609136,24000.0,59100.0
1.4217926,80900.0,56900.0
77.40078,1989200.0,25700.0
0.5,100.0,200.0
0.7714286,10800.0,14000.0
0.7684729,31200.0,40600.0
0.7037037,9500.0,13500.0
2.6923077,10500.0,3900.0
0.5,100.0,200.0
1.9083666,143700.0,75300.0
0.77200425,72800.0,94300.0
0.40361446,6700.0,16600.0
0.2,100.0,500.0
2.1263735,38700.0,18200.0
0.6630435,6100.0,9200.0
0.8015564,41200.0,51400.0
0.8717949,13600.0,15600.0
0.47474748,9400.0,19800.0
0.26086956,1200.0,4600.0
0.30357143,3400.0,11200.0
0.20930232,900.0,4300.0
1.708589,111400.0,65200.0
73.5,3175200.0,43200.0
0.48514852,9800.0,20200.0
0.48686516,27800.0,57100.0
0.84709066,62600.0,73900.0
0.7480491,201300.0,269100.0
0.2,1300.0,6500.0
2.0555556,3700.0,1800.0
0.33333334,200.0,600.0
0.6035088,17200.0,28500.0
0.691689,25800.0,37300.0
1.0358852,43300.0,41800.0
0.58431953,39500.0,67600.0
0.6533333,4900.0,7500.0
0.85714287,600.0,700.0
1.7418244,404800.0,232400.0
1.0,100.0,100.0
1.2487961,77800.0,62300.0
0.85714287,1200.0,1400.0
0.6967033,31700.0,45500.0
0.22222222,400.0,1800.0
0.45,1800.0,4000.0
0.2195122,900.0,4100.0
1.5310472,165200.0,107900.0
91.30322,1415200.0,15500.0
0.7058824,2400.0,3400.0
0.59292036,6700.0,11300.0
0.652459,39800.0,61000.0
0.41558442,67200.0,161700.0
0.21428572,300.0,1400.0
2.0,800.0,400.0
0.04,20.0,500.0
0.4041451,15600.0,38600.0
0.69014084,4900.0,7100.0
1.7133621,79500.0,46400.0
0.62068963,1800.0,2900.0
0.8847737,43000.0,48600.0
0.2,20.0,100.0
1.2857143,45900.0,35700.0
0.954023,8300.0,8700.0
2.3333333,24500.0,10500.0
1.0147059,6900.0,6800.0
0.35,700.0,2000.0
0.9148936,8600.0,9400.0
1.180624,71900.0,60900.0
0.23529412,400.0,1700.0
2.0,5800.0,2900.0
99.4,11083100.0,111500.0
0.375,300.0,800.0
0.95238096,2000.0,2100.0
0.95008606,55200.0,58100.0
0.7375697,330800.0,448500.0
3.2229729,47700.0,14800.0
0.5,50.0,100.0
0.38,1900.0,5000.0
0.25,100.0,400.0
0.5555556,1000.0,1800.0
1.9316666,115900.0,60000.0
0.46153846,600.0,1300.0
1.0,100.0,100.0
0.6666667,200.0,300.0
0.25,100.0,400.0
0.7685185,8300.0,10800.0
2.364366,294600.0,124600.0
0.5,100.0,200.0
0.5,300.0,600.0
0.8888889,1600.0,1800.0
0.4,40.0,100.0
0.42857143,300.0,700.0
1.0,200.0,200.0
1.0,200.0,200.0
0.13636364,300.0,2200.0
1.2176471,20700.0,17000.0
2.8602564,223100.0,78000.0
0.6,300.0,500.0
3.0,300.0,100.0
0.4,40.0,100.0
0.34513274,3900.0,11300.0
0.83444595,62500.0,74900.0
1.1714286,4100.0,3500.0
1.2811388,36000.0,28100.0
1.2465596,108700.0,87200.0
3.1145039,81600.0,26200.0
0.6407767,6600.0,10300.0
0.5,100.0,200.0
2.0,200.0,100.0
2.6683168,53900.0,20200.0
2.08726,119600.0,57300.0
102.90039,7851300.0,76300.0
0.4,600.0,1500.0
0.71653545,9100.0,12700.0
0.9247312,34400.0,37200.0
0.57032114,103000.0,180600.0
3.1548388,48900.0,15500.0
0.5,200.0,400.0
0.44444445,3200.0,7200.0
0.5,100.0,200.0
0.5762712,3400.0,5900.0
1.8549619,72900.0,39300.0
0.33962265,1800.0,5300.0
0.7830688,59200.0,75600.0
0.8125,1300.0,1600.0
1.6287425,81600.0,50100.0
1.7062781,76100.0,44600.0
1.409836,17200.0,12200.0
0.65625,4200.0,6400.0
0.375,600.0,1600.0
1.0864197,8800.0,8100.0
1.6181102,82200.0,50800.0
1.6309227,65400.0,40100.0
94.1,6963400.0,74000.0
0.42857143,300.0,700.0
0.5740741,3100.0,5400.0
0.81270903,24300.0,29900.0
0.78624815,105200.0,133800.0
0.26,26.0,100.0
3.0882354,21000.0,6800.0
0.5,300.0,600.0
0.45454547,1000.0,2200.0
0.29,29.0,100.0
0.6666667,200.0,300.0
1.979405,86500.0,43700.0
1.0,2000.0,2000.0
1.0,100.0,100.0
1.09375,3500.0,3200.0
2.6657646,197000.0,73900.0
0.5,100.0,200.0
3.0,900.0,300.0
0.4,40.0,100.0
0.37320575,15600.0,41800.0
0.5217391,9600.0,18400.0
1.0,100.0,100.0
2.8888888,5200.0,1800.0
0.5294118,1800.0,3400.0
0.5,200.0,400.0
1.697561,34800.0,20500.0
0.6896552,2000.0,2900.0
0.2857143,200.0,700.0
0.33333334,100.0,300.0
1.2325581,5300.0,4300.0
98.09994,16000100.0,163100.0
0.4117647,3500.0,8500.0
0.62650603,5200.0,8300.0
0.6648936,37500.0,56400.0
0.5935745,380600.0,641200.0
0.275,110.0,400.0
2.5056498,88700.0,35400.0
0.6351351,4700.0,7400.0
0.29,29.0,100.0
0.5714286,10400.0,18200.0
1.3997722,122900.0,87800.0
0.47058824,1600.0,3400.0
1.0,300.0,300.0
0.75,600.0,800.0
0.13043478,300.0,2300.0
0.5063291,8000.0,15800.0
2.0242648,275300.0,136000.0
0.5,300.0,600.0
0.58536583,2400.0,4100.0
0.8604651,3700.0,4300.0
3.0,300.0,100.0
0.5,100.0,200.0
2.0,200.0,100.0
1.0713286,76600.0,71500.0
1.3798531,263000.0,190600.0
0.5,100.0,200.0
0.48387095,1500.0,3100.0
0.5,100.0,200.0
1.1001451,151600.0,137800.0
68.4,136800.0,2000.0
0.8,80.0,100.0
0.76811594,21200.0,27600.0
0.5833333,700.0,1200.0
0.28,28.0,100.0
1.0,100.0,100.0
1.661017,49000.0,29500.0
0.72,45000.0,62500.0
0.4,200.0,500.0
2.0758064,128700.0,62000.0
1.1320754,30000.0,26500.0
2.5,1000.0,400.0
0.54375,17400.0,32000.0
0.33333334,200.0,600.0
1.4278203,298700.0,209200.0
0.71875,25300.0,35200.0
1.0014706,68100.0,68000.0
1.0,300.0,300.0
0.6666667,600.0,900.0
1.6073059,35200.0,21900.0
0.7434211,90400.0,121600.0
0.53846157,700.0,1300.0
1.6171322,775900.0,479800.0
0.7649635,52400.0,68500.0
2.5,1000.0,400.0
0.557971,7700.0,13800.0
0.33333334,300.0,900.0
1.3758186,273100.0,198500.0
66.8,300600.0,4500.0
0.61290324,5700.0,9300.0
1.1552632,43900.0,38000.0
1.0,100.0,100.0
0.49,49.0,100.0
1.472422,61400.0,41700.0
1.4255738,15218.0,10675.0
0.85897434,67.0,78.0
14.317948,25128.0,1755.0
0.375,3.0,8.0
0.6943336,1740.0,2506.0
4.832972,22309.0,4616.0
6.374359,1243.0,195.0
1.2403846,1290.0,1040.0
4.564516,283.0,62.0
0.5,119.0,238.0
0.9298246,106.0,114.0
3.1155236,863.0,277.0
5.0997553,8333.0,1634.0
0.58181816,128.0,220.0
0.5294118,9.0,17.0
0.6,63.0,105.0
0.5895522,79.0,134.0
0.68292683,448.0,656.0
1.2790698,110.0,86.0
0.8544153,358.0,419.0
0.6524064,122.0,187.0
1.1136364,49.0,44.0
1.1296,1412.0,1250.0
0.37096775,23.0,62.0
0.98634815,289.0,293.0
0.58908045,205.0,348.0
7.753846,1008.0,130.0
2.75,66.0,24.0
5.5408163,543.0,98.0
1.5920106,10840.0,6809.0
1.5742574,159.0,101.0
3.1977077,1116.0,349.0
10.141539,3296.0,325.0
1.1932856,3661.0,3068.0
0.46153846,12.0,26.0
1.2902439,529.0,410.0
2.6993525,2918.0,1081.0
10.222222,92.0,9.0
0.625,15.0,24.0
0.6981132,37.0,53.0
0.53968257,34.0,63.0
1.98,99.0,50.0
1.1172839,181.0,162.0
1.4431418,2462.0,1706.0
0.47058824,16.0,34.0
0.79591835,39.0,49.0
4.802139,898.0,187.0
0.71428573,5.0,7.0
5.285331,5909.0,1118.0
1.7049006,20839.0,12223.0
2.0836363,573.0,275.0
10.131649,7619.0,752.0
7.5801687,3593.0,474.0
2.3541148,4720.0,2005.0
0.78431374,40.0,51.0
1.0666667,240.0,225.0
3.9411764,2613.0,663.0
5.2394366,2232.0,426.0
0.6,3.0,5.0
1.0,1.0,1.0
2.7544484,774.0,281.0
0.5538462,36.0,65.0
1.8468468,205.0,111.0
0.9945652,183.0,184.0
1.0471656,4729.0,4516.0
0.6242424,103.0,165.0
2.09009,232.0,111.0
9.818028,110659.0,11271.0
4.955056,441.0,89.0
1.841901,9961.0,5408.0
1.7597402,271.0,154.0
16.892977,15153.0,897.0
1.0,1.0,1.0
9.842213,9606.0,976.0
2.2529645,3420.0,1518.0
1.1184211,170.0,152.0
5.798611,835.0,144.0
5.9268293,243.0,41.0
0.6666667,2.0,3.0
0.64,16.0,25.0
0.43537414,64.0,147.0
2.1414142,424.0,198.0
0.9230769,12.0,13.0
1.0,1.0,1.0
0.6126761,87.0,142.0
0.5902778,85.0,144.0
1.5333333,138.0,90.0
5.730769,149.0,26.0
6.413793,558.0,87.0
2.7086487,25055.0,9250.0
1.1666666,5635.0,4830.0
0.7311828,68.0,93.0
9.875,3713.0,376.0
0.8918919,165.0,185.0
3.733871,926.0,248.0
4.3876224,1347.0,307.0
1.0649215,1017.0,955.0
4.550493,3695.0,812.0
0.5133333,77.0,150.0
1.0909091,12.0,11.0
3.3731344,452.0,134.0
5.563177,1541.0,277.0
0.5,10.0,20.0
1.0833334,13.0,12.0
0.31724137,46.0,145.0
1.9761904,83.0,42.0
0.56585366,116.0,205.0
1.3820225,369.0,267.0
0.9945652,183.0,184.0
0.5392157,55.0,102.0
1.3680981,446.0,326.0
0.4888889,22.0,45.0
0.969935,3581.0,3692.0
0.6130268,160.0,261.0
7.1,426.0,60.0
3.0,18.0,6.0
5.0394735,383.0,76.0
1.6381323,5473.0,3341.0
1.2449933,20515.0,16478.0
0.78289473,476.0,608.0
12.217438,22981.0,1881.0
0.5,8.0,16.0
0.88872725,3666.0,4125.0
5.7320633,14141.0,2467.0
9.400414,31764.0,3379.0
1.5718151,6971.0,4435.0
4.388239,14253.0,3248.0
0.53528875,584.0,1091.0
0.73049647,103.0,141.0
3.192233,1644.0,515.0
5.0428324,5769.0,1144.0
0.656051,206.0,314.0
0.47560975,39.0,82.0
0.8360656,255.0,305.0
0.8338983,492.0,590.0
0.8283898,391.0,472.0
0.6917168,4142.0,5988.0
3.8309648,46098.0,12033.0
0.52459013,544.0,1037.0
0.66774195,207.0,310.0
1.8818444,653.0,347.0
1.8725904,10200.0,5447.0
0.44510385,150.0,337.0
2.4745982,11544.0,4665.0
0.6326964,596.0,942.0
7.7732344,4182.0,538.0
3.12,78.0,25.0
4.997436,1949.0,390.0
1.8529783,33689.0,18181.0
1.4578314,121.0,83.0
5.406369,4244.0,785.0
8.286144,2751.0,332.0
1.2740306,5421.0,4255.0
0.71428573,20.0,28.0
1.04,26.0,25.0
2.968916,3916.0,1319.0
5.520801,3583.0,649.0
0.8,4.0,5.0
1.4285715,40.0,28.0
0.6785714,19.0,28.0
2.0769231,108.0,52.0
1.0086207,234.0,232.0
1.125,36.0,32.0
1.0,1.0,1.0
0.95179737,1165.0,1224.0
0.64705884,66.0,102.0
0.9574468,45.0,47.0
8.646995,47325.0,5473.0
2.1666667,13.0,6.0
3.9285715,275.0,70.0
1.4660156,11259.0,7680.0
0.925,370.0,400.0
0.8,40.0,50.0
0.8,40.0,50.0
1.0833334,130.0,120.0
1.0,40.0,40.0
1.8051949,1390.0,770.0
1.964486,10510.0,5350.0
1.88,470.0,250.0
0.8888889,80.0,90.0
12.709678,3940.0,310.0
1.0,30.0,30.0
2.286007,100470.0,43950.0
0.62903225,390.0,620.0
1.238806,2490.0,2010.0
43.49091,47840.0,1100.0
23.555555,2120.0,90.0
1.5,90.0,60.0
0.7777778,70.0,90.0
0.8055556,870.0,1080.0
1.962406,2610.0,1330.0
0.75,330.0,440.0
12.428572,3480.0,280.0
1.0024272,4130.0,4120.0
2.357143,2310.0,980.0
0.5254237,310.0,590.0
0.72727275,80.0,110.0
1.7027028,630.0,370.0
0.75,60.0,80.0
0.8,40.0,50.0
1.0,30.0,30.0
1.0,20.0,20.0
1.9502763,14120.0,7240.0
2.0,80.0,40.0
1.25,200.0,160.0
12.7,1270.0,100.0
1.0,30.0,30.0
1.8800403,18650.0,9920.0
0.5882353,100.0,170.0
0.6,60.0,100.0
1.2019231,1250.0,1040.0
43.5,6960.0,160.0
0.5,10.0,20.0
23.5,2350.0,100.0
1.5,30.0,20.0
0.6666667,20.0,30.0
0.8,160.0,200.0
1.9285715,540.0,280.0
1.0084034,1200.0,1190.0
0.5,20.0,40.0
0.88,220.0,250.0
0.85714287,60.0,70.0
0.5,10.0,20.0
1.0,80.0,80.0
1.25,50.0,40.0
1.0,30.0,30.0
1.8196721,1110.0,610.0
1.9608696,9020.0,4600.0
1.8571428,130.0,70.0
1.0,10.0,10.0
1.2258065,380.0,310.0
12.694915,7490.0,590.0
2.0881205,37440.0,17930.0
0.6486486,240.0,370.0
0.9714286,1700.0,1750.0
1.2713568,2530.0,1990.0
43.57143,9150.0,210.0
1.0,40.0,40.0
23.571428,3300.0,140.0
1.5,60.0,40.0
0.71428573,50.0,70.0
0.78723407,370.0,470.0
0.7777778,140.0,180.0
12.411765,10550.0,850.0
1.01,2020.0,2000.0
0.6,30.0,50.0
1.7428571,610.0,350.0
0.6666667,40.0,60.0
0.8,40.0,50.0
1.0,10.0,10.0
1.980198,6000.0,3030.0
1.8333334,110.0,60.0
1.2666667,190.0,150.0
12.9375,2070.0,160.0
1.0,20.0,20.0
1.8355795,13620.0,7420.0
0.6,90.0,150.0
0.84210527,160.0,190.0
1.1730769,1220.0,1040.0
43.666668,5240.0,120.0
0.5,10.0,20.0
23.75,1900.0,80.0
1.6666666,50.0,30.0
0.75,30.0,40.0
0.82608694,190.0,230.0
0.99,990.0,1000.0
0.84615386,220.0,260.0
0.8333333,50.0,60.0
0.75,30.0,40.0
1.0,90.0,90.0
0.6666667,20.0,30.0
1.7636364,970.0,550.0
1.951613,6050.0,3100.0
2.0,120.0,60.0
1.0,20.0,20.0
1.2272727,270.0,220.0
12.722222,2290.0,180.0
0.8333333,50.0,60.0
2.0186758,35670.0,17670.0
0.5777778,260.0,450.0
0.86885244,530.0,610.0
1.2037038,1300.0,1080.0
43.5,13920.0,320.0
23.482143,13150.0,560.0
1.75,70.0,40.0
0.6666667,40.0,60.0
0.8,600.0,750.0
1.95,1560.0,800.0
0.8095238,170.0,210.0
12.38,6190.0,500.0
0.9967533,3070.0,3080.0
0.516129,160.0,310.0
0.6666667,40.0,60.0
1.7297298,640.0,370.0
0.85714287,240.0,280.0
0.8888889,80.0,90.0
0.5,10.0,20.0
0.5,40.0,80.0
1.0,40.0,40.0
1.3333334,40.0,30.0
0.6666667,20.0,30.0
1.8113208,960.0,530.0
1.9626373,8930.0,4550.0
1.882353,320.0,170.0
1.0,20.0,20.0
1.25,250.0,200.0
12.703704,3430.0,270.0
1.0,50.0,50.0
1.8898643,23680.0,12530.0
0.625,100.0,160.0
0.9113924,720.0,790.0
1.24,3720.0,3000.0
43.588234,22230.0,510.0
0.6666667,20.0,30.0
23.416666,2810.0,120.0
1.6666666,50.0,30.0
0.71428573,50.0,70.0
0.8181818,450.0,550.0
1.960396,1980.0,1010.0
0.7619048,160.0,210.0
12.368421,2350.0,190.0
1.0027778,3610.0,3600.0
2.4,840.0,350.0
0.6666667,40.0,60.0
1.6341463,670.0,410.0
0.8,120.0,150.0
1.0,30.0,30.0
0.75,30.0,40.0
1.0,60.0,60.0
1.0,20.0,20.0
1.9483871,6040.0,3100.0
1.875,300.0,160.0
1.0,20.0,20.0
1.2272727,270.0,220.0
12.785714,1790.0,140.0
2.216,24930.0,11250.0
0.54761904,230.0,420.0
1.1650486,1200.0,1030.0
43.44898,21290.0,490.0
23.444445,2110.0,90.0
1.25,50.0,40.0
0.5714286,40.0,70.0
0.8181818,450.0,550.0
0.7777778,140.0,180.0
1.0041841,2400.0,2390.0
0.525,210.0,400.0
0.71428573,50.0,70.0
1.78125,570.0,320.0
0.8055556,290.0,360.0
0.8333333,50.0,60.0
0.5,10.0,20.0
0.5,10.0,20.0
1.0,60.0,60.0
0.75,30.0,40.0
1.0,20.0,20.0
1.9492574,15750.0,8080.0
1.8695652,430.0,230.0
1.0,10.0,10.0
1.2592592,340.0,270.0
12.6875,6090.0,480.0
2.378242,33010.0,13880.0
0.6333333,190.0,300.0
0.98536587,2020.0,2050.0
1.2753624,2640.0,2070.0
43.56,10890.0,250.0
23.5,2820.0,120.0
1.6,80.0,50.0
0.625,50.0,80.0
0.7878788,520.0,660.0
1.9846153,1290.0,650.0
0.75,120.0,160.0
12.38806,8300.0,670.0
1.0034965,2870.0,2860.0
0.5,120.0,240.0
0.5714286,40.0,70.0
1.7878788,590.0,330.0
0.8518519,230.0,270.0
0.8888889,80.0,90.0
0.5,10.0,20.0
1.0,90.0,90.0
1.0,20.0,20.0
1.969246,19850.0,10080.0
1.9285715,270.0,140.0
1.2631578,240.0,190.0
12.692307,1650.0,130.0
0.85714287,60.0,70.0
1.9714096,29650.0,15040.0
0.6,180.0,300.0
0.9459459,700.0,740.0
1.2428571,2610.0,2100.0
43.45714,15210.0,350.0
1.0,50.0,50.0
23.470589,3990.0,170.0
1.6666666,50.0,30.0
0.85714287,60.0,70.0
0.8055556,290.0,360.0
0.77272725,170.0,220.0
12.415585,9560.0,770.0
0.99065423,2120.0,2140.0
0.71428573,50.0,70.0
1.6969697,560.0,330.0
0.875,140.0,160.0
1.0,40.0,40.0
0.6666667,20.0,30.0
1.0,70.0,70.0
0.8,40.0,50.0
1.0,20.0,20.0
1.7962962,970.0,540.0
1.962353,8340.0,4250.0
1.9444444,350.0,180.0
1.0,20.0,20.0
1.24,310.0,250.0
12.708333,3050.0,240.0
1.0,40.0,40.0
2.0437188,36930.0,18070.0
0.53846157,210.0,390.0
0.95302016,1420.0,1490.0
1.2297298,1820.0,1480.0
43.48077,22610.0,520.0
23.5,1410.0,60.0
1.5714285,110.0,70.0
0.75,60.0,80.0
0.7966102,470.0,590.0
1.9569893,1820.0,930.0
0.72727275,160.0,220.0
12.416667,2980.0,240.0
1.0,2570.0,2570.0
0.53125,170.0,320.0
0.625,50.0,80.0
1.7575758,580.0,330.0
0.8695652,200.0,230.0
0.8333333,50.0,60.0
0.6666667,20.0,30.0
1.0,90.0,90.0
1.3333334,40.0,30.0
1.0,20.0,20.0
1.9492537,19590.0,10050.0
2.0526316,390.0,190.0
1.0,10.0,10.0
1.2777778,230.0,180.0
12.8,1920.0,150.0
1.9483871,24160.0,12400.0
0.64285713,90.0,140.0
0.9230769,720.0,780.0
1.2849534,9650.0,7510.0
43.545456,9580.0,220.0
0.75,30.0,40.0
23.583334,2830.0,120.0
1.8,90.0,50.0
0.6666667,40.0,60.0
0.8076923,210.0,260.0
0.73333335,110.0,150.0
1.0,2100.0,2100.0
0.6,30.0,50.0
1.5806452,490.0,310.0
0.9169803,2095.3,2285.0
0.8927461,861.5,965.0
0.15702191,315.3,2008.0
0.55,2.2,4.0
0.25,4000.0,16000.0
0.2129771,223.2,1048.0
0.17501716,510.0,2914.0
1.2100204,591.7,489.0
1.3666667,12.3,9.0
0.24889381,112.5,452.0
0.26313725,67.1,255.0
0.27078652,24.1,89.0
1.9592593,52.9,27.0
1.0531746,265.4,252.0
0.294,1308.3,4450.0
2.1,16.8,8.0
0.20700257,242.4,1171.0
10.962884,4637.3,423.0
0.117966905,49.9,423.0
0.63235295,43000.0,68000.0
0.18001904,378.4,2102.0
51.76168,5538.5,107.0
0.22301699,314.9,1412.0
0.94800234,4887.9,5156.0
0.7559657,1146.8,1517.0
0.21800199,1531.9,7027.0
0.42703137,530.8,1243.0
1.0273973,75000.0,73000.0
0.2200061,721.4,3279.0
0.23800254,1687.2,7089.0
1.2560606,580.3,462.0
1.6,40.0,25.0
0.2730013,1041.5,3815.0
2.6666667,8000.0,3000.0
0.42647058,14.5,34.0
0.42994922,84.7,197.0
1.3011905,109.3,84.0
0.8980663,325.1,362.0
0.35599864,4151.3,11661.0
1.1538461,15.0,13.0
0.22699592,1558.1,6864.0
8.996,224.9,25.0
0.55,1.1,2.0
0.14698581,248.7,1692.0
2.3161764,315000.0,136000.0
0.14902857,260.8,1750.0
70.10306,34350.5,490.0
0.24300666,510.8,2102.0
6.4493394,1464.0,227.0
1.0,1000.0,1000.0
0.1,0.1,1.0
0.25869566,23.8,92.0
1.0790213,1918.5,1778.0
2.1485295,146.1,68.0
0.33799937,1091.4,3229.0
2.6666667,88000.0,33000.0
0.34903765,417.1,1195.0
0.4029774,392.5,974.0
1.0846153,112.8,104.0
0.33095238,13.9,42.0
12.239035,2790.5,228.0
0.37701222,585.5,1553.0
1.697561,348000.0,205000.0
47.56915,4471.5,94.0
0.53993505,166.3,308.0
0.9780002,15581.5,15932.0
1.2868613,176.3,137.0
0.29600236,4005.8,13533.0
0.7966102,47000.0,59000.0
0.23333333,0.7,3.0
0.29700089,2713.4,9136.0
1.4060345,1467.9,1044.0
1.9733334,29.6,15.0
0.35003024,578.6,1653.0
4.149254,278000.0,67000.0
0.35106382,33.0,94.0
0.2625,2.1,8.0
1.691228,192.8,114.0
0.36498517,492.0,1348.0
0.2977273,39.3,132.0
10.107924,2678.6,265.0
0.2900629,230.6,795.0
2.0903955,370000.0,177000.0
0.21898223,271.1,1238.0
69.61397,34389.3,494.0
0.225,0.9,4.0
9.977528,888.0,89.0
0.2,0.4,2.0
0.7816667,46.9,60.0
0.35,0.7,2.0
1.7413793,101.0,58.0
0.42099017,1241.5,2949.0
2.0,4000.0,2000.0
0.31012657,73.5,237.0
0.4861702,137.1,282.0
0.8548387,159.0,186.0
0.1,0.1,1.0
12.5346155,325.9,26.0
0.3319672,324.0,976.0
1.8269231,285000.0,156000.0
71.938156,16401.9,228.0
0.3819701,434.3,1137.0
0.85,13.6,16.0
0.985641,384.4,390.0
0.173007,123.7,715.0
0.48333332,2.9,6.0
0.71428573,5000.0,7000.0
0.1,0.1,1.0
0.19642857,5.5,28.0
0.6,0.6,1.0
1.3,1.3,1.0
0.25603256,345.9,1351.0
1.0,1000.0,1000.0
0.2611111,4.7,18.0
1.2666667,41.8,33.0
0.55263156,10.5,19.0
0.21299785,791.5,3716.0
0.15701064,339.3,2161.0
6.9725804,432.3,62.0
0.092982456,26.5,285.0
1.2631578,72000.0,57000.0
0.10997921,105.8,962.0
81.844444,736.6,9.0
0.15503448,112.4,725.0
0.7810888,272.6,349.0
14.594168,12011.0,823.0
1.2058823,20.5,17.0
0.73333335,26.4,36.0
1.0,7000.0,7000.0
0.22704081,44.5,196.0
1.0550239,1543.5,1463.0
0.3879668,93.5,241.0
2.65,42.4,16.0
0.395,13975.1,35380.0
2.3333333,7000.0,3000.0
0.4027778,72.5,180.0
0.42701712,1047.9,2454.0
1.075,21.5,20.0
1.0438596,357.0,342.0
0.42398733,1339.8,3160.0
2.55,10.2,4.0
0.31700155,410.2,1294.0
14.132986,14910.3,1055.0
0.24690266,27.9,113.0
1.8412699,232000.0,126000.0
0.18837209,24.3,129.0
57.619987,82166.1,1426.0
0.35900122,3838.8,10693.0
0.76010364,146.7,193.0
1.2199053,257.4,211.0
0.2639738,241.8,916.0
0.4,0.4,1.0
0.5263158,10000.0,19000.0
0.42994013,71.8,167.0
0.3060033,372.1,1216.0
0.9387097,87.3,93.0
1.4,4.2,3.0
0.32104018,135.8,423.0
0.46818182,10.3,22.0
0.38,1.9,5.0
1.4107143,39.5,28.0
0.3280313,251.6,767.0
1.275,5.1,4.0
0.27608696,101.6,368.0
8.408145,1858.2,221.0
0.20507614,40.4,197.0
0.8695652,20000.0,23000.0
0.25002947,424.3,1697.0
53.389656,1548.3,29.0
0.4,41.2,103.0
0.795969,513.4,645.0
1.657265,387.8,234.0
0.15862069,9.2,58.0
0.6,0.6,1.0
0.5555556,5000.0,9000.0
0.38,1.9,5.0
0.24666667,3.7,15.0
1.6630106,6595.5,3966.0
0.38,1.9,5.0
0.2900208,558.0,1924.0
0.2580645,24.0,93.0
0.17272727,1.9,11.0
1.04,5.2,5.0
0.43902603,658.1,1499.0
2.0625,49.5,24.0
0.31805193,244.9,770.0
13.023847,3386.2,260.0
0.15619469,35.3,226.0
1.4578314,121000.0,83000.0
0.18405797,76.2,414.0
64.34692,26060.5,405.0
0.37901092,1318.2,3478.0
0.9818182,21.6,22.0
1.5363044,14375.2,9357.0
0.2,0.4,2.0
0.8049815,1308.9,1626.0
1.0,1000.0,1000.0
0.16666667,0.5,3.0
0.15,0.3,2.0
1.2538462,309.7,247.0
1.4,1.4,1.0
0.156,7.8,50.0
0.7076923,27.6,39.0
0.17800407,174.8,982.0
0.13947369,5.3,38.0
0.95,1.9,2.0
0.20197842,112.3,556.0
0.15894622,144.8,911.0
0.7153846,9.3,13.0
0.07450981,3.8,51.0
1.972973,73000.0,37000.0
0.24722221,8.9,36.0
63.85,9705.2,152.0
0.1719758,341.2,1984.0
1.1089844,2271.2,2048.0
1.5817884,1450.5,917.0
0.15,0.9,6.0
0.9910052,4219.7,4258.0
2.0,2000.0,1000.0
0.26551723,7.7,29.0
0.23297298,43.1,185.0
1.4880024,2517.7,1692.0
0.075,0.9,12.0
2.0857143,14.6,7.0
0.27027026,50.0,185.0
1.0014706,68.1,68.0
1.0,2000.0,2000.0
0.19301471,472.5,2448.0
0.3375,5.4,16.0
1.455,29.1,20.0
0.22999306,663.3,2884.0
0.4,1.6,4.0
0.21199946,9566.9,45127.0
7.7095237,485.7,63.0
1.3285714,18.6,14.0
0.104347825,2.4,23.0
1.5793358,428000.0,271000.0
0.090243906,18.5,205.0
68.35,115921.6,1696.0
0.18399325,980.5,5329.0
11.333333,34.0,3.0
1.5,3000.0,2000.0
1.1239617,1407.2,1252.0
0.3,6.9,23.0
0.4,15970.0,39925.0
2.0,2000.0,1000.0
0.35555556,3.2,9.0
0.32799494,260.1,793.0
0.4749623,314.9,663.0
13.968116,3855.2,276.0
0.10981595,17.9,163.0
1.5529412,132000.0,85000.0
53.452858,11225.1,210.0
0.31898916,883.6,2770.0
0.9925,39.7,40.0
10.349315,7555.0,730.0
1.1340909,49.9,44.0
0.71428573,10000.0,14000.0
0.15,0.6,4.0
1.4190036,15210.3,10719.0
0.26400262,2830.9,10723.0
1.5,3000.0,2000.0
0.4,0.4,1.0
0.18301886,19.4,106.0
1.5375,12.3,8.0
0.31700405,469.8,1482.0
0.1368421,2.6,19.0
14.375217,3306.3,230.0
0.090243906,18.5,205.0
1.4545455,160000.0,110000.0
53.78018,5969.6,111.0
0.30199674,2601.4,8614.0
0.75,315.0,420.0
1.9133333,143.5,75.0
0.4,0.8,2.0
0.27272728,6000.0,22000.0
0.175,0.7,4.0
0.24210526,4.6,19.0
1.2907407,69.7,54.0
1.5,4.5,3.0
0.24008016,119.8,499.0
1.0,1000.0,1000.0
0.35,2.1,6.0
1.2809523,107.6,84.0
0.29393938,97.0,330.0
0.13703704,3.7,27.0
9.559119,1519.9,159.0
0.29094568,144.6,497.0
0.8333333,25000.0,30000.0
0.19300807,502.4,2603.0
85.89412,2920.4,34.0
0.24545455,16.2,66.0
0.97895855,921.2,941.0
1.2392371,3183.6,2569.0
0.16923077,2.2,13.0
0.5740437,420.2,732.0
1.5342466,112000.0,73000.0
0.22063492,27.8,126.0
1.2789849,1612.8,1261.0
2.1114285,221.7,105.0
0.24800466,1914.1,7718.0
2.58,129000.0,50000.0
0.1,0.1,1.0
0.23636363,7.8,33.0
1.64,16.4,10.0
1.375987,1707.6,1241.0
0.3049951,2179.8,7147.0
4.4,8.8,2.0
0.2550069,1105.2,4334.0
0.4420413,363.8,823.0
0.19103079,142.7,747.0
2.5751634,394000.0,153000.0
0.1669749,126.4,757.0
50.81415,10772.6,212.0
0.26199967,1577.5,6021.0
0.74907064,201.5,269.0
1.2086066,4128.6,3416.0
0.16153847,4.2,26.0
0.45294118,7.7,17.0
1.0,12000.0,12000.0
0.24017094,28.1,117.0
1.6,4.8,3.0
1.0,1000.0,1000.0
0.8,0.8,1.0
0.7409091,32.6,44.0
0.188985,327.7,1734.0
1.3166667,7.9,6.0
0.12727273,8.4,66.0
7.5340075,4098.5,544.0
0.29259259,7.9,27.0
0.10798804,252.8,2341.0
1.3902439,57000.0,41000.0
0.101298705,7.8,77.0
0.16393442,50.0,305.0
11.261147,12376.0,1099.0
1.3333334,4000.0,3000.0
0.9850111,3101.8,3149.0
0.3060013,7005.9,22895.0
2.0,6000.0,3000.0
0.36792454,19.5,53.0
0.36998537,758.1,2049.0
1.3,2.6,2.0
0.38798702,119.5,308.0
15.832965,10038.1,634.0
0.16594827,38.5,232.0
1.2170542,157000.0,129000.0
48.353004,8848.6,183.0
0.38200307,3737.9,9785.0
0.9362416,139.5,149.0
9.566667,2009.0,210.0
1.5589373,5721.3,3670.0
0.6052632,23000.0,38000.0
0.24278075,45.4,187.0
0.24604316,273.6,1112.0
1.1076924,43.2,39.0
2.3617022,111.0,47.0
0.25797102,71.2,276.0
2.3333333,7000.0,3000.0
0.42,4.2,10.0
0.4888889,4.4,9.0
1.5468823,669.8,433.0
1.060215,98.6,93.0
0.26499248,527.6,1991.0
4.1181817,45.3,11.0
0.24903846,129.5,520.0
11.198742,1780.6,159.0
0.20103925,174.1,866.0
1.1571429,162000.0,140000.0
0.26,13.0,50.0
74.4,2380.8,32.0
0.22196862,155.6,701.0
2.1932204,129.4,59.0
0.6666667,20.0,30.0
0.1,0.1,1.0
1.4239748,902.8,634.0
0.10973451,12.4,113.0
1.4,1.4,1.0
0.22299898,2816.7,12631.0
3.0,3000.0,1000.0
0.32407862,131.9,407.0
0.16210826,56.9,351.0
1.15,2.3,2.0
0.246,270.6,1100.0
0.21406728,140.0,654.0
14.079888,2520.3,179.0
0.10333333,6.2,60.0
1.66,166000.0,100000.0
0.15428571,5.4,35.0
54.926964,37075.7,675.0
0.20798387,515.8,2480.0
0.8,91.2,114.0
1.6688207,7669.9,4596.0
0.7389966,7394.4,10006.0
1.2068965,35000.0,29000.0
0.8091575,220.9,273.0
1.9420779,747.7,385.0
0.31830987,22.6,71.0
0.67966104,40.1,59.0
2.05,41000.0,20000.0
0.33333334,1.0,3.0
1.34375,21.5,16.0
1.1007576,145.3,132.0
0.40700197,1238.1,3042.0
1.7736843,33.7,19.0
0.4673913,21.5,46.0
9.871094,3790.5,384.0
0.74599856,18550.0,24866.0
0.2345679,19.0,81.0
2.0470588,174000.0,85000.0
0.33392859,168.3,504.0
87.94499,285381.5,3245.0
0.27298802,637.7,2336.0
1.1619048,1317.6,1134.0
0.5919807,612.7,1035.0
1.1538461,15000.0,13000.0
2.1509972,4530.0,2106.0
1.4791045,198.2,134.0
0.14010416,26.9,192.0
2.0,4000.0,2000.0
1.1666666,7.0,6.0
2.0621212,136.1,66.0
0.34799704,469.1,1348.0
1.5055555,27.1,18.0
0.22594936,35.7,158.0
0.7130071,2724.4,3821.0
2.2048192,183000.0,83000.0
0.21700323,3299.1,15203.0
0.2980255,467.9,1570.0
0.3,1.8,6.0
1.4489486,2963.1,2045.0
0.1,0.3,3.0
0.3181818,14000.0,44000.0
0.1765432,14.3,81.0
0.21397538,295.5,1381.0
1.3919749,1994.7,1433.0
2.287755,112.1,49.0
0.3750287,653.3,1742.0
2.3333333,7000.0,3000.0
0.35591716,120.3,338.0
0.4117647,7.0,17.0
1.2830745,826.3,644.0
0.860804,171.3,199.0
0.2750166,413.9,1505.0
1.9086957,43.9,23.0
0.26613545,66.8,251.0
11.740909,516.6,44.0
0.22610526,107.4,475.0
1.0126582,240000.0,237000.0
0.18333334,5.5,30.0
51.6,258.0,5.0
0.30397877,114.6,377.0
0.6120438,167.7,274.0
3.14,232203.0,73950.0
0.4620091,1623.5,3514.0
1.2571429,44000.0,35000.0
0.43,4.3,10.0
3.1299942,10529.3,3364.0
0.17404762,73.1,420.0
0.6952381,14.6,21.0
1.6666666,5000.0,3000.0
1.7657895,67.1,38.0
0.35701558,1122.1,3143.0
2.2470818,1155.0,514.0
13.602884,1414.7,104.0
0.3410839,195.1,572.0
0.105882354,1.8,17.0
2.1559634,235000.0,109000.0
50.681957,29496.9,582.0
0.48599952,3967.7,8164.0
1.0207793,78.6,77.0
1.5642289,983.9,629.0
0.7277027,107.7,148.0
1.5,3000.0,2000.0
0.34,1.7,5.0
0.206,10.3,50.0
1.2,6.0,5.0
0.35,2.8,8.0
1.6681818,36.7,22.0
0.18899748,2629.9,13915.0
1.2,1.2,1.0
0.22075471,35.1,159.0
0.23993994,79.9,333.0
0.6333333,1.9,3.0
1.2408046,215.9,174.0
0.316,718.9,2275.0
0.23,2603.6,11320.0
9.1,18.2,2.0
0.82,4.1,5.0
0.112926826,46.3,410.0
1.6630435,153000.0,92000.0
0.23406814,116.8,499.0
65.13202,164979.4,2533.0
0.20800897,1111.6,5344.0
1.0789759,1791.1,1660.0
1.1297979,671.1,594.0
0.17895442,133.5,746.0
0.6219697,246.3,396.0
1.4615384,57000.0,39000.0
0.12201342,181.8,1490.0
0.19699594,1455.8,7390.0
1.2831035,372.1,290.0
1.425,5.7,4.0
0.23901013,613.3,2566.0
2.0,10000.0,5000.0
1.190196,60.7,51.0
0.21801698,565.1,2592.0
0.27810383,123.2,443.0
6.95,55.6,8.0
0.08645833,8.3,96.0
2.0327868,124000.0,61000.0
0.116956525,26.9,230.0
33.6,168.0,5.0
0.23905249,186.7,781.0
1.0,1000.0,1000.0
1.1310021,5417.5,4790.0
0.38499802,6857.2,17811.0
0.7487805,30.7,41.0
2.3030303,76000.0,33000.0
0.31404173,331.0,1054.0
0.31393036,63.1,201.0
1.5333333,4.6,3.0
0.3370037,636.6,1889.0
0.6,0.6,1.0
12.836997,4788.2,373.0
0.18282828,18.1,99.0
1.5166667,182000.0,120000.0
61.914894,2910.0,47.0
0.32400045,2876.8,8879.0
0.74,140.6,190.0
1.1088884,4678.4,4219.0
0.2,0.2,1.0
0.649,2790.7,4300.0
1.0,8000.0,8000.0
0.04,0.2,5.0
1.0391304,23.9,23.0
1.174138,136.2,116.0
0.29555556,26.6,90.0
0.9353535,92.6,99.0
2.0,6000.0,3000.0
0.3239766,55.4,171.0
0.3125,5.0,16.0
0.8490196,43.3,51.0
0.38,1162.8,3060.0
1.1790698,101.4,86.0
0.22713755,61.1,269.0
11.198958,1075.1,96.0
0.65600294,5327.4,8121.0
0.17,232.9,1370.0
2.2857144,112000.0,49000.0
0.31399807,1310.0,4172.0
60.0,4320.0,72.0
0.27598917,1123.0,4069.0
0.55,1.1,2.0
1.1597939,112.5,97.0
0.28113207,29.8,106.0
0.9,0.9,1.0
0.39534885,17000.0,43000.0
0.24806452,76.9,310.0
1.4444444,13.0,9.0
2.32,11.6,5.0
0.39777777,53.7,135.0
3.6086957,83000.0,23000.0
0.49655172,14.4,29.0
0.54,2.7,5.0
1.4628319,165.3,113.0
0.82857144,63.8,77.0
0.2860087,263.7,922.0
1.675,6.7,4.0
0.21988304,37.6,171.0
8.279081,1622.7,196.0
0.4,2.0,5.0
0.3269826,338.1,1034.0
1.4022988,122000.0,87000.0
0.22999331,344.3,1497.0
43.916668,527.0,12.0
0.19115646,28.1,147.0
1.0634147,43.6,41.0
0.6,4.2,7.0
0.48833334,58.6,120.0
0.85714287,12000.0,14000.0
0.1125,0.9,8.0
0.47254902,24.1,51.0
2.2501976,569.3,253.0
1.9666667,23.6,12.0
0.35096234,419.4,1195.0
3.3703704,91000.0,27000.0
0.31,9.3,30.0
1.602381,67.3,42.0
0.35304198,412.0,1167.0
0.27799258,373.9,1345.0
5.6928573,79.7,14.0
0.17218044,22.9,133.0
2.3563218,205000.0,87000.0
0.11804124,22.9,194.0
73.262794,3150.3,43.0
0.22195122,9.1,41.0
0.844,991.7,1175.0
1.5208297,1723.1,1133.0
0.21836735,21.4,98.0
0.49299064,105.5,214.0
0.32258064,30000.0,93000.0
0.16842106,6.4,38.0
0.2039991,913.1,4476.0
1.6873786,173.8,103.0
1.7,1.7,1.0
0.3,5.7,19.0
0.248,6.2,25.0
1.7527295,1412.7,806.0
0.3099876,999.4,3224.0
0.22278482,17.6,79.0
8.023092,3995.5,498.0
0.41428572,2.9,7.0
0.23294118,178.2,765.0
0.91525424,108000.0,118000.0
0.22101289,702.6,3179.0
93.03636,1023.4,11.0
0.23125,11.1,48.0
16.071428,225.0,14.0
0.71428573,5.0,7.0
12.0,384.0,32.0
1.0,1.0,1.0
2.668412,1529.0,573.0
73.0,73.0,1.0
2.3729827,13087.0,5515.0
1.0,5.0,5.0
1.2,6.0,5.0
0.45321637,620.0,1368.0
2.6857142,94.0,35.0
0.5,1.0,2.0
0.379717,322.0,848.0
12078.049,2476000.0,205.0
1.3,78.0,60.0
12.5,300.0,24.0
0.54545456,6.0,11.0
0.6666667,2.0,3.0
10.142858,71.0,7.0
12.8,64.0,5.0
9360.935,4409000.0,471.0
2.3448277,68.0,29.0
25.627193,5843.0,228.0
0.76073617,124.0,163.0
1.0,1.0,1.0
1.92,48.0,25.0
12.699422,2197.0,173.0
1.0,1.0,1.0
1.0,1.0,1.0
2.1538463,28.0,13.0
2.9521215,10297.0,3488.0
0.8,4.0,5.0
157.37529,277610.0,1764.0
1.0,1.0,1.0
8.0,8.0,1.0
18.800797,4719.0,251.0
1.5,6.0,4.0
0.77272725,17.0,22.0
1.3333334,4.0,3.0
1.9903846,621.0,312.0
1.0,2.0,2.0
7.0,7.0,1.0
0.9,18.0,20.0
2.0,2.0,1.0
2.33897,12034.0,5145.0
0.8,12.0,15.0
19.0,57.0,3.0
1.0899471,206.0,189.0
2.2,11.0,5.0
1.0,2.0,2.0
1.9054054,141.0,74.0
0.79310346,23.0,29.0
1.0,2.0,2.0
2.5,20.0,8.0
2.7120855,12679.0,4675.0
0.80733943,88.0,109.0
0.7735849,41.0,53.0
11862.896,13844000.0,1167.0
8.0,8.0,1.0
2.4024768,776.0,323.0
0.53846157,7.0,13.0
0.33333334,1.0,3.0
5.6307693,1464.0,260.0
0.6,48.0,80.0
0.73333335,11.0,15.0
12968.75,3735000.0,288.0
1.0,100.0,100.0
3.0,3000.0,1000.0
1.0,100.0,100.0
2.704301,503000.0,186000.0
0.33333334,500.0,1500.0
0.6666667,200.0,300.0
1.25,500.0,400.0
1.0,1000.0,1000.0
4.285714,810000.0,189000.0
1.0,100.0,100.0
4.0,40000.0,10000.0
1.2,600.0,500.0
4.428571,465000.0,105000.0
3.0,3000.0,1000.0
1.0,100.0,100.0
1.0,1000.0,1000.0
4.973913,572000.0,115000.0
4.1292515,607000.0,147000.0
1.0,100.0,100.0
0.6666667,400.0,600.0
4.084112,437000.0,107000.0
3.5,7000.0,2000.0
1.3333334,400.0,300.0
1.5,3000.0,2000.0
4.6086955,1166000.0,253000.0
0.80487806,3300.0,4100.0
1.0,100.0,100.0
3.7333333,56000.0,15000.0
1.0,100.0,100.0
0.8333333,500.0,600.0
4.0495048,409000.0,101000.0
4.811966,563000.0,117000.0
0.75,300.0,400.0
4.206897,366000.0,87000.0
4.9058824,417000.0,85000.0
1.0,1000.0,1000.0
3.2931035,382000.0,116000.0
0.71428573,1000.0,1400.0
3.6976745,954000.0,258000.0
0.625,500.0,800.0
3.6666667,11000.0,3000.0
1.3636364,1500.0,1100.0
1.8,9000.0,5000.0
4.65995,1850000.0,397000.0
0.9195402,8000.0,8700.0
2.7272727,30000.0,11000.0
3.4558823,705000.0,204000.0
0.375,300.0,800.0
0.5,900.0,1800.0
1.0,100.0,100.0
0.465,93.0,200.0
1.0,200.0,200.0
1.0,3000.0,3000.0
4.066372,919000.0,226000.0
1.85,3700.0,2000.0
3.8253968,241000.0,63000.0
3.5753424,261000.0,73000.0
0.16666667,100.0,600.0
0.5,200.0,400.0
1.0,100.0,100.0
0.6166667,185.0,300.0
1.0,200.0,200.0
1.3333334,8000.0,6000.0
4.2922077,661000.0,154000.0
1.0,600.0,600.0
3.8888888,35000.0,9000.0
1.0,100.0,100.0
3.607362,588000.0,163000.0
0.5,200.0,400.0
1.0,100.0,100.0
1.0,1000.0,1000.0
4.6923075,793000.0,169000.0
5.5,11000.0,2000.0
3.8983052,460000.0,118000.0
1.0,100.0,100.0
1.0,1000.0,1000.0
4.4444447,480000.0,108000.0
0.90909094,1000.0,1100.0
4.0,4000.0,1000.0
3.5,7000.0,2000.0
0.7692308,1000.0,1300.0
4.4085603,1133000.0,257000.0
4.0,4000.0,1000.0
1.3333334,400.0,300.0
2.0,2000.0,1000.0
4.9649806,1276000.0,257000.0
1.0,1000.0,1000.0
3.9886363,351000.0,88000.0
0.75,300.0,400.0
4.051282,316000.0,78000.0
3.0,3000.0,1000.0
1.0,100.0,100.0
1.5,3000.0,2000.0
4.882353,830000.0,170000.0
0.9354839,2900.0,3100.0
1.2,600.0,500.0
3.0,9000.0,3000.0
0.85714287,600.0,700.0
4.331395,745000.0,172000.0
1.0,1000.0,1000.0
5.0112996,887000.0,177000.0
3.6666667,330000.0,90000.0
1.0,400.0,400.0
3.891892,432000.0,111000.0
0.5,100.0,200.0
4.0,4000.0,1000.0
2.0,200.0,100.0
2.0,2000.0,1000.0
4.984375,957000.0,192000.0
1.2105263,2300.0,1900.0
4.071429,57000.0,14000.0
3.9827585,231000.0,58000.0
1.0,1000.0,1000.0
4.7027025,348000.0,74000.0
3.0,3000.0,1000.0
3.0,3000.0,1000.0
3.7307692,873000.0,234000.0
4.0,4000.0,1000.0
0.67,67.0,100.0
1.2857143,1800.0,1400.0
1.0,1000.0,1000.0
4.834746,1141000.0,236000.0
0.8333333,500.0,600.0
3.3043478,76000.0,23000.0
3.868421,147000.0,38000.0
1.0,100.0,100.0
1.0,200.0,200.0
0.9,90.0,100.0
1.0,2000.0,2000.0
3.8923078,253000.0,65000.0
1.0,200.0,200.0
4.0,24000.0,6000.0
3.4324324,127000.0,37000.0
1.0,200.0,200.0
0.79,237.0,300.0
1.0,1000.0,1000.0
4.283019,227000.0,53000.0
0.75,300.0,400.0
1.0,1000.0,1000.0
3.2727273,36000.0,11000.0
0.875,700.0,800.0
4.3566175,1185000.0,272000.0
4.0,8000.0,2000.0
1.6666666,500.0,300.0
1.0,1000.0,1000.0
5.12892,1472000.0,287000.0
0.8,400.0,500.0
4.0,4000.0,1000.0
4.0,4000.0,1000.0
0.6666667,600.0,900.0
2.9069767,500000.0,172000.0
0.42857143,600.0,1400.0
0.67,67.0,100.0
1.5,300.0,200.0
4.5698924,850000.0,186000.0
1.0,7.0,7.0
1.3612837,128399.0,94322.0
0.31932774,38.0,119.0
0.2947272,967.0,3281.0
1.4113301,2865.0,2030.0
0.75806683,121578.0,160379.0
1.5063102,53352.0,35419.0
0.75243384,62759.0,83408.0
0.55284554,816.0,1476.0
0.56660414,906.0,1599.0
2.0,18.0,9.0
0.3813142,8130.0,21321.0
0.5736842,109.0,190.0
1.4,14.0,10.0
0.7224605,6401.0,8860.0
2.259226,95624.0,42326.0
0.8314992,92407.0,111133.0
0.60714287,51.0,84.0
0.88,22.0,25.0
0.5988408,54655.0,91268.0
1.55963,38618.0,24761.0
3.2322533,207905.0,64322.0
1.1045752,169.0,153.0
0.7910448,530.0,670.0
1.625,13.0,8.0
0.8581961,5471.0,6375.0
4.688,1172.0,250.0
10.0,10.0,1.0
67.0,1206.0,18.0
1.3137255,134.0,102.0
0.9470774,4796.0,5064.0
1.8611261,508361.0,273147.0
0.4188197,1540.0,3677.0
1.9663299,2920.0,1485.0
0.6556736,20975.0,31990.0
1.8012698,12200.0,6773.0
0.61702126,29.0,47.0
0.47826087,11.0,23.0
0.5555556,5.0,9.0
2.026455,766.0,378.0
0.37345132,1266.0,3390.0
0.75,3.0,4.0
3.6354623,47301.0,13011.0
1.5104265,20643.0,13667.0
1.0833334,13.0,12.0
0.87,87.0,100.0
1.7409638,289.0,166.0
0.40874684,972.0,2378.0
1.6858861,426074.0,252730.0
4.206663,816059.0,193992.0
1.1081082,82.0,74.0
1.3491124,456.0,338.0
0.6666667,2.0,3.0
1.017394,23806.0,23399.0
5.782545,51482.0,8903.0
5.744361,764.0,133.0
0.13333334,2.0,15.0
39.166668,1410.0,36.0
3.8235295,65.0,17.0
1.3931035,202.0,145.0
0.49029046,2954.0,6025.0
1.1111112,190.0,171.0
0.19354838,6.0,31.0
0.38185355,4318.0,11308.0
1.968254,372.0,189.0
0.69961977,368.0,526.0
2.0660195,298984.0,144715.0
0.5,2.0,4.0
0.5151515,17.0,33.0
0.6515707,17610.0,27027.0
0.40791476,268.0,657.0
0.13055062,588.0,4504.0
0.9624803,18316.0,19030.0
0.4226405,4693.0,11104.0
2.8498254,2448.0,859.0
0.77834827,10763.0,13828.0
0.3548387,11.0,31.0
1.0,1.0,1.0
0.7040582,1839.0,2612.0
0.41379312,12.0,29.0
1.5585586,173.0,111.0
2.049017,176322.0,86052.0
0.36132315,142.0,393.0
0.5,3.0,6.0
0.51688313,398.0,770.0
0.94,47.0,50.0
0.125,40.0,320.0
53.333332,7040.0,132.0
0.87234044,82.0,94.0
1.108295,3848.0,3472.0
0.5,1.0,2.0
1.2222222,33.0,27.0
1.9664992,1174.0,597.0
0.69990027,1404.0,2006.0
2.6364927,44591.0,16913.0
0.622449,305.0,490.0
0.5,1.0,2.0
2.8915076,23800.0,8231.0
0.49209747,17934.0,36444.0
1.8305106,357107.0,195086.0
0.62960064,1608.0,2554.0
2.8497317,1593.0,559.0
1.5808862,12059.0,7628.0
1.8669951,379.0,203.0
0.875,63.0,72.0
1.78125,57.0,32.0
0.4091512,617.0,1508.0
1.5729504,122116.0,77635.0
3.4749205,514045.0,147930.0
1.4368196,86179.0,59979.0
0.953125,122.0,128.0
5.6822457,42310.0,7446.0
5.9852943,407.0,68.0
6.617647,225.0,34.0
67.0,2412.0,36.0
1.0,2.0,2.0
0.5597683,534595.0,955029.0
0.80508304,23758.0,29510.0
0.44444445,4.0,9.0
1.965398,1136.0,578.0
0.700218,1927.0,2752.0
2.0,2.0,1.0
0.5047804,26979.0,53447.0
0.5309727,144886.0,272869.0
1.0,1.0,1.0
0.26238254,1033.0,3937.0
2.860465,123.0,43.0
0.89738804,962.0,1072.0
0.45454547,5.0,11.0
0.40899527,16132.0,39443.0
1.5596182,40522.0,25982.0
1.465814,24526.0,16732.0
0.40869564,47.0,115.0
0.3493817,142931.0,409097.0
1.016129,63.0,62.0
1.0,1.0,1.0
1.0,301.0,301.0
1.9259678,235022.0,122028.0
1.0,14.0,14.0
0.4329897,42.0,97.0
1.968254,124.0,63.0
0.6220418,34170.0,54932.0
1.8,9.0,5.0
0.624,78.0,125.0
0.49056605,26.0,53.0
0.54545456,6.0,11.0
2.0149739,3095.0,1536.0
0.40756914,1120.0,2748.0
0.74,74.0,100.0
3.012186,8157.0,2708.0
1.7547594,8572.0,4885.0
1.0,28.0,28.0
1.3012412,3879.0,2981.0
1.6481482,178.0,108.0
0.40822786,258.0,632.0
1.846133,374189.0,202688.0
4.4831357,704731.0,157196.0
1.0769231,14.0,13.0
2.2774193,706.0,310.0
1.4620829,4338.0,2967.0
3.5384614,92.0,26.0
11.595706,44284.0,3819.0
30.0,60.0,2.0
67.02041,3284.0,49.0
4.116071,461.0,112.0
1.0,2.0,2.0
1.1083251,5658.0,5105.0
0.4,6.0,15.0
0.42001703,5422.0,12909.0
1.4249784,9858.0,6918.0
0.6415112,34793.0,54236.0
1.8363597,371547.0,202328.0
0.64422613,13311.0,20662.0
0.6655133,577.0,867.0
2.0255103,794.0,392.0
0.46698248,12913.0,27652.0
1.460481,3825.0,2619.0
0.8478829,31119.0,36702.0
2.453721,73327.0,29884.0
0.86839163,43496.0,50088.0
0.6296296,34.0,54.0
0.92525023,5731.0,6194.0
1.0,52.0,52.0
0.32741833,27437.0,83798.0
1.2791809,41228.0,32230.0
2.592886,307983.0,118780.0
1.125,9.0,8.0
1.3540856,1044.0,771.0
2.902743,1164.0,401.0
0.646686,4898.0,7574.0
2.9230769,38.0,13.0
1.6666666,20.0,12.0
0.85106385,40.0,47.0
40.909092,1350.0,33.0
0.84615386,11.0,13.0
0.54505676,137653.0,252548.0
0.99310344,144.0,145.0
0.28988326,149.0,514.0
2.698846,229912.0,85189.0
0.70034844,402.0,574.0
1.8571428,13.0,7.0
0.621547,3600.0,5792.0
0.660006,214496.0,324991.0
0.5,1.0,2.0
2.0270271,75.0,37.0
0.15790746,1307.0,8277.0
1.9355801,6490.0,3353.0
0.88815206,145450.0,163767.0
1.0,4.0,4.0
1.0,1.0,1.0
0.10552408,1043.0,9884.0
1.3057241,55065.0,42172.0
2.9503052,233437.0,79123.0
1.0952381,23.0,21.0
1.0,2.0,2.0
0.46040636,403368.0,876113.0
1.0,22.0,22.0
67.0,134.0,2.0
0.9411765,16.0,17.0
1.1083795,5410.0,4881.0
0.33333334,1.0,3.0
1.9670051,775.0,394.0
0.6995516,468.0,669.0
2.5176294,122387.0,48612.0
0.62288135,147.0,236.0
0.5,2.0,4.0
1.8766267,42971.0,22898.0
0.4231456,15408.0,36413.0
1.4460658,79778.0,55169.0
1.013598,13790.0,13605.0
2.8499534,3058.0,1073.0
1.1781578,10680.0,9065.0
1.8455285,227.0,123.0
0.87477547,17045.0,19485.0
0.5672437,426.0,751.0
0.40863788,4182.0,10234.0
1.1675742,48675.0,41689.0
3.8002849,570970.0,150244.0
1.0134953,2253.0,2223.0
1.2727273,112.0,88.0
1.9405705,2449.0,1262.0
0.51668584,449.0,869.0
6.8514853,692.0,101.0
51.36387,40372.0,786.0
4.8448277,281.0,58.0
3.7666667,113.0,30.0
0.625,15.0,24.0
1.1333333,17.0,15.0
0.8333333,5.0,6.0
0.62911904,3742.0,5948.0
1.5991337,31012.0,19393.0
0.6488668,5869.0,9045.0
2.2086587,398124.0,180256.0
0.62204725,474.0,762.0
0.53333336,40.0,75.0
2.0251195,1693.0,836.0
0.40556568,2667.0,6576.0
1.2785901,46432.0,36315.0
0.4984227,2054.0,4121.0
2.5379739,17611.0,6939.0
0.9902461,8731.0,8817.0
0.6198347,75.0,121.0
0.84933776,513.0,604.0
1.0909091,48.0,44.0
0.40913513,10516.0,25703.0
1.3468438,71543.0,53119.0
4.0405846,420936.0,104177.0
0.65082383,2054.0,3156.0
0.75609756,155.0,205.0
5.7000875,26038.0,4568.0
0.43823215,1646.0,3756.0
8.868365,4177.0,471.0
7.3636365,162.0,22.0
0.29885057,26.0,87.0
73.21028,79726.0,1089.0
1.0,2.0,2.0
1.0,18.0,18.0
3.4285715,24.0,7.0
0.6198285,249732.0,402905.0
0.5,2.0,4.0
1.767954,44632.0,25245.0
0.6666667,2.0,3.0
0.22326879,7680.0,34398.0
0.3376955,142649.0,422419.0
0.2964775,303.0,1022.0
0.40764198,1931.0,4737.0
1.5757322,11298.0,7170.0
0.621122,222812.0,358725.0
0.40919167,2769.0,6767.0
1.5596015,32251.0,20679.0
2.354894,64769.0,27504.0
1.117647,19.0,17.0
0.38281998,94720.0,247427.0
1.5032258,233.0,155.0
0.5,5.0,10.0
1.4287045,200853.0,140584.0
0.44444445,8.0,18.0
1.4515284,23837.0,16422.0
0.4207782,3147.0,7479.0
1.7970803,1231.0,685.0
0.625,55.0,88.0
0.4893617,69.0,141.0
0.53333336,32.0,60.0
0.29037744,3585.0,12346.0
0.8,4.0,5.0
2.8141673,21731.0,7722.0
1.1773989,12086.0,10265.0
1.6,8.0,5.0
0.40844685,4468.0,10939.0
1.6519259,117594.0,71186.0
3.548494,335173.0,94455.0
1.0,3.0,3.0
2.0,78.0,39.0
0.89025086,6246.0,7016.0
1.255814,54.0,43.0
4.0,40.0,10.0
1.4545455,32.0,22.0
67.0,67.0,1.0
2.0,4.0,2.0
1.0,70.0,70.0
1.0,1008.0,1008.0
1.7985926,155134.0,86253.0
1.0,1.0,1.0
0.42857143,3.0,7.0
1.9670329,179.0,91.0
0.6904762,29.0,42.0
1.8,9.0,5.0
0.6214689,110.0,177.0
0.5,4.0,8.0
0.5416667,13.0,24.0
2.0250368,1375.0,679.0
1.3302573,4757.0,3576.0
0.73913044,119.0,161.0
2.8495297,2727.0,957.0
0.8976169,2034.0,2266.0
1.0,104.0,104.0
0.8707865,155.0,178.0
1.509434,80.0,53.0
0.40727273,112.0,275.0
1.7900842,108787.0,60772.0
3.4867632,206385.0,59191.0
1.0394737,316.0,304.0
1.0,3.0,3.0
0.516184,303.0,587.0
1.0,7.0,7.0
2.0137959,10510.0,5219.0
1.0,3.0,3.0
85.6,5564.0,65.0
1.4814814,40.0,27.0
0.54202896,1122.0,2070.0
1.1059602,167.0,151.0
0.75,24.0,32.0
0.43412527,201.0,463.0
6.0,144.0,24.0
1.967742,61.0,31.0
0.6998445,450.0,643.0
1.4647504,130458.0,89065.0
0.625,10.0,16.0
0.56,42.0,75.0
0.6598674,9058.0,13727.0
0.40788662,662.0,1623.0
0.5243435,3554.0,6778.0
1.4606463,1763.0,1207.0
0.5804827,6686.0,11518.0
2.8491335,2795.0,981.0
0.9278343,12587.0,13566.0
1.0,955.0,955.0
0.4117647,35.0,85.0
1.5593952,1444.0,926.0
1.556249,58101.0,37334.0
1.0,2.0,2.0
0.47058824,80.0,170.0
5.0,30.0,6.0
0.51683694,1366.0,2643.0
5.0,105.0,21.0
0.3880597,26.0,67.0
125.93421,9571.0,76.0
0.061124694,25.0,409.0
1.1083823,19993.0,18038.0
0.6918536,1172.0,1694.0
0.4029498,39232.0,97362.0
1.6956986,6347.0,3743.0
1.8125,58.0,32.0
0.67342037,35065.0,52070.0
0.48627198,2267.0,4662.0
0.6666667,2.0,3.0
2.4976327,20046.0,8026.0
0.40755272,831.0,2039.0
0.7374429,323.0,438.0
4.1119795,79427.0,19316.0
0.9506015,98854.0,103991.0
0.8333333,5.0,6.0
2.0,154.0,77.0
0.44410035,5736.0,12916.0
2.0088625,565310.0,281408.0
4.4451194,1049386.0,236076.0
1.1666666,7.0,6.0
0.877193,50.0,57.0
10.436363,1148.0,110.0
0.89913934,163816.0,182192.0
20.945454,1152.0,55.0
19.6858,6516.0,331.0
1.0,1.0,1.0
68.9924,172481.0,2500.0
0.8347826,96.0,115.0
0.871255,79360.0,91087.0
1.7444365,7290.0,4179.0
0.42537713,66888.0,157244.0
1.9659921,9423.0,4793.0
1.6666666,5.0,3.0
0.29021418,8808.0,30350.0
0.43210173,43294.0,100194.0
3.9644122,88450.0,22311.0
0.532214,2726.0,5122.0
0.73333335,99.0,135.0
3.122944,45951.0,14714.0
0.6539233,126850.0,193983.0
0.5,2.0,4.0
0.4087449,2309.0,5649.0
2.055043,222070.0,108061.0
3.822049,867972.0,227096.0
0.8455285,104.0,123.0
0.90909094,20.0,22.0
0.74387324,216723.0,291344.0
0.8888889,48.0,54.0
16.821428,4239.0,252.0
67.0,1206.0,18.0
0.5148148,139.0,270.0
1.3481946,445790.0,330657.0
1.0,21.0,21.0
0.4375,35.0,80.0
2.0349545,91168.0,44801.0
0.65826154,26210.0,39817.0
1.7968706,6316.0,3515.0
0.6992788,56429.0,80696.0
0.4862069,282.0,580.0
0.61704445,8493.0,13764.0
0.3549149,5860.0,16511.0
0.7364865,218.0,296.0
3.7024837,241202.0,65146.0
1.8125987,189422.0,104503.0
0.8666667,13.0,15.0
0.85714287,6.0,7.0
0.43376657,36511.0,84172.0
1.3063533,169984.0,130121.0
3.7198935,590946.0,158861.0
1.1020408,54.0,49.0
0.7013977,552.0,787.0
1.3170732,54.0,41.0
0.92161244,40809.0,44280.0
3.614523,9358.0,2589.0
8.866667,266.0,30.0
0.5,1.0,2.0
67.02702,2480.0,37.0
1.5,12.0,8.0
0.47452733,90732.0,191205.0
0.28863528,607.0,2103.0
0.43589744,17.0,39.0
1.4518313,16291.0,11221.0
0.7002351,1787.0,2552.0
0.6214808,6203.0,9981.0
0.4862211,1535.0,3157.0
0.5,1.0,2.0
0.4083641,332.0,813.0
2.85,570.0,200.0
0.6542896,52035.0,79529.0
0.42510277,9927.0,23352.0
0.78234327,54207.0,69288.0
3.4333973,51937.0,15127.0
1.1111112,10.0,9.0
0.5,9.0,18.0
0.29972002,127179.0,424326.0
0.45454547,10.0,22.0
67.0,67.0,1.0
0.9930531,364089.0,366636.0
1.9897848,133819.0,67253.0
0.43235293,147.0,340.0
1.9661314,7837.0,3986.0
0.6796508,4048.0,5956.0
1.804878,74.0,41.0
0.61701185,55768.0,90384.0
0.71045995,23372.0,32897.0
0.56880736,62.0,109.0
0.32369876,5622.0,17368.0
0.81326115,601.0,739.0
2.85,1482.0,520.0
0.4159292,3290.0,7910.0
0.22222222,2.0,9.0
1.0,4.0,4.0
0.40910146,77600.0,189684.0
1.3804914,145588.0,105461.0
0.89986825,683.0,759.0
1.7897991,80464.0,44957.0
1.1428572,8.0,7.0
2.4005377,893.0,372.0
1.6666666,5.0,3.0
0.62060696,33375.0,53778.0
2.737705,501.0,183.0
2.2,165.0,75.0
0.5,1.0,2.0
4.2,105.0,25.0
1.0,105.0,105.0
1.0,459.0,459.0
1.1,11.0,10.0
0.5,3.0,6.0
1.9661016,2668.0,1357.0
1.2604368,4559.0,3617.0
2.0894935,84800.0,40584.0
0.61960787,158.0,255.0
0.53424656,39.0,73.0
2.5536182,5858.0,2294.0
0.4144341,3032.0,7316.0
1.3193855,316766.0,240086.0
0.8790911,9401.0,10694.0
2.8503253,1314.0,461.0
0.7766748,28323.0,36467.0
0.796748,98.0,123.0
0.6536087,3070.0,4697.0
0.987715,402.0,407.0
0.4069132,3202.0,7869.0
1.1797253,38485.0,32622.0
3.152501,222286.0,70511.0
0.8122035,69683.0,85795.0
1.0,455.0,455.0
4.5001097,20552.0,4567.0
8.241936,6643.0,806.0
19.084745,2252.0,118.0
67.0,1273.0,19.0
1.374269,235.0,171.0
1.7423164,498468.0,286095.0
0.42424244,28.0,66.0
0.4,6.0,15.0
1.7643312,3601.0,2041.0
0.6666667,6.0,9.0
2.0,2.0,1.0
0.35477167,7684.0,21659.0
0.48631495,1226.0,2521.0
0.35994774,11293.0,31374.0
0.4090909,72.0,176.0
2.4043624,29100.0,12103.0
1.0955894,141812.0,129439.0
1.0,1.0,1.0
0.34796405,658.0,1891.0
1.3514023,126198.0,93383.0
3.2661767,259955.0,79590.0
1.0,4.0,4.0
0.6280992,228.0,363.0
2.0,930.0,465.0
0.7399033,40543.0,54795.0
20.0,68660.0,3433.0
2.0,22.0,11.0
2.0,12.0,6.0
4.9411764,252.0,51.0
0.39285713,22.0,56.0
0.9781823,621315.0,635173.0
0.49552214,12726.0,25682.0
0.5767806,6697.0,11611.0
1.5346752,75328.0,49084.0
0.70997554,40639.0,57240.0
1.75,7.0,4.0
0.70476604,71378.0,101279.0
0.5332357,100869.0,189164.0
0.5294118,27.0,51.0
0.42823815,12666.0,29577.0
2.8486238,1242.0,436.0
0.8976215,5208.0,5802.0
0.4,2.0,5.0
0.4091416,16873.0,41240.0
1.08962,85521.0,78487.0
2.5140593,149046.0,59285.0
1.1074766,237.0,214.0
0.39981744,876.0,2191.0
1.4000566,4952.0,3537.0
0.6305972,84512.0,134019.0
9.465247,163143.0,17236.0
0.31578946,6.0,19.0
2.0,6.0,3.0
1.1536926,578.0,501.0
1.9020599,253925.0,133500.0
0.42857143,30.0,70.0
1.966312,2218.0,1128.0
0.7002882,243.0,347.0
1.7922078,138.0,77.0
0.6333333,19.0,30.0
0.48235294,41.0,85.0
1.2232533,2241.0,1832.0
0.47012356,8332.0,17723.0
0.74509805,38.0,51.0
2.8496995,1422.0,499.0
1.3369023,22226.0,16625.0
0.9230769,12.0,13.0
1.5,6.0,4.0
0.40921813,2193.0,5359.0
1.6838009,124837.0,74140.0
4.2460685,365854.0,86163.0
1.1,55.0,50.0
2.238806,300.0,134.0
0.51707315,742.0,1435.0
2.6,13.0,5.0
4.6,69.0,15.0
0.42857143,3.0,7.0
83.26667,3747.0,45.0
3.6666667,44.0,12.0
0.61538464,56.0,91.0
1.1875,57.0,48.0
1.1081082,82.0,74.0
0.5,1.0,2.0
1.9662577,641.0,326.0
1.0153251,6824.0,6721.0
2.0236964,28524.0,14095.0
0.62211984,135.0,217.0
0.6,3.0,5.0
2.7378702,38259.0,13974.0
0.32493994,17447.0,53693.0
1.3687598,153568.0,112195.0
0.7959581,5317.0,6680.0
2.8498542,1955.0,686.0
0.9301184,7387.0,7942.0
0.81893003,199.0,243.0
0.875,35.0,40.0
1.1509434,122.0,106.0
0.40354064,889.0,2203.0
1.6661632,92662.0,55614.0
3.5687804,411409.0,115280.0
1.2608246,57307.0,45452.0
1.0,67.0,67.0
12.0,68544.0,5712.0
9.157895,348.0,38.0
15.0,2925.0,195.0
67.0,335.0,5.0
1.4379671,744634.0,517838.0
1.4299065,153.0,107.0
0.5514918,11294.0,20479.0
1.9760722,26262.0,13290.0
1.0433797,46493.0,44560.0
1.7959183,88.0,49.0
0.6715916,192276.0,286299.0
0.42356706,94796.0,223804.0
0.58477175,10875.0,18597.0
0.3875899,9001.0,23223.0
0.33333334,1.0,3.0
2.6245117,44349.0,16898.0
1.1949447,68076.0,56970.0
3.231132,685.0,212.0
1.251004,2492.0,1992.0
0.4251902,131769.0,309906.0
1.3533746,71626.0,52924.0
2.5204494,194987.0,77362.0
1.1666666,7.0,6.0
1.774359,346.0,195.0
3.9642856,222.0,56.0
0.48210508,35535.0,73708.0
7.67494,60916.0,7937.0
67.0,67.0,1.0
2.0,458.0,229.0
0.22222222,24.0,108.0
1.0491443,99248.0,94599.0
0.6590258,1840.0,2792.0
0.5363196,1772.0,3304.0
1.9656188,2001.0,1018.0
0.6195792,84137.0,135797.0
1.6536819,35235.0,21307.0
0.5619752,60432.0,107535.0
0.26281872,938.0,3569.0
0.41648746,581.0,1395.0
0.4394064,47049.0,107074.0
0.16666667,2.0,12.0
0.7350993,111.0,151.0
2.067899,11634.0,5626.0
0.7354576,40092.0,54513.0
1.0,8.0,8.0
0.8333333,5.0,6.0
0.2556996,31460.0,123035.0
0.78737617,34654.0,44012.0
1.8118205,145154.0,80115.0
1.1111112,60.0,54.0
0.7631579,261.0,342.0
0.45454547,15.0,33.0
0.839214,33441.0,39848.0
2.3542857,412.0,175.0
0.38709676,12.0,31.0
1.6,8.0,5.0
0.9692155,976.0,1007.0
1.0,4.0,4.0
0.31428573,11.0,35.0
0.2061951,446.0,2163.0
1.9662921,1575.0,801.0
0.6984127,176.0,252.0
1.413962,80815.0,57155.0
0.6217228,498.0,801.0
0.53846157,21.0,39.0
2.0249245,2681.0,1324.0
0.40761906,428.0,1050.0
2.7837837,103.0,37.0
1.351331,136652.0,101124.0
0.45382586,1548.0,3411.0
1.9508041,4124.0,2114.0
0.96338254,21600.0,22421.0
0.9125,73.0,80.0
0.74315435,3501.0,4711.0
5.125,41.0,8.0
0.4091611,795.0,1943.0
1.5595344,8710.0,5585.0
2.497273,123163.0,49319.0
1.101695,65.0,59.0
0.5420561,116.0,214.0
6.0,17376.0,2896.0
0.50877196,29.0,57.0
13.773585,5110.0,371.0
0.5217391,12.0,23.0
67.0,268.0,4.0
1.1081678,502.0,453.0
0.63915014,1835.0,2871.0
0.9941952,1884.0,1895.0
1.434296,11919.0,8310.0
1.2307136,78298.0,63620.0
0.6212711,479.0,771.0
0.5,13.0,26.0
0.52380955,55.0,105.0
2.0232558,174.0,86.0
0.39814407,901.0,2263.0
0.49867374,188.0,377.0
0.76498425,970.0,1268.0
1.7910765,15174.0,8472.0
0.8976084,1201.0,1338.0
5.090909,112.0,22.0
0.4091958,2305.0,5633.0
1.5596377,6198.0,3974.0
3.274876,104462.0,31898.0
1.0967742,34.0,31.0
0.6725,269.0,400.0
3.0,336.0,112.0
0.51684237,2010.0,3889.0
3.0,63.0,21.0
3.0,33.0,11.0
0.47058824,8.0,17.0
68.19125,12479.0,183.0
1.0535715,59.0,56.0
0.75233644,161.0,214.0
1.8673502,166633.0,89235.0
1.5343164,8428.0,5493.0
0.69979405,1359.0,1942.0
1.7966418,963.0,536.0
0.6188119,125.0,202.0
0.48863637,86.0,176.0
0.5,4.0,8.0
2.0247679,1308.0,646.0
0.34188113,11119.0,32523.0
1.4605598,1148.0,786.0
0.4326123,780.0,1803.0
2.8495822,5115.0,1795.0
1.4548385,27978.0,19231.0
1.0,6.0,6.0
0.872449,684.0,784.0
0.96428573,54.0,56.0
0.40898675,3213.0,7856.0
1.4584454,221217.0,151680.0
3.4607975,291368.0,84191.0
1.108209,297.0,268.0
1.7978843,4759.0,2647.0
2.0,38.0,19.0
0.5165144,735.0,1423.0
3.8666666,406.0,105.0
3.5,7.0,2.0
0.25,20.0,80.0
67.0,2412.0,36.0
3.0,12.0,4.0
1.0,1.0,1.0
1.3112912,431344.0,328946.0
0.5,1.0,2.0
0.4329897,42.0,97.0
2.1185877,50344.0,23763.0
0.7,14.0,20.0
1.7857143,25.0,14.0
0.47427216,8194.0,17277.0
0.28060135,2893.0,10310.0
0.5964439,30962.0,51911.0
0.40746754,502.0,1232.0
2.6411045,94401.0,35743.0
1.1093811,94121.0,84841.0
0.8333333,5.0,6.0
0.40883595,7653.0,18719.0
1.2972734,96870.0,74672.0
3.4213052,343783.0,100483.0
1.1111112,20.0,18.0
0.23809524,35.0,147.0
1.0,91.0,91.0
0.78441554,50001.0,63743.0
17.657846,165507.0,9373.0
3.25,13.0,4.0
67.0,1005.0,15.0
5.0,490.0,98.0
0.9790795,234.0,239.0
1.1083974,26821.0,24198.0
1.8110648,59546.0,32879.0
0.43421054,363.0,836.0
1.8502529,10243.0,5536.0
0.70010674,3936.0,5622.0
1.785961,51700.0,28948.0
0.58267057,4176.0,7167.0
0.4827586,42.0,87.0
0.73340833,1304.0,1778.0
0.49046084,7918.0,16144.0
0.7973422,2160.0,2709.0
1.3333334,4.0,3.0
0.7367257,666.0,904.0
2.8495429,3428.0,1203.0
0.89767134,6746.0,7515.0
1.0,10.0,10.0
0.40915677,4236.0,10353.0
1.559625,35770.0,22935.0
0.89982426,512.0,569.0
2.9292612,114373.0,39045.0
1.0,3.0,3.0
0.48235294,82.0,170.0
0.8125,13.0,16.0
0.85830325,7608.0,8864.0
15.0,495.0,33.0
29.706522,2733.0,92.0
3.1764705,54.0,17.0
1.0,4.0,4.0
1.5448239,109786.0,71067.0
0.4651163,20.0,43.0
0.43165466,60.0,139.0
1.4864477,19688.0,13245.0
0.570609,46447.0,81399.0
1.2268895,16006.0,13046.0
0.6735478,28745.0,42677.0
0.4858757,86.0,177.0
0.5317919,92.0,173.0
2.0,4.0,2.0
0.38277388,16021.0,41855.0
1.4626865,98.0,67.0
0.70684475,4234.0,5990.0
2.6946,45660.0,16945.0
0.67125916,47211.0,70332.0
0.5042373,119.0,236.0
0.87244284,3625.0,4155.0
1.6857142,1416.0,840.0
0.4139818,23681.0,57203.0
1.5319022,277740.0,181304.0
3.2098677,284497.0,88632.0
1.1074626,371.0,335.0
1.4980695,1164.0,777.0
0.22222222,2.0,9.0
0.5166426,1428.0,2764.0
4.755814,409.0,86.0
6.0,42.0,7.0
0.33333334,2.0,6.0
79.34375,2539.0,32.0
4.0,308.0,77.0
0.9397914,3153.0,3355.0
1.0909091,24.0,22.0
0.8235294,14.0,17.0
0.4337102,422.0,973.0
1.773585,282.0,159.0
0.6320251,2013.0,3185.0
0.6015782,4498.0,7477.0
1.3683968,245463.0,179380.0
0.62234044,117.0,188.0
0.33333334,1.0,3.0
0.5294118,18.0,34.0
1.0794919,5269.0,4881.0
0.2262634,591.0,2612.0
0.9650092,1048.0,1086.0
1.4605993,2632.0,1802.0
0.53889734,3900.0,7237.0
1.7024838,12818.0,7529.0
1.344806,15004.0,11157.0
1.1960326,1025.0,857.0
0.4092208,2148.0,5249.0
1.5596032,27357.0,17541.0
0.8333333,5.0,6.0
2.3942451,131966.0,55118.0
1.1162791,48.0,43.0
0.6009445,509.0,847.0
1.9552239,131.0,67.0
1.0193472,12118.0,11888.0
2.4,36.0,15.0
2.3333333,7.0,3.0
0.93333334,56.0,60.0
57.53925,16859.0,293.0
1.9,95.0,50.0
1.7270122,15664.0,9070.0
0.9094595,673.0,740.0
1.7519192,8672.0,4950.0
0.9904762,832.0,840.0
0.965,965.0,1000.0
0.9,810.0,900.0
0.9,288.0,320.0
0.9361446,1554.0,1660.0
0.8765714,1534.0,1750.0
1.18,1180.0,1000.0
1.3968966,4051.0,2900.0
0.9117647,155.0,170.0
1.14,1140.0,1000.0
0.945,567.0,600.0
0.826,413.0,500.0
0.8153846,212.0,260.0
1.1785715,165.0,140.0
0.83,166.0,200.0
0.6254902,319.0,510.0
1.0595745,498.0,470.0
16.269714,233145.0,14330.0
1.0,1280.0,1280.0
1.7783784,3948.0,2220.0
0.932,699.0,750.0
0.88,1320.0,1500.0
0.088125,141.0,1600.0
0.8357143,117.0,140.0
0.9652174,1332.0,1380.0
0.8110345,1176.0,1450.0
1.1108108,411.0,370.0
1.6700072,23163.0,13870.0
8.037037,6510.0,810.0
1.8168765,7213.0,3970.0
0.9814815,795.0,810.0
0.87583333,1051.0,1200.0
0.82978725,780.0,940.0
0.975,39.0,40.0
0.87391305,1005.0,1150.0
0.7322581,1135.0,1550.0
0.76666665,621.0,810.0
0.6602871,138.0,209.0
0.25925925,7.0,27.0
1.6469036,9361.0,5684.0
3.0905623,37266.0,12058.0
0.8633453,8630.0,9996.0
0.5,2.0,4.0
2.5952382,109.0,42.0
3.881996,97869.0,25211.0
1.2128713,245.0,202.0
0.48558322,741.0,1526.0
98.534134,739006.0,7500.0
0.6772152,214.0,316.0
1.84375,59.0,32.0
2.5842824,2269.0,878.0
2.0326087,13090.0,6440.0
0.30867192,509.0,1649.0
5.8518324,22512.0,3847.0
0.45993266,683.0,1485.0
2.4035087,137.0,57.0
3.908102,10419.0,2666.0
1.3333334,4.0,3.0
0.68108654,677.0,994.0
0.717727,1162.0,1619.0
116.42857,175225.0,1505.0
0.66086954,76.0,115.0
0.36842105,7.0,19.0
0.5658443,3532.0,6242.0
3.093108,30563.0,9881.0
0.54545456,12.0,22.0
1.4745024,17927.0,12158.0
0.6619718,1927.0,2911.0
2.2133334,332.0,150.0
2.6033416,301506.0,115815.0
1.2,24.0,20.0
0.46852168,23472.0,50098.0
107.666245,3315905.0,30798.0
0.85926306,1679.0,1954.0
0.17073171,49.0,287.0
2.577512,19187.0,7444.0
2.0283194,19768.0,9746.0
0.6527778,5311.0,8136.0
3.9054263,2519.0,645.0
0.62680113,435.0,694.0
1.7284938,21620.0,12508.0
4.07694,93207.0,22862.0
1.3171691,1005.0,763.0
0.54705364,1244.0,2274.0
0.46823528,199.0,425.0
87.83086,1611784.0,18351.0
0.5892054,786.0,1334.0
0.35672516,61.0,171.0
2.7754972,4327.0,1559.0
2.8593931,31948.0,11173.0
0.33311388,1012.0,3038.0
5.4705896,216794.0,39629.0
0.5947136,1755.0,2951.0
2.1111112,19.0,9.0
5.343779,98053.0,18349.0
1.2776026,810.0,634.0
1.0470213,4921.0,4700.0
0.5054348,279.0,552.0
132.08942,694262.0,5256.0
0.8819549,1173.0,1330.0
0.38608697,222.0,575.0
3.3793616,4552.0,1347.0
1.8610706,37026.0,19895.0
0.5897693,588.0,997.0
5.9438567,74744.0,12575.0
0.15251572,97.0,636.0
1.5447912,9950.0,6441.0
4.215554,154538.0,36659.0
1.4333333,129.0,90.0
0.493347,482.0,977.0
119.35143,4115118.0,34479.0
0.6785714,19.0,28.0
2.0,2.0,1.0
4.4692225,72969.0,16327.0
0.5,5.0,10.0
3.8,19.0,5.0
0.40433213,224.0,554.0
3.0555556,990.0,324.0
3.9547937,378628.0,95739.0
1.125,9.0,8.0
0.43965048,805.0,1831.0
127.59962,132576.0,1039.0
1.0,1.0,1.0
1.8,9.0,5.0
4.7317085,80387.0,16989.0
0.38979593,191.0,490.0
108.333336,650.0,6.0
0.48545596,1235.0,2544.0
0.90909094,10.0,11.0
1.8902439,155.0,82.0
1.858311,11817.0,6359.0
0.5642251,1063.0,1884.0
3.8580482,3044.0,789.0
0.55789477,53.0,95.0
2.142857,15.0,7.0
3.8486629,56991.0,14808.0
1.39751,3143.0,2249.0
0.48324022,346.0,716.0
109.831245,641085.0,5837.0
0.74126077,5068.0,6837.0
0.29746836,141.0,474.0
2.3153267,3686.0,1592.0
2.37442,34790.0,14652.0
0.40780583,5914.0,14502.0
3.9270387,915.0,233.0
0.6177215,488.0,790.0
2.3361704,94143.0,40298.0
4.2924647,70126.0,16337.0
1.1666666,98.0,84.0
0.52165353,265.0,508.0
0.5,4.0,8.0
81.0,189702.0,2342.0
0.80627304,1311.0,1626.0
0.7763158,59.0,76.0
1.7573956,12119.0,6896.0
1.8277028,5410.0,2960.0
0.5,10.0,20.0
3.9599793,15238.0,3848.0
0.27213115,913.0,3355.0
2.3137255,118.0,51.0
4.2587285,260055.0,61064.0
1.1368421,108.0,95.0
0.47200772,489.0,1036.0
0.59322035,35.0,59.0
101.77429,363436.0,3571.0
2.9233716,763.0,261.0
3.1639278,7894.0,2495.0
3.875,93.0,24.0
0.30937728,8898.0,28761.0
2.0602887,321506.0,156049.0
0.40801954,21033.0,51549.0
94.90348,289076.0,3046.0
1.1642295,1035.0,889.0
0.22231337,542.0,2438.0
3.6243145,7930.0,2188.0
2.3398695,76371.0,32639.0
0.4533153,335.0,739.0
7.177971,65298.0,9097.0
0.40656966,2822.0,6941.0
2.091241,573.0,274.0
3.8380992,53956.0,14058.0
1.6190476,102.0,63.0
0.44503546,753.0,1692.0
0.46969697,31.0,66.0
129.757,2393368.0,18445.0
0.65,208.0,320.0
0.39583334,38.0,96.0
1.545868,42145.0,27263.0
1.3853211,1963.0,1417.0
0.5,2.0,4.0
2.774075,89070.0,32108.0
0.6363636,14.0,22.0
2.0,4.0,2.0
3.8409266,54714.0,14245.0
1.068323,172.0,161.0
0.43137255,44.0,102.0
1.0,6.0,6.0
106.73514,567404.0,5316.0
0.15742794,71.0,451.0
1.8333334,22.0,12.0
1.5643721,25748.0,16459.0
0.5641026,22.0,39.0
7.1786704,20732.0,2888.0
0.62068963,72.0,116.0
2.1052632,80.0,38.0
2.2483504,208874.0,92901.0
1.0,1.0,1.0
0.5005988,418.0,835.0
108.65538,853814.0,7858.0
0.5,1.0,2.0
0.3432836,23.0,67.0
1.3821765,1613.0,1167.0
1.3280602,5121.0,3856.0
5.453704,1178.0,216.0
0.2780083,134.0,482.0
1.4297297,529.0,370.0
1.9330654,253999.0,131397.0
1.13,113.0,100.0
0.39387375,1273.0,3232.0
1.0,1.0,1.0
108.40546,59623.0,550.0
0.9182526,2123.0,2312.0
0.2102336,189.0,899.0
2.4908533,35674.0,14322.0
2.1922832,48011.0,21900.0
0.6206226,1914.0,3084.0
5.0891356,122867.0,24143.0
0.913564,11140.0,12194.0
2.708671,22054.0,8142.0
4.438311,147778.0,33296.0
1.5223881,204.0,134.0
0.61226165,3725.0,6084.0
0.46,46.0,100.0
105.54688,1302343.0,12339.0
0.6637931,77.0,116.0
1.0,5.0,5.0
2.4015152,317.0,132.0
1.1856929,4757.0,4012.0
0.5588235,19.0,34.0
5.0,5.0,1.0
0.54545456,12.0,22.0
3.080645,191.0,62.0
2.2450106,188417.0,83927.0
1.3333334,4.0,3.0
0.47868854,146.0,305.0
0.25,3.0,12.0
87.39816,456131.0,5219.0
0.65217394,15.0,23.0
0.5,1.0,2.0
2.7162163,1407.0,518.0
3.760436,28286.0,7522.0
0.3846154,5.0,13.0
5.725688,6241.0,1090.0
0.2580958,1331.0,5157.0
2.0,8.0,4.0
2.8686352,476793.0,166209.0
1.2222222,11.0,9.0
0.42232084,12181.0,28843.0
0.33333334,2.0,6.0
134.38902,1184908.0,8817.0
1.8,9.0,5.0
2.0,6.0,3.0
0.6666667,2.0,3.0
3.5714285,1400.0,392.0
1.6160257,2521.0,1560.0
0.21153846,22.0,104.0
4.0570054,5907.0,1456.0
1.905581,4985.0,2616.0
0.5027933,180.0,358.0
6.4825673,58382.0,9006.0
0.4398217,296.0,673.0
2.1818182,96.0,44.0
4.819928,74010.0,15355.0
1.208,151.0,125.0
0.48442906,140.0,289.0
0.26,13.0,50.0
119.73206,715878.0,5979.0
0.5059022,300.0,593.0
0.26666668,4.0,15.0
3.517588,36400.0,10348.0
0.5,14.0,28.0
4.0,8.0,2.0
0.39843473,3360.0,8433.0
2.9017856,325.0,112.0
3.0066452,250210.0,83219.0
1.125,9.0,8.0
0.42384616,551.0,1300.0
1.0,1.0,1.0
110.11212,737531.0,6698.0
2.8352273,2495.0,880.0
5.0406976,9537.0,1892.0
0.23790558,8960.0,37662.0
1.7822912,285589.0,160237.0
0.22372483,12540.0,56051.0
108.40543,91711.0,846.0
0.46901172,560.0,1194.0
0.32843137,67.0,204.0
1.9696802,28519.0,14479.0
1.806028,19115.0,10584.0
0.5649351,261.0,462.0
4.9555883,23544.0,4751.0
0.43611112,157.0,360.0
2.125,17.0,8.0
3.9921982,268136.0,67165.0
1.1024845,1065.0,966.0
0.59747154,3828.0,6407.0
0.59090906,26.0,44.0
102.48557,493673.0,4817.0
0.6666667,26.0,39.0
0.25974026,20.0,77.0
2.9403782,7151.0,2432.0
2.2126608,2237.0,1011.0
0.43283582,29.0,67.0
3.1846917,22468.0,7055.0
0.3943834,1938.0,4914.0
3.0689654,178.0,58.0
4.4107866,351822.0,79764.0
1.3280182,583.0,439.0
0.31370112,3281.0,10459.0
1.0,3.0,3.0
101.265076,483642.0,4776.0
0.664,83.0,125.0
0.28455284,35.0,123.0
2.4447236,973.0,398.0
1.9518485,15363.0,7871.0
0.3422222,1925.0,5625.0
4.9465704,121374.0,24537.0
0.6184211,2538.0,4104.0
3.9794016,46945.0,11797.0
2.0059524,337.0,168.0
0.4470678,1174.0,2626.0
0.76702887,2894.0,3773.0
122.29834,841168.0,6878.0
0.20074907,268.0,1335.0
2.3333333,14.0,6.0
2.1360202,2544.0,1191.0
1.8489791,115184.0,62296.0
0.5687416,1270.0,2233.0
3.7422223,842.0,225.0
0.51926607,283.0,545.0
2.7738,3409.0,1229.0
2.8503625,357692.0,125490.0
1.9127725,614.0,321.0
0.66918874,3184.0,4758.0
0.33333334,1.0,3.0
93.83426,2949680.0,31435.0
0.6571429,23.0,35.0
0.64,48.0,75.0
3.3582044,10847.0,3230.0
2.2263057,1151.0,517.0
3.5333524,61816.0,17495.0
0.17704038,6269.0,35410.0
0.35779816,39.0,109.0
4.4705353,89442.0,20007.0
0.48963317,614.0,1254.0
0.17245471,6540.0,37923.0
0.4814815,13.0,27.0
108.40569,60924.0,562.0
0.43458647,4335.0,9975.0
0.40666667,61.0,150.0
2.293366,13102.0,5713.0
2.2653189,97821.0,43182.0
0.29191175,1191.0,4080.0
4.741071,1593.0,336.0
0.63342696,451.0,712.0
3.1649618,14543.0,4595.0
3.535815,152825.0,43222.0
1.2,18.0,15.0
0.45645055,697.0,1527.0
0.39756098,163.0,410.0
90.33248,1267726.0,14034.0
0.6581197,77.0,117.0
1.1578947,22.0,19.0
2.423028,13300.0,5489.0
2.3924057,94634.0,39556.0
0.47368422,126.0,266.0
4.7187395,14227.0,3015.0
0.414966,61.0,147.0
2.1411564,1259.0,588.0
3.4150364,512013.0,149929.0
1.7317073,213.0,123.0
0.8335484,16791.0,20144.0
0.21621622,8.0,37.0
112.463356,7236792.0,64348.0
0.66307276,246.0,371.0
0.25,5.0,20.0
1.7740384,14022.0,7904.0
1.096111,6398.0,5837.0
0.42857143,12.0,28.0
5.1467285,55456.0,10775.0
0.20532386,2368.0,11533.0
2.796875,358.0,128.0
3.091959,94515.0,30568.0
0.36764705,250.0,680.0
0.20927075,1079.0,5156.0
0.49462366,46.0,93.0
86.79994,287655.0,3314.0
0.54700947,26193.0,47884.0
0.4893617,92.0,188.0
2.0294108,659520.0,324981.0
1.1718984,3920.0,3345.0
1.0,4.0,4.0
1.0559863,27651.0,26185.0
4.206995,57375.0,13638.0
0.4040271,4294.0,10628.0
0.37593985,50.0,133.0
2.7862422,175263.0,62903.0
0.1797235,156.0,868.0
1.3700026,84847.0,61932.0
0.4760302,5233.0,10993.0
0.5467233,901.0,1648.0
0.72475886,1127.0,1555.0
2.9895833,1435.0,480.0
1.3350219,15549.0,11647.0
1.9329522,3719.0,1924.0
0.4037855,128.0,317.0
0.62603194,9100.0,14536.0
0.12781955,17.0,133.0
3.3400743,22462.0,6725.0
0.51688635,1255.0,2428.0
19.177034,8016.0,418.0
0.3809524,24.0,63.0
2.8899941,79891.0,27644.0
0.6785714,76.0,112.0
0.29793063,979.0,3286.0
0.7394095,576.0,779.0
1.2849728,5199.0,4046.0
32.666668,196.0,6.0
0.3448276,10.0,29.0
0.6766667,203.0,300.0
2.12,53.0,25.0
84.0,672.0,8.0
0.8138528,1316.0,1617.0
3.5,7.0,2.0
6.9269814,43259.0,6245.0
0.36104006,3388.0,9384.0
0.4909091,54.0,110.0
2.1352954,502640.0,235396.0
1.5371156,5798.0,3772.0
0.6305221,157.0,249.0
0.9375,15.0,16.0
4.658004,265809.0,57065.0
0.3849994,3162.0,8213.0
2.9264705,199.0,68.0
3.2809248,523465.0,159548.0
0.18518518,5.0,27.0
1.7041095,2488.0,1460.0
0.6184211,94.0,152.0
0.36,18.0,50.0
0.7251484,1955.0,2696.0
0.7441285,1204.0,1618.0
1.474005,15480.0,10502.0
0.39583334,19.0,48.0
1.2970711,310.0,239.0
4.9880033,170051.0,34092.0
0.5538535,1157.0,2089.0
19.175438,16395.0,855.0
2.4230769,63.0,26.0
3.732001,828396.0,221971.0
0.43602046,2726.0,6252.0
0.7402799,952.0,1286.0
1.2857143,9.0,7.0
0.6666667,18.0,27.0
9.333333,224.0,24.0
2.0833333,25.0,12.0
9.333333,224.0,24.0
77.93,116895.0,1500.0
1.2409638,309.0,249.0
1.5,543.0,362.0
6.939014,124021.0,17873.0
0.37196824,5061.0,13606.0
0.6666667,4.0,6.0
2.7346294,406489.0,148645.0
4.1210213,79103.0,19195.0
1.248848,271.0,217.0
0.82608694,114.0,138.0
3.6669905,49057.0,13378.0
8.964286,251.0,28.0
0.5520301,7342.0,13300.0
3.1305878,522924.0,167037.0
0.20728292,222.0,1071.0
1.6666666,20.0,12.0
0.61857706,313.0,506.0
0.37192705,469.0,1261.0
2.4729576,24005.0,9707.0
1.3636364,405.0,297.0
1.9039923,11780.0,6187.0
0.3968254,25.0,63.0
0.9191919,2184.0,2376.0
7.7069974,167080.0,21679.0
0.5659771,4049.0,7154.0
19.0,19.0,1.0
3.5369911,181147.0,51215.0
0.19395526,815.0,4202.0
0.79299814,7271.0,9169.0
32.617645,33270.0,1020.0
0.3117002,2046.0,6564.0
95.04788,289801.0,3049.0
1.0763053,268.0,249.0
6.5,13.0,2.0
2.5262923,11338.0,4488.0
6.726582,2657.0,395.0
0.4069999,50492.0,124059.0
0.7369369,2863.0,3885.0
0.5540098,46513.0,83957.0
1.958821,313905.0,160252.0
4.1940513,29329.0,6993.0
0.921994,16831.0,18255.0
0.46033058,557.0,1210.0
0.87300557,32282.0,36978.0
3.1409957,266124.0,84726.0
0.21001042,4435.0,21118.0
17.908176,39201.0,2189.0
1.0907323,1683.0,1543.0
2.7622669,360230.0,130411.0
0.17955801,130.0,724.0
0.4174107,187.0,448.0
1.6666666,20.0,12.0
0.61904764,1365.0,2205.0
0.40865386,85.0,208.0
0.71428573,10.0,14.0
2.9885058,780.0,261.0
1.4989827,41994.0,28015.0
2.2260041,211762.0,95131.0
0.40342298,165.0,409.0
0.82501465,7025.0,8515.0
5.2950497,18718.0,3535.0
19.176376,23702.0,1236.0
1.4744525,404.0,274.0
2.7989953,185537.0,66287.0
0.67785233,606.0,894.0
0.7421875,95.0,128.0
1.3125,42.0,32.0
0.68,17.0,25.0
83.01902,161472.0,1945.0
0.71439123,7739.0,10833.0
2.3985367,6229.0,2597.0
6.7222223,242.0,36.0
0.69999325,20836.0,29766.0
0.7241379,294.0,406.0
0.48907104,358.0,732.0
1.6294137,127733.0,78392.0
1.0,1490.0,1490.0
0.6448598,69.0,107.0
1.1379993,24162.0,21232.0
3.5349987,332403.0,94032.0
0.699994,35027.0,50039.0
8.277778,2831.0,342.0
1.0,2.0,2.0
3.4901605,285893.0,81914.0
0.17928903,116.0,647.0
0.9950131,3791.0,3810.0
0.73698175,16941.0,22987.0
0.7058824,12.0,17.0
2.989839,3531.0,1181.0
1.174,41090.0,35000.0
1.617647,1980.0,1224.0
0.40522876,124.0,306.0
1.0939782,17531.0,16025.0
0.2587156,141.0,545.0
3.5809836,21844.0,6100.0
0.5588235,19.0,34.0
16.118977,69908.0,4337.0
0.539823,122.0,226.0
2.5,5.0,2.0
3.6559925,229026.0,62644.0
0.67806876,4143.0,6110.0
0.33333334,35.0,105.0
1.3031182,3594.0,2758.0
32.617607,23713.0,727.0
0.546595,610.0,1116.0
11.882768,18549.0,1561.0
2.4440894,765.0,313.0
11.882768,18549.0,1561.0
11.608048,44424.0,3827.0
74.411705,1720994.0,23128.0
1.4905525,12464.0,8362.0
2.5961537,135.0,52.0
2.8092105,3416.0,1216.0
0.4610026,21639.0,46939.0
0.70296574,1517.0,2158.0
0.21595937,2636.0,12206.0
1.8411745,304000.0,165112.0
2.0659916,11020.0,5334.0
0.8559665,6133.0,7165.0
0.7149278,2227.0,3115.0
2.4522216,4029.0,1643.0
0.627,21044.0,33563.0
3.116998,642566.0,206149.0
0.148167,291.0,1964.0
0.44444445,8.0,18.0
2.9900181,3295.0,1102.0
1.3615384,708.0,520.0
1.1760026,18181.0,15460.0
0.40402684,903.0,2235.0
0.67709565,2294.0,3388.0
5.294931,1149.0,217.0
0.55364805,129.0,233.0
19.222221,173.0,9.0
3.4200015,681148.0,199166.0
0.3993007,571.0,1430.0
0.6778656,343.0,506.0
78.9799,31434.0,398.0
1.0743494,289.0,269.0
3.2702703,242.0,74.0
6.5,13.0,2.0
1.0180575,5807.0,5704.0
0.5,1.0,2.0
0.47619048,10.0,21.0
3.1999903,65379.0,20431.0
3.1552854,3373.0,1069.0
0.5,1.0,2.0
1.883765,2982.0,1583.0
5.063998,296411.0,58533.0
0.6640113,12670.0,19081.0
1.0,1.0,1.0
3.6622946,427496.0,116729.0
2.104994,123079.0,58470.0
0.84801763,10010.0,11804.0
1.0,4.0,4.0
0.7250373,5838.0,8052.0
2.9896166,3743.0,1252.0
1.6540185,39493.0,23877.0
2.100955,3080.0,1466.0
0.3939394,13.0,33.0
0.84706587,5644.0,6663.0
3.8979864,72982.0,18723.0
0.55402297,241.0,435.0
21.568123,41950.0,1945.0
1.1330009,1363.0,1203.0
1.2032086,675.0,561.0
3.9730012,416744.0,104894.0
0.59807324,1552.0,2595.0
0.3290431,588.0,1787.0
0.7398844,1152.0,1557.0
1.3032297,2179.0,1672.0
32.615944,4501.0,138.0
0.67801857,219.0,323.0
9.5,19.0,2.0
1.0961539,114.0,104.0
9.5,19.0,2.0
76.72463,636661.0,8298.0
0.9560162,5673.0,5934.0
2.5613718,1419.0,554.0
8.749977,96381.0,11015.0
0.2659915,11136.0,41866.0
0.72507554,240.0,331.0
0.12604043,742.0,5887.0
1.6764611,57112.0,34067.0
3.1546135,2530.0,802.0
0.8360656,51.0,61.0
0.46,69.0,150.0
0.74701184,12062.0,16147.0
1.9310155,52429.0,27151.0
8.947369,680.0,76.0
0.19102448,2107.0,11030.0
0.4,6.0,15.0
16.608696,3820.0,230.0
1.4893899,1123.0,754.0
2.5443602,78837.0,30985.0
0.18101545,82.0,453.0
1.0,22.0,22.0
1.6956521,78.0,46.0
0.18704553,1672.0,8939.0
0.26086956,12.0,46.0
2.9901235,1211.0,405.0
1.0159796,6803.0,6696.0
1.2040595,9966.0,8277.0
0.40425533,76.0,188.0
0.60192174,2631.0,4371.0
5.295135,9796.0,1850.0
22.524921,57844.0,2568.0
1.4715447,181.0,123.0
2.6790175,57264.0,21375.0
0.6781224,1618.0,2386.0
0.5,1.0,2.0
1.0,1.0,1.0
1.3026482,1033.0,793.0
32.622223,1468.0,45.0
0.6769231,88.0,130.0
9.325926,1259.0,135.0
9.325926,1259.0,135.0
11.209601,9573.0,854.0
71.94145,108128.0,1503.0
1.030471,372.0,361.0
12.826087,295.0,23.0
3.4580965,13988.0,4045.0
0.26901856,4827.0,17943.0
0.7777778,7.0,9.0
0.4117647,266.0,646.0
2.62353,598094.0,227973.0
2.8140025,33360.0,11855.0
1.7851135,7003.0,3923.0
0.8134328,109.0,134.0
2.7779953,112056.0,40337.0
0.5160051,14508.0,28116.0
16.612904,515.0,31.0
3.0678174,519314.0,169278.0
0.18605861,1073.0,5767.0
1.75,14.0,8.0
0.61904764,403.0,651.0
0.26900584,276.0,1026.0
3.5440168,32045.0,9042.0
0.8050609,859.0,1067.0
1.7380157,44740.0,25742.0
0.40430108,188.0,465.0
0.7361018,3297.0,4479.0
5.5930004,148785.0,26602.0
0.55401665,1800.0,3249.0
19.17647,5216.0,272.0
3.4529974,341094.0,98782.0
0.33333334,26.0,78.0
0.74015224,2236.0,3021.0
1.3,26.0,20.0
32.62,4893.0,150.0
0.6764706,69.0,102.0
1.0784314,110.0,102.0
10.050847,593.0,59.0
1.5046154,978.0,650.0
5.7690253,56098.0,9724.0
0.77272725,136.0,176.0
1.4977169,656.0,438.0
1.0256411,120.0,117.0
8.706897,505.0,58.0
1.3496933,880.0,652.0
8.191489,2695.0,329.0
0.54901963,56.0,102.0
0.7353952,214.0,291.0
2.2601223,72064.0,31885.0
0.54451346,263.0,483.0
0.58,58.0,100.0
0.875,7.0,8.0
1.0327868,63.0,61.0
0.5833333,21.0,36.0
0.5,8.0,16.0
0.8272727,91.0,110.0
0.83653843,87.0,104.0
0.7883212,216.0,274.0
0.59375,19.0,32.0
2.0,346.0,173.0
49.263683,9902.0,201.0
0.75609756,155.0,205.0
1.4682274,439.0,299.0
1.1864407,70.0,59.0
8.511628,1098.0,129.0
1.3980099,843.0,603.0
8.480769,882.0,104.0
0.53846157,49.0,91.0
0.72140765,246.0,341.0
2.486736,117645.0,47309.0
0.56308854,299.0,531.0
0.57042253,81.0,142.0
0.6969697,23.0,33.0
1.0543479,97.0,92.0
0.69902915,72.0,103.0
0.53731346,36.0,67.0
0.742268,216.0,291.0
0.7227273,159.0,220.0
0.7632,477.0,625.0
0.60162604,74.0,123.0
2.1090908,116.0,55.0
53.27331,16568.0,311.0
0.76616913,308.0,402.0
1.4708333,353.0,240.0
1.0410959,76.0,73.0
8.512954,1643.0,193.0
1.269545,1088.0,857.0
8.050542,2230.0,277.0
0.5263158,50.0,95.0
0.67967147,331.0,487.0
2.7766514,230326.0,82951.0
0.613828,364.0,593.0
0.55971897,239.0,427.0
0.72727275,32.0,44.0
1.0168067,121.0,119.0
0.70454544,93.0,132.0
0.5846154,38.0,65.0
0.85747665,367.0,428.0
0.80128205,250.0,312.0
0.7970779,491.0,616.0
0.77840906,137.0,176.0
2.088889,94.0,45.0
49.572437,14029.0,283.0
0.7641509,324.0,424.0
1.4651163,126.0,86.0
1.1034483,96.0,87.0
8.449153,997.0,118.0
1.3073812,1293.0,989.0
7.914634,649.0,82.0
0.5277778,57.0,108.0
0.7713626,334.0,433.0
2.7578335,282438.0,102413.0
0.5740319,252.0,439.0
0.5802469,141.0,243.0
0.7916667,19.0,24.0
1.0363636,57.0,55.0
0.5869565,27.0,46.0
0.60784316,31.0,51.0
0.8081633,198.0,245.0
0.70212764,198.0,282.0
0.726477,332.0,457.0
0.5694444,41.0,72.0
1.8837209,81.0,43.0
52.473682,5982.0,114.0
0.6837782,666.0,974.0
1.7717767,214773.0,121219.0
0.17985612,50.0,278.0
0.87356323,304.0,348.0
1.0,3.0,3.0
0.8342246,156.0,187.0
0.9895833,190.0,192.0
2.142857,135.0,63.0
0.4722222,34.0,72.0
2.167895,9413.0,4342.0
0.19686492,427.0,2169.0
50.90184,8297.0,163.0
12.314918,2229.0,181.0
0.6727273,185.0,275.0
3.333876,20480.0,6143.0
1.9446343,2845.0,1463.0
0.8808664,488.0,554.0
18.413794,1068.0,58.0
2.3826087,274.0,115.0
26.468998,1690072.0,63851.0
1.7559904,90358.0,51457.0
3.7034802,511421.0,138092.0
1.4666667,66.0,45.0
0.68501526,224.0,327.0
0.8,4.0,5.0
0.69405764,10068.0,14506.0
1.9839948,184452.0,92970.0
0.18025751,84.0,466.0
0.877551,43.0,49.0
1.0,6.0,6.0
0.8292683,102.0,123.0
2.0250053,37900.0,18716.0
0.5979573,644.0,1077.0
2.0410018,131614.0,64485.0
0.2,30.0,150.0
59.092007,543351.0,9195.0
12.315789,3042.0,247.0
0.6745763,597.0,885.0
2.995651,20664.0,6898.0
0.8666667,13.0,15.0
0.8808594,1353.0,1536.0
18.423077,479.0,26.0
1.1657754,218.0,187.0
25.720995,653339.0,25401.0
1.4633527,27672.0,18910.0
3.0,9.0,3.0
3.5450003,786313.0,221809.0
1.4660767,497.0,339.0
0.75489575,2390.0,3166.0
1.5208334,73.0,48.0
0.78880405,310.0,393.0
0.8705762,13628.0,15654.0
1.0104814,24873.0,24615.0
0.8773585,93.0,106.0
0.8484849,28.0,33.0
1.2178272,6681.0,5486.0
1.7578125,225.0,128.0
0.45833334,11.0,24.0
2.3250022,328560.0,141316.0
0.32467532,25.0,77.0
0.203125,143.0,704.0
0.84375,27.0,32.0
58.34046,35471.0,608.0
12.313725,628.0,51.0
0.6340361,421.0,664.0
1.8385482,8814.0,4794.0
1.0615636,14950.0,14083.0
0.5763889,498.0,864.0
3.0,159.0,53.0
0.2740479,2792.0,10188.0
18.408653,3829.0,208.0
0.90192395,3844.0,4262.0
19.791042,216514.0,10940.0
0.9439928,1045.0,1107.0
2.4652853,519125.0,210574.0
1.0449469,3836.0,3671.0
0.9309768,4451.0,4781.0
1.6259245,4177.0,2569.0
1.0,17.0,17.0
0.8947368,17.0,19.0
3.0,3.0,1.0
0.8333333,10.0,12.0
0.8178484,669.0,818.0
0.94545454,416.0,440.0
0.5,1.0,2.0
2.6379976,298099.0,113002.0
0.16666667,1.0,6.0
51.37898,571437.0,11122.0
12.3125,197.0,16.0
0.53846157,42.0,78.0
2.2402747,1958.0,874.0
1.089955,1454.0,1334.0
3.0,27.0,9.0
0.65371025,185.0,283.0
18.415384,1197.0,65.0
1.19201,5699.0,4781.0
24.85753,109746.0,4415.0
1.0409858,3886.0,3733.0
5.0752687,944.0,186.0
3.3520012,380546.0,113528.0
1.4651163,378.0,258.0
0.45971563,97.0,211.0
0.35690033,1787.0,5007.0
1.1727272,645.0,550.0
0.687703,2964.0,4310.0
1.092742,542.0,496.0
0.45945945,17.0,37.0
2.0910037,236940.0,113314.0
0.16814159,19.0,113.0
0.46904954,2887.0,6155.0
2.2397988,4007.0,1789.0
1.0902604,3056.0,2803.0
0.65379876,1592.0,2435.0
1.1919982,5333.0,4474.0
15.078167,44752.0,2968.0
0.9388677,2703.0,2879.0
2.7929943,232109.0,83104.0
0.7226027,211.0,292.0
0.7720535,3177.0,4115.0
0.8804348,81.0,92.0
1.0,15.0,15.0
1.1548468,2752.0,2383.0
0.46153846,12.0,26.0
1.935003,47127.0,24355.0
0.1764706,3.0,17.0
63.0,4614813.0,73251.0
12.319149,579.0,47.0
0.8778999,2876.0,3276.0
2.6060605,86.0,33.0
0.7027027,52.0,74.0
18.5,74.0,4.0
1.1609195,101.0,87.0
16.88592,44849.0,2656.0
1.0820439,3007.0,2779.0
3.1710007,291805.0,92023.0
1.4657534,321.0,219.0
0.5,1.0,2.0
0.9127734,3673.0,4024.0
1.9973358,70470.0,35282.0
0.8888889,24.0,27.0
0.98994976,197.0,199.0
0.84,42.0,50.0
1.172788,1405.0,1198.0
2.0320253,16624.0,8181.0
0.46666667,56.0,120.0
2.684005,99641.0,37124.0
0.19694072,206.0,1046.0
53.449905,28275.0,529.0
12.319149,579.0,47.0
1.2040558,1900.0,1578.0
2.9268723,6644.0,2270.0
1.4701506,8496.0,5779.0
0.45,9.0,20.0
1.1333333,68.0,60.0
18.391304,423.0,23.0
1.4640523,224.0,153.0
27.833046,129034.0,4636.0
1.5779198,23197.0,14701.0
5.0,5.0,1.0
3.7509987,377448.0,100626.0
1.4693878,72.0,49.0
1.0277094,1669.0,1624.0
2.1764705,37.0,17.0
1.0326409,696.0,674.0
0.7941922,6892.0,8678.0
0.9652778,139.0,144.0
0.8888889,16.0,18.0
2.5,5.0,2.0
0.9756098,40.0,41.0
0.82758623,24.0,29.0
1.0,3.0,3.0
1.5000738,10172.0,6781.0
0.5,1.0,2.0
2.050998,417536.0,203577.0
0.3255814,14.0,43.0
0.19791667,19.0,96.0
0.71428573,10.0,14.0
44.51198,854808.0,19204.0
0.6729858,142.0,211.0
2.6131084,9449.0,3616.0
1.1961496,4287.0,3584.0
3.0,6.0,2.0
1.0976562,281.0,256.0
18.406977,1583.0,86.0
1.2690175,8925.0,7033.0
29.766003,167404.0,5624.0
1.1961993,2329.0,1947.0
5.075,812.0,160.0
2.7970014,650714.0,232647.0
1.4666667,352.0,240.0
0.90140843,64.0,71.0
2.0,2.0,1.0
2.125,17.0,8.0
0.62285715,109.0,175.0
0.65543073,700.0,1068.0
1.7860262,818.0,458.0
0.21428572,3.0,14.0
0.8888889,24.0,27.0
3.0,3.0,1.0
0.44444445,4.0,9.0
2.3510382,10756.0,4575.0
66.22,4829160.0,72926.0
0.67489713,328.0,486.0
3.3968253,214.0,63.0
0.70238096,59.0,84.0
18.416666,442.0,24.0
1.1666666,28.0,24.0
21.351484,4313.0,202.0
1.1950904,1850.0,1548.0
4.119005,230100.0,55863.0
1.0714285,45.0,42.0
0.6229508,76.0,122.0
0.43442824,1759.0,4049.0
0.8739496,208.0,238.0
2.8541667,137.0,48.0
0.98770225,1526.0,1545.0
0.8181818,27.0,33.0
1.1066667,83.0,75.0
1.1430023,90032.0,78768.0
2.0710008,329519.0,159111.0
0.5,1.0,2.0
0.19796215,136.0,687.0
0.8373702,242.0,289.0
1.2272727,81.0,66.0
52.023987,1082203.0,20802.0
12.315068,899.0,73.0
0.6751773,952.0,1410.0
2.5514157,1712.0,671.0
0.919708,378.0,411.0
3.0064104,469.0,156.0
0.89198995,41069.0,46042.0
18.404255,1730.0,94.0
1.1645299,1635.0,1404.0
24.394913,58499.0,2398.0
0.77002513,5816.0,7553.0
3.144,393.0,125.0
2.904941,463983.0,159722.0
1.465794,3471.0,2368.0
0.6666667,2.0,3.0
2.142857,45.0,21.0
0.62274617,449.0,721.0
1.4589748,8624.0,5911.0
0.9662749,1891.0,1957.0
0.872549,89.0,102.0
0.9883721,255.0,258.0
0.82608694,19.0,23.0
1.1882427,1900.0,1599.0
1.4990041,41392.0,27613.0
1.9060036,206931.0,108568.0
0.6875,11.0,16.0
38.387978,224800.0,5856.0
12.285714,172.0,14.0
1.0,1.0,1.0
2.6131828,9951.0,3808.0
1.1960901,4038.0,3376.0
3.0040445,2971.0,989.0
1.097992,20505.0,18675.0
18.407158,8228.0,447.0
1.2689939,3708.0,2922.0
29.76596,268102.0,9007.0
1.1960784,976.0,816.0
2.9344373,407250.0,138783.0
1.4658314,1287.0,878.0
0.89224136,207.0,232.0
2.125,68.0,32.0
0.6111111,22.0,36.0
0.40161398,2986.0,7435.0
1.6923077,22.0,13.0
0.9166667,11.0,12.0
1.0,24.0,24.0
0.84,21.0,25.0
1.0441602,8654.0,8288.0
0.5,1.0,2.0
2.1790025,230192.0,105641.0
0.1764706,3.0,17.0
49.264004,2575128.0,52272.0
0.675232,946.0,1401.0
2.5545454,281.0,110.0
0.91943127,388.0,422.0
0.46153846,6.0,13.0
0.78900224,15855.0,20095.0
18.405405,681.0,37.0
1.1652542,1375.0,1180.0
24.394753,39056.0,1601.0
0.8239995,14537.0,17642.0
2.8389783,235286.0,82877.0
1.4664031,371.0,253.0
0.625,20.0,32.0
0.80659175,17082.0,21178.0
0.8256394,2647.0,3206.0
0.85714287,12.0,14.0
1.0880361,482.0,443.0
0.8181818,18.0,22.0
0.97569776,27863.0,28557.0
1.4634147,60.0,41.0
0.34093237,1331.0,3904.0
1.15199,54761.0,47536.0
0.32624114,138.0,423.0
0.17897165,2715.0,15170.0
0.7169811,38.0,53.0
1.2325581,106.0,86.0
49.272373,12663.0,257.0
12.333333,333.0,27.0
0.33705002,2116.0,6278.0
2.3096027,2790.0,1208.0
0.6312851,50422.0,79872.0
0.4580559,1032.0,2253.0
0.3949909,14525.0,36773.0
18.40873,4639.0,252.0
0.60509557,1045.0,1727.0
24.394958,5806.0,238.0
0.5653728,1107.0,1958.0
1.8146554,264359.0,145680.0
0.88990825,97.0,109.0
0.6666667,2.0,3.0
0.8959608,2196.0,2451.0
1.0226562,1309.0,1280.0
0.87341774,345.0,395.0
0.49003986,246.0,502.0
0.8181818,18.0,22.0
1.2993671,2053.0,1580.0
0.89690256,3967.0,4423.0
2.3799982,420936.0,176864.0
0.19607843,50.0,255.0
0.8433735,70.0,83.0
55.368034,490893.0,8866.0
12.316667,2956.0,240.0
0.6219768,5632.0,9055.0
2.238806,150.0,67.0
1.0904139,1001.0,918.0
0.46666667,7.0,15.0
3.0,51.0,17.0
0.82896227,10968.0,13231.0
18.402779,1325.0,72.0
1.192,3278.0,2750.0
20.342995,275139.0,13525.0
1.041015,16041.0,15409.0
5.111111,46.0,9.0
3.251892,544396.0,167409.0
1.4666667,704.0,480.0
0.44444445,8.0,18.0
2.142857,15.0,7.0
0.46504992,652.0,1402.0
0.76,57.0,75.0
1.3268286,9723.0,7328.0
0.87261146,137.0,157.0
0.95695364,289.0,302.0
0.84615386,11.0,13.0
1.0050505,199.0,198.0
1.6315789,403.0,247.0
1.6580008,270279.0,163015.0
0.08711048,369.0,4236.0
56.899994,4268979.0,75026.0
12.315789,3510.0,285.0
0.5089502,2104.0,4134.0
2.6181817,144.0,55.0
0.8333333,10.0,12.0
1.022978,5565.0,5440.0
18.407894,1399.0,76.0
2.1646018,2446.0,1130.0
26.74005,77252.0,2889.0
0.8980068,12705.0,14148.0
3.1290324,97.0,31.0
2.9140022,596470.0,204691.0
1.4690266,166.0,113.0
1.657971,1716.0,1035.0
2.125,153.0,72.0
0.6666667,4.0,6.0
0.6319312,1983.0,3138.0
0.9881657,167.0,169.0
0.85714287,18.0,21.0
1.1540343,4248.0,3681.0
2.1059973,215473.0,102314.0
0.19526628,33.0,169.0
52.508,1758808.0,33496.0
12.285714,172.0,14.0
0.6748705,521.0,772.0
2.6037736,138.0,53.0
0.89035535,877.0,985.0
0.48,12.0,25.0
3.0,24.0,8.0
0.7008547,1476.0,2106.0
18.40625,1178.0,64.0
1.165084,6380.0,5476.0
24.395102,59768.0,2450.0
1.1960018,2752.0,2301.0
5.076923,1518.0,299.0
2.7659993,319744.0,115598.0
1.4638554,243.0,166.0
0.902439,37.0,41.0
2.0,6.0,3.0
0.6179775,55.0,89.0
0.7,7.0,10.0
0.8333333,5.0,6.0
0.98734176,936.0,948.0
0.82857144,29.0,35.0
1.25,5.0,4.0
0.5,2.0,4.0
2.3469973,131000.0,55816.0
0.19653179,34.0,173.0
55.552002,12494034.0,224907.0
12.333333,37.0,3.0
0.9192635,1947.0,2118.0
2.6,13.0,5.0
0.88095236,74.0,84.0
0.7009426,818.0,1167.0
18.0,18.0,1.0
1.1648352,106.0,91.0
24.337915,21247.0,873.0
1.1252217,3172.0,2819.0
3.0,3.0,1.0
3.047999,341193.0,111940.0
1.5,12.0,8.0
0.9,9.0,10.0
2.3444445,211.0,90.0
0.62352943,53.0,85.0
0.75303197,683.0,907.0
1.7988402,263656.0,146570.0
0.8767123,64.0,73.0
0.9591837,141.0,147.0
0.8333333,20.0,24.0
1.008016,503.0,499.0
1.9189606,23632.0,12315.0
0.46907216,91.0,194.0
1.8759948,158167.0,84311.0
0.5,1.0,2.0
0.23090129,807.0,3495.0
55.11199,1582596.0,28716.0
12.314691,16514.0,1341.0
1.1040182,22777.0,20631.0
2.6234772,2369.0,903.0
0.8888889,56.0,63.0
1.079982,7197.0,6664.0
18.414635,755.0,41.0
2.1650944,2754.0,1272.0
22.519974,343317.0,15245.0
1.3116055,34730.0,26479.0
5.075359,4243.0,836.0
3.1392405,248.0,79.0
3.3960004,1040796.0,306477.0
1.4659417,2561.0,1747.0
0.8863636,39.0,44.0
2.0,2.0,1.0
2.0,4.0,2.0
0.61538464,16.0,26.0
0.6530442,7830.0,11990.0
1.9980003,16985.0,8501.0
0.17840375,38.0,213.0
0.875,147.0,168.0
0.8333333,75.0,90.0
0.80981594,132.0,163.0
2.0860088,104023.0,49867.0
0.47103274,187.0,397.0
2.2570062,168885.0,74827.0
0.16666667,2.0,12.0
57.560005,3026390.0,52578.0
12.32,924.0,75.0
0.67469877,1288.0,1909.0
3.3890393,25045.0,7390.0
0.8703704,47.0,54.0
0.7012195,920.0,1312.0
18.408304,5320.0,289.0
1.1651652,776.0,666.0
19.410004,140082.0,7217.0
1.1948968,9319.0,7799.0
3.2,32.0,10.0
3.947002,759490.0,192422.0
1.4662682,1717.0,1171.0
0.7940594,1203.0,1515.0
2.0,2.0,1.0
2.1578948,41.0,19.0
0.6234568,202.0,324.0
0.7729748,2271.0,2938.0
1.3061105,6669.0,5106.0
1.0,2.0,2.0
0.84210527,16.0,19.0
1.2116883,933.0,770.0
1.467742,91.0,62.0
0.45,9.0,20.0
2.7560031,270984.0,98325.0
0.25,1.0,4.0
43.90786,32404.0,738.0
12.25,49.0,4.0
0.6785714,57.0,84.0
1.8497561,1896.0,1025.0
0.96504855,497.0,515.0
0.5773672,500.0,866.0
3.0,33.0,11.0
0.64400166,6109.0,9486.0
18.405714,3221.0,175.0
1.6518568,2491.0,1508.0
17.662699,13353.0,756.0
1.1952506,453.0,379.0
2.542544,242996.0,95572.0
1.0,19.0,19.0
0.7241379,21.0,29.0
0.68221664,10895.0,15970.0
0.6771678,8856.0,13078.0
0.875,28.0,32.0
0.5,21.0,42.0
0.85,17.0,20.0
0.8325847,12975.0,15584.0
1.4666667,22.0,15.0
0.38582677,588.0,1524.0
0.784972,5892.0,7506.0
0.33009708,34.0,103.0
0.124660194,321.0,2575.0
0.78175896,240.0,307.0
1.2,12.0,10.0
49.268776,12465.0,253.0
12.32,308.0,25.0
0.4030322,638.0,1583.0
2.3094988,11014.0,4769.0
0.6077371,27209.0,44771.0
0.45837617,446.0,973.0
0.30101177,5504.0,18285.0
18.4,1840.0,100.0
0.14797136,62.0,419.0
24.39452,8904.0,365.0
0.48674822,955.0,1962.0
1.7835437,86336.0,48407.0
0.73208404,3555.0,4856.0
1.7132868,490.0,286.0
0.8,4.0,5.0
3.0,3.0,1.0
1.2259778,2539.0,2071.0
1.0,3.0,3.0
1.0967742,34.0,31.0
1.2849473,6940.0,5401.0
1.9970002,256303.0,128344.0
0.2,16.0,80.0
46.487988,472132.0,10156.0
12.314285,431.0,35.0
0.75,3.0,4.0
2.6452174,1521.0,575.0
0.92045456,162.0,176.0
3.004111,2923.0,973.0
0.7744875,340.0,439.0
18.413794,534.0,29.0
1.1648962,2303.0,1977.0
17.905058,37529.0,2096.0
0.77421206,1351.0,1745.0
3.0,3.0,1.0
2.964999,440839.0,148681.0
1.4651163,315.0,215.0
0.8915663,74.0,83.0
2.0,42.0,21.0
0.6666667,2.0,3.0
1.3487344,5488.0,4069.0
1.9226117,77885.0,40510.0
0.16666667,1.0,6.0
0.8765432,71.0,81.0
0.98373985,121.0,123.0
0.83908045,73.0,87.0
1.8940215,36369.0,19202.0
0.5980551,369.0,617.0
2.1020024,45872.0,21823.0
0.5,1.0,2.0
0.19587629,76.0,388.0
55.12871,5568.0,101.0
12.315556,5542.0,450.0
0.6752368,499.0,739.0
3.0760176,24562.0,7985.0
0.88307154,506.0,573.0
0.88080806,1308.0,1485.0
18.41,1841.0,100.0
28.424025,206330.0,7259.0
1.5240486,15178.0,9959.0
5.076018,43136.0,8498.0
3.2390013,442318.0,136560.0
1.4659182,1828.0,1247.0
0.7850249,5043.0,6424.0
1.5263158,145.0,95.0
0.7870564,377.0,479.0
1.1748726,4152.0,3534.0
2.0540152,74000.0,36027.0
0.8769231,171.0,195.0
0.97619045,41.0,42.0
0.7777778,7.0,9.0
1.1666666,70.0,60.0
1.9150923,9022.0,4711.0
0.47191012,42.0,89.0
2.4749925,108224.0,43727.0
0.19720496,254.0,1288.0
53.451103,16944.0,317.0
12.313725,628.0,51.0
0.71939474,1046.0,1454.0
2.9270368,6539.0,2234.0
1.5247864,3568.0,2340.0
1.0,4.0,4.0
18.411764,626.0,34.0
1.4632353,199.0,136.0
23.975975,344295.0,14360.0
1.6676773,19802.0,11874.0
3.5219998,334111.0,94864.0
1.469697,194.0,132.0
0.86097765,3047.0,3539.0
2.2142856,31.0,14.0
1.0306407,370.0,359.0
1.625641,3804.0,2340.0
0.9,9.0,10.0
0.8333333,30.0,36.0
0.8179285,1761.0,2153.0
0.94545454,1300.0,1375.0
2.205996,214200.0,97099.0
0.22222222,4.0,18.0
0.82857144,58.0,70.0
53.40401,1043995.0,19549.0
12.315625,3941.0,320.0
0.5419066,847.0,1563.0
2.2404182,643.0,287.0
1.0897436,1530.0,1404.0
0.5,6.0,12.0
3.010204,295.0,98.0
0.8039315,1595.0,1984.0
18.402298,1601.0,87.0
1.1920975,2836.0,2379.0
24.85737,109621.0,4410.0
1.0410628,3879.0,3726.0
2.8190012,307133.0,108951.0
1.465847,2146.0,1464.0
0.45841035,248.0,541.0
0.57318324,1120.0,1954.0
0.9371283,1103.0,1177.0
1.5097516,5651.0,3743.0
0.88461536,23.0,26.0
0.988785,529.0,535.0
0.8125,13.0,16.0
1.1725907,3200.0,2729.0
1.8500074,62336.0,33695.0
0.47142857,33.0,70.0
1.6089687,24075.0,14963.0
0.19677791,342.0,1738.0
57.2,441298.0,7715.0
12.315134,12857.0,1044.0
0.7193133,838.0,1165.0
2.9274075,3952.0,1350.0
1.5245347,901.0,591.0
1.1274817,1079.0,957.0
18.408602,5136.0,279.0
1.4629948,850.0,581.0
26.373014,808834.0,30669.0
1.5019372,11242.0,7485.0
5.077006,33031.0,6506.0
3.584686,263012.0,73371.0
1.4642857,410.0,280.0
1.0273438,789.0,768.0
2.5997257,3793.0,1459.0
1.0318471,1458.0,1413.0
0.9536344,20506.0,21503.0
1.0114669,9350.0,9244.0
0.87475634,1795.0,2052.0
0.987988,329.0,333.0
0.75,3.0,4.0
1.4578586,15481.0,10619.0
1.7604166,507.0,288.0
0.47031963,412.0,876.0
2.1109922,134105.0,63527.0
0.33333334,5.0,15.0
0.20398536,2119.0,10388.0
1.0,2.0,2.0
58.341076,346546.0,5940.0
12.3151865,8596.0,698.0
0.6319536,4794.0,7586.0
1.1981577,5333.0,4451.0
1.1591357,52357.0,45169.0
0.578199,122.0,211.0
3.0,3.0,1.0
0.61764705,609.0,986.0
18.408108,20433.0,1110.0
0.9035533,1424.0,1576.0
21.594044,176920.0,8193.0
0.9414982,14114.0,14991.0
3.1290324,97.0,31.0
3.2730522,535491.0,163606.0
0.9275098,3557.0,3835.0
0.9088937,419.0,461.0
0.6834862,894.0,1308.0
2.044703,137402.0,67199.0
0.17391305,4.0,23.0
0.8749035,1133.0,1295.0
0.9895833,95.0,96.0
0.8333333,175.0,210.0
1.0,35.0,35.0
2.4600773,15929.0,6475.0
0.46907216,91.0,194.0
2.7599778,54976.0,19919.0
0.19771428,346.0,1750.0
50.89796,4988.0,98.0
12.313725,1884.0,153.0
0.6735751,260.0,386.0
3.3339045,25291.0,7586.0
1.9529915,914.0,468.0
0.877551,86.0,98.0
18.408163,1804.0,98.0
2.386712,1401.0,587.0
28.802992,1349593.0,46856.0
1.450991,13323.0,9182.0
3.6449986,371203.0,101839.0
1.4649446,794.0,542.0
0.6843712,1121.0,1638.0
2.1294117,181.0,85.0
0.7876712,805.0,1022.0
0.7414141,1101.0,1485.0
1.019198,2389.0,2344.0
1.0,1.0,1.0
0.8181818,9.0,11.0
1.9560976,1604.0,820.0
2.076005,48701.0,23459.0
0.5,1.0,2.0
62.465977,126681.0,2028.0
12.363636,136.0,11.0
0.7,14.0,20.0
3.3890657,6385.0,1884.0
1.0,1.0,1.0
0.7007874,89.0,127.0
18.428572,258.0,14.0
1.1578947,22.0,19.0
21.350746,5722.0,268.0
1.1946108,798.0,668.0
3.7310014,210227.0,56346.0
1.0598006,319.0,301.0
0.6219512,51.0,82.0
0.6562956,1350.0,2057.0
1.7837838,660.0,370.0
0.85,17.0,20.0
0.8,12.0,15.0
2.55581,4465.0,1747.0
0.46666667,49.0,105.0
2.549,76730.0,30102.0
53.828,3043758.0,56546.0
12.305555,443.0,36.0
0.67507005,482.0,714.0
3.3882353,1728.0,510.0
1.0,2.0,2.0
0.69957083,163.0,233.0
18.333334,110.0,6.0
27.78209,113851.0,4098.0
1.1948752,3544.0,2966.0
4.160995,317667.0,76344.0
1.4615384,114.0,78.0
1.0593607,232.0,219.0
2.0,2.0,1.0
0.6258503,92.0,147.0
0.77274954,4730.0,6121.0
1.4057262,21554.0,15333.0
0.8739353,513.0,587.0
3.0,3.0,1.0
0.9818182,54.0,55.0
0.84210527,16.0,19.0
1.2120063,3836.0,3165.0
1.471111,993.0,675.0
0.47826087,22.0,46.0
2.105002,314321.0,149321.0
0.4,2.0,5.0
0.18867925,10.0,53.0
29.636,214861.0,7250.0
0.67536235,466.0,690.0
1.8398783,13306.0,7232.0
0.9660574,4070.0,4213.0
3.0083334,361.0,120.0
0.90303814,9779.0,10829.0
18.408806,8781.0,477.0
1.6520525,5916.0,3581.0
20.552973,173241.0,8429.0
1.1962175,506.0,423.0
3.0,3.0,1.0
2.6993651,462161.0,171211.0
1.4736842,84.0,57.0
1.0059524,338.0,336.0
2.12,53.0,25.0
0.7377301,481.0,652.0
0.4016556,2426.0,6040.0
0.87234044,41.0,47.0
3.0,3.0,1.0
1.0,11.0,11.0
0.8148148,22.0,27.0
1.1041666,212.0,192.0
0.96999604,48946.0,50460.0
2.247998,263888.0,117388.0
0.19753087,32.0,162.0
55.384,3878929.0,70037.0
0.67487687,274.0,406.0
2.5512822,1194.0,468.0
0.91917807,671.0,730.0
0.45454547,10.0,22.0
3.0038216,4716.0,1570.0
0.80101347,11223.0,14011.0
18.410404,3185.0,173.0
1.164952,3397.0,2916.0
24.394909,74746.0,3064.0
0.90852755,6744.0,7423.0
5.0762367,6259.0,1233.0
2.9309986,468992.0,160011.0
1.4660907,3394.0,2315.0
0.8958333,43.0,48.0
0.62426037,211.0,338.0
0.63350785,3146.0,4966.0
1.7058823,58.0,34.0
0.8888889,8.0,9.0
3.0,3.0,1.0
1.2260711,4035.0,3291.0
0.8125,13.0,16.0
1.0,3.0,3.0
0.40814918,1182.0,2896.0
2.0269976,312111.0,153977.0
0.19727892,58.0,294.0
52.487892,162555.0,3097.0
12.333333,148.0,12.0
0.6756757,25.0,37.0
2.6458733,5514.0,2084.0
0.9233227,578.0,626.0
0.46875,15.0,32.0
3.0,45.0,15.0
0.77398723,1089.0,1407.0
18.40964,1528.0,83.0
1.1649628,2507.0,2152.0
17.904974,88182.0,4925.0
0.77389544,2680.0,3463.0
3.0,3.0,1.0
2.9267457,557387.0,190446.0
1.4638783,385.0,263.0
0.8947368,85.0,95.0
2.0263157,308.0,152.0
0.6666667,6.0,9.0
0.90413296,18004.0,19913.0
0.5792683,285.0,492.0
0.87341774,69.0,79.0
0.49790794,119.0,239.0
0.8888889,8.0,9.0
0.730793,16551.0,22648.0
1.0,1.0,1.0
0.32991752,1320.0,4001.0
1.1132076,177.0,159.0
0.32537314,109.0,335.0
0.08598569,2969.0,34529.0
0.71428573,5.0,7.0
1.2142857,17.0,14.0
49.26879,98981.0,2009.0
12.25,49.0,4.0
0.386983,10423.0,26934.0
2.3098404,5211.0,2256.0
0.8171213,57089.0,69866.0
0.45794392,1470.0,3210.0
0.4970073,24745.0,49788.0
18.408537,3019.0,164.0
0.9269609,11511.0,12418.0
24.402298,2123.0,87.0
0.67498946,6407.0,9492.0
5.0,35.0,7.0
2.6721225,254843.0,95371.0
0.9032258,28.0,31.0
0.8144552,1510.0,1854.0
1.2621804,5233.0,4146.0
0.87598425,445.0,508.0
3.0,3.0,1.0
0.85893875,6491.0,7557.0
0.8148148,22.0,27.0
1.0830902,7052.0,6511.0
1.1214343,46036.0,41051.0
0.47058824,56.0,119.0
2.0369997,265252.0,130217.0
0.2060131,5283.0,25644.0
53.248005,1629389.0,30600.0
12.315278,8867.0,720.0
0.45799685,11002.0,24022.0
1.9564258,3547.0,1813.0
0.5934959,438.0,738.0
0.42857143,3.0,7.0
0.8909745,6930.0,7778.0
18.407583,3884.0,211.0
1.1916667,1430.0,1200.0
17.160986,215971.0,12585.0
0.9119803,12195.0,13372.0
5.0701756,289.0,57.0
3.3355083,1139960.0,341765.0
1.4661016,519.0,354.0
0.4597701,80.0,174.0
2.0384614,53.0,26.0
2.109929,595.0,282.0
0.75492126,3068.0,4064.0
0.71007276,3708.0,5222.0
1.7730033,80583.0,45450.0
0.18043303,225.0,1247.0
0.8736142,394.0,451.0
1.0,16.0,16.0
0.8181818,27.0,33.0
1.0,2.0,2.0
2.0898716,5860.0,2804.0
0.6,39.0,65.0
1.75102,30044.0,17158.0
0.19626169,42.0,214.0
55.126614,21334.0,387.0
12.318182,542.0,44.0
0.6764706,92.0,136.0
3.0760946,8853.0,2878.0
0.85714287,12.0,14.0
0.88102895,274.0,311.0
18.333334,110.0,6.0
1.1666666,14.0,12.0
29.862997,1304565.0,43685.0
1.3980237,12167.0,8703.0
3.0309985,243177.0,80230.0
1.4630872,218.0,149.0
0.87403446,1471.0,1683.0
1.5,18.0,12.0
0.8,20.0,25.0
1.0888828,7963.0,7313.0
0.8543646,13399.0,15683.0
0.875,154.0,176.0
1.0,1.0,1.0
0.82894737,63.0,76.0
1.1055394,9899.0,8954.0
1.9107143,107.0,56.0
0.5671795,553.0,975.0
1.3510325,458.0,339.0
0.33333334,3.0,9.0
0.16600958,8253.0,49714.0
1.2380953,26.0,21.0
37.68061,66657.0,1769.0
12.25,49.0,4.0
0.523,3661.0,7000.0
2.785461,20423.0,7332.0
1.1322283,48225.0,42593.0
0.57670456,203.0,352.0
3.0,42.0,14.0
0.8079938,36792.0,45535.0
18.407408,2485.0,135.0
1.2489932,67919.0,54379.0
24.394579,8099.0,332.0
0.6809636,6954.0,10212.0
3.1958468,432152.0,135223.0
0.8930481,334.0,374.0
0.7728437,8145.0,10539.0
1.366281,8266.0,6050.0
1.0,1.0,1.0
0.8181818,9.0,11.0
1.2121819,4239.0,3497.0
1.4699998,63479.0,43183.0
0.5,4.0,8.0
2.0890017,292220.0,139885.0
0.3255814,56.0,172.0
0.19651741,79.0,402.0
55.88403,482838.0,8640.0
12.313044,1416.0,115.0
0.6749053,3386.0,5017.0
1.850234,1186.0,641.0
0.966086,5213.0,5396.0
0.5,2.0,4.0
0.7733333,116.0,150.0
18.408653,3829.0,208.0
1.6520938,9863.0,5970.0
15.348017,161323.0,10511.0
1.1962025,3213.0,2686.0
5.111111,46.0,9.0
2.853,594006.0,208204.0
1.4651898,463.0,316.0
1.0059808,841.0,836.0
2.1666667,26.0,12.0
0.7383821,858.0,1162.0
0.79379565,3045.0,3836.0
0.85714287,30.0,35.0
1.0,1.0,1.0
2.8426967,253.0,89.0
1.1579716,20598.0,17788.0
0.8333333,5.0,6.0
1.2804233,4114.0,3213.0
0.78903574,1612.0,2043.0
0.42609382,2162.0,5074.0
2.2922108,4738.0,2067.0
0.5,1.0,2.0
0.31500608,24126.0,76589.0
0.8,4.0,5.0
1.2286689,360.0,293.0
37.6875,3015.0,80.0
12.0,12.0,1.0
0.5219939,17551.0,33623.0
2.3402245,9169.0,3918.0
0.9782319,55859.0,57102.0
0.57713246,2226.0,3857.0
0.6800014,39419.0,57969.0
18.4,276.0,15.0
1.0919981,40476.0,37066.0
24.396154,12686.0,520.0
0.5320388,6576.0,12360.0
3.0,9.0,3.0
2.6986508,384439.0,142456.0
0.8909091,49.0,55.0
2.1363637,47.0,22.0
0.6363636,7.0,11.0
0.9375,1665.0,1776.0
2.0063808,5660.0,2821.0
0.875,63.0,72.0
0.98760563,1753.0,1775.0
1.0,3.0,3.0
1.1721925,1096.0,935.0
2.0570111,77574.0,37712.0
0.47435898,37.0,78.0
2.7900312,42933.0,15388.0
0.33333334,2.0,6.0
0.1969957,459.0,2330.0
53.45178,10530.0,197.0
12.313433,2475.0,201.0
0.7173252,236.0,329.0
2.9271796,2854.0,975.0
1.524229,1384.0,908.0
1.130137,165.0,146.0
18.407259,9130.0,496.0
1.4617707,1453.0,994.0
23.493998,1052766.0,44810.0
1.3470196,10892.0,8086.0
5.1,102.0,20.0
3.5707662,262612.0,73545.0
1.4660599,3866.0,2637.0
0.8029557,978.0,1218.0
1.3675596,919.0,672.0
1.0318428,1523.0,1476.0
2.1390374,17200.0,8041.0
1.9450469,34439.0,17706.0
0.87096775,81.0,93.0
1.0,4.0,4.0
0.84615386,11.0,13.0
1.2338364,16431.0,13317.0
1.234039,14516.0,11763.0
0.46976745,101.0,215.0
2.3009965,99976.0,43449.0
0.33333334,8.0,24.0
0.1971831,280.0,1420.0
1.2285714,129.0,105.0
53.450092,144048.0,2695.0
12.315112,3830.0,311.0
0.6639511,4564.0,6874.0
2.9270804,10517.0,3593.0
1.5839702,32747.0,20674.0
0.47058824,8.0,17.0
3.0,15.0,5.0
1.1263384,526.0,467.0
18.409327,7106.0,386.0
1.3571167,3709.0,2733.0
20.409994,67802.0,3322.0
1.403576,31871.0,22707.0
3.9084623,435774.0,111495.0
1.4654088,233.0,159.0
1.0280374,770.0,749.0
1.0326296,538.0,521.0
1.720193,9984.0,5804.0
2.00665,2414.0,1203.0
0.8747031,1473.0,1684.0
0.9877301,161.0,163.0
0.8367347,41.0,49.0
1.3673519,16761.0,12258.0
1.2419788,25006.0,20134.0
0.4702381,158.0,336.0
2.2529902,70638.0,31353.0
0.36363637,4.0,11.0
0.19681074,469.0,2383.0
1.3333334,4.0,3.0
43.720055,129936.0,2972.0
12.313131,4876.0,396.0
0.66498137,4998.0,7516.0
2.3209343,10732.0,4624.0
1.4582409,22995.0,15769.0
1.1269488,506.0,449.0
18.407547,4878.0,265.0
1.5861923,3745.0,2361.0
17.520033,216460.0,12355.0
1.2559865,17099.0,13614.0
5.076923,330.0,65.0
3.2,16.0,5.0
3.4796784,353250.0,101518.0
1.4659091,1935.0,1320.0
1.0271547,870.0,847.0
1.756906,318.0,181.0
1.0319716,581.0,563.0
0.80733943,1672.0,2071.0
1.8958719,66638.0,35149.0
0.872093,75.0,86.0
1.0,21.0,21.0
1.0,7.0,7.0
1.9080102,52808.0,27677.0
0.598,299.0,500.0
2.07899,37216.0,17901.0
0.16666667,1.0,6.0
0.19775596,141.0,713.0
48.83593,282174.0,5778.0
12.314969,54543.0,4429.0
0.6750861,588.0,871.0
3.075973,8219.0,2672.0
0.8888889,24.0,27.0
0.8810371,1733.0,1967.0
18.407408,1491.0,81.0
1.1636363,128.0,110.0
26.72099,137239.0,5136.0
1.5280311,12565.0,8223.0
5.0760098,32923.0,6486.0
3.1538463,41.0,13.0
3.3989985,319064.0,93870.0
1.4660271,3668.0,2502.0
0.79107255,1276.0,1613.0
1.5333333,46.0,30.0
0.7885196,261.0,331.0
0.8024751,8300.0,10343.0
1.165852,13595.0,11661.0
0.8744186,376.0,430.0
0.9875,553.0,560.0
0.8333333,15.0,18.0
1.2015448,8245.0,6862.0
1.7631578,134.0,76.0
0.47368422,27.0,57.0
1.9939904,79965.0,40103.0
0.30769232,4.0,13.0
0.20410189,617.0,3023.0
0.6923077,18.0,26.0
58.340965,91712.0,1572.0
12.315068,8091.0,657.0
0.63416535,813.0,1282.0
1.8386353,3988.0,2169.0
1.0168822,11324.0,11136.0
0.5,2.0,4.0
0.2882353,49.0,170.0
18.405556,3313.0,180.0
0.90331304,1336.0,1479.0
20.197964,99172.0,4910.0
0.94424886,1609.0,1704.0
3.1666667,19.0,6.0
2.6934416,192775.0,71572.0
1.46875,141.0,96.0
0.9285714,338.0,364.0
2.25,9.0,4.0
0.9064748,126.0,139.0
0.81414324,898.0,1103.0
1.173913,135.0,115.0
0.876,219.0,250.0
2.7777777,25.0,9.0
0.8419371,6589.0,7826.0
0.828125,53.0,64.0
0.77837837,144.0,185.0
0.74397826,6579.0,8843.0
0.47619048,20.0,42.0
2.1650026,393329.0,181676.0
0.24700944,1177.0,4765.0
0.84375,108.0,128.0
55.927998,12982175.0,232123.0
12.314815,665.0,54.0
0.66589993,2316.0,3478.0
1.9611651,202.0,103.0
0.5945946,66.0,111.0
0.45,9.0,20.0
3.0,9.0,3.0
0.95499235,16805.0,17597.0
18.411112,1657.0,90.0
1.1928934,705.0,591.0
19.387012,22392.0,1155.0
0.9200065,28258.0,30715.0
3.142857,242.0,77.0
3.413998,652077.0,191001.0
1.465704,1624.0,1108.0
0.46153846,48.0,104.0
2.1650932,8026.0,3707.0
0.56542057,121.0,214.0
0.68070173,388.0,570.0
1.7111111,77.0,45.0
0.2,1.0,5.0
0.875,7.0,8.0
2.5,5.0,2.0
1.2270743,562.0,458.0
0.8,4.0,5.0
1.0769231,14.0,13.0
1.6958561,4338.0,2558.0
2.3349998,292844.0,125415.0
0.3218391,28.0,87.0
0.19387755,38.0,196.0
0.84,21.0,25.0
51.455997,3763646.0,73143.0
12.314285,862.0,70.0
0.6666667,8.0,12.0
2.6421053,251.0,95.0
0.90909094,10.0,11.0
3.0039093,3842.0,1279.0
0.7740396,3244.0,4191.0
18.392857,515.0,28.0
1.1645886,467.0,401.0
17.904701,28182.0,1574.0
0.76155174,7499.0,9847.0
3.1422474,2209.0,703.0
2.903997,345837.0,119090.0
1.4662035,2321.0,1583.0
0.8909091,147.0,165.0
2.0,2.0,1.0
0.6214953,133.0,214.0
0.66818184,147.0,220.0
0.9,9.0,10.0
2.8436215,2073.0,729.0
1.0119592,11508.0,11372.0
1.2330827,1148.0,931.0
1.606988,61493.0,38266.0
0.69793814,4062.0,5820.0
0.65513587,1856.0,2833.0
0.33333334,5.0,15.0
0.26903167,3898.0,14489.0
0.8021978,73.0,91.0
1.2320497,12286.0,9972.0
37.683098,10702.0,284.0
12.319149,579.0,47.0
0.882001,138722.0,157281.0
2.3400638,19818.0,8469.0
1.075196,21119.0,19642.0
0.5555556,10.0,18.0
0.79399395,20200.0,25441.0
18.407408,2982.0,162.0
1.195008,72151.0,60377.0
24.394905,11490.0,471.0
0.58798933,5062.0,8609.0
3.0,3.0,1.0
2.3567498,295996.0,125595.0
0.89454544,246.0,275.0
0.6268657,42.0,67.0
0.81403506,696.0,855.0
1.172333,1000.0,853.0
0.8518519,23.0,27.0
0.5,5.0,10.0
0.8333333,5.0,6.0
0.7762352,1901.0,2449.0
1.0927153,1485.0,1359.0
0.46753246,36.0,77.0
1.9110028,93320.0,48833.0
0.17102396,157.0,918.0
0.75,3.0,4.0
55.369564,10188.0,184.0
12.363636,136.0,11.0
0.5330552,3322.0,6232.0
1.9568346,272.0,139.0
0.59331703,728.0,1227.0
0.44827586,13.0,29.0
3.0,60.0,20.0
0.8665825,2059.0,2376.0
18.4,1288.0,70.0
1.1918194,845.0,709.0
20.381,101477.0,4979.0
0.92716193,3195.0,3446.0
3.0,6.0,2.0
2.8280156,236473.0,83618.0
1.4719101,131.0,89.0
0.45238096,19.0,42.0
0.5942891,999.0,1681.0
0.6792929,269.0,396.0
0.8888889,24.0,27.0
3.0,3.0,1.0
1.2257769,1341.0,1094.0
0.8333333,20.0,24.0
1.1666666,91.0,78.0
2.1709993,363536.0,167451.0
0.2,10.0,50.0
1.0,1.0,1.0
56.87999,1059788.0,18632.0
12.333333,74.0,6.0
0.6875,11.0,16.0
2.6538463,138.0,52.0
0.9411765,16.0,17.0
0.45783132,76.0,166.0
0.7739225,4974.0,6427.0
18.454546,203.0,11.0
1.1655438,1211.0,1039.0
17.905258,37798.0,2111.0
0.7738538,2498.0,3228.0
3.3333333,10.0,3.0
3.178001,479001.0,150724.0
1.4662757,500.0,341.0
0.9047619,38.0,42.0
2.1785715,61.0,28.0
2.0,4.0,2.0
0.6185567,60.0,97.0
0.47973657,1894.0,3948.0
0.5833333,7.0,12.0
0.8852459,54.0,61.0
0.4519376,2694.0,5961.0
0.8854962,4176.0,4716.0
1.4691358,119.0,81.0
0.43405217,3462.0,7976.0
1.1184211,85.0,76.0
0.3272727,18.0,55.0
0.13298449,3558.0,26755.0
0.7619048,48.0,63.0
1.233871,153.0,124.0
49.26879,77352.0,1570.0
12.285714,86.0,7.0
0.46200645,22174.0,47995.0
2.3095133,5268.0,2281.0
0.68070334,41964.0,61648.0
0.45795247,3006.0,6564.0
0.35298854,11835.0,33528.0
18.411764,626.0,34.0
0.6109889,15279.0,25007.0
24.39326,2171.0,89.0
0.5654017,2935.0,5191.0
5.111111,46.0,9.0
1.2375165,76976.0,62202.0
0.68367344,670.0,980.0
1.8422837,38045.0,20651.0
0.8787879,58.0,66.0
0.98734176,702.0,711.0
0.8358209,56.0,67.0
0.9907773,752.0,759.0
2.1790013,71517.0,32821.0
0.46,23.0,50.0
2.428007,120434.0,49602.0
0.19491525,46.0,236.0
50.90465,21889.0,430.0
12.316129,3818.0,310.0
0.67659575,159.0,235.0
3.3343024,4588.0,1376.0
1.9520174,1790.0,917.0
0.8857143,124.0,140.0
18.410715,3093.0,168.0
2.387231,3440.0,1441.0
27.152002,307062.0,11309.0
1.5343068,10823.0,7054.0
3.485938,559880.0,160611.0
1.4666667,352.0,240.0
1.3529532,6597.0,4876.0
2.124682,1670.0,786.0
0.7883311,1162.0,1474.0
0.62384063,1816.0,2911.0
1.2419944,53058.0,42720.0
0.18024133,239.0,1326.0
1.0,1.0,1.0
0.82539684,52.0,63.0
0.9925373,133.0,134.0
2.1298702,164.0,77.0
0.5,5.0,10.0
2.1460056,101167.0,47142.0
0.5,1.0,2.0
0.19565217,126.0,644.0
50.904076,253655.0,4983.0
12.333333,37.0,3.0
0.67826086,78.0,115.0
3.3338747,22577.0,6772.0
1.9375,62.0,32.0
0.875,28.0,32.0
18.333334,110.0,6.0
30.263985,352757.0,11656.0
1.8150061,85053.0,46861.0
3.749002,722174.0,192631.0
0.68417555,1029.0,1504.0
0.7944292,2025.0,2549.0
0.97,97.0,100.0
0.9,9.0,10.0
3.0,3.0,1.0
0.98805463,579.0,586.0
1.25,5.0,4.0
1.4714829,387.0,263.0
1.8549976,155894.0,84040.0
0.18181819,4.0,22.0
0.7058824,12.0,17.0
43.059944,295951.0,6873.0
12.285714,86.0,7.0
0.6,3.0,5.0
2.6133575,5752.0,2201.0
1.1958457,1612.0,1348.0
1.0987014,423.0,385.0
18.413794,1602.0,87.0
1.2692307,1980.0,1560.0
29.766483,32505.0,1092.0
1.1925926,161.0,135.0
2.8229957,262883.0,93122.0
1.4682081,254.0,173.0
0.8947368,51.0,57.0
2.125,34.0,16.0
0.625,15.0,24.0
0.6563055,739.0,1126.0
1.8,36.0,20.0
0.18181819,4.0,22.0
0.8780488,108.0,123.0
1.9578059,464.0,237.0
0.5,8.0,16.0
2.1930134,38608.0,17605.0
65.996,8560407.0,129711.0
12.0,12.0,1.0
0.6746575,591.0,876.0
3.3866668,508.0,150.0
0.88,198.0,225.0
0.70039684,353.0,504.0
18.4,736.0,40.0
1.1630435,107.0,92.0
18.974957,96981.0,5111.0
1.1947381,4859.0,4067.0
3.0,6.0,2.0
4.0799975,331357.0,81215.0
1.4685315,210.0,143.0
1.056,132.0,125.0
0.6229508,114.0,183.0
0.8481972,11080.0,13063.0
1.3942178,14564.0,10446.0
0.8756983,627.0,716.0
1.7310483,4293.0,2480.0
0.83928573,47.0,56.0
0.8018477,2517.0,3139.0
0.51617646,702.0,1360.0
0.4698795,39.0,83.0
2.0689929,132879.0,64224.0
0.3272727,18.0,55.0
0.09106933,155.0,1702.0
0.5,1.0,2.0
53.495872,97202.0,1817.0
0.57961786,455.0,785.0
1.3699213,6440.0,4701.0
1.0113447,13372.0,13222.0
0.3859649,1562.0,4047.0
3.0,165.0,55.0
0.58299595,2736.0,4693.0
18.407724,4289.0,233.0
1.6588913,6045.0,3644.0
24.395252,41106.0,1685.0
0.5418485,1366.0,2521.0
2.3148649,224822.0,97121.0
1.0,3.0,3.0
0.6,3.0,5.0
0.72270745,331.0,458.0
1.1278803,46207.0,40968.0
0.8747994,545.0,623.0
0.8333333,30.0,36.0
0.3139535,54.0,172.0
1.1549894,2176.0,1884.0
0.47272727,52.0,110.0
1.7930019,224136.0,125006.0
0.19707057,148.0,751.0
51.735996,3689087.0,71306.0
12.32,616.0,50.0
0.9289916,15634.0,16829.0
2.6272728,289.0,110.0
0.88,22.0,25.0
0.7011494,793.0,1131.0
18.40625,589.0,32.0
1.1617647,79.0,68.0
26.304033,264829.0,10068.0
1.1409696,9672.0,8477.0
3.1260002,612968.0,196087.0
1.4661782,2601.0,1774.0
1.7928119,848.0,473.0
0.6666667,2.0,3.0
0.7478261,86.0,115.0
0.18181819,22.0,121.0
0.875,189.0,216.0
1.0,1.0,1.0
1.3247863,155.0,117.0
0.5,1.0,2.0
2.2340014,82944.0,37128.0
0.16666667,1.0,6.0
62.084,14395603.0,231873.0
12.2972975,455.0,37.0
0.6748936,793.0,1175.0
2.624204,824.0,314.0
0.9705882,33.0,34.0
0.50661623,268.0,529.0
18.4125,1473.0,80.0
1.1604939,94.0,81.0
24.395128,59085.0,2422.0
1.195485,4819.0,4031.0
3.3757663,411408.0,121871.0
1.5,15.0,10.0
0.8956522,103.0,115.0
2.235294,76.0,34.0
0.5748542,887.0,1543.0
0.71428573,5.0,7.0
1.0,1.0,1.0
3.0,3.0,1.0
0.96,312.0,325.0
0.875,7.0,8.0
1.0,5.0,5.0
1.6306819,287.0,176.0
2.4849973,370692.0,149172.0
0.13532934,113.0,835.0
1.2314049,149.0,121.0
60.104,3376823.0,56183.0
0.64705884,88.0,136.0
2.6,13.0,5.0
1.0,1.0,1.0
0.8501322,2893.0,3403.0
18.333334,110.0,6.0
2.166265,899.0,415.0
20.536964,10556.0,514.0
0.79298246,7684.0,9690.0
3.2,32.0,10.0
3.7860007,567230.0,149823.0
1.4545455,48.0,33.0
0.9166667,11.0,12.0
2.4850435,20852.0,8391.0
2.1666667,13.0,6.0
0.61904764,39.0,63.0
1.0190624,7217.0,7082.0
0.75789666,8230.0,10859.0
1.0,2.0,2.0
0.85714287,12.0,14.0
1.3004253,4281.0,3292.0
1.7612457,1018.0,578.0
0.4707792,145.0,308.0
2.0049968,193811.0,96664.0
0.33333334,8.0,24.0
0.203966,144.0,706.0
58.34144,55191.0,946.0
12.313953,6354.0,516.0
0.63105094,2516.0,3987.0
1.837887,1009.0,549.0
0.8895625,3375.0,3794.0
0.6,3.0,5.0
0.29166666,28.0,96.0
18.410715,1031.0,56.0
0.90369624,3594.0,3977.0
20.490883,124728.0,6087.0
0.94401455,2074.0,2197.0
2.8119392,415599.0,147798.0
1.4761904,31.0,21.0
0.92709196,1119.0,1207.0
0.4909881,3051.0,6214.0
0.6586853,4429.0,6724.0
1.1725032,904.0,771.0
0.87534624,316.0,361.0
1.1606822,1293.0,1114.0
0.8363636,46.0,55.0
0.87392634,6003.0,6869.0
1.0869565,50.0,46.0
0.47,611.0,1300.0
2.1409948,172941.0,80776.0
0.33333334,11.0,33.0
0.17156287,438.0,2553.0
44.231968,99345.0,2246.0
12.315574,6010.0,488.0
0.476965,5073.0,10636.0
1.9559801,2355.0,1204.0
0.61965036,2056.0,3318.0
0.46464646,46.0,99.0
3.0,3.0,1.0
0.8712871,88.0,101.0
18.407295,6056.0,329.0
1.1921033,3140.0,2634.0
17.360062,100237.0,5774.0
0.7449778,4858.0,6521.0
5.0,5.0,1.0
3.1666667,19.0,6.0
2.696926,448960.0,166471.0
1.0,1.0,1.0
0.4580777,224.0,489.0
2.0,4.0,2.0
2.0,10.0,5.0
0.4570967,2264.0,4953.0
0.7,7.0,10.0
0.5939705,926.0,1559.0
0.87356323,152.0,174.0
1.0,24.0,24.0
0.3105802,91.0,293.0
1.1550802,216.0,187.0
0.5,4.0,8.0
1.8989965,267580.0,140906.0
0.33333334,1.0,3.0
52.832,1301939.0,24643.0
12.0,24.0,2.0
0.8929448,2911.0,3260.0
3.0,3.0,1.0
0.70091134,846.0,1207.0
18.4,184.0,10.0
1.1659514,815.0,699.0
24.337584,47726.0,1961.0
1.1253713,3788.0,3366.0
3.3969998,491872.0,144796.0
1.4285715,20.0,14.0
1.0,2.0,2.0
1.8990328,9818.0,5170.0
1.3333334,4.0,3.0
0.6666667,2.0,3.0
0.18181819,2.0,11.0
0.8857143,31.0,35.0
2.5,5.0,2.0
1.1859145,3553.0,2996.0
0.83243245,154.0,185.0
1.3219417,10212.0,7725.0
2.1890023,120023.0,54830.0
0.19402985,13.0,67.0
60.872,8686617.0,142703.0
12.333333,259.0,21.0
0.6761905,355.0,525.0
2.6222222,118.0,45.0
1.0,18.0,18.0
0.50705427,1186.0,2339.0
18.39394,607.0,33.0
1.16,29.0,25.0
24.393888,14368.0,589.0
1.1949686,1520.0,1272.0
5.0,5.0,1.0
3.2,16.0,5.0
3.0,320727.0,106909.0
1.4166666,17.0,12.0
0.875,14.0,16.0
0.45106384,954.0,2115.0
0.635114,2033.0,3201.0
1.8809524,79.0,42.0
0.85714287,6.0,7.0
0.98759305,796.0,806.0
0.8235294,28.0,34.0
1.1540041,1686.0,1461.0
1.930005,173768.0,90035.0
0.2,34.0,170.0
52.508125,203574.0,3877.0
12.319149,1158.0,94.0
0.6,3.0,5.0
2.5962617,1389.0,535.0
0.89068824,440.0,494.0
3.0,3.0,1.0
0.7012245,859.0,1225.0
18.375,147.0,8.0
1.1649888,4166.0,3576.0
24.394775,49497.0,2029.0
1.195931,2704.0,2261.0
3.1176472,53.0,17.0
2.7749956,251903.0,90776.0
1.4666667,66.0,45.0
0.9509257,4263.0,4483.0
1.0937533,10278.0,9397.0
1.0,1.0,1.0
2.5,5.0,2.0
0.82978725,39.0,47.0
0.5743073,456.0,794.0
0.8844133,505.0,571.0
0.5,1.0,2.0
2.0310183,44918.0,22116.0
0.32142857,9.0,28.0
0.16896552,49.0,290.0
53.49631,57990.0,1084.0
12.333333,111.0,9.0
0.57988167,294.0,507.0
1.3706294,196.0,143.0
0.96400625,616.0,639.0
0.5,1.0,2.0
0.6,3.0,5.0
18.333334,55.0,3.0
1.2200532,1375.0,1127.0
24.39488,31445.0,1289.0
0.5733333,86.0,150.0
2.8690012,128055.0,44634.0
0.8888889,24.0,27.0
2.1666667,13.0,6.0
0.6666667,8.0,12.0
0.7537879,199.0,264.0
0.1164367,481.0,4131.0
0.87700534,164.0,187.0
0.9579748,4787.0,4997.0
0.8367347,41.0,49.0
1.0074211,1086.0,1078.0
0.46835443,37.0,79.0
2.0380008,430171.0,211075.0
0.102012925,821.0,8048.0
1.2295082,150.0,122.0
56.32401,2567192.0,45579.0
12.31537,6170.0,501.0
0.10503692,953.0,9073.0
2.6232023,2736.0,1043.0
0.8863636,39.0,44.0
0.4,2.0,5.0
0.7470173,16843.0,22547.0
18.41014,3995.0,217.0
2.165316,1336.0,617.0
15.5359955,150202.0,9668.0
0.8529793,12497.0,14651.0
5.0764117,3056.0,602.0
3.1439395,415.0,132.0
3.6009994,898651.0,249556.0
1.4666667,22.0,15.0
0.9,9.0,10.0
2.0379896,12124.0,5949.0
2.0,6.0,3.0
0.6262626,124.0,198.0
0.4015397,991.0,2468.0
0.6666667,2.0,3.0
0.9879808,411.0,416.0
0.84210527,32.0,38.0
1.1,99.0,90.0
0.7350062,11863.0,16140.0
1.9069964,135658.0,71137.0
0.19705883,134.0,680.0
0.84090906,37.0,44.0
52.6546,338885.0,6436.0
12.333333,259.0,21.0
0.67474747,334.0,495.0
2.547619,107.0,42.0
0.92241377,107.0,116.0
0.44,11.0,25.0
0.7149937,14859.0,20782.0
18.419355,571.0,31.0
1.1655172,169.0,145.0
24.39651,9783.0,401.0
0.6219231,1617.0,2600.0
2.7160077,169210.0,62301.0
1.4672897,157.0,107.0
1.0,1.0,1.0
0.61764705,21.0,34.0
0.632116,1177.0,1862.0
1.0,39.0,39.0
0.8235294,28.0,34.0
1.1546053,702.0,608.0
2.3709986,415297.0,175157.0
52.507896,123026.0,2343.0
12.307693,800.0,65.0
0.6753247,156.0,231.0
2.5,15.0,6.0
0.9285714,13.0,14.0
0.45775166,623.0,1361.0
0.701094,2179.0,3108.0
18.408653,3829.0,208.0
1.164977,3792.0,3255.0
24.395191,46668.0,1913.0
1.1959814,4107.0,3434.0
3.1380012,499984.0,159332.0
1.4651163,126.0,86.0
1.0995001,4619.0,4201.0
0.89470065,2600.0,2906.0
0.875,42.0,48.0
0.77227104,1231.0,1594.0
0.8363636,46.0,55.0
1.1491824,4568.0,3975.0
0.7609658,10999.0,14454.0
0.5,1.0,2.0
1.977999,310441.0,156947.0
0.33333334,4.0,12.0
0.19798425,1709.0,8632.0
0.795082,97.0,122.0
50.431995,6065305.0,120267.0
12.313829,2315.0,188.0
0.6840402,6129.0,8960.0
1.9562658,2326.0,1189.0
0.5935412,533.0,898.0
3.0,21.0,7.0
0.8099934,20782.0,25657.0
18.419355,571.0,31.0
1.1920581,3122.0,2619.0
19.387562,77938.0,4020.0
0.9500252,18839.0,19830.0
5.0760045,4675.0,921.0
3.1666667,57.0,18.0
3.0650017,665418.0,217102.0
1.4669603,333.0,227.0
1.0,1.0,1.0
1.9655173,57.0,29.0
0.461879,939.0,2033.0
0.6952122,6389.0,9190.0
1.2307693,192.0,156.0
0.8636364,19.0,22.0
1.7322835,440.0,254.0
0.75,3.0,4.0
0.95646197,2087.0,2182.0
0.9180082,12260.0,13355.0
0.46666667,7.0,15.0
1.5310109,42014.0,27442.0
0.3283582,44.0,134.0
0.20635435,1273.0,6169.0
0.7004278,5076.0,7247.0
53.49425,9308.0,174.0
0.58016956,1574.0,2713.0
0.9014365,10856.0,12043.0
1.1079034,13163.0,11881.0
0.37300825,1943.0,5209.0
0.53402644,6215.0,11638.0
18.409563,8855.0,481.0
0.7210031,2300.0,3190.0
24.394737,24102.0,988.0
0.58707595,1817.0,3095.0
3.142857,22.0,7.0
1.7230672,92894.0,53912.0
2.0,2.0,1.0
1.0,2.0,2.0
2.0,2.0,1.0
2.257588,19711.0,8731.0
1.0251572,163.0,159.0
0.8666667,13.0,15.0
0.5,9.0,18.0
0.8333333,50.0,60.0
0.6733846,3241.0,4813.0
0.99091697,4582.0,4624.0
0.47058824,16.0,34.0
2.4080045,216836.0,90048.0
0.5,1.0,2.0
0.19659735,104.0,529.0
0.773913,89.0,115.0
43.992012,446079.0,10140.0
12.314881,17130.0,1391.0
0.5415489,958.0,1769.0
2.2395039,2347.0,1048.0
1.0767168,4014.0,3728.0
0.4528302,24.0,53.0
3.0,252.0,84.0
0.87099904,3592.0,4124.0
18.40924,5578.0,303.0
1.1919041,7155.0,6003.0
24.857317,122472.0,4927.0
1.0408828,2877.0,2764.0
3.1678855,327043.0,103237.0
1.4651741,589.0,402.0
0.45963755,558.0,1214.0
2.1190476,89.0,42.0
0.5199684,3945.0,7587.0
0.94066787,3155.0,3354.0
1.1727322,2159.0,1841.0
0.8738739,485.0,555.0
0.44105265,1257.0,2850.0
0.8333333,25.0,30.0
0.90083736,4088.0,4538.0
0.78500086,22086.0,28135.0
0.47007164,2034.0,4327.0
1.706,138186.0,81000.0
0.25,1.0,4.0
0.05303933,623.0,11746.0
1.0,1.0,1.0
53.999027,55619.0,1030.0
12.314159,5566.0,452.0
0.4890022,11605.0,23732.0
1.9561994,2903.0,1484.0
0.5937587,2131.0,3589.0
0.45679012,37.0,81.0
3.0,3.0,1.0
0.8660844,595.0,687.0
18.407036,3663.0,199.0
1.1918768,851.0,714.0
23.228975,210199.0,9049.0
0.8982874,12064.0,13430.0
3.0,3.0,1.0
2.9650016,708754.0,239040.0
1.4661479,1884.0,1285.0
0.45756456,124.0,271.0
1.7272727,19.0,11.0
2.1123595,188.0,89.0
0.5759604,1979.0,3436.0
0.77282184,3344.0,4327.0
1.1642375,6550.0,5626.0
0.8761329,290.0,331.0
1.0,1.0,1.0
0.8301887,44.0,53.0
1.2122772,3061.0,2525.0
1.469926,4570.0,3109.0
0.4710145,130.0,276.0
2.01999,84882.0,42021.0
0.32686982,118.0,361.0
0.1977528,88.0,445.0
43.907856,174402.0,3972.0
12.326087,567.0,46.0
0.6750377,1344.0,1991.0
1.8489796,453.0,245.0
0.96601075,2160.0,2236.0
1.0,1.0,1.0
0.77832514,158.0,203.0
18.410526,1749.0,95.0
1.6519029,5035.0,3048.0
17.662048,61199.0,3465.0
1.1960527,909.0,760.0
2.8029642,198007.0,70642.0
1.4705882,50.0,34.0
1.0,57.0,57.0
0.75,36.0,48.0
0.75,3.0,4.0
0.79012346,1408.0,1782.0
1.7433575,2887.0,1656.0
1.1763767,18435.0,15671.0
1.0,1628.0,1628.0
0.42424244,14.0,33.0
6.9485292,2835.0,408.0
1.2193216,43859.0,35970.0
1.0306832,19886.0,19294.0
0.25862068,30.0,116.0
1.3066666,392.0,300.0
0.77607656,811.0,1045.0
1.0412496,3433.0,3297.0
0.5670103,55.0,97.0
0.42511013,386.0,908.0
1.1546391,112.0,97.0
0.54545456,12.0,22.0
8.233857,4718.0,573.0
0.6799205,342.0,503.0
1.2850024,51314.0,39933.0
8.0,1616.0,202.0
1.40113,248.0,177.0
4.50641,2109.0,468.0
0.9145299,214.0,234.0
1.320132,400.0,303.0
0.9529412,972.0,1020.0
0.7533875,556.0,738.0
6.949239,1369.0,197.0
1.1454344,7238.0,6319.0
1.2057664,16519.0,13700.0
0.2857143,4.0,14.0
1.3285714,93.0,70.0
0.5609756,46.0,82.0
1.2902182,1596.0,1237.0
0.6,3.0,5.0
0.6887937,965.0,1401.0
1.0,1.0,1.0
0.75,6.0,8.0
6.0588236,515.0,85.0
0.32258064,20.0,62.0
1.271556,18950.0,14903.0
8.6,43.0,5.0
1.45,58.0,40.0
4.5130434,519.0,115.0
1.945946,72.0,37.0
0.4649123,53.0,114.0
1.0369458,421.0,406.0
0.89285713,175.0,196.0
0.88088685,6079.0,6901.0
0.9596376,1165.0,1214.0
0.46153846,6.0,13.0
10.276186,22957.0,2234.0
1.4861456,14964.0,10069.0
1.4130733,17532.0,12407.0
0.17142858,6.0,35.0
0.9977064,435.0,436.0
0.87123287,318.0,365.0
1.5007793,2889.0,1925.0
0.6060606,20.0,33.0
1.0,1.0,1.0
0.7037037,19.0,27.0
12.764706,217.0,17.0
0.46257484,309.0,668.0
1.4346519,21943.0,15295.0
7.6666665,23.0,3.0
1.7575758,116.0,66.0
5.790323,359.0,62.0
0.8,4.0,5.0
1.0476191,22.0,21.0
0.6,9.0,15.0
0.9324324,552.0,592.0
1.109736,1345.0,1212.0
0.8521089,1596.0,1873.0
0.39285713,11.0,28.0
1.370775,8030.0,5858.0
1.0331209,7455.0,7216.0
0.18604651,8.0,43.0
0.58387095,181.0,310.0
1.1862217,1102.0,929.0
0.6666667,4.0,6.0
1.6,16.0,10.0
0.73435324,528.0,719.0
0.5,2.0,4.0
1.1447369,87.0,76.0
1.0,1.0,1.0
0.8095238,17.0,21.0
16.329268,2678.0,164.0
0.85330576,413.0,484.0
0.5,1.0,2.0
1.2571278,11861.0,9435.0
7.9373693,3802.0,479.0
1.2777778,184.0,144.0
7.5053763,1396.0,186.0
62.5,125.0,2.0
1.8679246,99.0,53.0
0.8851064,208.0,235.0
1.078125,138.0,128.0
0.8504155,614.0,722.0
1.8366877,17522.0,9540.0
0.4,2.0,5.0
0.8851762,1457.0,1646.0
1.0621359,1094.0,1030.0
0.44927537,31.0,69.0
1.6777077,3191.0,1902.0
1.9500581,21827.0,11193.0
0.22058824,30.0,136.0
0.85714287,12.0,14.0
0.6469565,372.0,575.0
1.9986595,1491.0,746.0
0.73333335,22.0,30.0
0.69756097,286.0,410.0
0.5,2.0,4.0
0.5994195,413.0,689.0
0.7015707,134.0,191.0
22.070465,14721.0,667.0
0.59773374,211.0,353.0
2.32406,48703.0,20956.0
10.645503,6036.0,567.0
1.9545455,86.0,44.0
6.095238,256.0,42.0
58.699955,266850.0,4546.0
2.0,10.0,5.0
1.0830153,1135.0,1048.0
1.8568019,1556.0,838.0
1.6058013,29285.0,18237.0
0.21333334,64.0,300.0
0.42857143,27.0,63.0
2.0,34.0,17.0
0.6666667,2.0,3.0
1.875,30.0,16.0
0.80794704,366.0,453.0
0.6666667,2.0,3.0
0.6666667,2.0,3.0
0.7804878,32.0,41.0
0.7777778,35.0,45.0
15.8773,2588.0,163.0
0.7801047,596.0,764.0
2.375,38.0,16.0
0.56886226,95.0,167.0
2.5559127,116064.0,45410.0
60.299995,4120359.0,68331.0
2.6666667,8.0,3.0
2.0,2.0,1.0
1.0,2.0,2.0
1.0526316,80.0,76.0
0.76097,659.0,866.0
1.6868986,9116.0,5404.0
0.5,1.0,2.0
0.4117647,7.0,17.0
1.3832977,646.0,467.0
0.87184113,483.0,554.0
7.1859345,7459.0,1038.0
1.2762526,3719.0,2914.0
2.3359642,29300.0,12543.0
0.2,3.0,15.0
1.8712107,10185.0,5443.0
0.7556207,773.0,1023.0
1.5131578,1380.0,912.0
0.87058824,370.0,425.0
0.5744681,216.0,376.0
1.0,1.0,1.0
1.0,2.0,2.0
0.8333333,20.0,24.0
0.852459,104.0,122.0
11.0317335,13558.0,1229.0
1.3654159,837.0,613.0
3.3064516,410.0,124.0
2.8045685,67161.0,23947.0
10.014925,4026.0,402.0
1.375,143.0,104.0
6.5026736,1216.0,187.0
62.60005,247458.0,3953.0
1.956044,178.0,91.0
0.6132723,268.0,437.0
0.75997293,1124.0,1479.0
0.875,1708.0,1952.0
1.0939746,18265.0,16696.0
0.6822034,322.0,472.0
0.46153846,6.0,13.0
8.923077,580.0,65.0
1.1791261,26877.0,22794.0
1.0853318,18646.0,17180.0
0.19753087,16.0,81.0
0.71727747,274.0,382.0
0.8176846,2691.0,3291.0
1.0824288,6382.0,5896.0
0.76344085,71.0,93.0
0.52916664,508.0,960.0
1.0,5.0,5.0
0.5652174,26.0,46.0
8.957672,3386.0,378.0
0.560266,674.0,1203.0
1.1646426,32893.0,28243.0
6.525641,509.0,78.0
1.4772727,130.0,88.0
5.0517926,2536.0,502.0
2.0,2.0,1.0
0.8,4.0,5.0
1.3082011,989.0,756.0
1.1500988,3494.0,3038.0
0.95583594,1818.0,1902.0
1.0157343,2324.0,2288.0
0.7195122,177.0,246.0
6.2136364,2734.0,440.0
1.4082754,11538.0,8193.0
1.2632186,28454.0,22525.0
0.25490198,13.0,51.0
1.5347826,1059.0,690.0
0.7918552,525.0,663.0
1.355841,4538.0,3347.0
0.5833333,21.0,36.0
0.8250715,3462.0,4196.0
0.5625,9.0,16.0
1.2033899,142.0,118.0
0.27272728,3.0,11.0
0.546875,35.0,64.0
12.4125,6951.0,560.0
0.29574862,160.0,541.0
1.3746536,33734.0,24540.0
6.5,702.0,108.0
1.3254902,338.0,255.0
4.5074944,2105.0,467.0
3.0,12.0,4.0
0.8666667,39.0,45.0
0.6962025,110.0,158.0
1.1937172,228.0,191.0
1.3668919,4046.0,2960.0
0.7941176,108.0,136.0
8.405714,1471.0,175.0
1.6997558,11832.0,6961.0
1.5316677,14897.0,9726.0
0.14285715,1.0,7.0
0.9649123,55.0,57.0
0.39055794,91.0,233.0
1.4830827,1578.0,1064.0
0.81395346,35.0,43.0
0.6666667,6.0,9.0
12.552631,477.0,38.0
0.5315985,143.0,269.0
1.5488914,16347.0,10554.0
1.4848485,49.0,33.0
5.5555553,150.0,27.0
0.65102285,541.0,831.0
0.76407725,1859.0,2433.0
1.0950413,2120.0,1936.0
1.3727334,22635.0,16489.0
0.77014923,774.0,1005.0
1.0,1.0,1.0
10.316,5158.0,500.0
1.3953167,17161.0,12299.0
1.4615655,16656.0,11396.0
0.17898832,46.0,257.0
0.8268839,406.0,491.0
0.9217391,1590.0,1725.0
1.2005863,2867.0,2388.0
0.5833333,14.0,24.0
1.0102354,987.0,977.0
1.1666666,21.0,18.0
0.5714286,4.0,7.0
0.5390625,69.0,128.0
7.9846153,2595.0,325.0
0.53613055,460.0,858.0
1.5507873,36932.0,23815.0
9.867088,1559.0,158.0
1.6153846,42.0,26.0
6.801587,857.0,126.0
1.2982457,74.0,57.0
2.203125,141.0,64.0
0.53,53.0,100.0
0.71428573,20.0,28.0
2.4616547,257494.0,104602.0
0.2,1.0,5.0
1.175,47.0,40.0
0.5829146,116.0,199.0
1.6470588,28.0,17.0
0.6666667,6.0,9.0
2.2105262,84.0,38.0
0.57615894,174.0,302.0
0.53846157,7.0,13.0
0.6,3.0,5.0
1.0,10.0,10.0
1.0999261,5955.0,5414.0
21.325949,6739.0,316.0
1.0269876,5632.0,5484.0
3.308984,50055.0,15127.0
0.5714286,4.0,7.0
3.982923,406529.0,102068.0
5.0,5.0,1.0
62.6,1600682.0,25570.0
2.3333333,7.0,3.0
0.77816904,221.0,284.0
0.920143,772.0,839.0
1.231884,595.0,483.0
1.0910947,5342.0,4896.0
1.081211,2250.0,2081.0
10.997223,27724.0,2521.0
1.8348515,10877.0,5928.0
1.647783,17132.0,10397.0
0.2261185,187.0,827.0
1.018868,216.0,212.0
0.9445061,851.0,901.0
1.381323,355.0,257.0
1.2168674,303.0,249.0
0.68089056,367.0,539.0
6.0395684,1679.0,278.0
0.57026714,491.0,861.0
1.6896751,20489.0,12126.0
9.666667,29.0,3.0
1.5555556,28.0,18.0
6.510638,306.0,47.0
3.0,3.0,1.0
2.5555556,23.0,9.0
2.2689857,42008.0,18514.0
1.9666667,59.0,30.0
19.041971,955031.0,50154.0
13.002778,4681.0,360.0
1.169967,709.0,606.0
0.84654546,1164.0,1375.0
0.9130435,63.0,69.0
1.2711865,75.0,59.0
0.8117647,207.0,255.0
3.0,159.0,53.0
0.89592844,4907.0,5477.0
1.2717584,716.0,563.0
36.156044,331334.0,9164.0
1.4111651,52882.0,37474.0
1.3809524,58.0,42.0
2.678984,19720.0,7361.0
2.0340357,2510.0,1234.0
2.4455445,247.0,101.0
0.63492066,40.0,63.0
3.3695335,261587.0,77633.0
1.129442,7024.0,6219.0
81.19054,66901.0,824.0
2.3746805,302957.0,127578.0
2.528302,134.0,53.0
1.9687228,11330.0,5755.0
1.7197987,1025.0,596.0
11.549902,23608.0,2044.0
9.695652,446.0,46.0
1.0670115,4538.0,4253.0
0.74358976,87.0,117.0
1.6263736,740.0,455.0
0.9177489,424.0,462.0
1.4036752,4736.0,3374.0
0.46875,75.0,160.0
0.68457144,599.0,875.0
1.2630692,1498.0,1186.0
25.557877,185908.0,7274.0
2.082216,5901.0,2834.0
2.5574734,6519.0,2549.0
0.8986486,133.0,148.0
2.0529594,659.0,321.0
0.6933962,6468.0,9328.0
3.1676037,216360.0,68304.0
0.9368259,2432.0,2596.0
81.17857,2273.0,28.0
2.1102262,628668.0,297915.0
0.7882353,134.0,170.0
2.0927153,316.0,151.0
2.296051,29828.0,12991.0
0.5813953,25.0,43.0
1.0,2.0,2.0
0.5869565,27.0,46.0
19.5,117.0,6.0
0.26530612,13.0,49.0
2.9202898,403.0,138.0
0.7118644,42.0,59.0
1.8390558,857.0,466.0
0.16666667,1.0,6.0
0.44444445,4.0,9.0
1.6,80.0,50.0
0.3,3.0,10.0
1.0222223,46.0,45.0
1.0,99.0,99.0
0.56,14.0,25.0
39.29504,1190404.0,30294.0
0.8168825,6687.0,8186.0
2.2698307,6839.0,3013.0
1.6897436,659.0,390.0
2.5671642,344.0,134.0
0.6666667,4.0,6.0
2.9810517,110442.0,37048.0
0.71561337,12320.0,17216.0
38.0,38.0,1.0
0.6666667,2.0,3.0
2.481508,367221.0,147983.0
0.7291667,105.0,144.0
1.0,60.0,60.0
2.8516963,26478.0,9285.0
0.6,3.0,5.0
21.05,265651.0,12620.0
0.27160493,44.0,162.0
0.61904764,13.0,21.0
5.451613,169.0,31.0
0.8,4.0,5.0
1.7333333,78.0,45.0
0.17266187,24.0,139.0
0.8888889,16.0,18.0
1.7272727,95.0,55.0
2.109029,3714.0,1761.0
1.3019608,664.0,510.0
0.33333334,1.0,3.0
2.201031,427.0,194.0
1.0719016,2266.0,2114.0
0.5,2.0,4.0
0.053658538,11.0,205.0
37.64544,1997053.0,53049.0
0.9907782,20091.0,20278.0
0.6,3.0,5.0
2.1926346,2322.0,1059.0
1.4061033,599.0,426.0
1.9502763,353.0,181.0
0.69,69.0,100.0
3.0925555,585863.0,189443.0
0.769576,13032.0,16934.0
95.063705,113411.0,1193.0
2.8934934,1053602.0,364128.0
1.7572815,181.0,103.0
2.7128675,7105.0,2619.0
0.40522876,62.0,153.0
19.5,39.0,2.0
0.42173913,97.0,230.0
3.5,392.0,112.0
0.54545456,24.0,44.0
0.516129,32.0,62.0
0.1744186,30.0,172.0
1.375,55.0,40.0
1.2913145,10541.0,8163.0
1.12,28.0,25.0
1.3022802,1999.0,1535.0
0.122994654,23.0,187.0
0.6675537,3512.0,5261.0
0.3,30.0,100.0
0.055555556,13.0,234.0
28.081745,506707.0,18044.0
0.9008374,29152.0,32361.0
0.8,16.0,20.0
2.6719368,88051.0,32954.0
1.4754099,90.0,61.0
1.6146789,176.0,109.0
0.6854839,765.0,1116.0
3.3877,201392.0,59448.0
0.7426568,3919.0,5277.0
89.11503,58103.0,652.0
2.885378,539456.0,186962.0
0.41,123.0,300.0
2.698347,1306.0,484.0
0.32,24.0,75.0
1.5903058,2756.0,1733.0
0.42352942,72.0,170.0
0.6615385,43.0,65.0
9.490885,712680.0,75091.0
11.439561,1041.0,91.0
0.78978497,1469.0,1860.0
4.878049,1000.0,205.0
0.77446806,546.0,705.0
0.42083332,202.0,480.0
1.05,231.0,220.0
1.0673952,586.0,549.0
0.28968254,292.0,1008.0
5.8449078,23818.0,4075.0
0.41336972,303.0,733.0
0.75714284,159.0,210.0
1.214876,147.0,121.0
21.707195,650760.0,29979.0
0.5389486,5618.0,10424.0
0.769927,2637.0,3425.0
2.0338695,21498.0,10570.0
0.8352941,142.0,170.0
6.027101,26465.0,4391.0
0.6666667,2.0,3.0
2.891328,148435.0,51338.0
0.60465115,26.0,43.0
1.5200742,20483.0,13475.0
2.2755601,505675.0,222220.0
0.8896552,258.0,290.0
1.0,1.0,1.0
2.5211203,39153.0,15530.0
1.1993786,13511.0,11265.0
2.3706172,8181.0,3451.0
0.4375,7.0,16.0
0.5,1.0,2.0
9.898227,30150.0,3046.0
0.65,13.0,20.0
0.64285713,45.0,70.0
0.6,288.0,480.0
1.0,2.0,2.0
0.7647059,156.0,204.0
1.1,11.0,10.0
1.0,10.0,10.0
0.18478261,17.0,92.0
2.6,130.0,50.0
0.72727275,8.0,11.0
0.7777778,14.0,18.0
1.2083334,29.0,24.0
19.322105,96939.0,5017.0
0.8471616,194.0,229.0
1.375,11.0,8.0
1.48,703.0,475.0
0.5272727,116.0,220.0
1.7304044,3466.0,2003.0
1.1538461,15.0,13.0
3.1354167,1505.0,480.0
0.4827586,56.0,116.0
12.2,29768.0,2440.0
2.596869,3981.0,1533.0
0.5952381,50.0,84.0
99.0,297.0,3.0
2.4063349,65640.0,27278.0
0.6,9.0,15.0
2.1643798,7729.0,3571.0
13.628908,247133.0,18133.0
13.80108,53700.0,3891.0
1.030303,34.0,33.0
0.40557274,262.0,646.0
1.0,3.0,3.0
0.37815127,45.0,119.0
0.60240966,50.0,83.0
1.3333334,4.0,3.0
26.738335,169628.0,6344.0
1.0000936,21381.0,21379.0
3.0188231,38170.0,12644.0
1.6149254,541.0,335.0
3.6659038,1602.0,437.0
3.0422869,105254.0,34597.0
2.9536805,447713.0,151578.0
2.6978967,5644.0,2092.0
1.0333333,155.0,150.0
1.8719512,614.0,328.0
1.525,122.0,80.0
0.51497006,86.0,167.0
12.951505,564310.0,43571.0
9.11244,7618.0,836.0
1.2,264.0,220.0
0.4028777,56.0,139.0
0.37414965,55.0,147.0
1.2,54.0,45.0
0.61642855,863.0,1400.0
1.1,11.0,10.0
1.3571428,38.0,28.0
0.8752643,414.0,473.0
3.1494253,274.0,87.0
0.80748665,151.0,187.0
0.33557048,200.0,596.0
5.605,41477.0,7400.0
0.5147232,437.0,849.0
1.2139535,261.0,215.0
29.967268,338750.0,11304.0
0.82564914,35010.0,42403.0
0.6888889,31.0,45.0
0.8504065,523.0,615.0
2.7308984,98326.0,36005.0
1.5636364,258.0,165.0
6.2499857,110406.0,17665.0
0.6713781,190.0,283.0
2.6200206,187583.0,71596.0
0.46583143,409.0,878.0
98.92443,95561.0,966.0
2.6311793,467258.0,177585.0
0.5298013,80.0,151.0
2.5827,11555.0,4474.0
21.344988,573241.0,26856.0
0.62,31.0,50.0
6.3333335,19.0,3.0
1.625,65.0,40.0
0.22222222,2.0,9.0
1.5604167,749.0,480.0
0.5972851,132.0,221.0
0.7647059,26.0,34.0
0.05882353,2.0,34.0
35.1619,3530571.0,100409.0
0.97271484,11408.0,11728.0
0.73913044,17.0,23.0
2.6559768,911.0,343.0
1.7510405,18512.0,10572.0
2.012,503.0,250.0
0.7,7.0,10.0
3.2204037,299884.0,93120.0
0.96419203,28677.0,29742.0
38.074074,1028.0,27.0
3.0431008,592723.0,194776.0
2.750332,2071.0,753.0
1.6,8.0,5.0
20.247416,64650.0,3193.0
1.132353,231.0,204.0
1.0,4.0,4.0
1.1066667,166.0,150.0
1.0,11.0,11.0
1.25,15.0,12.0
36.457962,323929.0,8885.0
0.6843519,1019.0,1489.0
2.0403225,506.0,248.0
1.631892,7133.0,4371.0
1.2183908,106.0,87.0
0.6372549,520.0,816.0
3.2965777,136208.0,41318.0
0.9470135,983.0,1038.0
81.17647,1380.0,17.0
2.2681298,166483.0,73401.0
1.4,14.0,10.0
3.3209052,12915.0,3889.0
0.8439716,119.0,141.0
1.8646612,57398.0,30782.0
0.70625,113.0,160.0
0.5686275,29.0,51.0
12.062542,482755.0,40021.0
12.05,2892.0,240.0
0.6363636,42.0,66.0
0.6206642,841.0,1355.0
1.48,111.0,75.0
0.5684803,606.0,1066.0
1.1,11.0,10.0
1.3333334,20.0,15.0
0.875,35.0,40.0
1.711196,2690.0,1572.0
0.9336609,380.0,407.0
0.30425754,293.0,963.0
3.5114286,1229.0,350.0
0.39339554,548.0,1393.0
0.54385966,62.0,114.0
1.2135593,358.0,295.0
23.140924,733521.0,31698.0
0.62572646,6460.0,10324.0
1.2833333,77.0,60.0
0.5,15.0,30.0
0.64,432.0,675.0
2.3010807,41523.0,18045.0
1.9500259,7531.0,3862.0
3.135973,27007.0,8612.0
0.7681818,169.0,220.0
2.148146,37193.0,17314.0
0.6745964,794.0,1177.0
98.92547,15927.0,161.0
1.0666667,640.0,600.0
2.2676802,399148.0,176016.0
0.63559324,75.0,118.0
0.54347825,100.0,184.0
3.1336136,13415.0,4281.0
1.6,5504.0,3440.0
0.2987013,23.0,77.0
0.40952381,129.0,315.0
14.182565,255584.0,18021.0
11.859155,5052.0,426.0
0.7015707,134.0,191.0
0.99318093,7428.0,7479.0
1.0980393,56.0,51.0
1.3783069,2084.0,1512.0
1.0738285,2429.0,2262.0
1.1190116,2219.0,1983.0
0.61728394,50.0,81.0
2.4801009,4923.0,1985.0
0.90843904,3294.0,3626.0
0.31304348,36.0,115.0
1.2124542,662.0,546.0
29.152563,146754.0,5034.0
1.0466908,31788.0,30370.0
3.0271413,143989.0,47566.0
0.8019802,162.0,202.0
0.7519685,1910.0,2540.0
0.66887414,101.0,151.0
3.8017683,245522.0,64581.0
0.60162604,74.0,123.0
98.9248,220998.0,2234.0
0.6559633,143.0,218.0
2.8585603,379451.0,132742.0
0.30769232,4.0,13.0
2.0501873,30107.0,14685.0
0.4,12.0,30.0
17.490313,11736.0,671.0
2.8,98.0,35.0
1.0961539,171.0,156.0
0.17021276,16.0,94.0
1.3697062,9088.0,6635.0
26.601397,129602.0,4872.0
1.1066045,7121.0,6435.0
2.5699115,1452.0,565.0
1.475,22951.0,15560.0
0.6854839,85.0,124.0
3.5028822,590050.0,168447.0
1.1623377,179.0,154.0
2.2852976,608689.0,266350.0
0.8503254,392.0,461.0
1.75,98.0,56.0
2.2032511,86742.0,39370.0
0.7037037,95.0,135.0
0.6,51.0,85.0
0.52,403.0,775.0
15.192547,41582.0,2737.0
0.5846154,38.0,65.0
0.5176471,44.0,85.0
0.85,391.0,460.0
4.038889,727.0,180.0
0.7782258,193.0,248.0
0.17857143,15.0,84.0
0.87946427,197.0,224.0
1.2,6.0,5.0
1.7298865,6859.0,3965.0
1.2962962,70.0,54.0
2.1011493,914.0,435.0
0.6875,374.0,544.0
0.64034337,746.0,1165.0
0.4,28.0,70.0
38.377857,2482395.0,64683.0
0.9376004,11675.0,12452.0
0.71929824,205.0,285.0
0.85,935.0,1100.0
2.3934598,11345.0,4740.0
1.8,13977.0,7765.0
2.9494736,1401.0,475.0
0.82822657,892.0,1077.0
3.6209168,629634.0,173888.0
1.0026913,61102.0,60938.0
38.088783,89661.0,2354.0
2.4839737,1002184.0,403460.0
0.7414634,152.0,205.0
1.7272727,19.0,11.0
2.5285714,354.0,140.0
1.9683155,23358.0,11867.0
0.5,31.0,62.0
14.858859,2343257.0,157701.0
9.69697,960.0,99.0
0.52884614,55.0,104.0
1.1066667,83.0,75.0
0.6382136,9346.0,14644.0
1.4690266,166.0,113.0
1.3816794,362.0,262.0
0.9890884,4351.0,4399.0
1.4871795,58.0,39.0
0.9632692,8156.0,8467.0
0.2857143,4.0,14.0
4.5957837,10028.0,2182.0
0.92794716,14334.0,15447.0
1.8,45.0,25.0
1.6675063,3310.0,1985.0
30.040003,367960.0,12249.0
1.101946,97736.0,88694.0
1.0879833,5713.0,5251.0
2.9708683,286362.0,96390.0
1.504065,185.0,123.0
5.068304,6604.0,1303.0
0.6368876,221.0,347.0
3.281617,399084.0,121612.0
0.8159698,14286.0,17508.0
72.02291,399295.0,5544.0
2.573505,439287.0,170696.0
0.60583943,83.0,137.0
1.4,84.0,60.0
2.525862,879.0,348.0
2.0796826,100640.0,48392.0
0.55,11.0,20.0
13.664884,1565941.0,114596.0
9.72,243.0,25.0
0.7,21.0,30.0
1.5294118,26.0,17.0
0.73210967,6701.0,9153.0
1.6261181,909.0,559.0
1.3832335,231.0,167.0
0.852611,5241.0,6147.0
1.8138889,7183.0,3960.0
1.0734394,1754.0,1634.0
0.6007463,322.0,536.0
2.6195652,1205.0,460.0
1.0866183,22493.0,20700.0
0.8313253,69.0,83.0
0.63529414,54.0,85.0
1.0618924,6554.0,6172.0
27.301004,193100.0,7073.0
1.0283883,74915.0,72847.0
0.84,21.0,25.0
2.5364997,98264.0,38740.0
1.7099303,3926.0,2296.0
2.6410112,4701.0,1780.0
0.63795984,763.0,1196.0
3.5315573,348095.0,98567.0
1.0641495,21814.0,20499.0
81.19014,57645.0,710.0
0.8666667,13.0,15.0
2.272331,201733.0,88778.0
0.4,4.0,10.0
1.0376782,1019.0,982.0
0.4,10.0,25.0
1.7759255,9162.0,5159.0
0.32894737,25.0,76.0
0.28688523,35.0,122.0
0.530303,140.0,264.0
0.3548387,22.0,62.0
0.5191327,407.0,784.0
2.0,62.0,31.0
0.4641638,136.0,293.0
0.36097562,74.0,205.0
4.0,40.0,10.0
0.25,47.0,188.0
1.081081,40.0,37.0
0.19605131,1559.0,7952.0
0.9047619,95.0,105.0
1.2142857,68.0,56.0
1.5,6.0,4.0
1.32,33.0,25.0
0.3429395,119.0,347.0
0.6666667,2.0,3.0
0.8076923,42.0,52.0
16.29478,15920.0,977.0
0.61173815,542.0,886.0
0.6557377,40.0,61.0
0.50282484,267.0,531.0
2.559364,5152.0,2013.0
3.5,14.0,4.0
1.5155039,391.0,258.0
2.6761904,281.0,105.0
38.089108,11541.0,303.0
1.7123517,261435.0,152676.0
0.38934427,95.0,244.0
